ISO-10303-21;
HEADER;
FILE_DESCRIPTION(('KiCad electronic assembly'),'2;1');
FILE_NAME('NIVA-cartridge-PCBA.step','2026-09-28T04:10:24',('Pcbnew'),(
    'Kicad'),'Open CASCADE STEP processor 7.6','KiCad to STEP converter'
  ,'Unknown');
FILE_SCHEMA(('AUTOMOTIVE_DESIGN { 1 0 10303 214 1 1 1 1 }'));
ENDSEC;
DATA;
#1 = APPLICATION_PROTOCOL_DEFINITION('international standard',
  'automotive_design',2000,#2);
#2 = APPLICATION_CONTEXT(
  'core data for automotive mechanical design processes');
#3 = SHAPE_DEFINITION_REPRESENTATION(#4,#10);
#4 = PRODUCT_DEFINITION_SHAPE('','',#5);
#5 = PRODUCT_DEFINITION('design','',#6,#9);
#6 = PRODUCT_DEFINITION_FORMATION('','',#7);
#7 = PRODUCT('NIVA-cartridge-PCBA 1','NIVA-cartridge-PCBA 1','',(#8));
#8 = PRODUCT_CONTEXT('',#2,'mechanical');
#9 = PRODUCT_DEFINITION_CONTEXT('part definition',#2,'design');
#10 = SHAPE_REPRESENTATION('',(#11,#15,#19,#23,#27,#31,#35),#39);
#11 = AXIS2_PLACEMENT_3D('',#12,#13,#14);
#12 = CARTESIAN_POINT('',(0.,0.,0.));
#13 = DIRECTION('',(0.,0.,1.));
#14 = DIRECTION('',(1.,0.,-0.));
#15 = AXIS2_PLACEMENT_3D('',#16,#17,#18);
#16 = CARTESIAN_POINT('',(30.949999,12.1,0.795));
#17 = DIRECTION('',(0.,-0.,1.));
#18 = DIRECTION('',(1.110223024625E-16,1.,0.));
#19 = AXIS2_PLACEMENT_3D('',#20,#21,#22);
#20 = CARTESIAN_POINT('',(0.,0.,0.));
#21 = DIRECTION('',(0.,0.,1.));
#22 = DIRECTION('',(1.,0.,-0.));
#23 = AXIS2_PLACEMENT_3D('',#24,#25,#26);
#24 = CARTESIAN_POINT('',(0.,0.,0.));
#25 = DIRECTION('',(0.,0.,1.));
#26 = DIRECTION('',(1.,0.,-0.));
#27 = AXIS2_PLACEMENT_3D('',#28,#29,#30);
#28 = CARTESIAN_POINT('',(0.,0.,0.));
#29 = DIRECTION('',(0.,0.,1.));
#30 = DIRECTION('',(1.,0.,-0.));
#31 = AXIS2_PLACEMENT_3D('',#32,#33,#34);
#32 = CARTESIAN_POINT('',(0.,0.,0.));
#33 = DIRECTION('',(0.,0.,1.));
#34 = DIRECTION('',(1.,0.,-0.));
#35 = AXIS2_PLACEMENT_3D('',#36,#37,#38);
#36 = CARTESIAN_POINT('',(0.,0.,0.));
#37 = DIRECTION('',(0.,0.,1.));
#38 = DIRECTION('',(1.,0.,-0.));
#39 = ( GEOMETRIC_REPRESENTATION_CONTEXT(3) 
GLOBAL_UNCERTAINTY_ASSIGNED_CONTEXT((#43)) GLOBAL_UNIT_ASSIGNED_CONTEXT(
(#40,#41,#42)) REPRESENTATION_CONTEXT('Context #1',
  '3D Context with UNIT and UNCERTAINTY') );
#40 = ( LENGTH_UNIT() NAMED_UNIT(*) SI_UNIT(.MILLI.,.METRE.) );
#41 = ( NAMED_UNIT(*) PLANE_ANGLE_UNIT() SI_UNIT($,.RADIAN.) );
#42 = ( NAMED_UNIT(*) SI_UNIT($,.STERADIAN.) SOLID_ANGLE_UNIT() );
#43 = UNCERTAINTY_MEASURE_WITH_UNIT(LENGTH_MEASURE(1.E-07),#40,
  'distance_accuracy_value','confusion accuracy');
#44 = PRODUCT_RELATED_PRODUCT_CATEGORY('part',$,(#7));
#45 = SHAPE_DEFINITION_REPRESENTATION(#46,#52);
#46 = PRODUCT_DEFINITION_SHAPE('','',#47);
#47 = PRODUCT_DEFINITION('design','',#48,#51);
#48 = PRODUCT_DEFINITION_FORMATION('','',#49);
#49 = PRODUCT('Fuse_0805_2012Metric','Fuse_0805_2012Metric','',(#50));
#50 = PRODUCT_CONTEXT('',#2,'mechanical');
#51 = PRODUCT_DEFINITION_CONTEXT('part definition',#2,'design');
#52 = ADVANCED_BREP_SHAPE_REPRESENTATION('',(#11,#53),#843);
#53 = MANIFOLD_SOLID_BREP('',#54);
#54 = CLOSED_SHELL('',(#55,#95,#178,#203,#228,#295,#312,#329,#378,#400,
    #412,#461,#478,#547,#578,#602,#671,#695,#712,#729,#746,#763,#780,
    #797,#814,#831));
#55 = ADVANCED_FACE('',(#56),#90,.F.);
#56 = FACE_BOUND('',#57,.F.);
#57 = EDGE_LOOP('',(#58,#68,#76,#84));
#58 = ORIENTED_EDGE('',*,*,#59,.F.);
#59 = EDGE_CURVE('',#60,#62,#64,.T.);
#60 = VERTEX_POINT('',#61);
#61 = CARTESIAN_POINT('',(-1.,-0.625,4.5E-02));
#62 = VERTEX_POINT('',#63);
#63 = CARTESIAN_POINT('',(-1.,-0.625,0.405));
#64 = LINE('',#65,#66);
#65 = CARTESIAN_POINT('',(-1.,-0.625,0.));
#66 = VECTOR('',#67,1.);
#67 = DIRECTION('',(0.,0.,1.));
#68 = ORIENTED_EDGE('',*,*,#69,.T.);
#69 = EDGE_CURVE('',#60,#70,#72,.T.);
#70 = VERTEX_POINT('',#71);
#71 = CARTESIAN_POINT('',(-1.,0.625,4.5E-02));
#72 = LINE('',#73,#74);
#73 = CARTESIAN_POINT('',(-1.,-0.625,4.5E-02));
#74 = VECTOR('',#75,1.);
#75 = DIRECTION('',(0.,1.,0.));
#76 = ORIENTED_EDGE('',*,*,#77,.T.);
#77 = EDGE_CURVE('',#70,#78,#80,.T.);
#78 = VERTEX_POINT('',#79);
#79 = CARTESIAN_POINT('',(-1.,0.625,0.405));
#80 = LINE('',#81,#82);
#81 = CARTESIAN_POINT('',(-1.,0.625,0.));
#82 = VECTOR('',#83,1.);
#83 = DIRECTION('',(0.,0.,1.));
#84 = ORIENTED_EDGE('',*,*,#85,.F.);
#85 = EDGE_CURVE('',#62,#78,#86,.T.);
#86 = LINE('',#87,#88);
#87 = CARTESIAN_POINT('',(-1.,-0.625,0.405));
#88 = VECTOR('',#89,1.);
#89 = DIRECTION('',(0.,1.,0.));
#90 = PLANE('',#91);
#91 = AXIS2_PLACEMENT_3D('',#92,#93,#94);
#92 = CARTESIAN_POINT('',(-1.,-0.625,0.));
#93 = DIRECTION('',(1.,0.,0.));
#94 = DIRECTION('',(0.,0.,1.));
#95 = ADVANCED_FACE('',(#96),#173,.F.);
#96 = FACE_BOUND('',#97,.F.);
#97 = EDGE_LOOP('',(#98,#108,#115,#116,#125,#133,#142,#150,#158,#166));
#98 = ORIENTED_EDGE('',*,*,#99,.F.);
#99 = EDGE_CURVE('',#100,#102,#104,.T.);
#100 = VERTEX_POINT('',#101);
#101 = CARTESIAN_POINT('',(-0.955,-0.625,-2.775557561563E-17));
#102 = VERTEX_POINT('',#103);
#103 = CARTESIAN_POINT('',(-0.645,-0.625,-2.775557561563E-17));
#104 = LINE('',#105,#106);
#105 = CARTESIAN_POINT('',(-1.,-0.625,0.));
#106 = VECTOR('',#107,1.);
#107 = DIRECTION('',(1.,0.,0.));
#108 = ORIENTED_EDGE('',*,*,#109,.F.);
#109 = EDGE_CURVE('',#60,#100,#110,.T.);
#110 = CIRCLE('',#111,4.5E-02);
#111 = AXIS2_PLACEMENT_3D('',#112,#113,#114);
#112 = CARTESIAN_POINT('',(-0.955,-0.625,4.5E-02));
#113 = DIRECTION('',(0.,-1.,0.));
#114 = DIRECTION('',(0.,0.,1.));
#115 = ORIENTED_EDGE('',*,*,#59,.T.);
#116 = ORIENTED_EDGE('',*,*,#117,.T.);
#117 = EDGE_CURVE('',#62,#118,#120,.T.);
#118 = VERTEX_POINT('',#119);
#119 = CARTESIAN_POINT('',(-0.955,-0.625,0.45));
#120 = CIRCLE('',#121,4.5E-02);
#121 = AXIS2_PLACEMENT_3D('',#122,#123,#124);
#122 = CARTESIAN_POINT('',(-0.955,-0.625,0.405));
#123 = DIRECTION('',(0.,1.,0.));
#124 = DIRECTION('',(0.,-0.,1.));
#125 = ORIENTED_EDGE('',*,*,#126,.T.);
#126 = EDGE_CURVE('',#118,#127,#129,.T.);
#127 = VERTEX_POINT('',#128);
#128 = CARTESIAN_POINT('',(-0.645,-0.625,0.45));
#129 = LINE('',#130,#131);
#130 = CARTESIAN_POINT('',(-1.,-0.625,0.45));
#131 = VECTOR('',#132,1.);
#132 = DIRECTION('',(1.,0.,0.));
#133 = ORIENTED_EDGE('',*,*,#134,.F.);
#134 = EDGE_CURVE('',#135,#127,#137,.T.);
#135 = VERTEX_POINT('',#136);
#136 = CARTESIAN_POINT('',(-0.6,-0.625,0.405));
#137 = CIRCLE('',#138,4.5E-02);
#138 = AXIS2_PLACEMENT_3D('',#139,#140,#141);
#139 = CARTESIAN_POINT('',(-0.645,-0.625,0.405));
#140 = DIRECTION('',(0.,-1.,0.));
#141 = DIRECTION('',(0.,0.,1.));
#142 = ORIENTED_EDGE('',*,*,#143,.F.);
#143 = EDGE_CURVE('',#144,#135,#146,.T.);
#144 = VERTEX_POINT('',#145);
#145 = CARTESIAN_POINT('',(-0.955,-0.625,0.405));
#146 = LINE('',#147,#148);
#147 = CARTESIAN_POINT('',(-0.955,-0.625,0.405));
#148 = VECTOR('',#149,1.);
#149 = DIRECTION('',(1.,0.,0.));
#150 = ORIENTED_EDGE('',*,*,#151,.F.);
#151 = EDGE_CURVE('',#152,#144,#154,.T.);
#152 = VERTEX_POINT('',#153);
#153 = CARTESIAN_POINT('',(-0.955,-0.625,4.5E-02));
#154 = LINE('',#155,#156);
#155 = CARTESIAN_POINT('',(-0.955,-0.625,4.5E-02));
#156 = VECTOR('',#157,1.);
#157 = DIRECTION('',(0.,0.,1.));
#158 = ORIENTED_EDGE('',*,*,#159,.T.);
#159 = EDGE_CURVE('',#152,#160,#162,.T.);
#160 = VERTEX_POINT('',#161);
#161 = CARTESIAN_POINT('',(-0.6,-0.625,4.5E-02));
#162 = LINE('',#163,#164);
#163 = CARTESIAN_POINT('',(-0.955,-0.625,4.5E-02));
#164 = VECTOR('',#165,1.);
#165 = DIRECTION('',(1.,0.,0.));
#166 = ORIENTED_EDGE('',*,*,#167,.T.);
#167 = EDGE_CURVE('',#160,#102,#168,.T.);
#168 = CIRCLE('',#169,4.5E-02);
#169 = AXIS2_PLACEMENT_3D('',#170,#171,#172);
#170 = CARTESIAN_POINT('',(-0.645,-0.625,4.5E-02));
#171 = DIRECTION('',(0.,1.,0.));
#172 = DIRECTION('',(0.,-0.,1.));
#173 = PLANE('',#174);
#174 = AXIS2_PLACEMENT_3D('',#175,#176,#177);
#175 = CARTESIAN_POINT('',(-1.,-0.625,0.));
#176 = DIRECTION('',(0.,1.,0.));
#177 = DIRECTION('',(0.,-0.,1.));
#178 = ADVANCED_FACE('',(#179),#198,.T.);
#179 = FACE_BOUND('',#180,.T.);
#180 = EDGE_LOOP('',(#181,#182,#191,#197));
#181 = ORIENTED_EDGE('',*,*,#69,.T.);
#182 = ORIENTED_EDGE('',*,*,#183,.T.);
#183 = EDGE_CURVE('',#70,#184,#186,.T.);
#184 = VERTEX_POINT('',#185);
#185 = CARTESIAN_POINT('',(-0.955,0.625,-2.775557561563E-17));
#186 = CIRCLE('',#187,4.5E-02);
#187 = AXIS2_PLACEMENT_3D('',#188,#189,#190);
#188 = CARTESIAN_POINT('',(-0.955,0.625,4.5E-02));
#189 = DIRECTION('',(0.,-1.,0.));
#190 = DIRECTION('',(0.,0.,1.));
#191 = ORIENTED_EDGE('',*,*,#192,.F.);
#192 = EDGE_CURVE('',#100,#184,#193,.T.);
#193 = LINE('',#194,#195);
#194 = CARTESIAN_POINT('',(-0.955,-0.625,-2.775557561563E-17));
#195 = VECTOR('',#196,1.);
#196 = DIRECTION('',(0.,1.,0.));
#197 = ORIENTED_EDGE('',*,*,#109,.F.);
#198 = CYLINDRICAL_SURFACE('',#199,4.5E-02);
#199 = AXIS2_PLACEMENT_3D('',#200,#201,#202);
#200 = CARTESIAN_POINT('',(-0.955,-0.625,4.5E-02));
#201 = DIRECTION('',(0.,1.,0.));
#202 = DIRECTION('',(-1.,0.,0.));
#203 = ADVANCED_FACE('',(#204),#223,.T.);
#204 = FACE_BOUND('',#205,.T.);
#205 = EDGE_LOOP('',(#206,#207,#215,#222));
#206 = ORIENTED_EDGE('',*,*,#117,.T.);
#207 = ORIENTED_EDGE('',*,*,#208,.T.);
#208 = EDGE_CURVE('',#118,#209,#211,.T.);
#209 = VERTEX_POINT('',#210);
#210 = CARTESIAN_POINT('',(-0.955,0.625,0.45));
#211 = LINE('',#212,#213);
#212 = CARTESIAN_POINT('',(-0.955,-0.625,0.45));
#213 = VECTOR('',#214,1.);
#214 = DIRECTION('',(0.,1.,0.));
#215 = ORIENTED_EDGE('',*,*,#216,.F.);
#216 = EDGE_CURVE('',#78,#209,#217,.T.);
#217 = CIRCLE('',#218,4.5E-02);
#218 = AXIS2_PLACEMENT_3D('',#219,#220,#221);
#219 = CARTESIAN_POINT('',(-0.955,0.625,0.405));
#220 = DIRECTION('',(0.,1.,0.));
#221 = DIRECTION('',(0.,-0.,1.));
#222 = ORIENTED_EDGE('',*,*,#85,.F.);
#223 = CYLINDRICAL_SURFACE('',#224,4.5E-02);
#224 = AXIS2_PLACEMENT_3D('',#225,#226,#227);
#225 = CARTESIAN_POINT('',(-0.955,-0.625,0.405));
#226 = DIRECTION('',(0.,1.,0.));
#227 = DIRECTION('',(-1.,0.,0.));
#228 = ADVANCED_FACE('',(#229),#290,.T.);
#229 = FACE_BOUND('',#230,.T.);
#230 = EDGE_LOOP('',(#231,#239,#240,#241,#242,#250,#259,#267,#275,#283)
  );
#231 = ORIENTED_EDGE('',*,*,#232,.F.);
#232 = EDGE_CURVE('',#184,#233,#235,.T.);
#233 = VERTEX_POINT('',#234);
#234 = CARTESIAN_POINT('',(-0.645,0.625,-2.775557561563E-17));
#235 = LINE('',#236,#237);
#236 = CARTESIAN_POINT('',(-1.,0.625,0.));
#237 = VECTOR('',#238,1.);
#238 = DIRECTION('',(1.,0.,0.));
#239 = ORIENTED_EDGE('',*,*,#183,.F.);
#240 = ORIENTED_EDGE('',*,*,#77,.T.);
#241 = ORIENTED_EDGE('',*,*,#216,.T.);
#242 = ORIENTED_EDGE('',*,*,#243,.T.);
#243 = EDGE_CURVE('',#209,#244,#246,.T.);
#244 = VERTEX_POINT('',#245);
#245 = CARTESIAN_POINT('',(-0.645,0.625,0.45));
#246 = LINE('',#247,#248);
#247 = CARTESIAN_POINT('',(-1.,0.625,0.45));
#248 = VECTOR('',#249,1.);
#249 = DIRECTION('',(1.,0.,0.));
#250 = ORIENTED_EDGE('',*,*,#251,.F.);
#251 = EDGE_CURVE('',#252,#244,#254,.T.);
#252 = VERTEX_POINT('',#253);
#253 = CARTESIAN_POINT('',(-0.6,0.625,0.405));
#254 = CIRCLE('',#255,4.5E-02);
#255 = AXIS2_PLACEMENT_3D('',#256,#257,#258);
#256 = CARTESIAN_POINT('',(-0.645,0.625,0.405));
#257 = DIRECTION('',(0.,-1.,0.));
#258 = DIRECTION('',(0.,0.,1.));
#259 = ORIENTED_EDGE('',*,*,#260,.F.);
#260 = EDGE_CURVE('',#261,#252,#263,.T.);
#261 = VERTEX_POINT('',#262);
#262 = CARTESIAN_POINT('',(-0.955,0.625,0.405));
#263 = LINE('',#264,#265);
#264 = CARTESIAN_POINT('',(-0.955,0.625,0.405));
#265 = VECTOR('',#266,1.);
#266 = DIRECTION('',(1.,0.,0.));
#267 = ORIENTED_EDGE('',*,*,#268,.F.);
#268 = EDGE_CURVE('',#269,#261,#271,.T.);
#269 = VERTEX_POINT('',#270);
#270 = CARTESIAN_POINT('',(-0.955,0.625,4.5E-02));
#271 = LINE('',#272,#273);
#272 = CARTESIAN_POINT('',(-0.955,0.625,4.5E-02));
#273 = VECTOR('',#274,1.);
#274 = DIRECTION('',(0.,0.,1.));
#275 = ORIENTED_EDGE('',*,*,#276,.T.);
#276 = EDGE_CURVE('',#269,#277,#279,.T.);
#277 = VERTEX_POINT('',#278);
#278 = CARTESIAN_POINT('',(-0.6,0.625,4.5E-02));
#279 = LINE('',#280,#281);
#280 = CARTESIAN_POINT('',(-0.955,0.625,4.5E-02));
#281 = VECTOR('',#282,1.);
#282 = DIRECTION('',(1.,0.,0.));
#283 = ORIENTED_EDGE('',*,*,#284,.T.);
#284 = EDGE_CURVE('',#277,#233,#285,.T.);
#285 = CIRCLE('',#286,4.5E-02);
#286 = AXIS2_PLACEMENT_3D('',#287,#288,#289);
#287 = CARTESIAN_POINT('',(-0.645,0.625,4.5E-02));
#288 = DIRECTION('',(0.,1.,0.));
#289 = DIRECTION('',(0.,-0.,1.));
#290 = PLANE('',#291);
#291 = AXIS2_PLACEMENT_3D('',#292,#293,#294);
#292 = CARTESIAN_POINT('',(-1.,0.625,0.));
#293 = DIRECTION('',(0.,1.,0.));
#294 = DIRECTION('',(0.,-0.,1.));
#295 = ADVANCED_FACE('',(#296),#307,.F.);
#296 = FACE_BOUND('',#297,.F.);
#297 = EDGE_LOOP('',(#298,#299,#300,#301));
#298 = ORIENTED_EDGE('',*,*,#232,.F.);
#299 = ORIENTED_EDGE('',*,*,#192,.F.);
#300 = ORIENTED_EDGE('',*,*,#99,.T.);
#301 = ORIENTED_EDGE('',*,*,#302,.T.);
#302 = EDGE_CURVE('',#102,#233,#303,.T.);
#303 = LINE('',#304,#305);
#304 = CARTESIAN_POINT('',(-0.645,-0.625,-2.775557561563E-17));
#305 = VECTOR('',#306,1.);
#306 = DIRECTION('',(0.,1.,0.));
#307 = PLANE('',#308);
#308 = AXIS2_PLACEMENT_3D('',#309,#310,#311);
#309 = CARTESIAN_POINT('',(-1.,-0.625,0.));
#310 = DIRECTION('',(0.,0.,1.));
#311 = DIRECTION('',(1.,0.,-0.));
#312 = ADVANCED_FACE('',(#313),#324,.T.);
#313 = FACE_BOUND('',#314,.T.);
#314 = EDGE_LOOP('',(#315,#316,#317,#318));
#315 = ORIENTED_EDGE('',*,*,#167,.T.);
#316 = ORIENTED_EDGE('',*,*,#302,.T.);
#317 = ORIENTED_EDGE('',*,*,#284,.F.);
#318 = ORIENTED_EDGE('',*,*,#319,.F.);
#319 = EDGE_CURVE('',#160,#277,#320,.T.);
#320 = LINE('',#321,#322);
#321 = CARTESIAN_POINT('',(-0.6,-0.625,4.5E-02));
#322 = VECTOR('',#323,1.);
#323 = DIRECTION('',(0.,1.,0.));
#324 = CYLINDRICAL_SURFACE('',#325,4.5E-02);
#325 = AXIS2_PLACEMENT_3D('',#326,#327,#328);
#326 = CARTESIAN_POINT('',(-0.645,-0.625,4.5E-02));
#327 = DIRECTION('',(0.,1.,0.));
#328 = DIRECTION('',(1.,0.,0.));
#329 = ADVANCED_FACE('',(#330),#373,.F.);
#330 = FACE_BOUND('',#331,.F.);
#331 = EDGE_LOOP('',(#332,#333,#334,#335,#343,#351,#359,#367));
#332 = ORIENTED_EDGE('',*,*,#159,.F.);
#333 = ORIENTED_EDGE('',*,*,#151,.T.);
#334 = ORIENTED_EDGE('',*,*,#143,.T.);
#335 = ORIENTED_EDGE('',*,*,#336,.T.);
#336 = EDGE_CURVE('',#135,#337,#339,.T.);
#337 = VERTEX_POINT('',#338);
#338 = CARTESIAN_POINT('',(0.6,-0.625,0.405));
#339 = LINE('',#340,#341);
#340 = CARTESIAN_POINT('',(-0.6,-0.625,0.405));
#341 = VECTOR('',#342,1.);
#342 = DIRECTION('',(1.,0.,0.));
#343 = ORIENTED_EDGE('',*,*,#344,.T.);
#344 = EDGE_CURVE('',#337,#345,#347,.T.);
#345 = VERTEX_POINT('',#346);
#346 = CARTESIAN_POINT('',(0.955,-0.625,0.405));
#347 = LINE('',#348,#349);
#348 = CARTESIAN_POINT('',(-0.955,-0.625,0.405));
#349 = VECTOR('',#350,1.);
#350 = DIRECTION('',(1.,0.,0.));
#351 = ORIENTED_EDGE('',*,*,#352,.F.);
#352 = EDGE_CURVE('',#353,#345,#355,.T.);
#353 = VERTEX_POINT('',#354);
#354 = CARTESIAN_POINT('',(0.955,-0.625,4.5E-02));
#355 = LINE('',#356,#357);
#356 = CARTESIAN_POINT('',(0.955,-0.625,4.5E-02));
#357 = VECTOR('',#358,1.);
#358 = DIRECTION('',(0.,0.,1.));
#359 = ORIENTED_EDGE('',*,*,#360,.F.);
#360 = EDGE_CURVE('',#361,#353,#363,.T.);
#361 = VERTEX_POINT('',#362);
#362 = CARTESIAN_POINT('',(0.6,-0.625,4.5E-02));
#363 = LINE('',#364,#365);
#364 = CARTESIAN_POINT('',(-0.955,-0.625,4.5E-02));
#365 = VECTOR('',#366,1.);
#366 = DIRECTION('',(1.,0.,0.));
#367 = ORIENTED_EDGE('',*,*,#368,.F.);
#368 = EDGE_CURVE('',#160,#361,#369,.T.);
#369 = LINE('',#370,#371);
#370 = CARTESIAN_POINT('',(-0.955,-0.625,4.5E-02));
#371 = VECTOR('',#372,1.);
#372 = DIRECTION('',(1.,0.,0.));
#373 = PLANE('',#374);
#374 = AXIS2_PLACEMENT_3D('',#375,#376,#377);
#375 = CARTESIAN_POINT('',(-0.955,-0.625,4.5E-02));
#376 = DIRECTION('',(0.,1.,0.));
#377 = DIRECTION('',(0.,-0.,1.));
#378 = ADVANCED_FACE('',(#379),#395,.T.);
#379 = FACE_BOUND('',#380,.T.);
#380 = EDGE_LOOP('',(#381,#387,#388,#394));
#381 = ORIENTED_EDGE('',*,*,#382,.T.);
#382 = EDGE_CURVE('',#135,#252,#383,.T.);
#383 = LINE('',#384,#385);
#384 = CARTESIAN_POINT('',(-0.6,-0.625,0.405));
#385 = VECTOR('',#386,1.);
#386 = DIRECTION('',(0.,1.,0.));
#387 = ORIENTED_EDGE('',*,*,#251,.T.);
#388 = ORIENTED_EDGE('',*,*,#389,.F.);
#389 = EDGE_CURVE('',#127,#244,#390,.T.);
#390 = LINE('',#391,#392);
#391 = CARTESIAN_POINT('',(-0.645,-0.625,0.45));
#392 = VECTOR('',#393,1.);
#393 = DIRECTION('',(0.,1.,0.));
#394 = ORIENTED_EDGE('',*,*,#134,.F.);
#395 = CYLINDRICAL_SURFACE('',#396,4.5E-02);
#396 = AXIS2_PLACEMENT_3D('',#397,#398,#399);
#397 = CARTESIAN_POINT('',(-0.645,-0.625,0.405));
#398 = DIRECTION('',(0.,1.,0.));
#399 = DIRECTION('',(1.,0.,0.));
#400 = ADVANCED_FACE('',(#401),#407,.T.);
#401 = FACE_BOUND('',#402,.T.);
#402 = EDGE_LOOP('',(#403,#404,#405,#406));
#403 = ORIENTED_EDGE('',*,*,#243,.F.);
#404 = ORIENTED_EDGE('',*,*,#208,.F.);
#405 = ORIENTED_EDGE('',*,*,#126,.T.);
#406 = ORIENTED_EDGE('',*,*,#389,.T.);
#407 = PLANE('',#408);
#408 = AXIS2_PLACEMENT_3D('',#409,#410,#411);
#409 = CARTESIAN_POINT('',(-1.,-0.625,0.45));
#410 = DIRECTION('',(0.,0.,1.));
#411 = DIRECTION('',(1.,0.,-0.));
#412 = ADVANCED_FACE('',(#413),#456,.T.);
#413 = FACE_BOUND('',#414,.T.);
#414 = EDGE_LOOP('',(#415,#416,#417,#418,#426,#434,#442,#450));
#415 = ORIENTED_EDGE('',*,*,#276,.F.);
#416 = ORIENTED_EDGE('',*,*,#268,.T.);
#417 = ORIENTED_EDGE('',*,*,#260,.T.);
#418 = ORIENTED_EDGE('',*,*,#419,.T.);
#419 = EDGE_CURVE('',#252,#420,#422,.T.);
#420 = VERTEX_POINT('',#421);
#421 = CARTESIAN_POINT('',(0.6,0.625,0.405));
#422 = LINE('',#423,#424);
#423 = CARTESIAN_POINT('',(-0.6,0.625,0.405));
#424 = VECTOR('',#425,1.);
#425 = DIRECTION('',(1.,0.,0.));
#426 = ORIENTED_EDGE('',*,*,#427,.T.);
#427 = EDGE_CURVE('',#420,#428,#430,.T.);
#428 = VERTEX_POINT('',#429);
#429 = CARTESIAN_POINT('',(0.955,0.625,0.405));
#430 = LINE('',#431,#432);
#431 = CARTESIAN_POINT('',(-0.955,0.625,0.405));
#432 = VECTOR('',#433,1.);
#433 = DIRECTION('',(1.,0.,0.));
#434 = ORIENTED_EDGE('',*,*,#435,.F.);
#435 = EDGE_CURVE('',#436,#428,#438,.T.);
#436 = VERTEX_POINT('',#437);
#437 = CARTESIAN_POINT('',(0.955,0.625,4.5E-02));
#438 = LINE('',#439,#440);
#439 = CARTESIAN_POINT('',(0.955,0.625,4.5E-02));
#440 = VECTOR('',#441,1.);
#441 = DIRECTION('',(0.,0.,1.));
#442 = ORIENTED_EDGE('',*,*,#443,.F.);
#443 = EDGE_CURVE('',#444,#436,#446,.T.);
#444 = VERTEX_POINT('',#445);
#445 = CARTESIAN_POINT('',(0.6,0.625,4.5E-02));
#446 = LINE('',#447,#448);
#447 = CARTESIAN_POINT('',(-0.955,0.625,4.5E-02));
#448 = VECTOR('',#449,1.);
#449 = DIRECTION('',(1.,0.,0.));
#450 = ORIENTED_EDGE('',*,*,#451,.F.);
#451 = EDGE_CURVE('',#277,#444,#452,.T.);
#452 = LINE('',#453,#454);
#453 = CARTESIAN_POINT('',(-0.955,0.625,4.5E-02));
#454 = VECTOR('',#455,1.);
#455 = DIRECTION('',(1.,0.,0.));
#456 = PLANE('',#457);
#457 = AXIS2_PLACEMENT_3D('',#458,#459,#460);
#458 = CARTESIAN_POINT('',(-0.955,0.625,4.5E-02));
#459 = DIRECTION('',(0.,1.,0.));
#460 = DIRECTION('',(0.,-0.,1.));
#461 = ADVANCED_FACE('',(#462),#473,.F.);
#462 = FACE_BOUND('',#463,.F.);
#463 = EDGE_LOOP('',(#464,#465,#466,#472));
#464 = ORIENTED_EDGE('',*,*,#319,.F.);
#465 = ORIENTED_EDGE('',*,*,#368,.T.);
#466 = ORIENTED_EDGE('',*,*,#467,.T.);
#467 = EDGE_CURVE('',#361,#444,#468,.T.);
#468 = LINE('',#469,#470);
#469 = CARTESIAN_POINT('',(0.6,-0.625,4.5E-02));
#470 = VECTOR('',#471,1.);
#471 = DIRECTION('',(0.,1.,0.));
#472 = ORIENTED_EDGE('',*,*,#451,.F.);
#473 = PLANE('',#474);
#474 = AXIS2_PLACEMENT_3D('',#475,#476,#477);
#475 = CARTESIAN_POINT('',(-0.955,-0.625,4.5E-02));
#476 = DIRECTION('',(0.,0.,1.));
#477 = DIRECTION('',(1.,0.,-0.));
#478 = ADVANCED_FACE('',(#479),#542,.F.);
#479 = FACE_BOUND('',#480,.F.);
#480 = EDGE_LOOP('',(#481,#491,#498,#499,#500,#501,#510,#518,#527,#535)
  );
#481 = ORIENTED_EDGE('',*,*,#482,.F.);
#482 = EDGE_CURVE('',#483,#485,#487,.T.);
#483 = VERTEX_POINT('',#484);
#484 = CARTESIAN_POINT('',(0.645,-0.625,-2.775557561563E-17));
#485 = VERTEX_POINT('',#486);
#486 = CARTESIAN_POINT('',(0.955,-0.625,-2.775557561563E-17));
#487 = LINE('',#488,#489);
#488 = CARTESIAN_POINT('',(0.6,-0.625,0.));
#489 = VECTOR('',#490,1.);
#490 = DIRECTION('',(1.,0.,0.));
#491 = ORIENTED_EDGE('',*,*,#492,.F.);
#492 = EDGE_CURVE('',#361,#483,#493,.T.);
#493 = CIRCLE('',#494,4.5E-02);
#494 = AXIS2_PLACEMENT_3D('',#495,#496,#497);
#495 = CARTESIAN_POINT('',(0.645,-0.625,4.5E-02));
#496 = DIRECTION('',(0.,-1.,0.));
#497 = DIRECTION('',(0.,0.,1.));
#498 = ORIENTED_EDGE('',*,*,#360,.T.);
#499 = ORIENTED_EDGE('',*,*,#352,.T.);
#500 = ORIENTED_EDGE('',*,*,#344,.F.);
#501 = ORIENTED_EDGE('',*,*,#502,.T.);
#502 = EDGE_CURVE('',#337,#503,#505,.T.);
#503 = VERTEX_POINT('',#504);
#504 = CARTESIAN_POINT('',(0.645,-0.625,0.45));
#505 = CIRCLE('',#506,4.5E-02);
#506 = AXIS2_PLACEMENT_3D('',#507,#508,#509);
#507 = CARTESIAN_POINT('',(0.645,-0.625,0.405));
#508 = DIRECTION('',(0.,1.,0.));
#509 = DIRECTION('',(0.,-0.,1.));
#510 = ORIENTED_EDGE('',*,*,#511,.T.);
#511 = EDGE_CURVE('',#503,#512,#514,.T.);
#512 = VERTEX_POINT('',#513);
#513 = CARTESIAN_POINT('',(0.955,-0.625,0.45));
#514 = LINE('',#515,#516);
#515 = CARTESIAN_POINT('',(0.6,-0.625,0.45));
#516 = VECTOR('',#517,1.);
#517 = DIRECTION('',(1.,0.,0.));
#518 = ORIENTED_EDGE('',*,*,#519,.F.);
#519 = EDGE_CURVE('',#520,#512,#522,.T.);
#520 = VERTEX_POINT('',#521);
#521 = CARTESIAN_POINT('',(1.,-0.625,0.405));
#522 = CIRCLE('',#523,4.5E-02);
#523 = AXIS2_PLACEMENT_3D('',#524,#525,#526);
#524 = CARTESIAN_POINT('',(0.955,-0.625,0.405));
#525 = DIRECTION('',(0.,-1.,0.));
#526 = DIRECTION('',(0.,0.,1.));
#527 = ORIENTED_EDGE('',*,*,#528,.F.);
#528 = EDGE_CURVE('',#529,#520,#531,.T.);
#529 = VERTEX_POINT('',#530);
#530 = CARTESIAN_POINT('',(1.,-0.625,4.5E-02));
#531 = LINE('',#532,#533);
#532 = CARTESIAN_POINT('',(1.,-0.625,0.));
#533 = VECTOR('',#534,1.);
#534 = DIRECTION('',(0.,0.,1.));
#535 = ORIENTED_EDGE('',*,*,#536,.T.);
#536 = EDGE_CURVE('',#529,#485,#537,.T.);
#537 = CIRCLE('',#538,4.5E-02);
#538 = AXIS2_PLACEMENT_3D('',#539,#540,#541);
#539 = CARTESIAN_POINT('',(0.955,-0.625,4.5E-02));
#540 = DIRECTION('',(0.,1.,0.));
#541 = DIRECTION('',(0.,-0.,1.));
#542 = PLANE('',#543);
#543 = AXIS2_PLACEMENT_3D('',#544,#545,#546);
#544 = CARTESIAN_POINT('',(0.6,-0.625,0.));
#545 = DIRECTION('',(0.,1.,0.));
#546 = DIRECTION('',(0.,-0.,1.));
#547 = ADVANCED_FACE('',(#548),#573,.F.);
#548 = FACE_BOUND('',#549,.F.);
#549 = EDGE_LOOP('',(#550,#551,#559,#567));
#550 = ORIENTED_EDGE('',*,*,#336,.F.);
#551 = ORIENTED_EDGE('',*,*,#552,.T.);
#552 = EDGE_CURVE('',#135,#553,#555,.T.);
#553 = VERTEX_POINT('',#554);
#554 = CARTESIAN_POINT('',(-0.6,-0.625,0.45));
#555 = LINE('',#556,#557);
#556 = CARTESIAN_POINT('',(-0.6,-0.625,0.405));
#557 = VECTOR('',#558,1.);
#558 = DIRECTION('',(0.,0.,1.));
#559 = ORIENTED_EDGE('',*,*,#560,.T.);
#560 = EDGE_CURVE('',#553,#561,#563,.T.);
#561 = VERTEX_POINT('',#562);
#562 = CARTESIAN_POINT('',(0.6,-0.625,0.45));
#563 = LINE('',#564,#565);
#564 = CARTESIAN_POINT('',(-0.6,-0.625,0.45));
#565 = VECTOR('',#566,1.);
#566 = DIRECTION('',(1.,0.,0.));
#567 = ORIENTED_EDGE('',*,*,#568,.F.);
#568 = EDGE_CURVE('',#337,#561,#569,.T.);
#569 = LINE('',#570,#571);
#570 = CARTESIAN_POINT('',(0.6,-0.625,0.405));
#571 = VECTOR('',#572,1.);
#572 = DIRECTION('',(0.,0.,1.));
#573 = PLANE('',#574);
#574 = AXIS2_PLACEMENT_3D('',#575,#576,#577);
#575 = CARTESIAN_POINT('',(-0.6,-0.625,0.405));
#576 = DIRECTION('',(0.,1.,0.));
#577 = DIRECTION('',(0.,-0.,1.));
#578 = ADVANCED_FACE('',(#579),#597,.F.);
#579 = FACE_BOUND('',#580,.F.);
#580 = EDGE_LOOP('',(#581,#582,#583,#591));
#581 = ORIENTED_EDGE('',*,*,#552,.F.);
#582 = ORIENTED_EDGE('',*,*,#382,.T.);
#583 = ORIENTED_EDGE('',*,*,#584,.T.);
#584 = EDGE_CURVE('',#252,#585,#587,.T.);
#585 = VERTEX_POINT('',#586);
#586 = CARTESIAN_POINT('',(-0.6,0.625,0.45));
#587 = LINE('',#588,#589);
#588 = CARTESIAN_POINT('',(-0.6,0.625,0.405));
#589 = VECTOR('',#590,1.);
#590 = DIRECTION('',(0.,0.,1.));
#591 = ORIENTED_EDGE('',*,*,#592,.F.);
#592 = EDGE_CURVE('',#553,#585,#593,.T.);
#593 = LINE('',#594,#595);
#594 = CARTESIAN_POINT('',(-0.6,-0.625,0.45));
#595 = VECTOR('',#596,1.);
#596 = DIRECTION('',(0.,1.,0.));
#597 = PLANE('',#598);
#598 = AXIS2_PLACEMENT_3D('',#599,#600,#601);
#599 = CARTESIAN_POINT('',(-0.6,-0.625,0.405));
#600 = DIRECTION('',(1.,0.,0.));
#601 = DIRECTION('',(0.,0.,1.));
#602 = ADVANCED_FACE('',(#603),#666,.T.);
#603 = FACE_BOUND('',#604,.T.);
#604 = EDGE_LOOP('',(#605,#615,#622,#623,#624,#625,#634,#642,#651,#659)
  );
#605 = ORIENTED_EDGE('',*,*,#606,.F.);
#606 = EDGE_CURVE('',#607,#609,#611,.T.);
#607 = VERTEX_POINT('',#608);
#608 = CARTESIAN_POINT('',(0.645,0.625,-2.775557561563E-17));
#609 = VERTEX_POINT('',#610);
#610 = CARTESIAN_POINT('',(0.955,0.625,-2.775557561563E-17));
#611 = LINE('',#612,#613);
#612 = CARTESIAN_POINT('',(0.6,0.625,0.));
#613 = VECTOR('',#614,1.);
#614 = DIRECTION('',(1.,0.,0.));
#615 = ORIENTED_EDGE('',*,*,#616,.F.);
#616 = EDGE_CURVE('',#444,#607,#617,.T.);
#617 = CIRCLE('',#618,4.5E-02);
#618 = AXIS2_PLACEMENT_3D('',#619,#620,#621);
#619 = CARTESIAN_POINT('',(0.645,0.625,4.5E-02));
#620 = DIRECTION('',(0.,-1.,0.));
#621 = DIRECTION('',(0.,0.,1.));
#622 = ORIENTED_EDGE('',*,*,#443,.T.);
#623 = ORIENTED_EDGE('',*,*,#435,.T.);
#624 = ORIENTED_EDGE('',*,*,#427,.F.);
#625 = ORIENTED_EDGE('',*,*,#626,.T.);
#626 = EDGE_CURVE('',#420,#627,#629,.T.);
#627 = VERTEX_POINT('',#628);
#628 = CARTESIAN_POINT('',(0.645,0.625,0.45));
#629 = CIRCLE('',#630,4.5E-02);
#630 = AXIS2_PLACEMENT_3D('',#631,#632,#633);
#631 = CARTESIAN_POINT('',(0.645,0.625,0.405));
#632 = DIRECTION('',(0.,1.,0.));
#633 = DIRECTION('',(0.,-0.,1.));
#634 = ORIENTED_EDGE('',*,*,#635,.T.);
#635 = EDGE_CURVE('',#627,#636,#638,.T.);
#636 = VERTEX_POINT('',#637);
#637 = CARTESIAN_POINT('',(0.955,0.625,0.45));
#638 = LINE('',#639,#640);
#639 = CARTESIAN_POINT('',(0.6,0.625,0.45));
#640 = VECTOR('',#641,1.);
#641 = DIRECTION('',(1.,0.,0.));
#642 = ORIENTED_EDGE('',*,*,#643,.F.);
#643 = EDGE_CURVE('',#644,#636,#646,.T.);
#644 = VERTEX_POINT('',#645);
#645 = CARTESIAN_POINT('',(1.,0.625,0.405));
#646 = CIRCLE('',#647,4.5E-02);
#647 = AXIS2_PLACEMENT_3D('',#648,#649,#650);
#648 = CARTESIAN_POINT('',(0.955,0.625,0.405));
#649 = DIRECTION('',(0.,-1.,0.));
#650 = DIRECTION('',(0.,0.,1.));
#651 = ORIENTED_EDGE('',*,*,#652,.F.);
#652 = EDGE_CURVE('',#653,#644,#655,.T.);
#653 = VERTEX_POINT('',#654);
#654 = CARTESIAN_POINT('',(1.,0.625,4.5E-02));
#655 = LINE('',#656,#657);
#656 = CARTESIAN_POINT('',(1.,0.625,0.));
#657 = VECTOR('',#658,1.);
#658 = DIRECTION('',(0.,0.,1.));
#659 = ORIENTED_EDGE('',*,*,#660,.T.);
#660 = EDGE_CURVE('',#653,#609,#661,.T.);
#661 = CIRCLE('',#662,4.5E-02);
#662 = AXIS2_PLACEMENT_3D('',#663,#664,#665);
#663 = CARTESIAN_POINT('',(0.955,0.625,4.5E-02));
#664 = DIRECTION('',(0.,1.,0.));
#665 = DIRECTION('',(0.,-0.,1.));
#666 = PLANE('',#667);
#667 = AXIS2_PLACEMENT_3D('',#668,#669,#670);
#668 = CARTESIAN_POINT('',(0.6,0.625,0.));
#669 = DIRECTION('',(0.,1.,0.));
#670 = DIRECTION('',(0.,-0.,1.));
#671 = ADVANCED_FACE('',(#672),#690,.T.);
#672 = FACE_BOUND('',#673,.T.);
#673 = EDGE_LOOP('',(#674,#675,#676,#684));
#674 = ORIENTED_EDGE('',*,*,#419,.F.);
#675 = ORIENTED_EDGE('',*,*,#584,.T.);
#676 = ORIENTED_EDGE('',*,*,#677,.T.);
#677 = EDGE_CURVE('',#585,#678,#680,.T.);
#678 = VERTEX_POINT('',#679);
#679 = CARTESIAN_POINT('',(0.6,0.625,0.45));
#680 = LINE('',#681,#682);
#681 = CARTESIAN_POINT('',(-0.6,0.625,0.45));
#682 = VECTOR('',#683,1.);
#683 = DIRECTION('',(1.,0.,0.));
#684 = ORIENTED_EDGE('',*,*,#685,.F.);
#685 = EDGE_CURVE('',#420,#678,#686,.T.);
#686 = LINE('',#687,#688);
#687 = CARTESIAN_POINT('',(0.6,0.625,0.405));
#688 = VECTOR('',#689,1.);
#689 = DIRECTION('',(0.,0.,1.));
#690 = PLANE('',#691);
#691 = AXIS2_PLACEMENT_3D('',#692,#693,#694);
#692 = CARTESIAN_POINT('',(-0.6,0.625,0.405));
#693 = DIRECTION('',(0.,1.,0.));
#694 = DIRECTION('',(0.,-0.,1.));
#695 = ADVANCED_FACE('',(#696),#707,.T.);
#696 = FACE_BOUND('',#697,.T.);
#697 = EDGE_LOOP('',(#698,#699,#700,#706));
#698 = ORIENTED_EDGE('',*,*,#467,.T.);
#699 = ORIENTED_EDGE('',*,*,#616,.T.);
#700 = ORIENTED_EDGE('',*,*,#701,.F.);
#701 = EDGE_CURVE('',#483,#607,#702,.T.);
#702 = LINE('',#703,#704);
#703 = CARTESIAN_POINT('',(0.645,-0.625,-2.775557561563E-17));
#704 = VECTOR('',#705,1.);
#705 = DIRECTION('',(0.,1.,0.));
#706 = ORIENTED_EDGE('',*,*,#492,.F.);
#707 = CYLINDRICAL_SURFACE('',#708,4.5E-02);
#708 = AXIS2_PLACEMENT_3D('',#709,#710,#711);
#709 = CARTESIAN_POINT('',(0.645,-0.625,4.5E-02));
#710 = DIRECTION('',(0.,1.,0.));
#711 = DIRECTION('',(-1.,0.,0.));
#712 = ADVANCED_FACE('',(#713),#724,.F.);
#713 = FACE_BOUND('',#714,.F.);
#714 = EDGE_LOOP('',(#715,#716,#717,#718));
#715 = ORIENTED_EDGE('',*,*,#606,.F.);
#716 = ORIENTED_EDGE('',*,*,#701,.F.);
#717 = ORIENTED_EDGE('',*,*,#482,.T.);
#718 = ORIENTED_EDGE('',*,*,#719,.T.);
#719 = EDGE_CURVE('',#485,#609,#720,.T.);
#720 = LINE('',#721,#722);
#721 = CARTESIAN_POINT('',(0.955,-0.625,-2.775557561563E-17));
#722 = VECTOR('',#723,1.);
#723 = DIRECTION('',(0.,1.,0.));
#724 = PLANE('',#725);
#725 = AXIS2_PLACEMENT_3D('',#726,#727,#728);
#726 = CARTESIAN_POINT('',(0.6,-0.625,0.));
#727 = DIRECTION('',(0.,0.,1.));
#728 = DIRECTION('',(1.,0.,-0.));
#729 = ADVANCED_FACE('',(#730),#741,.T.);
#730 = FACE_BOUND('',#731,.T.);
#731 = EDGE_LOOP('',(#732,#733,#734,#735));
#732 = ORIENTED_EDGE('',*,*,#536,.T.);
#733 = ORIENTED_EDGE('',*,*,#719,.T.);
#734 = ORIENTED_EDGE('',*,*,#660,.F.);
#735 = ORIENTED_EDGE('',*,*,#736,.F.);
#736 = EDGE_CURVE('',#529,#653,#737,.T.);
#737 = LINE('',#738,#739);
#738 = CARTESIAN_POINT('',(1.,-0.625,4.5E-02));
#739 = VECTOR('',#740,1.);
#740 = DIRECTION('',(0.,1.,0.));
#741 = CYLINDRICAL_SURFACE('',#742,4.5E-02);
#742 = AXIS2_PLACEMENT_3D('',#743,#744,#745);
#743 = CARTESIAN_POINT('',(0.955,-0.625,4.5E-02));
#744 = DIRECTION('',(0.,1.,0.));
#745 = DIRECTION('',(1.,0.,0.));
#746 = ADVANCED_FACE('',(#747),#758,.T.);
#747 = FACE_BOUND('',#748,.T.);
#748 = EDGE_LOOP('',(#749,#750,#751,#752));
#749 = ORIENTED_EDGE('',*,*,#528,.F.);
#750 = ORIENTED_EDGE('',*,*,#736,.T.);
#751 = ORIENTED_EDGE('',*,*,#652,.T.);
#752 = ORIENTED_EDGE('',*,*,#753,.F.);
#753 = EDGE_CURVE('',#520,#644,#754,.T.);
#754 = LINE('',#755,#756);
#755 = CARTESIAN_POINT('',(1.,-0.625,0.405));
#756 = VECTOR('',#757,1.);
#757 = DIRECTION('',(0.,1.,0.));
#758 = PLANE('',#759);
#759 = AXIS2_PLACEMENT_3D('',#760,#761,#762);
#760 = CARTESIAN_POINT('',(1.,-0.625,0.));
#761 = DIRECTION('',(1.,0.,0.));
#762 = DIRECTION('',(0.,0.,1.));
#763 = ADVANCED_FACE('',(#764),#775,.T.);
#764 = FACE_BOUND('',#765,.T.);
#765 = EDGE_LOOP('',(#766,#767,#768,#774));
#766 = ORIENTED_EDGE('',*,*,#753,.T.);
#767 = ORIENTED_EDGE('',*,*,#643,.T.);
#768 = ORIENTED_EDGE('',*,*,#769,.F.);
#769 = EDGE_CURVE('',#512,#636,#770,.T.);
#770 = LINE('',#771,#772);
#771 = CARTESIAN_POINT('',(0.955,-0.625,0.45));
#772 = VECTOR('',#773,1.);
#773 = DIRECTION('',(0.,1.,0.));
#774 = ORIENTED_EDGE('',*,*,#519,.F.);
#775 = CYLINDRICAL_SURFACE('',#776,4.5E-02);
#776 = AXIS2_PLACEMENT_3D('',#777,#778,#779);
#777 = CARTESIAN_POINT('',(0.955,-0.625,0.405));
#778 = DIRECTION('',(0.,1.,0.));
#779 = DIRECTION('',(1.,0.,0.));
#780 = ADVANCED_FACE('',(#781),#792,.T.);
#781 = FACE_BOUND('',#782,.T.);
#782 = EDGE_LOOP('',(#783,#784,#790,#791));
#783 = ORIENTED_EDGE('',*,*,#635,.F.);
#784 = ORIENTED_EDGE('',*,*,#785,.F.);
#785 = EDGE_CURVE('',#503,#627,#786,.T.);
#786 = LINE('',#787,#788);
#787 = CARTESIAN_POINT('',(0.645,-0.625,0.45));
#788 = VECTOR('',#789,1.);
#789 = DIRECTION('',(0.,1.,0.));
#790 = ORIENTED_EDGE('',*,*,#511,.T.);
#791 = ORIENTED_EDGE('',*,*,#769,.T.);
#792 = PLANE('',#793);
#793 = AXIS2_PLACEMENT_3D('',#794,#795,#796);
#794 = CARTESIAN_POINT('',(0.6,-0.625,0.45));
#795 = DIRECTION('',(0.,0.,1.));
#796 = DIRECTION('',(1.,0.,-0.));
#797 = ADVANCED_FACE('',(#798),#809,.T.);
#798 = FACE_BOUND('',#799,.T.);
#799 = EDGE_LOOP('',(#800,#801,#802,#803));
#800 = ORIENTED_EDGE('',*,*,#502,.T.);
#801 = ORIENTED_EDGE('',*,*,#785,.T.);
#802 = ORIENTED_EDGE('',*,*,#626,.F.);
#803 = ORIENTED_EDGE('',*,*,#804,.F.);
#804 = EDGE_CURVE('',#337,#420,#805,.T.);
#805 = LINE('',#806,#807);
#806 = CARTESIAN_POINT('',(0.6,-0.625,0.405));
#807 = VECTOR('',#808,1.);
#808 = DIRECTION('',(0.,1.,0.));
#809 = CYLINDRICAL_SURFACE('',#810,4.5E-02);
#810 = AXIS2_PLACEMENT_3D('',#811,#812,#813);
#811 = CARTESIAN_POINT('',(0.645,-0.625,0.405));
#812 = DIRECTION('',(0.,1.,0.));
#813 = DIRECTION('',(-1.,0.,0.));
#814 = ADVANCED_FACE('',(#815),#826,.T.);
#815 = FACE_BOUND('',#816,.T.);
#816 = EDGE_LOOP('',(#817,#818,#819,#820));
#817 = ORIENTED_EDGE('',*,*,#568,.F.);
#818 = ORIENTED_EDGE('',*,*,#804,.T.);
#819 = ORIENTED_EDGE('',*,*,#685,.T.);
#820 = ORIENTED_EDGE('',*,*,#821,.F.);
#821 = EDGE_CURVE('',#561,#678,#822,.T.);
#822 = LINE('',#823,#824);
#823 = CARTESIAN_POINT('',(0.6,-0.625,0.45));
#824 = VECTOR('',#825,1.);
#825 = DIRECTION('',(0.,1.,0.));
#826 = PLANE('',#827);
#827 = AXIS2_PLACEMENT_3D('',#828,#829,#830);
#828 = CARTESIAN_POINT('',(0.6,-0.625,0.405));
#829 = DIRECTION('',(1.,0.,0.));
#830 = DIRECTION('',(0.,0.,1.));
#831 = ADVANCED_FACE('',(#832),#838,.T.);
#832 = FACE_BOUND('',#833,.T.);
#833 = EDGE_LOOP('',(#834,#835,#836,#837));
#834 = ORIENTED_EDGE('',*,*,#592,.F.);
#835 = ORIENTED_EDGE('',*,*,#560,.T.);
#836 = ORIENTED_EDGE('',*,*,#821,.T.);
#837 = ORIENTED_EDGE('',*,*,#677,.F.);
#838 = PLANE('',#839);
#839 = AXIS2_PLACEMENT_3D('',#840,#841,#842);
#840 = CARTESIAN_POINT('',(-0.6,-0.625,0.45));
#841 = DIRECTION('',(0.,0.,1.));
#842 = DIRECTION('',(1.,0.,-0.));
#843 = ( GEOMETRIC_REPRESENTATION_CONTEXT(3) 
GLOBAL_UNCERTAINTY_ASSIGNED_CONTEXT((#847)) GLOBAL_UNIT_ASSIGNED_CONTEXT
((#844,#845,#846)) REPRESENTATION_CONTEXT('Context #1',
  '3D Context with UNIT and UNCERTAINTY') );
#844 = ( LENGTH_UNIT() NAMED_UNIT(*) SI_UNIT(.MILLI.,.METRE.) );
#845 = ( NAMED_UNIT(*) PLANE_ANGLE_UNIT() SI_UNIT($,.RADIAN.) );
#846 = ( NAMED_UNIT(*) SI_UNIT($,.STERADIAN.) SOLID_ANGLE_UNIT() );
#847 = UNCERTAINTY_MEASURE_WITH_UNIT(LENGTH_MEASURE(1.E-07),#844,
  'distance_accuracy_value','confusion accuracy');
#848 = CONTEXT_DEPENDENT_SHAPE_REPRESENTATION(#849,#851);
#849 = ( REPRESENTATION_RELATIONSHIP('','',#52,#10) 
REPRESENTATION_RELATIONSHIP_WITH_TRANSFORMATION(#850) 
SHAPE_REPRESENTATION_RELATIONSHIP() );
#850 = ITEM_DEFINED_TRANSFORMATION('','',#11,#15);
#851 = PRODUCT_DEFINITION_SHAPE('Placement','Placement of an item',#852
  );
#852 = NEXT_ASSEMBLY_USAGE_OCCURRENCE('1','F1','',#5,#47,$);
#853 = PRODUCT_RELATED_PRODUCT_CATEGORY('part',$,(#49));
#854 = SHAPE_DEFINITION_REPRESENTATION(#855,#861);
#855 = PRODUCT_DEFINITION_SHAPE('','',#856);
#856 = PRODUCT_DEFINITION('design','',#857,#860);
#857 = PRODUCT_DEFINITION_FORMATION('','',#858);
#858 = PRODUCT('NIVA-cartridge_pad','NIVA-cartridge_pad','',(#859));
#859 = PRODUCT_CONTEXT('',#2,'mechanical');
#860 = PRODUCT_DEFINITION_CONTEXT('part definition',#2,'design');
#861 = SHAPE_REPRESENTATION('',(#11,#862,#1012,#1302,#1452,#1505,#1655,
    #1805,#1955,#2008,#2158,#2308,#2598),#2651);
#862 = MANIFOLD_SOLID_BREP('',#863);
#863 = CLOSED_SHELL('',(#864,#904,#935,#966,#988,#1000));
#864 = ADVANCED_FACE('',(#865),#899,.T.);
#865 = FACE_BOUND('',#866,.T.);
#866 = EDGE_LOOP('',(#867,#877,#885,#893));
#867 = ORIENTED_EDGE('',*,*,#868,.T.);
#868 = EDGE_CURVE('',#869,#871,#873,.T.);
#869 = VERTEX_POINT('',#870);
#870 = CARTESIAN_POINT('',(30.199999,36.25,0.71));
#871 = VERTEX_POINT('',#872);
#872 = CARTESIAN_POINT('',(30.199999,36.25,0.75));
#873 = LINE('',#874,#875);
#874 = CARTESIAN_POINT('',(30.199999,36.25,0.71));
#875 = VECTOR('',#876,1.);
#876 = DIRECTION('',(0.,0.,1.));
#877 = ORIENTED_EDGE('',*,*,#878,.T.);
#878 = EDGE_CURVE('',#871,#879,#881,.T.);
#879 = VERTEX_POINT('',#880);
#880 = CARTESIAN_POINT('',(30.199999,37.35,0.75));
#881 = LINE('',#882,#883);
#882 = CARTESIAN_POINT('',(30.199999,36.25,0.75));
#883 = VECTOR('',#884,1.);
#884 = DIRECTION('',(0.,1.,0.));
#885 = ORIENTED_EDGE('',*,*,#886,.F.);
#886 = EDGE_CURVE('',#887,#879,#889,.T.);
#887 = VERTEX_POINT('',#888);
#888 = CARTESIAN_POINT('',(30.199999,37.35,0.71));
#889 = LINE('',#890,#891);
#890 = CARTESIAN_POINT('',(30.199999,37.35,0.71));
#891 = VECTOR('',#892,1.);
#892 = DIRECTION('',(0.,0.,1.));
#893 = ORIENTED_EDGE('',*,*,#894,.F.);
#894 = EDGE_CURVE('',#869,#887,#895,.T.);
#895 = LINE('',#896,#897);
#896 = CARTESIAN_POINT('',(30.199999,36.25,0.71));
#897 = VECTOR('',#898,1.);
#898 = DIRECTION('',(0.,1.,0.));
#899 = PLANE('',#900);
#900 = AXIS2_PLACEMENT_3D('',#901,#902,#903);
#901 = CARTESIAN_POINT('',(30.199999,36.25,0.71));
#902 = DIRECTION('',(-1.,0.,0.));
#903 = DIRECTION('',(0.,1.,0.));
#904 = ADVANCED_FACE('',(#905),#930,.T.);
#905 = FACE_BOUND('',#906,.T.);
#906 = EDGE_LOOP('',(#907,#908,#916,#924));
#907 = ORIENTED_EDGE('',*,*,#886,.T.);
#908 = ORIENTED_EDGE('',*,*,#909,.T.);
#909 = EDGE_CURVE('',#879,#910,#912,.T.);
#910 = VERTEX_POINT('',#911);
#911 = CARTESIAN_POINT('',(31.699999,37.35,0.75));
#912 = LINE('',#913,#914);
#913 = CARTESIAN_POINT('',(30.199999,37.35,0.75));
#914 = VECTOR('',#915,1.);
#915 = DIRECTION('',(1.,0.,0.));
#916 = ORIENTED_EDGE('',*,*,#917,.F.);
#917 = EDGE_CURVE('',#918,#910,#920,.T.);
#918 = VERTEX_POINT('',#919);
#919 = CARTESIAN_POINT('',(31.699999,37.35,0.71));
#920 = LINE('',#921,#922);
#921 = CARTESIAN_POINT('',(31.699999,37.35,0.71));
#922 = VECTOR('',#923,1.);
#923 = DIRECTION('',(0.,0.,1.));
#924 = ORIENTED_EDGE('',*,*,#925,.F.);
#925 = EDGE_CURVE('',#887,#918,#926,.T.);
#926 = LINE('',#927,#928);
#927 = CARTESIAN_POINT('',(30.199999,37.35,0.71));
#928 = VECTOR('',#929,1.);
#929 = DIRECTION('',(1.,0.,0.));
#930 = PLANE('',#931);
#931 = AXIS2_PLACEMENT_3D('',#932,#933,#934);
#932 = CARTESIAN_POINT('',(30.199999,37.35,0.71));
#933 = DIRECTION('',(0.,1.,0.));
#934 = DIRECTION('',(1.,0.,0.));
#935 = ADVANCED_FACE('',(#936),#961,.T.);
#936 = FACE_BOUND('',#937,.T.);
#937 = EDGE_LOOP('',(#938,#939,#947,#955));
#938 = ORIENTED_EDGE('',*,*,#917,.T.);
#939 = ORIENTED_EDGE('',*,*,#940,.T.);
#940 = EDGE_CURVE('',#910,#941,#943,.T.);
#941 = VERTEX_POINT('',#942);
#942 = CARTESIAN_POINT('',(31.699999,36.25,0.75));
#943 = LINE('',#944,#945);
#944 = CARTESIAN_POINT('',(31.699999,37.35,0.75));
#945 = VECTOR('',#946,1.);
#946 = DIRECTION('',(0.,-1.,0.));
#947 = ORIENTED_EDGE('',*,*,#948,.F.);
#948 = EDGE_CURVE('',#949,#941,#951,.T.);
#949 = VERTEX_POINT('',#950);
#950 = CARTESIAN_POINT('',(31.699999,36.25,0.71));
#951 = LINE('',#952,#953);
#952 = CARTESIAN_POINT('',(31.699999,36.25,0.71));
#953 = VECTOR('',#954,1.);
#954 = DIRECTION('',(0.,0.,1.));
#955 = ORIENTED_EDGE('',*,*,#956,.F.);
#956 = EDGE_CURVE('',#918,#949,#957,.T.);
#957 = LINE('',#958,#959);
#958 = CARTESIAN_POINT('',(31.699999,37.35,0.71));
#959 = VECTOR('',#960,1.);
#960 = DIRECTION('',(0.,-1.,0.));
#961 = PLANE('',#962);
#962 = AXIS2_PLACEMENT_3D('',#963,#964,#965);
#963 = CARTESIAN_POINT('',(31.699999,37.35,0.71));
#964 = DIRECTION('',(1.,0.,-0.));
#965 = DIRECTION('',(0.,-1.,0.));
#966 = ADVANCED_FACE('',(#967),#983,.T.);
#967 = FACE_BOUND('',#968,.T.);
#968 = EDGE_LOOP('',(#969,#970,#976,#977));
#969 = ORIENTED_EDGE('',*,*,#948,.T.);
#970 = ORIENTED_EDGE('',*,*,#971,.T.);
#971 = EDGE_CURVE('',#941,#871,#972,.T.);
#972 = LINE('',#973,#974);
#973 = CARTESIAN_POINT('',(31.699999,36.25,0.75));
#974 = VECTOR('',#975,1.);
#975 = DIRECTION('',(-1.,0.,0.));
#976 = ORIENTED_EDGE('',*,*,#868,.F.);
#977 = ORIENTED_EDGE('',*,*,#978,.F.);
#978 = EDGE_CURVE('',#949,#869,#979,.T.);
#979 = LINE('',#980,#981);
#980 = CARTESIAN_POINT('',(31.699999,36.25,0.71));
#981 = VECTOR('',#982,1.);
#982 = DIRECTION('',(-1.,0.,0.));
#983 = PLANE('',#984);
#984 = AXIS2_PLACEMENT_3D('',#985,#986,#987);
#985 = CARTESIAN_POINT('',(31.699999,36.25,0.71));
#986 = DIRECTION('',(0.,-1.,0.));
#987 = DIRECTION('',(-1.,0.,0.));
#988 = ADVANCED_FACE('',(#989),#995,.F.);
#989 = FACE_BOUND('',#990,.T.);
#990 = EDGE_LOOP('',(#991,#992,#993,#994));
#991 = ORIENTED_EDGE('',*,*,#894,.T.);
#992 = ORIENTED_EDGE('',*,*,#925,.T.);
#993 = ORIENTED_EDGE('',*,*,#956,.T.);
#994 = ORIENTED_EDGE('',*,*,#978,.T.);
#995 = PLANE('',#996);
#996 = AXIS2_PLACEMENT_3D('',#997,#998,#999);
#997 = CARTESIAN_POINT('',(0.,0.,0.71));
#998 = DIRECTION('',(0.,0.,1.));
#999 = DIRECTION('',(1.,0.,-0.));
#1000 = ADVANCED_FACE('',(#1001),#1007,.T.);
#1001 = FACE_BOUND('',#1002,.F.);
#1002 = EDGE_LOOP('',(#1003,#1004,#1005,#1006));
#1003 = ORIENTED_EDGE('',*,*,#878,.T.);
#1004 = ORIENTED_EDGE('',*,*,#909,.T.);
#1005 = ORIENTED_EDGE('',*,*,#940,.T.);
#1006 = ORIENTED_EDGE('',*,*,#971,.T.);
#1007 = PLANE('',#1008);
#1008 = AXIS2_PLACEMENT_3D('',#1009,#1010,#1011);
#1009 = CARTESIAN_POINT('',(0.,0.,0.75));
#1010 = DIRECTION('',(0.,0.,1.));
#1011 = DIRECTION('',(1.,0.,-0.));
#1012 = MANIFOLD_SOLID_BREP('',#1013);
#1013 = CLOSED_SHELL('',(#1014,#1056,#1087,#1120,#1151,#1184,#1215,#1248
    ,#1270,#1286));
#1014 = ADVANCED_FACE('',(#1015),#1051,.T.);
#1015 = FACE_BOUND('',#1016,.T.);
#1016 = EDGE_LOOP('',(#1017,#1027,#1036,#1044));
#1017 = ORIENTED_EDGE('',*,*,#1018,.T.);
#1018 = EDGE_CURVE('',#1019,#1021,#1023,.T.);
#1019 = VERTEX_POINT('',#1020);
#1020 = CARTESIAN_POINT('',(30.249999,11.40625,0.71));
#1021 = VERTEX_POINT('',#1022);
#1022 = CARTESIAN_POINT('',(30.249999,11.40625,0.75));
#1023 = LINE('',#1024,#1025);
#1024 = CARTESIAN_POINT('',(30.249999,11.40625,0.71));
#1025 = VECTOR('',#1026,1.);
#1026 = DIRECTION('',(0.,0.,1.));
#1027 = ORIENTED_EDGE('',*,*,#1028,.T.);
#1028 = EDGE_CURVE('',#1021,#1029,#1031,.T.);
#1029 = VERTEX_POINT('',#1030);
#1030 = CARTESIAN_POINT('',(30.493749,11.65,0.75));
#1031 = CIRCLE('',#1032,0.243750948865);
#1032 = AXIS2_PLACEMENT_3D('',#1033,#1034,#1035);
#1033 = CARTESIAN_POINT('',(30.493749948863,11.406249051137,0.75));
#1034 = DIRECTION('',(0.,0.,-1.));
#1035 = DIRECTION('',(-0.999999999992,3.892755977901E-06,0.));
#1036 = ORIENTED_EDGE('',*,*,#1037,.F.);
#1037 = EDGE_CURVE('',#1038,#1029,#1040,.T.);
#1038 = VERTEX_POINT('',#1039);
#1039 = CARTESIAN_POINT('',(30.493749,11.65,0.71));
#1040 = LINE('',#1041,#1042);
#1041 = CARTESIAN_POINT('',(30.493749,11.65,0.71));
#1042 = VECTOR('',#1043,1.);
#1043 = DIRECTION('',(0.,0.,1.));
#1044 = ORIENTED_EDGE('',*,*,#1045,.F.);
#1045 = EDGE_CURVE('',#1019,#1038,#1046,.T.);
#1046 = CIRCLE('',#1047,0.243750948865);
#1047 = AXIS2_PLACEMENT_3D('',#1048,#1049,#1050);
#1048 = CARTESIAN_POINT('',(30.493749948863,11.406249051137,0.71));
#1049 = DIRECTION('',(0.,0.,-1.));
#1050 = DIRECTION('',(-0.999999999992,3.892755977901E-06,0.));
#1051 = CYLINDRICAL_SURFACE('',#1052,0.243750948865);
#1052 = AXIS2_PLACEMENT_3D('',#1053,#1054,#1055);
#1053 = CARTESIAN_POINT('',(30.493749948863,11.406249051137,0.71));
#1054 = DIRECTION('',(0.,0.,-1.));
#1055 = DIRECTION('',(-0.999999999992,3.892755977901E-06,0.));
#1056 = ADVANCED_FACE('',(#1057),#1082,.T.);
#1057 = FACE_BOUND('',#1058,.T.);
#1058 = EDGE_LOOP('',(#1059,#1060,#1068,#1076));
#1059 = ORIENTED_EDGE('',*,*,#1037,.T.);
#1060 = ORIENTED_EDGE('',*,*,#1061,.T.);
#1061 = EDGE_CURVE('',#1029,#1062,#1064,.T.);
#1062 = VERTEX_POINT('',#1063);
#1063 = CARTESIAN_POINT('',(31.406249,11.65,0.75));
#1064 = LINE('',#1065,#1066);
#1065 = CARTESIAN_POINT('',(30.493749,11.65,0.75));
#1066 = VECTOR('',#1067,1.);
#1067 = DIRECTION('',(1.,0.,0.));
#1068 = ORIENTED_EDGE('',*,*,#1069,.F.);
#1069 = EDGE_CURVE('',#1070,#1062,#1072,.T.);
#1070 = VERTEX_POINT('',#1071);
#1071 = CARTESIAN_POINT('',(31.406249,11.65,0.71));
#1072 = LINE('',#1073,#1074);
#1073 = CARTESIAN_POINT('',(31.406249,11.65,0.71));
#1074 = VECTOR('',#1075,1.);
#1075 = DIRECTION('',(0.,0.,1.));
#1076 = ORIENTED_EDGE('',*,*,#1077,.F.);
#1077 = EDGE_CURVE('',#1038,#1070,#1078,.T.);
#1078 = LINE('',#1079,#1080);
#1079 = CARTESIAN_POINT('',(30.493749,11.65,0.71));
#1080 = VECTOR('',#1081,1.);
#1081 = DIRECTION('',(1.,0.,0.));
#1082 = PLANE('',#1083);
#1083 = AXIS2_PLACEMENT_3D('',#1084,#1085,#1086);
#1084 = CARTESIAN_POINT('',(30.493749,11.65,0.71));
#1085 = DIRECTION('',(0.,1.,0.));
#1086 = DIRECTION('',(1.,0.,0.));
#1087 = ADVANCED_FACE('',(#1088),#1115,.T.);
#1088 = FACE_BOUND('',#1089,.T.);
#1089 = EDGE_LOOP('',(#1090,#1091,#1100,#1108));
#1090 = ORIENTED_EDGE('',*,*,#1069,.T.);
#1091 = ORIENTED_EDGE('',*,*,#1092,.T.);
#1092 = EDGE_CURVE('',#1062,#1093,#1095,.T.);
#1093 = VERTEX_POINT('',#1094);
#1094 = CARTESIAN_POINT('',(31.649999,11.40625,0.75));
#1095 = CIRCLE('',#1096,0.243750948865);
#1096 = AXIS2_PLACEMENT_3D('',#1097,#1098,#1099);
#1097 = CARTESIAN_POINT('',(31.406248051137,11.406249051137,0.75));
#1098 = DIRECTION('',(0.,0.,-1.));
#1099 = DIRECTION('',(3.892755970613E-06,0.999999999992,0.));
#1100 = ORIENTED_EDGE('',*,*,#1101,.F.);
#1101 = EDGE_CURVE('',#1102,#1093,#1104,.T.);
#1102 = VERTEX_POINT('',#1103);
#1103 = CARTESIAN_POINT('',(31.649999,11.40625,0.71));
#1104 = LINE('',#1105,#1106);
#1105 = CARTESIAN_POINT('',(31.649999,11.40625,0.71));
#1106 = VECTOR('',#1107,1.);
#1107 = DIRECTION('',(0.,0.,1.));
#1108 = ORIENTED_EDGE('',*,*,#1109,.F.);
#1109 = EDGE_CURVE('',#1070,#1102,#1110,.T.);
#1110 = CIRCLE('',#1111,0.243750948865);
#1111 = AXIS2_PLACEMENT_3D('',#1112,#1113,#1114);
#1112 = CARTESIAN_POINT('',(31.406248051137,11.406249051137,0.71));
#1113 = DIRECTION('',(0.,0.,-1.));
#1114 = DIRECTION('',(3.892755970613E-06,0.999999999992,0.));
#1115 = CYLINDRICAL_SURFACE('',#1116,0.243750948865);
#1116 = AXIS2_PLACEMENT_3D('',#1117,#1118,#1119);
#1117 = CARTESIAN_POINT('',(31.406248051137,11.406249051137,0.71));
#1118 = DIRECTION('',(0.,0.,-1.));
#1119 = DIRECTION('',(3.892755970613E-06,0.999999999992,0.));
#1120 = ADVANCED_FACE('',(#1121),#1146,.T.);
#1121 = FACE_BOUND('',#1122,.T.);
#1122 = EDGE_LOOP('',(#1123,#1124,#1132,#1140));
#1123 = ORIENTED_EDGE('',*,*,#1101,.T.);
#1124 = ORIENTED_EDGE('',*,*,#1125,.T.);
#1125 = EDGE_CURVE('',#1093,#1126,#1128,.T.);
#1126 = VERTEX_POINT('',#1127);
#1127 = CARTESIAN_POINT('',(31.649999,10.91875,0.75));
#1128 = LINE('',#1129,#1130);
#1129 = CARTESIAN_POINT('',(31.649999,11.40625,0.75));
#1130 = VECTOR('',#1131,1.);
#1131 = DIRECTION('',(0.,-1.,0.));
#1132 = ORIENTED_EDGE('',*,*,#1133,.F.);
#1133 = EDGE_CURVE('',#1134,#1126,#1136,.T.);
#1134 = VERTEX_POINT('',#1135);
#1135 = CARTESIAN_POINT('',(31.649999,10.91875,0.71));
#1136 = LINE('',#1137,#1138);
#1137 = CARTESIAN_POINT('',(31.649999,10.91875,0.71));
#1138 = VECTOR('',#1139,1.);
#1139 = DIRECTION('',(0.,0.,1.));
#1140 = ORIENTED_EDGE('',*,*,#1141,.F.);
#1141 = EDGE_CURVE('',#1102,#1134,#1142,.T.);
#1142 = LINE('',#1143,#1144);
#1143 = CARTESIAN_POINT('',(31.649999,11.40625,0.71));
#1144 = VECTOR('',#1145,1.);
#1145 = DIRECTION('',(0.,-1.,0.));
#1146 = PLANE('',#1147);
#1147 = AXIS2_PLACEMENT_3D('',#1148,#1149,#1150);
#1148 = CARTESIAN_POINT('',(31.649999,11.40625,0.71));
#1149 = DIRECTION('',(1.,0.,-0.));
#1150 = DIRECTION('',(0.,-1.,0.));
#1151 = ADVANCED_FACE('',(#1152),#1179,.T.);
#1152 = FACE_BOUND('',#1153,.T.);
#1153 = EDGE_LOOP('',(#1154,#1155,#1164,#1172));
#1154 = ORIENTED_EDGE('',*,*,#1133,.T.);
#1155 = ORIENTED_EDGE('',*,*,#1156,.T.);
#1156 = EDGE_CURVE('',#1126,#1157,#1159,.T.);
#1157 = VERTEX_POINT('',#1158);
#1158 = CARTESIAN_POINT('',(31.406249,10.675,0.75));
#1159 = CIRCLE('',#1160,0.243750948865);
#1160 = AXIS2_PLACEMENT_3D('',#1161,#1162,#1163);
#1161 = CARTESIAN_POINT('',(31.406248051137,10.918750948863,0.75));
#1162 = DIRECTION('',(0.,0.,-1.));
#1163 = DIRECTION('',(0.999999999992,-3.892755977901E-06,0.));
#1164 = ORIENTED_EDGE('',*,*,#1165,.F.);
#1165 = EDGE_CURVE('',#1166,#1157,#1168,.T.);
#1166 = VERTEX_POINT('',#1167);
#1167 = CARTESIAN_POINT('',(31.406249,10.675,0.71));
#1168 = LINE('',#1169,#1170);
#1169 = CARTESIAN_POINT('',(31.406249,10.675,0.71));
#1170 = VECTOR('',#1171,1.);
#1171 = DIRECTION('',(0.,0.,1.));
#1172 = ORIENTED_EDGE('',*,*,#1173,.F.);
#1173 = EDGE_CURVE('',#1134,#1166,#1174,.T.);
#1174 = CIRCLE('',#1175,0.243750948865);
#1175 = AXIS2_PLACEMENT_3D('',#1176,#1177,#1178);
#1176 = CARTESIAN_POINT('',(31.406248051137,10.918750948863,0.71));
#1177 = DIRECTION('',(0.,0.,-1.));
#1178 = DIRECTION('',(0.999999999992,-3.892755977901E-06,0.));
#1179 = CYLINDRICAL_SURFACE('',#1180,0.243750948865);
#1180 = AXIS2_PLACEMENT_3D('',#1181,#1182,#1183);
#1181 = CARTESIAN_POINT('',(31.406248051137,10.918750948863,0.71));
#1182 = DIRECTION('',(0.,0.,-1.));
#1183 = DIRECTION('',(0.999999999992,-3.892755977901E-06,0.));
#1184 = ADVANCED_FACE('',(#1185),#1210,.T.);
#1185 = FACE_BOUND('',#1186,.T.);
#1186 = EDGE_LOOP('',(#1187,#1188,#1196,#1204));
#1187 = ORIENTED_EDGE('',*,*,#1165,.T.);
#1188 = ORIENTED_EDGE('',*,*,#1189,.T.);
#1189 = EDGE_CURVE('',#1157,#1190,#1192,.T.);
#1190 = VERTEX_POINT('',#1191);
#1191 = CARTESIAN_POINT('',(30.493749,10.675,0.75));
#1192 = LINE('',#1193,#1194);
#1193 = CARTESIAN_POINT('',(31.406249,10.675,0.75));
#1194 = VECTOR('',#1195,1.);
#1195 = DIRECTION('',(-1.,0.,0.));
#1196 = ORIENTED_EDGE('',*,*,#1197,.F.);
#1197 = EDGE_CURVE('',#1198,#1190,#1200,.T.);
#1198 = VERTEX_POINT('',#1199);
#1199 = CARTESIAN_POINT('',(30.493749,10.675,0.71));
#1200 = LINE('',#1201,#1202);
#1201 = CARTESIAN_POINT('',(30.493749,10.675,0.71));
#1202 = VECTOR('',#1203,1.);
#1203 = DIRECTION('',(0.,0.,1.));
#1204 = ORIENTED_EDGE('',*,*,#1205,.F.);
#1205 = EDGE_CURVE('',#1166,#1198,#1206,.T.);
#1206 = LINE('',#1207,#1208);
#1207 = CARTESIAN_POINT('',(31.406249,10.675,0.71));
#1208 = VECTOR('',#1209,1.);
#1209 = DIRECTION('',(-1.,0.,0.));
#1210 = PLANE('',#1211);
#1211 = AXIS2_PLACEMENT_3D('',#1212,#1213,#1214);
#1212 = CARTESIAN_POINT('',(31.406249,10.675,0.71));
#1213 = DIRECTION('',(0.,-1.,0.));
#1214 = DIRECTION('',(-1.,0.,0.));
#1215 = ADVANCED_FACE('',(#1216),#1243,.T.);
#1216 = FACE_BOUND('',#1217,.T.);
#1217 = EDGE_LOOP('',(#1218,#1219,#1228,#1236));
#1218 = ORIENTED_EDGE('',*,*,#1197,.T.);
#1219 = ORIENTED_EDGE('',*,*,#1220,.T.);
#1220 = EDGE_CURVE('',#1190,#1221,#1223,.T.);
#1221 = VERTEX_POINT('',#1222);
#1222 = CARTESIAN_POINT('',(30.249999,10.91875,0.75));
#1223 = CIRCLE('',#1224,0.243750948865);
#1224 = AXIS2_PLACEMENT_3D('',#1225,#1226,#1227);
#1225 = CARTESIAN_POINT('',(30.493749948863,10.918750948863,0.75));
#1226 = DIRECTION('',(0.,0.,-1.));
#1227 = DIRECTION('',(-3.892755941463E-06,-0.999999999992,-0.));
#1228 = ORIENTED_EDGE('',*,*,#1229,.F.);
#1229 = EDGE_CURVE('',#1230,#1221,#1232,.T.);
#1230 = VERTEX_POINT('',#1231);
#1231 = CARTESIAN_POINT('',(30.249999,10.91875,0.71));
#1232 = LINE('',#1233,#1234);
#1233 = CARTESIAN_POINT('',(30.249999,10.91875,0.71));
#1234 = VECTOR('',#1235,1.);
#1235 = DIRECTION('',(0.,0.,1.));
#1236 = ORIENTED_EDGE('',*,*,#1237,.F.);
#1237 = EDGE_CURVE('',#1198,#1230,#1238,.T.);
#1238 = CIRCLE('',#1239,0.243750948865);
#1239 = AXIS2_PLACEMENT_3D('',#1240,#1241,#1242);
#1240 = CARTESIAN_POINT('',(30.493749948863,10.918750948863,0.71));
#1241 = DIRECTION('',(0.,0.,-1.));
#1242 = DIRECTION('',(-3.892755941463E-06,-0.999999999992,-0.));
#1243 = CYLINDRICAL_SURFACE('',#1244,0.243750948865);
#1244 = AXIS2_PLACEMENT_3D('',#1245,#1246,#1247);
#1245 = CARTESIAN_POINT('',(30.493749948863,10.918750948863,0.71));
#1246 = DIRECTION('',(0.,0.,-1.));
#1247 = DIRECTION('',(-3.892755941463E-06,-0.999999999992,-0.));
#1248 = ADVANCED_FACE('',(#1249),#1265,.T.);
#1249 = FACE_BOUND('',#1250,.T.);
#1250 = EDGE_LOOP('',(#1251,#1252,#1258,#1259));
#1251 = ORIENTED_EDGE('',*,*,#1229,.T.);
#1252 = ORIENTED_EDGE('',*,*,#1253,.T.);
#1253 = EDGE_CURVE('',#1221,#1021,#1254,.T.);
#1254 = LINE('',#1255,#1256);
#1255 = CARTESIAN_POINT('',(30.249999,10.91875,0.75));
#1256 = VECTOR('',#1257,1.);
#1257 = DIRECTION('',(0.,1.,0.));
#1258 = ORIENTED_EDGE('',*,*,#1018,.F.);
#1259 = ORIENTED_EDGE('',*,*,#1260,.F.);
#1260 = EDGE_CURVE('',#1230,#1019,#1261,.T.);
#1261 = LINE('',#1262,#1263);
#1262 = CARTESIAN_POINT('',(30.249999,10.91875,0.71));
#1263 = VECTOR('',#1264,1.);
#1264 = DIRECTION('',(0.,1.,0.));
#1265 = PLANE('',#1266);
#1266 = AXIS2_PLACEMENT_3D('',#1267,#1268,#1269);
#1267 = CARTESIAN_POINT('',(30.249999,10.91875,0.71));
#1268 = DIRECTION('',(-1.,0.,0.));
#1269 = DIRECTION('',(0.,1.,0.));
#1270 = ADVANCED_FACE('',(#1271),#1281,.F.);
#1271 = FACE_BOUND('',#1272,.T.);
#1272 = EDGE_LOOP('',(#1273,#1274,#1275,#1276,#1277,#1278,#1279,#1280));
#1273 = ORIENTED_EDGE('',*,*,#1045,.T.);
#1274 = ORIENTED_EDGE('',*,*,#1077,.T.);
#1275 = ORIENTED_EDGE('',*,*,#1109,.T.);
#1276 = ORIENTED_EDGE('',*,*,#1141,.T.);
#1277 = ORIENTED_EDGE('',*,*,#1173,.T.);
#1278 = ORIENTED_EDGE('',*,*,#1205,.T.);
#1279 = ORIENTED_EDGE('',*,*,#1237,.T.);
#1280 = ORIENTED_EDGE('',*,*,#1260,.T.);
#1281 = PLANE('',#1282);
#1282 = AXIS2_PLACEMENT_3D('',#1283,#1284,#1285);
#1283 = CARTESIAN_POINT('',(0.,0.,0.71));
#1284 = DIRECTION('',(0.,0.,1.));
#1285 = DIRECTION('',(1.,0.,-0.));
#1286 = ADVANCED_FACE('',(#1287),#1297,.T.);
#1287 = FACE_BOUND('',#1288,.F.);
#1288 = EDGE_LOOP('',(#1289,#1290,#1291,#1292,#1293,#1294,#1295,#1296));
#1289 = ORIENTED_EDGE('',*,*,#1028,.T.);
#1290 = ORIENTED_EDGE('',*,*,#1061,.T.);
#1291 = ORIENTED_EDGE('',*,*,#1092,.T.);
#1292 = ORIENTED_EDGE('',*,*,#1125,.T.);
#1293 = ORIENTED_EDGE('',*,*,#1156,.T.);
#1294 = ORIENTED_EDGE('',*,*,#1189,.T.);
#1295 = ORIENTED_EDGE('',*,*,#1220,.T.);
#1296 = ORIENTED_EDGE('',*,*,#1253,.T.);
#1297 = PLANE('',#1298);
#1298 = AXIS2_PLACEMENT_3D('',#1299,#1300,#1301);
#1299 = CARTESIAN_POINT('',(0.,0.,0.75));
#1300 = DIRECTION('',(0.,0.,1.));
#1301 = DIRECTION('',(1.,0.,-0.));
#1302 = MANIFOLD_SOLID_BREP('',#1303);
#1303 = CLOSED_SHELL('',(#1304,#1344,#1375,#1406,#1428,#1440));
#1304 = ADVANCED_FACE('',(#1305),#1339,.T.);
#1305 = FACE_BOUND('',#1306,.T.);
#1306 = EDGE_LOOP('',(#1307,#1317,#1325,#1333));
#1307 = ORIENTED_EDGE('',*,*,#1308,.T.);
#1308 = EDGE_CURVE('',#1309,#1311,#1313,.T.);
#1309 = VERTEX_POINT('',#1310);
#1310 = CARTESIAN_POINT('',(30.199999,34.45,0.71));
#1311 = VERTEX_POINT('',#1312);
#1312 = CARTESIAN_POINT('',(30.199999,34.45,0.75));
#1313 = LINE('',#1314,#1315);
#1314 = CARTESIAN_POINT('',(30.199999,34.45,0.71));
#1315 = VECTOR('',#1316,1.);
#1316 = DIRECTION('',(0.,0.,1.));
#1317 = ORIENTED_EDGE('',*,*,#1318,.T.);
#1318 = EDGE_CURVE('',#1311,#1319,#1321,.T.);
#1319 = VERTEX_POINT('',#1320);
#1320 = CARTESIAN_POINT('',(30.199999,35.55,0.75));
#1321 = LINE('',#1322,#1323);
#1322 = CARTESIAN_POINT('',(30.199999,34.45,0.75));
#1323 = VECTOR('',#1324,1.);
#1324 = DIRECTION('',(0.,1.,0.));
#1325 = ORIENTED_EDGE('',*,*,#1326,.F.);
#1326 = EDGE_CURVE('',#1327,#1319,#1329,.T.);
#1327 = VERTEX_POINT('',#1328);
#1328 = CARTESIAN_POINT('',(30.199999,35.55,0.71));
#1329 = LINE('',#1330,#1331);
#1330 = CARTESIAN_POINT('',(30.199999,35.55,0.71));
#1331 = VECTOR('',#1332,1.);
#1332 = DIRECTION('',(0.,0.,1.));
#1333 = ORIENTED_EDGE('',*,*,#1334,.F.);
#1334 = EDGE_CURVE('',#1309,#1327,#1335,.T.);
#1335 = LINE('',#1336,#1337);
#1336 = CARTESIAN_POINT('',(30.199999,34.45,0.71));
#1337 = VECTOR('',#1338,1.);
#1338 = DIRECTION('',(0.,1.,0.));
#1339 = PLANE('',#1340);
#1340 = AXIS2_PLACEMENT_3D('',#1341,#1342,#1343);
#1341 = CARTESIAN_POINT('',(30.199999,34.45,0.71));
#1342 = DIRECTION('',(-1.,0.,0.));
#1343 = DIRECTION('',(0.,1.,0.));
#1344 = ADVANCED_FACE('',(#1345),#1370,.T.);
#1345 = FACE_BOUND('',#1346,.T.);
#1346 = EDGE_LOOP('',(#1347,#1348,#1356,#1364));
#1347 = ORIENTED_EDGE('',*,*,#1326,.T.);
#1348 = ORIENTED_EDGE('',*,*,#1349,.T.);
#1349 = EDGE_CURVE('',#1319,#1350,#1352,.T.);
#1350 = VERTEX_POINT('',#1351);
#1351 = CARTESIAN_POINT('',(31.699999,35.55,0.75));
#1352 = LINE('',#1353,#1354);
#1353 = CARTESIAN_POINT('',(30.199999,35.55,0.75));
#1354 = VECTOR('',#1355,1.);
#1355 = DIRECTION('',(1.,0.,0.));
#1356 = ORIENTED_EDGE('',*,*,#1357,.F.);
#1357 = EDGE_CURVE('',#1358,#1350,#1360,.T.);
#1358 = VERTEX_POINT('',#1359);
#1359 = CARTESIAN_POINT('',(31.699999,35.55,0.71));
#1360 = LINE('',#1361,#1362);
#1361 = CARTESIAN_POINT('',(31.699999,35.55,0.71));
#1362 = VECTOR('',#1363,1.);
#1363 = DIRECTION('',(0.,0.,1.));
#1364 = ORIENTED_EDGE('',*,*,#1365,.F.);
#1365 = EDGE_CURVE('',#1327,#1358,#1366,.T.);
#1366 = LINE('',#1367,#1368);
#1367 = CARTESIAN_POINT('',(30.199999,35.55,0.71));
#1368 = VECTOR('',#1369,1.);
#1369 = DIRECTION('',(1.,0.,0.));
#1370 = PLANE('',#1371);
#1371 = AXIS2_PLACEMENT_3D('',#1372,#1373,#1374);
#1372 = CARTESIAN_POINT('',(30.199999,35.55,0.71));
#1373 = DIRECTION('',(0.,1.,0.));
#1374 = DIRECTION('',(1.,0.,0.));
#1375 = ADVANCED_FACE('',(#1376),#1401,.T.);
#1376 = FACE_BOUND('',#1377,.T.);
#1377 = EDGE_LOOP('',(#1378,#1379,#1387,#1395));
#1378 = ORIENTED_EDGE('',*,*,#1357,.T.);
#1379 = ORIENTED_EDGE('',*,*,#1380,.T.);
#1380 = EDGE_CURVE('',#1350,#1381,#1383,.T.);
#1381 = VERTEX_POINT('',#1382);
#1382 = CARTESIAN_POINT('',(31.699999,34.45,0.75));
#1383 = LINE('',#1384,#1385);
#1384 = CARTESIAN_POINT('',(31.699999,35.55,0.75));
#1385 = VECTOR('',#1386,1.);
#1386 = DIRECTION('',(0.,-1.,0.));
#1387 = ORIENTED_EDGE('',*,*,#1388,.F.);
#1388 = EDGE_CURVE('',#1389,#1381,#1391,.T.);
#1389 = VERTEX_POINT('',#1390);
#1390 = CARTESIAN_POINT('',(31.699999,34.45,0.71));
#1391 = LINE('',#1392,#1393);
#1392 = CARTESIAN_POINT('',(31.699999,34.45,0.71));
#1393 = VECTOR('',#1394,1.);
#1394 = DIRECTION('',(0.,0.,1.));
#1395 = ORIENTED_EDGE('',*,*,#1396,.F.);
#1396 = EDGE_CURVE('',#1358,#1389,#1397,.T.);
#1397 = LINE('',#1398,#1399);
#1398 = CARTESIAN_POINT('',(31.699999,35.55,0.71));
#1399 = VECTOR('',#1400,1.);
#1400 = DIRECTION('',(0.,-1.,0.));
#1401 = PLANE('',#1402);
#1402 = AXIS2_PLACEMENT_3D('',#1403,#1404,#1405);
#1403 = CARTESIAN_POINT('',(31.699999,35.55,0.71));
#1404 = DIRECTION('',(1.,0.,-0.));
#1405 = DIRECTION('',(0.,-1.,0.));
#1406 = ADVANCED_FACE('',(#1407),#1423,.T.);
#1407 = FACE_BOUND('',#1408,.T.);
#1408 = EDGE_LOOP('',(#1409,#1410,#1416,#1417));
#1409 = ORIENTED_EDGE('',*,*,#1388,.T.);
#1410 = ORIENTED_EDGE('',*,*,#1411,.T.);
#1411 = EDGE_CURVE('',#1381,#1311,#1412,.T.);
#1412 = LINE('',#1413,#1414);
#1413 = CARTESIAN_POINT('',(31.699999,34.45,0.75));
#1414 = VECTOR('',#1415,1.);
#1415 = DIRECTION('',(-1.,0.,0.));
#1416 = ORIENTED_EDGE('',*,*,#1308,.F.);
#1417 = ORIENTED_EDGE('',*,*,#1418,.F.);
#1418 = EDGE_CURVE('',#1389,#1309,#1419,.T.);
#1419 = LINE('',#1420,#1421);
#1420 = CARTESIAN_POINT('',(31.699999,34.45,0.71));
#1421 = VECTOR('',#1422,1.);
#1422 = DIRECTION('',(-1.,0.,0.));
#1423 = PLANE('',#1424);
#1424 = AXIS2_PLACEMENT_3D('',#1425,#1426,#1427);
#1425 = CARTESIAN_POINT('',(31.699999,34.45,0.71));
#1426 = DIRECTION('',(0.,-1.,0.));
#1427 = DIRECTION('',(-1.,0.,0.));
#1428 = ADVANCED_FACE('',(#1429),#1435,.F.);
#1429 = FACE_BOUND('',#1430,.T.);
#1430 = EDGE_LOOP('',(#1431,#1432,#1433,#1434));
#1431 = ORIENTED_EDGE('',*,*,#1334,.T.);
#1432 = ORIENTED_EDGE('',*,*,#1365,.T.);
#1433 = ORIENTED_EDGE('',*,*,#1396,.T.);
#1434 = ORIENTED_EDGE('',*,*,#1418,.T.);
#1435 = PLANE('',#1436);
#1436 = AXIS2_PLACEMENT_3D('',#1437,#1438,#1439);
#1437 = CARTESIAN_POINT('',(0.,0.,0.71));
#1438 = DIRECTION('',(0.,0.,1.));
#1439 = DIRECTION('',(1.,0.,-0.));
#1440 = ADVANCED_FACE('',(#1441),#1447,.T.);
#1441 = FACE_BOUND('',#1442,.F.);
#1442 = EDGE_LOOP('',(#1443,#1444,#1445,#1446));
#1443 = ORIENTED_EDGE('',*,*,#1318,.T.);
#1444 = ORIENTED_EDGE('',*,*,#1349,.T.);
#1445 = ORIENTED_EDGE('',*,*,#1380,.T.);
#1446 = ORIENTED_EDGE('',*,*,#1411,.T.);
#1447 = PLANE('',#1448);
#1448 = AXIS2_PLACEMENT_3D('',#1449,#1450,#1451);
#1449 = CARTESIAN_POINT('',(0.,0.,0.75));
#1450 = DIRECTION('',(0.,0.,1.));
#1451 = DIRECTION('',(1.,0.,-0.));
#1452 = MANIFOLD_SOLID_BREP('',#1453);
#1453 = CLOSED_SHELL('',(#1454,#1487,#1496));
#1454 = ADVANCED_FACE('',(#1455),#1482,.T.);
#1455 = FACE_BOUND('',#1456,.T.);
#1456 = EDGE_LOOP('',(#1457,#1467,#1474,#1475));
#1457 = ORIENTED_EDGE('',*,*,#1458,.T.);
#1458 = EDGE_CURVE('',#1459,#1461,#1463,.T.);
#1459 = VERTEX_POINT('',#1460);
#1460 = CARTESIAN_POINT('',(32.549999,18.,0.));
#1461 = VERTEX_POINT('',#1462);
#1462 = CARTESIAN_POINT('',(32.549999,18.,-4.E-02));
#1463 = LINE('',#1464,#1465);
#1464 = CARTESIAN_POINT('',(32.549999,18.,0.));
#1465 = VECTOR('',#1466,1.);
#1466 = DIRECTION('',(0.,0.,-1.));
#1467 = ORIENTED_EDGE('',*,*,#1468,.T.);
#1468 = EDGE_CURVE('',#1461,#1461,#1469,.T.);
#1469 = CIRCLE('',#1470,0.999999);
#1470 = AXIS2_PLACEMENT_3D('',#1471,#1472,#1473);
#1471 = CARTESIAN_POINT('',(31.55,18.,-4.E-02));
#1472 = DIRECTION('',(0.,0.,1.));
#1473 = DIRECTION('',(1.,0.,-0.));
#1474 = ORIENTED_EDGE('',*,*,#1458,.F.);
#1475 = ORIENTED_EDGE('',*,*,#1476,.F.);
#1476 = EDGE_CURVE('',#1459,#1459,#1477,.T.);
#1477 = CIRCLE('',#1478,0.999999);
#1478 = AXIS2_PLACEMENT_3D('',#1479,#1480,#1481);
#1479 = CARTESIAN_POINT('',(31.55,18.,0.));
#1480 = DIRECTION('',(0.,0.,1.));
#1481 = DIRECTION('',(1.,0.,-0.));
#1482 = CYLINDRICAL_SURFACE('',#1483,0.999999);
#1483 = AXIS2_PLACEMENT_3D('',#1484,#1485,#1486);
#1484 = CARTESIAN_POINT('',(31.55,18.,0.));
#1485 = DIRECTION('',(0.,0.,1.));
#1486 = DIRECTION('',(1.,0.,-0.));
#1487 = ADVANCED_FACE('',(#1488),#1491,.F.);
#1488 = FACE_BOUND('',#1489,.T.);
#1489 = EDGE_LOOP('',(#1490));
#1490 = ORIENTED_EDGE('',*,*,#1476,.T.);
#1491 = PLANE('',#1492);
#1492 = AXIS2_PLACEMENT_3D('',#1493,#1494,#1495);
#1493 = CARTESIAN_POINT('',(0.,0.,0.));
#1494 = DIRECTION('',(-0.,-0.,-1.));
#1495 = DIRECTION('',(-1.,0.,0.));
#1496 = ADVANCED_FACE('',(#1497),#1500,.T.);
#1497 = FACE_BOUND('',#1498,.F.);
#1498 = EDGE_LOOP('',(#1499));
#1499 = ORIENTED_EDGE('',*,*,#1468,.T.);
#1500 = PLANE('',#1501);
#1501 = AXIS2_PLACEMENT_3D('',#1502,#1503,#1504);
#1502 = CARTESIAN_POINT('',(0.,0.,-4.E-02));
#1503 = DIRECTION('',(-0.,-0.,-1.));
#1504 = DIRECTION('',(-1.,0.,0.));
#1505 = MANIFOLD_SOLID_BREP('',#1506);
#1506 = CLOSED_SHELL('',(#1507,#1547,#1578,#1609,#1631,#1643));
#1507 = ADVANCED_FACE('',(#1508),#1542,.T.);
#1508 = FACE_BOUND('',#1509,.T.);
#1509 = EDGE_LOOP('',(#1510,#1520,#1528,#1536));
#1510 = ORIENTED_EDGE('',*,*,#1511,.T.);
#1511 = EDGE_CURVE('',#1512,#1514,#1516,.T.);
#1512 = VERTEX_POINT('',#1513);
#1513 = CARTESIAN_POINT('',(30.199999,32.65,0.71));
#1514 = VERTEX_POINT('',#1515);
#1515 = CARTESIAN_POINT('',(30.199999,32.65,0.75));
#1516 = LINE('',#1517,#1518);
#1517 = CARTESIAN_POINT('',(30.199999,32.65,0.71));
#1518 = VECTOR('',#1519,1.);
#1519 = DIRECTION('',(0.,0.,1.));
#1520 = ORIENTED_EDGE('',*,*,#1521,.T.);
#1521 = EDGE_CURVE('',#1514,#1522,#1524,.T.);
#1522 = VERTEX_POINT('',#1523);
#1523 = CARTESIAN_POINT('',(30.199999,33.75,0.75));
#1524 = LINE('',#1525,#1526);
#1525 = CARTESIAN_POINT('',(30.199999,32.65,0.75));
#1526 = VECTOR('',#1527,1.);
#1527 = DIRECTION('',(0.,1.,0.));
#1528 = ORIENTED_EDGE('',*,*,#1529,.F.);
#1529 = EDGE_CURVE('',#1530,#1522,#1532,.T.);
#1530 = VERTEX_POINT('',#1531);
#1531 = CARTESIAN_POINT('',(30.199999,33.75,0.71));
#1532 = LINE('',#1533,#1534);
#1533 = CARTESIAN_POINT('',(30.199999,33.75,0.71));
#1534 = VECTOR('',#1535,1.);
#1535 = DIRECTION('',(0.,0.,1.));
#1536 = ORIENTED_EDGE('',*,*,#1537,.F.);
#1537 = EDGE_CURVE('',#1512,#1530,#1538,.T.);
#1538 = LINE('',#1539,#1540);
#1539 = CARTESIAN_POINT('',(30.199999,32.65,0.71));
#1540 = VECTOR('',#1541,1.);
#1541 = DIRECTION('',(0.,1.,0.));
#1542 = PLANE('',#1543);
#1543 = AXIS2_PLACEMENT_3D('',#1544,#1545,#1546);
#1544 = CARTESIAN_POINT('',(30.199999,32.65,0.71));
#1545 = DIRECTION('',(-1.,0.,0.));
#1546 = DIRECTION('',(0.,1.,0.));
#1547 = ADVANCED_FACE('',(#1548),#1573,.T.);
#1548 = FACE_BOUND('',#1549,.T.);
#1549 = EDGE_LOOP('',(#1550,#1551,#1559,#1567));
#1550 = ORIENTED_EDGE('',*,*,#1529,.T.);
#1551 = ORIENTED_EDGE('',*,*,#1552,.T.);
#1552 = EDGE_CURVE('',#1522,#1553,#1555,.T.);
#1553 = VERTEX_POINT('',#1554);
#1554 = CARTESIAN_POINT('',(31.699999,33.75,0.75));
#1555 = LINE('',#1556,#1557);
#1556 = CARTESIAN_POINT('',(30.199999,33.75,0.75));
#1557 = VECTOR('',#1558,1.);
#1558 = DIRECTION('',(1.,0.,0.));
#1559 = ORIENTED_EDGE('',*,*,#1560,.F.);
#1560 = EDGE_CURVE('',#1561,#1553,#1563,.T.);
#1561 = VERTEX_POINT('',#1562);
#1562 = CARTESIAN_POINT('',(31.699999,33.75,0.71));
#1563 = LINE('',#1564,#1565);
#1564 = CARTESIAN_POINT('',(31.699999,33.75,0.71));
#1565 = VECTOR('',#1566,1.);
#1566 = DIRECTION('',(0.,0.,1.));
#1567 = ORIENTED_EDGE('',*,*,#1568,.F.);
#1568 = EDGE_CURVE('',#1530,#1561,#1569,.T.);
#1569 = LINE('',#1570,#1571);
#1570 = CARTESIAN_POINT('',(30.199999,33.75,0.71));
#1571 = VECTOR('',#1572,1.);
#1572 = DIRECTION('',(1.,0.,0.));
#1573 = PLANE('',#1574);
#1574 = AXIS2_PLACEMENT_3D('',#1575,#1576,#1577);
#1575 = CARTESIAN_POINT('',(30.199999,33.75,0.71));
#1576 = DIRECTION('',(0.,1.,0.));
#1577 = DIRECTION('',(1.,0.,0.));
#1578 = ADVANCED_FACE('',(#1579),#1604,.T.);
#1579 = FACE_BOUND('',#1580,.T.);
#1580 = EDGE_LOOP('',(#1581,#1582,#1590,#1598));
#1581 = ORIENTED_EDGE('',*,*,#1560,.T.);
#1582 = ORIENTED_EDGE('',*,*,#1583,.T.);
#1583 = EDGE_CURVE('',#1553,#1584,#1586,.T.);
#1584 = VERTEX_POINT('',#1585);
#1585 = CARTESIAN_POINT('',(31.699999,32.65,0.75));
#1586 = LINE('',#1587,#1588);
#1587 = CARTESIAN_POINT('',(31.699999,33.75,0.75));
#1588 = VECTOR('',#1589,1.);
#1589 = DIRECTION('',(0.,-1.,0.));
#1590 = ORIENTED_EDGE('',*,*,#1591,.F.);
#1591 = EDGE_CURVE('',#1592,#1584,#1594,.T.);
#1592 = VERTEX_POINT('',#1593);
#1593 = CARTESIAN_POINT('',(31.699999,32.65,0.71));
#1594 = LINE('',#1595,#1596);
#1595 = CARTESIAN_POINT('',(31.699999,32.65,0.71));
#1596 = VECTOR('',#1597,1.);
#1597 = DIRECTION('',(0.,0.,1.));
#1598 = ORIENTED_EDGE('',*,*,#1599,.F.);
#1599 = EDGE_CURVE('',#1561,#1592,#1600,.T.);
#1600 = LINE('',#1601,#1602);
#1601 = CARTESIAN_POINT('',(31.699999,33.75,0.71));
#1602 = VECTOR('',#1603,1.);
#1603 = DIRECTION('',(0.,-1.,0.));
#1604 = PLANE('',#1605);
#1605 = AXIS2_PLACEMENT_3D('',#1606,#1607,#1608);
#1606 = CARTESIAN_POINT('',(31.699999,33.75,0.71));
#1607 = DIRECTION('',(1.,0.,-0.));
#1608 = DIRECTION('',(0.,-1.,0.));
#1609 = ADVANCED_FACE('',(#1610),#1626,.T.);
#1610 = FACE_BOUND('',#1611,.T.);
#1611 = EDGE_LOOP('',(#1612,#1613,#1619,#1620));
#1612 = ORIENTED_EDGE('',*,*,#1591,.T.);
#1613 = ORIENTED_EDGE('',*,*,#1614,.T.);
#1614 = EDGE_CURVE('',#1584,#1514,#1615,.T.);
#1615 = LINE('',#1616,#1617);
#1616 = CARTESIAN_POINT('',(31.699999,32.65,0.75));
#1617 = VECTOR('',#1618,1.);
#1618 = DIRECTION('',(-1.,0.,0.));
#1619 = ORIENTED_EDGE('',*,*,#1511,.F.);
#1620 = ORIENTED_EDGE('',*,*,#1621,.F.);
#1621 = EDGE_CURVE('',#1592,#1512,#1622,.T.);
#1622 = LINE('',#1623,#1624);
#1623 = CARTESIAN_POINT('',(31.699999,32.65,0.71));
#1624 = VECTOR('',#1625,1.);
#1625 = DIRECTION('',(-1.,0.,0.));
#1626 = PLANE('',#1627);
#1627 = AXIS2_PLACEMENT_3D('',#1628,#1629,#1630);
#1628 = CARTESIAN_POINT('',(31.699999,32.65,0.71));
#1629 = DIRECTION('',(0.,-1.,0.));
#1630 = DIRECTION('',(-1.,0.,0.));
#1631 = ADVANCED_FACE('',(#1632),#1638,.F.);
#1632 = FACE_BOUND('',#1633,.T.);
#1633 = EDGE_LOOP('',(#1634,#1635,#1636,#1637));
#1634 = ORIENTED_EDGE('',*,*,#1537,.T.);
#1635 = ORIENTED_EDGE('',*,*,#1568,.T.);
#1636 = ORIENTED_EDGE('',*,*,#1599,.T.);
#1637 = ORIENTED_EDGE('',*,*,#1621,.T.);
#1638 = PLANE('',#1639);
#1639 = AXIS2_PLACEMENT_3D('',#1640,#1641,#1642);
#1640 = CARTESIAN_POINT('',(0.,0.,0.71));
#1641 = DIRECTION('',(0.,0.,1.));
#1642 = DIRECTION('',(1.,0.,-0.));
#1643 = ADVANCED_FACE('',(#1644),#1650,.T.);
#1644 = FACE_BOUND('',#1645,.F.);
#1645 = EDGE_LOOP('',(#1646,#1647,#1648,#1649));
#1646 = ORIENTED_EDGE('',*,*,#1521,.T.);
#1647 = ORIENTED_EDGE('',*,*,#1552,.T.);
#1648 = ORIENTED_EDGE('',*,*,#1583,.T.);
#1649 = ORIENTED_EDGE('',*,*,#1614,.T.);
#1650 = PLANE('',#1651);
#1651 = AXIS2_PLACEMENT_3D('',#1652,#1653,#1654);
#1652 = CARTESIAN_POINT('',(0.,0.,0.75));
#1653 = DIRECTION('',(0.,0.,1.));
#1654 = DIRECTION('',(1.,0.,-0.));
#1655 = MANIFOLD_SOLID_BREP('',#1656);
#1656 = CLOSED_SHELL('',(#1657,#1697,#1728,#1759,#1781,#1793));
#1657 = ADVANCED_FACE('',(#1658),#1692,.T.);
#1658 = FACE_BOUND('',#1659,.T.);
#1659 = EDGE_LOOP('',(#1660,#1670,#1678,#1686));
#1660 = ORIENTED_EDGE('',*,*,#1661,.T.);
#1661 = EDGE_CURVE('',#1662,#1664,#1666,.T.);
#1662 = VERTEX_POINT('',#1663);
#1663 = CARTESIAN_POINT('',(30.199999,29.55,0.71));
#1664 = VERTEX_POINT('',#1665);
#1665 = CARTESIAN_POINT('',(30.199999,29.55,0.75));
#1666 = LINE('',#1667,#1668);
#1667 = CARTESIAN_POINT('',(30.199999,29.55,0.71));
#1668 = VECTOR('',#1669,1.);
#1669 = DIRECTION('',(0.,0.,1.));
#1670 = ORIENTED_EDGE('',*,*,#1671,.T.);
#1671 = EDGE_CURVE('',#1664,#1672,#1674,.T.);
#1672 = VERTEX_POINT('',#1673);
#1673 = CARTESIAN_POINT('',(30.199999,30.55,0.75));
#1674 = LINE('',#1675,#1676);
#1675 = CARTESIAN_POINT('',(30.199999,29.55,0.75));
#1676 = VECTOR('',#1677,1.);
#1677 = DIRECTION('',(0.,1.,0.));
#1678 = ORIENTED_EDGE('',*,*,#1679,.F.);
#1679 = EDGE_CURVE('',#1680,#1672,#1682,.T.);
#1680 = VERTEX_POINT('',#1681);
#1681 = CARTESIAN_POINT('',(30.199999,30.55,0.71));
#1682 = LINE('',#1683,#1684);
#1683 = CARTESIAN_POINT('',(30.199999,30.55,0.71));
#1684 = VECTOR('',#1685,1.);
#1685 = DIRECTION('',(0.,0.,1.));
#1686 = ORIENTED_EDGE('',*,*,#1687,.F.);
#1687 = EDGE_CURVE('',#1662,#1680,#1688,.T.);
#1688 = LINE('',#1689,#1690);
#1689 = CARTESIAN_POINT('',(30.199999,29.55,0.71));
#1690 = VECTOR('',#1691,1.);
#1691 = DIRECTION('',(0.,1.,0.));
#1692 = PLANE('',#1693);
#1693 = AXIS2_PLACEMENT_3D('',#1694,#1695,#1696);
#1694 = CARTESIAN_POINT('',(30.199999,29.55,0.71));
#1695 = DIRECTION('',(-1.,0.,0.));
#1696 = DIRECTION('',(0.,1.,0.));
#1697 = ADVANCED_FACE('',(#1698),#1723,.T.);
#1698 = FACE_BOUND('',#1699,.T.);
#1699 = EDGE_LOOP('',(#1700,#1701,#1709,#1717));
#1700 = ORIENTED_EDGE('',*,*,#1679,.T.);
#1701 = ORIENTED_EDGE('',*,*,#1702,.T.);
#1702 = EDGE_CURVE('',#1672,#1703,#1705,.T.);
#1703 = VERTEX_POINT('',#1704);
#1704 = CARTESIAN_POINT('',(31.699999,30.55,0.75));
#1705 = LINE('',#1706,#1707);
#1706 = CARTESIAN_POINT('',(30.199999,30.55,0.75));
#1707 = VECTOR('',#1708,1.);
#1708 = DIRECTION('',(1.,0.,0.));
#1709 = ORIENTED_EDGE('',*,*,#1710,.F.);
#1710 = EDGE_CURVE('',#1711,#1703,#1713,.T.);
#1711 = VERTEX_POINT('',#1712);
#1712 = CARTESIAN_POINT('',(31.699999,30.55,0.71));
#1713 = LINE('',#1714,#1715);
#1714 = CARTESIAN_POINT('',(31.699999,30.55,0.71));
#1715 = VECTOR('',#1716,1.);
#1716 = DIRECTION('',(0.,0.,1.));
#1717 = ORIENTED_EDGE('',*,*,#1718,.F.);
#1718 = EDGE_CURVE('',#1680,#1711,#1719,.T.);
#1719 = LINE('',#1720,#1721);
#1720 = CARTESIAN_POINT('',(30.199999,30.55,0.71));
#1721 = VECTOR('',#1722,1.);
#1722 = DIRECTION('',(1.,0.,0.));
#1723 = PLANE('',#1724);
#1724 = AXIS2_PLACEMENT_3D('',#1725,#1726,#1727);
#1725 = CARTESIAN_POINT('',(30.199999,30.55,0.71));
#1726 = DIRECTION('',(0.,1.,0.));
#1727 = DIRECTION('',(1.,0.,0.));
#1728 = ADVANCED_FACE('',(#1729),#1754,.T.);
#1729 = FACE_BOUND('',#1730,.T.);
#1730 = EDGE_LOOP('',(#1731,#1732,#1740,#1748));
#1731 = ORIENTED_EDGE('',*,*,#1710,.T.);
#1732 = ORIENTED_EDGE('',*,*,#1733,.T.);
#1733 = EDGE_CURVE('',#1703,#1734,#1736,.T.);
#1734 = VERTEX_POINT('',#1735);
#1735 = CARTESIAN_POINT('',(31.699999,29.55,0.75));
#1736 = LINE('',#1737,#1738);
#1737 = CARTESIAN_POINT('',(31.699999,30.55,0.75));
#1738 = VECTOR('',#1739,1.);
#1739 = DIRECTION('',(0.,-1.,0.));
#1740 = ORIENTED_EDGE('',*,*,#1741,.F.);
#1741 = EDGE_CURVE('',#1742,#1734,#1744,.T.);
#1742 = VERTEX_POINT('',#1743);
#1743 = CARTESIAN_POINT('',(31.699999,29.55,0.71));
#1744 = LINE('',#1745,#1746);
#1745 = CARTESIAN_POINT('',(31.699999,29.55,0.71));
#1746 = VECTOR('',#1747,1.);
#1747 = DIRECTION('',(0.,0.,1.));
#1748 = ORIENTED_EDGE('',*,*,#1749,.F.);
#1749 = EDGE_CURVE('',#1711,#1742,#1750,.T.);
#1750 = LINE('',#1751,#1752);
#1751 = CARTESIAN_POINT('',(31.699999,30.55,0.71));
#1752 = VECTOR('',#1753,1.);
#1753 = DIRECTION('',(0.,-1.,0.));
#1754 = PLANE('',#1755);
#1755 = AXIS2_PLACEMENT_3D('',#1756,#1757,#1758);
#1756 = CARTESIAN_POINT('',(31.699999,30.55,0.71));
#1757 = DIRECTION('',(1.,0.,-0.));
#1758 = DIRECTION('',(0.,-1.,0.));
#1759 = ADVANCED_FACE('',(#1760),#1776,.T.);
#1760 = FACE_BOUND('',#1761,.T.);
#1761 = EDGE_LOOP('',(#1762,#1763,#1769,#1770));
#1762 = ORIENTED_EDGE('',*,*,#1741,.T.);
#1763 = ORIENTED_EDGE('',*,*,#1764,.T.);
#1764 = EDGE_CURVE('',#1734,#1664,#1765,.T.);
#1765 = LINE('',#1766,#1767);
#1766 = CARTESIAN_POINT('',(31.699999,29.55,0.75));
#1767 = VECTOR('',#1768,1.);
#1768 = DIRECTION('',(-1.,0.,0.));
#1769 = ORIENTED_EDGE('',*,*,#1661,.F.);
#1770 = ORIENTED_EDGE('',*,*,#1771,.F.);
#1771 = EDGE_CURVE('',#1742,#1662,#1772,.T.);
#1772 = LINE('',#1773,#1774);
#1773 = CARTESIAN_POINT('',(31.699999,29.55,0.71));
#1774 = VECTOR('',#1775,1.);
#1775 = DIRECTION('',(-1.,0.,0.));
#1776 = PLANE('',#1777);
#1777 = AXIS2_PLACEMENT_3D('',#1778,#1779,#1780);
#1778 = CARTESIAN_POINT('',(31.699999,29.55,0.71));
#1779 = DIRECTION('',(0.,-1.,0.));
#1780 = DIRECTION('',(-1.,0.,0.));
#1781 = ADVANCED_FACE('',(#1782),#1788,.F.);
#1782 = FACE_BOUND('',#1783,.T.);
#1783 = EDGE_LOOP('',(#1784,#1785,#1786,#1787));
#1784 = ORIENTED_EDGE('',*,*,#1687,.T.);
#1785 = ORIENTED_EDGE('',*,*,#1718,.T.);
#1786 = ORIENTED_EDGE('',*,*,#1749,.T.);
#1787 = ORIENTED_EDGE('',*,*,#1771,.T.);
#1788 = PLANE('',#1789);
#1789 = AXIS2_PLACEMENT_3D('',#1790,#1791,#1792);
#1790 = CARTESIAN_POINT('',(0.,0.,0.71));
#1791 = DIRECTION('',(0.,0.,1.));
#1792 = DIRECTION('',(1.,0.,-0.));
#1793 = ADVANCED_FACE('',(#1794),#1800,.T.);
#1794 = FACE_BOUND('',#1795,.F.);
#1795 = EDGE_LOOP('',(#1796,#1797,#1798,#1799));
#1796 = ORIENTED_EDGE('',*,*,#1671,.T.);
#1797 = ORIENTED_EDGE('',*,*,#1702,.T.);
#1798 = ORIENTED_EDGE('',*,*,#1733,.T.);
#1799 = ORIENTED_EDGE('',*,*,#1764,.T.);
#1800 = PLANE('',#1801);
#1801 = AXIS2_PLACEMENT_3D('',#1802,#1803,#1804);
#1802 = CARTESIAN_POINT('',(0.,0.,0.75));
#1803 = DIRECTION('',(0.,0.,1.));
#1804 = DIRECTION('',(1.,0.,-0.));
#1805 = MANIFOLD_SOLID_BREP('',#1806);
#1806 = CLOSED_SHELL('',(#1807,#1847,#1878,#1909,#1931,#1943));
#1807 = ADVANCED_FACE('',(#1808),#1842,.T.);
#1808 = FACE_BOUND('',#1809,.T.);
#1809 = EDGE_LOOP('',(#1810,#1820,#1828,#1836));
#1810 = ORIENTED_EDGE('',*,*,#1811,.T.);
#1811 = EDGE_CURVE('',#1812,#1814,#1816,.T.);
#1812 = VERTEX_POINT('',#1813);
#1813 = CARTESIAN_POINT('',(30.199999,27.85,0.71));
#1814 = VERTEX_POINT('',#1815);
#1815 = CARTESIAN_POINT('',(30.199999,27.85,0.75));
#1816 = LINE('',#1817,#1818);
#1817 = CARTESIAN_POINT('',(30.199999,27.85,0.71));
#1818 = VECTOR('',#1819,1.);
#1819 = DIRECTION('',(0.,0.,1.));
#1820 = ORIENTED_EDGE('',*,*,#1821,.T.);
#1821 = EDGE_CURVE('',#1814,#1822,#1824,.T.);
#1822 = VERTEX_POINT('',#1823);
#1823 = CARTESIAN_POINT('',(30.199999,28.85,0.75));
#1824 = LINE('',#1825,#1826);
#1825 = CARTESIAN_POINT('',(30.199999,27.85,0.75));
#1826 = VECTOR('',#1827,1.);
#1827 = DIRECTION('',(0.,1.,0.));
#1828 = ORIENTED_EDGE('',*,*,#1829,.F.);
#1829 = EDGE_CURVE('',#1830,#1822,#1832,.T.);
#1830 = VERTEX_POINT('',#1831);
#1831 = CARTESIAN_POINT('',(30.199999,28.85,0.71));
#1832 = LINE('',#1833,#1834);
#1833 = CARTESIAN_POINT('',(30.199999,28.85,0.71));
#1834 = VECTOR('',#1835,1.);
#1835 = DIRECTION('',(0.,0.,1.));
#1836 = ORIENTED_EDGE('',*,*,#1837,.F.);
#1837 = EDGE_CURVE('',#1812,#1830,#1838,.T.);
#1838 = LINE('',#1839,#1840);
#1839 = CARTESIAN_POINT('',(30.199999,27.85,0.71));
#1840 = VECTOR('',#1841,1.);
#1841 = DIRECTION('',(0.,1.,0.));
#1842 = PLANE('',#1843);
#1843 = AXIS2_PLACEMENT_3D('',#1844,#1845,#1846);
#1844 = CARTESIAN_POINT('',(30.199999,27.85,0.71));
#1845 = DIRECTION('',(-1.,0.,0.));
#1846 = DIRECTION('',(0.,1.,0.));
#1847 = ADVANCED_FACE('',(#1848),#1873,.T.);
#1848 = FACE_BOUND('',#1849,.T.);
#1849 = EDGE_LOOP('',(#1850,#1851,#1859,#1867));
#1850 = ORIENTED_EDGE('',*,*,#1829,.T.);
#1851 = ORIENTED_EDGE('',*,*,#1852,.T.);
#1852 = EDGE_CURVE('',#1822,#1853,#1855,.T.);
#1853 = VERTEX_POINT('',#1854);
#1854 = CARTESIAN_POINT('',(31.699999,28.85,0.75));
#1855 = LINE('',#1856,#1857);
#1856 = CARTESIAN_POINT('',(30.199999,28.85,0.75));
#1857 = VECTOR('',#1858,1.);
#1858 = DIRECTION('',(1.,0.,0.));
#1859 = ORIENTED_EDGE('',*,*,#1860,.F.);
#1860 = EDGE_CURVE('',#1861,#1853,#1863,.T.);
#1861 = VERTEX_POINT('',#1862);
#1862 = CARTESIAN_POINT('',(31.699999,28.85,0.71));
#1863 = LINE('',#1864,#1865);
#1864 = CARTESIAN_POINT('',(31.699999,28.85,0.71));
#1865 = VECTOR('',#1866,1.);
#1866 = DIRECTION('',(0.,0.,1.));
#1867 = ORIENTED_EDGE('',*,*,#1868,.F.);
#1868 = EDGE_CURVE('',#1830,#1861,#1869,.T.);
#1869 = LINE('',#1870,#1871);
#1870 = CARTESIAN_POINT('',(30.199999,28.85,0.71));
#1871 = VECTOR('',#1872,1.);
#1872 = DIRECTION('',(1.,0.,0.));
#1873 = PLANE('',#1874);
#1874 = AXIS2_PLACEMENT_3D('',#1875,#1876,#1877);
#1875 = CARTESIAN_POINT('',(30.199999,28.85,0.71));
#1876 = DIRECTION('',(0.,1.,0.));
#1877 = DIRECTION('',(1.,0.,0.));
#1878 = ADVANCED_FACE('',(#1879),#1904,.T.);
#1879 = FACE_BOUND('',#1880,.T.);
#1880 = EDGE_LOOP('',(#1881,#1882,#1890,#1898));
#1881 = ORIENTED_EDGE('',*,*,#1860,.T.);
#1882 = ORIENTED_EDGE('',*,*,#1883,.T.);
#1883 = EDGE_CURVE('',#1853,#1884,#1886,.T.);
#1884 = VERTEX_POINT('',#1885);
#1885 = CARTESIAN_POINT('',(31.699999,27.85,0.75));
#1886 = LINE('',#1887,#1888);
#1887 = CARTESIAN_POINT('',(31.699999,28.85,0.75));
#1888 = VECTOR('',#1889,1.);
#1889 = DIRECTION('',(0.,-1.,0.));
#1890 = ORIENTED_EDGE('',*,*,#1891,.F.);
#1891 = EDGE_CURVE('',#1892,#1884,#1894,.T.);
#1892 = VERTEX_POINT('',#1893);
#1893 = CARTESIAN_POINT('',(31.699999,27.85,0.71));
#1894 = LINE('',#1895,#1896);
#1895 = CARTESIAN_POINT('',(31.699999,27.85,0.71));
#1896 = VECTOR('',#1897,1.);
#1897 = DIRECTION('',(0.,0.,1.));
#1898 = ORIENTED_EDGE('',*,*,#1899,.F.);
#1899 = EDGE_CURVE('',#1861,#1892,#1900,.T.);
#1900 = LINE('',#1901,#1902);
#1901 = CARTESIAN_POINT('',(31.699999,28.85,0.71));
#1902 = VECTOR('',#1903,1.);
#1903 = DIRECTION('',(0.,-1.,0.));
#1904 = PLANE('',#1905);
#1905 = AXIS2_PLACEMENT_3D('',#1906,#1907,#1908);
#1906 = CARTESIAN_POINT('',(31.699999,28.85,0.71));
#1907 = DIRECTION('',(1.,0.,-0.));
#1908 = DIRECTION('',(0.,-1.,0.));
#1909 = ADVANCED_FACE('',(#1910),#1926,.T.);
#1910 = FACE_BOUND('',#1911,.T.);
#1911 = EDGE_LOOP('',(#1912,#1913,#1919,#1920));
#1912 = ORIENTED_EDGE('',*,*,#1891,.T.);
#1913 = ORIENTED_EDGE('',*,*,#1914,.T.);
#1914 = EDGE_CURVE('',#1884,#1814,#1915,.T.);
#1915 = LINE('',#1916,#1917);
#1916 = CARTESIAN_POINT('',(31.699999,27.85,0.75));
#1917 = VECTOR('',#1918,1.);
#1918 = DIRECTION('',(-1.,0.,0.));
#1919 = ORIENTED_EDGE('',*,*,#1811,.F.);
#1920 = ORIENTED_EDGE('',*,*,#1921,.F.);
#1921 = EDGE_CURVE('',#1892,#1812,#1922,.T.);
#1922 = LINE('',#1923,#1924);
#1923 = CARTESIAN_POINT('',(31.699999,27.85,0.71));
#1924 = VECTOR('',#1925,1.);
#1925 = DIRECTION('',(-1.,0.,0.));
#1926 = PLANE('',#1927);
#1927 = AXIS2_PLACEMENT_3D('',#1928,#1929,#1930);
#1928 = CARTESIAN_POINT('',(31.699999,27.85,0.71));
#1929 = DIRECTION('',(0.,-1.,0.));
#1930 = DIRECTION('',(-1.,0.,0.));
#1931 = ADVANCED_FACE('',(#1932),#1938,.F.);
#1932 = FACE_BOUND('',#1933,.T.);
#1933 = EDGE_LOOP('',(#1934,#1935,#1936,#1937));
#1934 = ORIENTED_EDGE('',*,*,#1837,.T.);
#1935 = ORIENTED_EDGE('',*,*,#1868,.T.);
#1936 = ORIENTED_EDGE('',*,*,#1899,.T.);
#1937 = ORIENTED_EDGE('',*,*,#1921,.T.);
#1938 = PLANE('',#1939);
#1939 = AXIS2_PLACEMENT_3D('',#1940,#1941,#1942);
#1940 = CARTESIAN_POINT('',(0.,0.,0.71));
#1941 = DIRECTION('',(0.,0.,1.));
#1942 = DIRECTION('',(1.,0.,-0.));
#1943 = ADVANCED_FACE('',(#1944),#1950,.T.);
#1944 = FACE_BOUND('',#1945,.F.);
#1945 = EDGE_LOOP('',(#1946,#1947,#1948,#1949));
#1946 = ORIENTED_EDGE('',*,*,#1821,.T.);
#1947 = ORIENTED_EDGE('',*,*,#1852,.T.);
#1948 = ORIENTED_EDGE('',*,*,#1883,.T.);
#1949 = ORIENTED_EDGE('',*,*,#1914,.T.);
#1950 = PLANE('',#1951);
#1951 = AXIS2_PLACEMENT_3D('',#1952,#1953,#1954);
#1952 = CARTESIAN_POINT('',(0.,0.,0.75));
#1953 = DIRECTION('',(0.,0.,1.));
#1954 = DIRECTION('',(1.,0.,-0.));
#1955 = MANIFOLD_SOLID_BREP('',#1956);
#1956 = CLOSED_SHELL('',(#1957,#1990,#1999));
#1957 = ADVANCED_FACE('',(#1958),#1985,.T.);
#1958 = FACE_BOUND('',#1959,.T.);
#1959 = EDGE_LOOP('',(#1960,#1970,#1977,#1978));
#1960 = ORIENTED_EDGE('',*,*,#1961,.T.);
#1961 = EDGE_CURVE('',#1962,#1964,#1966,.T.);
#1962 = VERTEX_POINT('',#1963);
#1963 = CARTESIAN_POINT('',(32.549999,24.,0.));
#1964 = VERTEX_POINT('',#1965);
#1965 = CARTESIAN_POINT('',(32.549999,24.,-4.E-02));
#1966 = LINE('',#1967,#1968);
#1967 = CARTESIAN_POINT('',(32.549999,24.,0.));
#1968 = VECTOR('',#1969,1.);
#1969 = DIRECTION('',(0.,0.,-1.));
#1970 = ORIENTED_EDGE('',*,*,#1971,.T.);
#1971 = EDGE_CURVE('',#1964,#1964,#1972,.T.);
#1972 = CIRCLE('',#1973,0.999999);
#1973 = AXIS2_PLACEMENT_3D('',#1974,#1975,#1976);
#1974 = CARTESIAN_POINT('',(31.55,24.,-4.E-02));
#1975 = DIRECTION('',(0.,0.,1.));
#1976 = DIRECTION('',(1.,0.,-0.));
#1977 = ORIENTED_EDGE('',*,*,#1961,.F.);
#1978 = ORIENTED_EDGE('',*,*,#1979,.F.);
#1979 = EDGE_CURVE('',#1962,#1962,#1980,.T.);
#1980 = CIRCLE('',#1981,0.999999);
#1981 = AXIS2_PLACEMENT_3D('',#1982,#1983,#1984);
#1982 = CARTESIAN_POINT('',(31.55,24.,0.));
#1983 = DIRECTION('',(0.,0.,1.));
#1984 = DIRECTION('',(1.,0.,-0.));
#1985 = CYLINDRICAL_SURFACE('',#1986,0.999999);
#1986 = AXIS2_PLACEMENT_3D('',#1987,#1988,#1989);
#1987 = CARTESIAN_POINT('',(31.55,24.,0.));
#1988 = DIRECTION('',(0.,0.,1.));
#1989 = DIRECTION('',(1.,0.,-0.));
#1990 = ADVANCED_FACE('',(#1991),#1994,.F.);
#1991 = FACE_BOUND('',#1992,.T.);
#1992 = EDGE_LOOP('',(#1993));
#1993 = ORIENTED_EDGE('',*,*,#1979,.T.);
#1994 = PLANE('',#1995);
#1995 = AXIS2_PLACEMENT_3D('',#1996,#1997,#1998);
#1996 = CARTESIAN_POINT('',(0.,0.,0.));
#1997 = DIRECTION('',(-0.,-0.,-1.));
#1998 = DIRECTION('',(-1.,0.,0.));
#1999 = ADVANCED_FACE('',(#2000),#2003,.T.);
#2000 = FACE_BOUND('',#2001,.F.);
#2001 = EDGE_LOOP('',(#2002));
#2002 = ORIENTED_EDGE('',*,*,#1971,.T.);
#2003 = PLANE('',#2004);
#2004 = AXIS2_PLACEMENT_3D('',#2005,#2006,#2007);
#2005 = CARTESIAN_POINT('',(0.,0.,-4.E-02));
#2006 = DIRECTION('',(-0.,-0.,-1.));
#2007 = DIRECTION('',(-1.,0.,0.));
#2008 = MANIFOLD_SOLID_BREP('',#2009);
#2009 = CLOSED_SHELL('',(#2010,#2050,#2081,#2112,#2134,#2146));
#2010 = ADVANCED_FACE('',(#2011),#2045,.T.);
#2011 = FACE_BOUND('',#2012,.T.);
#2012 = EDGE_LOOP('',(#2013,#2023,#2031,#2039));
#2013 = ORIENTED_EDGE('',*,*,#2014,.T.);
#2014 = EDGE_CURVE('',#2015,#2017,#2019,.T.);
#2015 = VERTEX_POINT('',#2016);
#2016 = CARTESIAN_POINT('',(30.199999,26.15,0.71));
#2017 = VERTEX_POINT('',#2018);
#2018 = CARTESIAN_POINT('',(30.199999,26.15,0.75));
#2019 = LINE('',#2020,#2021);
#2020 = CARTESIAN_POINT('',(30.199999,26.15,0.71));
#2021 = VECTOR('',#2022,1.);
#2022 = DIRECTION('',(0.,0.,1.));
#2023 = ORIENTED_EDGE('',*,*,#2024,.T.);
#2024 = EDGE_CURVE('',#2017,#2025,#2027,.T.);
#2025 = VERTEX_POINT('',#2026);
#2026 = CARTESIAN_POINT('',(30.199999,27.15,0.75));
#2027 = LINE('',#2028,#2029);
#2028 = CARTESIAN_POINT('',(30.199999,26.15,0.75));
#2029 = VECTOR('',#2030,1.);
#2030 = DIRECTION('',(0.,1.,0.));
#2031 = ORIENTED_EDGE('',*,*,#2032,.F.);
#2032 = EDGE_CURVE('',#2033,#2025,#2035,.T.);
#2033 = VERTEX_POINT('',#2034);
#2034 = CARTESIAN_POINT('',(30.199999,27.15,0.71));
#2035 = LINE('',#2036,#2037);
#2036 = CARTESIAN_POINT('',(30.199999,27.15,0.71));
#2037 = VECTOR('',#2038,1.);
#2038 = DIRECTION('',(0.,0.,1.));
#2039 = ORIENTED_EDGE('',*,*,#2040,.F.);
#2040 = EDGE_CURVE('',#2015,#2033,#2041,.T.);
#2041 = LINE('',#2042,#2043);
#2042 = CARTESIAN_POINT('',(30.199999,26.15,0.71));
#2043 = VECTOR('',#2044,1.);
#2044 = DIRECTION('',(0.,1.,0.));
#2045 = PLANE('',#2046);
#2046 = AXIS2_PLACEMENT_3D('',#2047,#2048,#2049);
#2047 = CARTESIAN_POINT('',(30.199999,26.15,0.71));
#2048 = DIRECTION('',(-1.,0.,0.));
#2049 = DIRECTION('',(0.,1.,0.));
#2050 = ADVANCED_FACE('',(#2051),#2076,.T.);
#2051 = FACE_BOUND('',#2052,.T.);
#2052 = EDGE_LOOP('',(#2053,#2054,#2062,#2070));
#2053 = ORIENTED_EDGE('',*,*,#2032,.T.);
#2054 = ORIENTED_EDGE('',*,*,#2055,.T.);
#2055 = EDGE_CURVE('',#2025,#2056,#2058,.T.);
#2056 = VERTEX_POINT('',#2057);
#2057 = CARTESIAN_POINT('',(31.699999,27.15,0.75));
#2058 = LINE('',#2059,#2060);
#2059 = CARTESIAN_POINT('',(30.199999,27.15,0.75));
#2060 = VECTOR('',#2061,1.);
#2061 = DIRECTION('',(1.,0.,0.));
#2062 = ORIENTED_EDGE('',*,*,#2063,.F.);
#2063 = EDGE_CURVE('',#2064,#2056,#2066,.T.);
#2064 = VERTEX_POINT('',#2065);
#2065 = CARTESIAN_POINT('',(31.699999,27.15,0.71));
#2066 = LINE('',#2067,#2068);
#2067 = CARTESIAN_POINT('',(31.699999,27.15,0.71));
#2068 = VECTOR('',#2069,1.);
#2069 = DIRECTION('',(0.,0.,1.));
#2070 = ORIENTED_EDGE('',*,*,#2071,.F.);
#2071 = EDGE_CURVE('',#2033,#2064,#2072,.T.);
#2072 = LINE('',#2073,#2074);
#2073 = CARTESIAN_POINT('',(30.199999,27.15,0.71));
#2074 = VECTOR('',#2075,1.);
#2075 = DIRECTION('',(1.,0.,0.));
#2076 = PLANE('',#2077);
#2077 = AXIS2_PLACEMENT_3D('',#2078,#2079,#2080);
#2078 = CARTESIAN_POINT('',(30.199999,27.15,0.71));
#2079 = DIRECTION('',(0.,1.,0.));
#2080 = DIRECTION('',(1.,0.,0.));
#2081 = ADVANCED_FACE('',(#2082),#2107,.T.);
#2082 = FACE_BOUND('',#2083,.T.);
#2083 = EDGE_LOOP('',(#2084,#2085,#2093,#2101));
#2084 = ORIENTED_EDGE('',*,*,#2063,.T.);
#2085 = ORIENTED_EDGE('',*,*,#2086,.T.);
#2086 = EDGE_CURVE('',#2056,#2087,#2089,.T.);
#2087 = VERTEX_POINT('',#2088);
#2088 = CARTESIAN_POINT('',(31.699999,26.15,0.75));
#2089 = LINE('',#2090,#2091);
#2090 = CARTESIAN_POINT('',(31.699999,27.15,0.75));
#2091 = VECTOR('',#2092,1.);
#2092 = DIRECTION('',(0.,-1.,0.));
#2093 = ORIENTED_EDGE('',*,*,#2094,.F.);
#2094 = EDGE_CURVE('',#2095,#2087,#2097,.T.);
#2095 = VERTEX_POINT('',#2096);
#2096 = CARTESIAN_POINT('',(31.699999,26.15,0.71));
#2097 = LINE('',#2098,#2099);
#2098 = CARTESIAN_POINT('',(31.699999,26.15,0.71));
#2099 = VECTOR('',#2100,1.);
#2100 = DIRECTION('',(0.,0.,1.));
#2101 = ORIENTED_EDGE('',*,*,#2102,.F.);
#2102 = EDGE_CURVE('',#2064,#2095,#2103,.T.);
#2103 = LINE('',#2104,#2105);
#2104 = CARTESIAN_POINT('',(31.699999,27.15,0.71));
#2105 = VECTOR('',#2106,1.);
#2106 = DIRECTION('',(0.,-1.,0.));
#2107 = PLANE('',#2108);
#2108 = AXIS2_PLACEMENT_3D('',#2109,#2110,#2111);
#2109 = CARTESIAN_POINT('',(31.699999,27.15,0.71));
#2110 = DIRECTION('',(1.,0.,-0.));
#2111 = DIRECTION('',(0.,-1.,0.));
#2112 = ADVANCED_FACE('',(#2113),#2129,.T.);
#2113 = FACE_BOUND('',#2114,.T.);
#2114 = EDGE_LOOP('',(#2115,#2116,#2122,#2123));
#2115 = ORIENTED_EDGE('',*,*,#2094,.T.);
#2116 = ORIENTED_EDGE('',*,*,#2117,.T.);
#2117 = EDGE_CURVE('',#2087,#2017,#2118,.T.);
#2118 = LINE('',#2119,#2120);
#2119 = CARTESIAN_POINT('',(31.699999,26.15,0.75));
#2120 = VECTOR('',#2121,1.);
#2121 = DIRECTION('',(-1.,0.,0.));
#2122 = ORIENTED_EDGE('',*,*,#2014,.F.);
#2123 = ORIENTED_EDGE('',*,*,#2124,.F.);
#2124 = EDGE_CURVE('',#2095,#2015,#2125,.T.);
#2125 = LINE('',#2126,#2127);
#2126 = CARTESIAN_POINT('',(31.699999,26.15,0.71));
#2127 = VECTOR('',#2128,1.);
#2128 = DIRECTION('',(-1.,0.,0.));
#2129 = PLANE('',#2130);
#2130 = AXIS2_PLACEMENT_3D('',#2131,#2132,#2133);
#2131 = CARTESIAN_POINT('',(31.699999,26.15,0.71));
#2132 = DIRECTION('',(0.,-1.,0.));
#2133 = DIRECTION('',(-1.,0.,0.));
#2134 = ADVANCED_FACE('',(#2135),#2141,.F.);
#2135 = FACE_BOUND('',#2136,.T.);
#2136 = EDGE_LOOP('',(#2137,#2138,#2139,#2140));
#2137 = ORIENTED_EDGE('',*,*,#2040,.T.);
#2138 = ORIENTED_EDGE('',*,*,#2071,.T.);
#2139 = ORIENTED_EDGE('',*,*,#2102,.T.);
#2140 = ORIENTED_EDGE('',*,*,#2124,.T.);
#2141 = PLANE('',#2142);
#2142 = AXIS2_PLACEMENT_3D('',#2143,#2144,#2145);
#2143 = CARTESIAN_POINT('',(0.,0.,0.71));
#2144 = DIRECTION('',(0.,0.,1.));
#2145 = DIRECTION('',(1.,0.,-0.));
#2146 = ADVANCED_FACE('',(#2147),#2153,.T.);
#2147 = FACE_BOUND('',#2148,.F.);
#2148 = EDGE_LOOP('',(#2149,#2150,#2151,#2152));
#2149 = ORIENTED_EDGE('',*,*,#2024,.T.);
#2150 = ORIENTED_EDGE('',*,*,#2055,.T.);
#2151 = ORIENTED_EDGE('',*,*,#2086,.T.);
#2152 = ORIENTED_EDGE('',*,*,#2117,.T.);
#2153 = PLANE('',#2154);
#2154 = AXIS2_PLACEMENT_3D('',#2155,#2156,#2157);
#2155 = CARTESIAN_POINT('',(0.,0.,0.75));
#2156 = DIRECTION('',(0.,0.,1.));
#2157 = DIRECTION('',(1.,0.,-0.));
#2158 = MANIFOLD_SOLID_BREP('',#2159);
#2159 = CLOSED_SHELL('',(#2160,#2200,#2231,#2262,#2284,#2296));
#2160 = ADVANCED_FACE('',(#2161),#2195,.T.);
#2161 = FACE_BOUND('',#2162,.T.);
#2162 = EDGE_LOOP('',(#2163,#2173,#2181,#2189));
#2163 = ORIENTED_EDGE('',*,*,#2164,.T.);
#2164 = EDGE_CURVE('',#2165,#2167,#2169,.T.);
#2165 = VERTEX_POINT('',#2166);
#2166 = CARTESIAN_POINT('',(30.199999,24.45,0.71));
#2167 = VERTEX_POINT('',#2168);
#2168 = CARTESIAN_POINT('',(30.199999,24.45,0.75));
#2169 = LINE('',#2170,#2171);
#2170 = CARTESIAN_POINT('',(30.199999,24.45,0.71));
#2171 = VECTOR('',#2172,1.);
#2172 = DIRECTION('',(0.,0.,1.));
#2173 = ORIENTED_EDGE('',*,*,#2174,.T.);
#2174 = EDGE_CURVE('',#2167,#2175,#2177,.T.);
#2175 = VERTEX_POINT('',#2176);
#2176 = CARTESIAN_POINT('',(30.199999,25.45,0.75));
#2177 = LINE('',#2178,#2179);
#2178 = CARTESIAN_POINT('',(30.199999,24.45,0.75));
#2179 = VECTOR('',#2180,1.);
#2180 = DIRECTION('',(0.,1.,0.));
#2181 = ORIENTED_EDGE('',*,*,#2182,.F.);
#2182 = EDGE_CURVE('',#2183,#2175,#2185,.T.);
#2183 = VERTEX_POINT('',#2184);
#2184 = CARTESIAN_POINT('',(30.199999,25.45,0.71));
#2185 = LINE('',#2186,#2187);
#2186 = CARTESIAN_POINT('',(30.199999,25.45,0.71));
#2187 = VECTOR('',#2188,1.);
#2188 = DIRECTION('',(0.,0.,1.));
#2189 = ORIENTED_EDGE('',*,*,#2190,.F.);
#2190 = EDGE_CURVE('',#2165,#2183,#2191,.T.);
#2191 = LINE('',#2192,#2193);
#2192 = CARTESIAN_POINT('',(30.199999,24.45,0.71));
#2193 = VECTOR('',#2194,1.);
#2194 = DIRECTION('',(0.,1.,0.));
#2195 = PLANE('',#2196);
#2196 = AXIS2_PLACEMENT_3D('',#2197,#2198,#2199);
#2197 = CARTESIAN_POINT('',(30.199999,24.45,0.71));
#2198 = DIRECTION('',(-1.,0.,0.));
#2199 = DIRECTION('',(0.,1.,0.));
#2200 = ADVANCED_FACE('',(#2201),#2226,.T.);
#2201 = FACE_BOUND('',#2202,.T.);
#2202 = EDGE_LOOP('',(#2203,#2204,#2212,#2220));
#2203 = ORIENTED_EDGE('',*,*,#2182,.T.);
#2204 = ORIENTED_EDGE('',*,*,#2205,.T.);
#2205 = EDGE_CURVE('',#2175,#2206,#2208,.T.);
#2206 = VERTEX_POINT('',#2207);
#2207 = CARTESIAN_POINT('',(31.699999,25.45,0.75));
#2208 = LINE('',#2209,#2210);
#2209 = CARTESIAN_POINT('',(30.199999,25.45,0.75));
#2210 = VECTOR('',#2211,1.);
#2211 = DIRECTION('',(1.,0.,0.));
#2212 = ORIENTED_EDGE('',*,*,#2213,.F.);
#2213 = EDGE_CURVE('',#2214,#2206,#2216,.T.);
#2214 = VERTEX_POINT('',#2215);
#2215 = CARTESIAN_POINT('',(31.699999,25.45,0.71));
#2216 = LINE('',#2217,#2218);
#2217 = CARTESIAN_POINT('',(31.699999,25.45,0.71));
#2218 = VECTOR('',#2219,1.);
#2219 = DIRECTION('',(0.,0.,1.));
#2220 = ORIENTED_EDGE('',*,*,#2221,.F.);
#2221 = EDGE_CURVE('',#2183,#2214,#2222,.T.);
#2222 = LINE('',#2223,#2224);
#2223 = CARTESIAN_POINT('',(30.199999,25.45,0.71));
#2224 = VECTOR('',#2225,1.);
#2225 = DIRECTION('',(1.,0.,0.));
#2226 = PLANE('',#2227);
#2227 = AXIS2_PLACEMENT_3D('',#2228,#2229,#2230);
#2228 = CARTESIAN_POINT('',(30.199999,25.45,0.71));
#2229 = DIRECTION('',(0.,1.,0.));
#2230 = DIRECTION('',(1.,0.,0.));
#2231 = ADVANCED_FACE('',(#2232),#2257,.T.);
#2232 = FACE_BOUND('',#2233,.T.);
#2233 = EDGE_LOOP('',(#2234,#2235,#2243,#2251));
#2234 = ORIENTED_EDGE('',*,*,#2213,.T.);
#2235 = ORIENTED_EDGE('',*,*,#2236,.T.);
#2236 = EDGE_CURVE('',#2206,#2237,#2239,.T.);
#2237 = VERTEX_POINT('',#2238);
#2238 = CARTESIAN_POINT('',(31.699999,24.45,0.75));
#2239 = LINE('',#2240,#2241);
#2240 = CARTESIAN_POINT('',(31.699999,25.45,0.75));
#2241 = VECTOR('',#2242,1.);
#2242 = DIRECTION('',(0.,-1.,0.));
#2243 = ORIENTED_EDGE('',*,*,#2244,.F.);
#2244 = EDGE_CURVE('',#2245,#2237,#2247,.T.);
#2245 = VERTEX_POINT('',#2246);
#2246 = CARTESIAN_POINT('',(31.699999,24.45,0.71));
#2247 = LINE('',#2248,#2249);
#2248 = CARTESIAN_POINT('',(31.699999,24.45,0.71));
#2249 = VECTOR('',#2250,1.);
#2250 = DIRECTION('',(0.,0.,1.));
#2251 = ORIENTED_EDGE('',*,*,#2252,.F.);
#2252 = EDGE_CURVE('',#2214,#2245,#2253,.T.);
#2253 = LINE('',#2254,#2255);
#2254 = CARTESIAN_POINT('',(31.699999,25.45,0.71));
#2255 = VECTOR('',#2256,1.);
#2256 = DIRECTION('',(0.,-1.,0.));
#2257 = PLANE('',#2258);
#2258 = AXIS2_PLACEMENT_3D('',#2259,#2260,#2261);
#2259 = CARTESIAN_POINT('',(31.699999,25.45,0.71));
#2260 = DIRECTION('',(1.,0.,-0.));
#2261 = DIRECTION('',(0.,-1.,0.));
#2262 = ADVANCED_FACE('',(#2263),#2279,.T.);
#2263 = FACE_BOUND('',#2264,.T.);
#2264 = EDGE_LOOP('',(#2265,#2266,#2272,#2273));
#2265 = ORIENTED_EDGE('',*,*,#2244,.T.);
#2266 = ORIENTED_EDGE('',*,*,#2267,.T.);
#2267 = EDGE_CURVE('',#2237,#2167,#2268,.T.);
#2268 = LINE('',#2269,#2270);
#2269 = CARTESIAN_POINT('',(31.699999,24.45,0.75));
#2270 = VECTOR('',#2271,1.);
#2271 = DIRECTION('',(-1.,0.,0.));
#2272 = ORIENTED_EDGE('',*,*,#2164,.F.);
#2273 = ORIENTED_EDGE('',*,*,#2274,.F.);
#2274 = EDGE_CURVE('',#2245,#2165,#2275,.T.);
#2275 = LINE('',#2276,#2277);
#2276 = CARTESIAN_POINT('',(31.699999,24.45,0.71));
#2277 = VECTOR('',#2278,1.);
#2278 = DIRECTION('',(-1.,0.,0.));
#2279 = PLANE('',#2280);
#2280 = AXIS2_PLACEMENT_3D('',#2281,#2282,#2283);
#2281 = CARTESIAN_POINT('',(31.699999,24.45,0.71));
#2282 = DIRECTION('',(0.,-1.,0.));
#2283 = DIRECTION('',(-1.,0.,0.));
#2284 = ADVANCED_FACE('',(#2285),#2291,.F.);
#2285 = FACE_BOUND('',#2286,.T.);
#2286 = EDGE_LOOP('',(#2287,#2288,#2289,#2290));
#2287 = ORIENTED_EDGE('',*,*,#2190,.T.);
#2288 = ORIENTED_EDGE('',*,*,#2221,.T.);
#2289 = ORIENTED_EDGE('',*,*,#2252,.T.);
#2290 = ORIENTED_EDGE('',*,*,#2274,.T.);
#2291 = PLANE('',#2292);
#2292 = AXIS2_PLACEMENT_3D('',#2293,#2294,#2295);
#2293 = CARTESIAN_POINT('',(0.,0.,0.71));
#2294 = DIRECTION('',(0.,0.,1.));
#2295 = DIRECTION('',(1.,0.,-0.));
#2296 = ADVANCED_FACE('',(#2297),#2303,.T.);
#2297 = FACE_BOUND('',#2298,.F.);
#2298 = EDGE_LOOP('',(#2299,#2300,#2301,#2302));
#2299 = ORIENTED_EDGE('',*,*,#2174,.T.);
#2300 = ORIENTED_EDGE('',*,*,#2205,.T.);
#2301 = ORIENTED_EDGE('',*,*,#2236,.T.);
#2302 = ORIENTED_EDGE('',*,*,#2267,.T.);
#2303 = PLANE('',#2304);
#2304 = AXIS2_PLACEMENT_3D('',#2305,#2306,#2307);
#2305 = CARTESIAN_POINT('',(0.,0.,0.75));
#2306 = DIRECTION('',(0.,0.,1.));
#2307 = DIRECTION('',(1.,0.,-0.));
#2308 = MANIFOLD_SOLID_BREP('',#2309);
#2309 = CLOSED_SHELL('',(#2310,#2352,#2383,#2416,#2447,#2480,#2511,#2544
    ,#2566,#2582));
#2310 = ADVANCED_FACE('',(#2311),#2347,.T.);
#2311 = FACE_BOUND('',#2312,.T.);
#2312 = EDGE_LOOP('',(#2313,#2323,#2332,#2340));
#2313 = ORIENTED_EDGE('',*,*,#2314,.T.);
#2314 = EDGE_CURVE('',#2315,#2317,#2319,.T.);
#2315 = VERTEX_POINT('',#2316);
#2316 = CARTESIAN_POINT('',(30.249999,13.28125,0.71));
#2317 = VERTEX_POINT('',#2318);
#2318 = CARTESIAN_POINT('',(30.249999,13.28125,0.75));
#2319 = LINE('',#2320,#2321);
#2320 = CARTESIAN_POINT('',(30.249999,13.28125,0.71));
#2321 = VECTOR('',#2322,1.);
#2322 = DIRECTION('',(0.,0.,1.));
#2323 = ORIENTED_EDGE('',*,*,#2324,.T.);
#2324 = EDGE_CURVE('',#2317,#2325,#2327,.T.);
#2325 = VERTEX_POINT('',#2326);
#2326 = CARTESIAN_POINT('',(30.493749,13.525,0.75));
#2327 = CIRCLE('',#2328,0.243750948865);
#2328 = AXIS2_PLACEMENT_3D('',#2329,#2330,#2331);
#2329 = CARTESIAN_POINT('',(30.493749948863,13.281249051137,0.75));
#2330 = DIRECTION('',(0.,0.,-1.));
#2331 = DIRECTION('',(-0.999999999992,3.892755977901E-06,0.));
#2332 = ORIENTED_EDGE('',*,*,#2333,.F.);
#2333 = EDGE_CURVE('',#2334,#2325,#2336,.T.);
#2334 = VERTEX_POINT('',#2335);
#2335 = CARTESIAN_POINT('',(30.493749,13.525,0.71));
#2336 = LINE('',#2337,#2338);
#2337 = CARTESIAN_POINT('',(30.493749,13.525,0.71));
#2338 = VECTOR('',#2339,1.);
#2339 = DIRECTION('',(0.,0.,1.));
#2340 = ORIENTED_EDGE('',*,*,#2341,.F.);
#2341 = EDGE_CURVE('',#2315,#2334,#2342,.T.);
#2342 = CIRCLE('',#2343,0.243750948865);
#2343 = AXIS2_PLACEMENT_3D('',#2344,#2345,#2346);
#2344 = CARTESIAN_POINT('',(30.493749948863,13.281249051137,0.71));
#2345 = DIRECTION('',(0.,0.,-1.));
#2346 = DIRECTION('',(-0.999999999992,3.892755977901E-06,0.));
#2347 = CYLINDRICAL_SURFACE('',#2348,0.243750948865);
#2348 = AXIS2_PLACEMENT_3D('',#2349,#2350,#2351);
#2349 = CARTESIAN_POINT('',(30.493749948863,13.281249051137,0.71));
#2350 = DIRECTION('',(0.,0.,-1.));
#2351 = DIRECTION('',(-0.999999999992,3.892755977901E-06,0.));
#2352 = ADVANCED_FACE('',(#2353),#2378,.T.);
#2353 = FACE_BOUND('',#2354,.T.);
#2354 = EDGE_LOOP('',(#2355,#2356,#2364,#2372));
#2355 = ORIENTED_EDGE('',*,*,#2333,.T.);
#2356 = ORIENTED_EDGE('',*,*,#2357,.T.);
#2357 = EDGE_CURVE('',#2325,#2358,#2360,.T.);
#2358 = VERTEX_POINT('',#2359);
#2359 = CARTESIAN_POINT('',(31.406249,13.525,0.75));
#2360 = LINE('',#2361,#2362);
#2361 = CARTESIAN_POINT('',(30.493749,13.525,0.75));
#2362 = VECTOR('',#2363,1.);
#2363 = DIRECTION('',(1.,0.,0.));
#2364 = ORIENTED_EDGE('',*,*,#2365,.F.);
#2365 = EDGE_CURVE('',#2366,#2358,#2368,.T.);
#2366 = VERTEX_POINT('',#2367);
#2367 = CARTESIAN_POINT('',(31.406249,13.525,0.71));
#2368 = LINE('',#2369,#2370);
#2369 = CARTESIAN_POINT('',(31.406249,13.525,0.71));
#2370 = VECTOR('',#2371,1.);
#2371 = DIRECTION('',(0.,0.,1.));
#2372 = ORIENTED_EDGE('',*,*,#2373,.F.);
#2373 = EDGE_CURVE('',#2334,#2366,#2374,.T.);
#2374 = LINE('',#2375,#2376);
#2375 = CARTESIAN_POINT('',(30.493749,13.525,0.71));
#2376 = VECTOR('',#2377,1.);
#2377 = DIRECTION('',(1.,0.,0.));
#2378 = PLANE('',#2379);
#2379 = AXIS2_PLACEMENT_3D('',#2380,#2381,#2382);
#2380 = CARTESIAN_POINT('',(30.493749,13.525,0.71));
#2381 = DIRECTION('',(0.,1.,0.));
#2382 = DIRECTION('',(1.,0.,0.));
#2383 = ADVANCED_FACE('',(#2384),#2411,.T.);
#2384 = FACE_BOUND('',#2385,.T.);
#2385 = EDGE_LOOP('',(#2386,#2387,#2396,#2404));
#2386 = ORIENTED_EDGE('',*,*,#2365,.T.);
#2387 = ORIENTED_EDGE('',*,*,#2388,.T.);
#2388 = EDGE_CURVE('',#2358,#2389,#2391,.T.);
#2389 = VERTEX_POINT('',#2390);
#2390 = CARTESIAN_POINT('',(31.649999,13.28125,0.75));
#2391 = CIRCLE('',#2392,0.243750948865);
#2392 = AXIS2_PLACEMENT_3D('',#2393,#2394,#2395);
#2393 = CARTESIAN_POINT('',(31.406248051137,13.281249051137,0.75));
#2394 = DIRECTION('',(0.,0.,-1.));
#2395 = DIRECTION('',(3.892755970613E-06,0.999999999992,0.));
#2396 = ORIENTED_EDGE('',*,*,#2397,.F.);
#2397 = EDGE_CURVE('',#2398,#2389,#2400,.T.);
#2398 = VERTEX_POINT('',#2399);
#2399 = CARTESIAN_POINT('',(31.649999,13.28125,0.71));
#2400 = LINE('',#2401,#2402);
#2401 = CARTESIAN_POINT('',(31.649999,13.28125,0.71));
#2402 = VECTOR('',#2403,1.);
#2403 = DIRECTION('',(0.,0.,1.));
#2404 = ORIENTED_EDGE('',*,*,#2405,.F.);
#2405 = EDGE_CURVE('',#2366,#2398,#2406,.T.);
#2406 = CIRCLE('',#2407,0.243750948865);
#2407 = AXIS2_PLACEMENT_3D('',#2408,#2409,#2410);
#2408 = CARTESIAN_POINT('',(31.406248051137,13.281249051137,0.71));
#2409 = DIRECTION('',(0.,0.,-1.));
#2410 = DIRECTION('',(3.892755970613E-06,0.999999999992,0.));
#2411 = CYLINDRICAL_SURFACE('',#2412,0.243750948865);
#2412 = AXIS2_PLACEMENT_3D('',#2413,#2414,#2415);
#2413 = CARTESIAN_POINT('',(31.406248051137,13.281249051137,0.71));
#2414 = DIRECTION('',(0.,0.,-1.));
#2415 = DIRECTION('',(3.892755970613E-06,0.999999999992,0.));
#2416 = ADVANCED_FACE('',(#2417),#2442,.T.);
#2417 = FACE_BOUND('',#2418,.T.);
#2418 = EDGE_LOOP('',(#2419,#2420,#2428,#2436));
#2419 = ORIENTED_EDGE('',*,*,#2397,.T.);
#2420 = ORIENTED_EDGE('',*,*,#2421,.T.);
#2421 = EDGE_CURVE('',#2389,#2422,#2424,.T.);
#2422 = VERTEX_POINT('',#2423);
#2423 = CARTESIAN_POINT('',(31.649999,12.79375,0.75));
#2424 = LINE('',#2425,#2426);
#2425 = CARTESIAN_POINT('',(31.649999,13.28125,0.75));
#2426 = VECTOR('',#2427,1.);
#2427 = DIRECTION('',(0.,-1.,0.));
#2428 = ORIENTED_EDGE('',*,*,#2429,.F.);
#2429 = EDGE_CURVE('',#2430,#2422,#2432,.T.);
#2430 = VERTEX_POINT('',#2431);
#2431 = CARTESIAN_POINT('',(31.649999,12.79375,0.71));
#2432 = LINE('',#2433,#2434);
#2433 = CARTESIAN_POINT('',(31.649999,12.79375,0.71));
#2434 = VECTOR('',#2435,1.);
#2435 = DIRECTION('',(0.,0.,1.));
#2436 = ORIENTED_EDGE('',*,*,#2437,.F.);
#2437 = EDGE_CURVE('',#2398,#2430,#2438,.T.);
#2438 = LINE('',#2439,#2440);
#2439 = CARTESIAN_POINT('',(31.649999,13.28125,0.71));
#2440 = VECTOR('',#2441,1.);
#2441 = DIRECTION('',(0.,-1.,0.));
#2442 = PLANE('',#2443);
#2443 = AXIS2_PLACEMENT_3D('',#2444,#2445,#2446);
#2444 = CARTESIAN_POINT('',(31.649999,13.28125,0.71));
#2445 = DIRECTION('',(1.,0.,-0.));
#2446 = DIRECTION('',(0.,-1.,0.));
#2447 = ADVANCED_FACE('',(#2448),#2475,.T.);
#2448 = FACE_BOUND('',#2449,.T.);
#2449 = EDGE_LOOP('',(#2450,#2451,#2460,#2468));
#2450 = ORIENTED_EDGE('',*,*,#2429,.T.);
#2451 = ORIENTED_EDGE('',*,*,#2452,.T.);
#2452 = EDGE_CURVE('',#2422,#2453,#2455,.T.);
#2453 = VERTEX_POINT('',#2454);
#2454 = CARTESIAN_POINT('',(31.406249,12.55,0.75));
#2455 = CIRCLE('',#2456,0.243750948865);
#2456 = AXIS2_PLACEMENT_3D('',#2457,#2458,#2459);
#2457 = CARTESIAN_POINT('',(31.406248051137,12.793750948863,0.75));
#2458 = DIRECTION('',(0.,0.,-1.));
#2459 = DIRECTION('',(0.999999999992,-3.892755977901E-06,0.));
#2460 = ORIENTED_EDGE('',*,*,#2461,.F.);
#2461 = EDGE_CURVE('',#2462,#2453,#2464,.T.);
#2462 = VERTEX_POINT('',#2463);
#2463 = CARTESIAN_POINT('',(31.406249,12.55,0.71));
#2464 = LINE('',#2465,#2466);
#2465 = CARTESIAN_POINT('',(31.406249,12.55,0.71));
#2466 = VECTOR('',#2467,1.);
#2467 = DIRECTION('',(0.,0.,1.));
#2468 = ORIENTED_EDGE('',*,*,#2469,.F.);
#2469 = EDGE_CURVE('',#2430,#2462,#2470,.T.);
#2470 = CIRCLE('',#2471,0.243750948865);
#2471 = AXIS2_PLACEMENT_3D('',#2472,#2473,#2474);
#2472 = CARTESIAN_POINT('',(31.406248051137,12.793750948863,0.71));
#2473 = DIRECTION('',(0.,0.,-1.));
#2474 = DIRECTION('',(0.999999999992,-3.892755977901E-06,0.));
#2475 = CYLINDRICAL_SURFACE('',#2476,0.243750948865);
#2476 = AXIS2_PLACEMENT_3D('',#2477,#2478,#2479);
#2477 = CARTESIAN_POINT('',(31.406248051137,12.793750948863,0.71));
#2478 = DIRECTION('',(0.,0.,-1.));
#2479 = DIRECTION('',(0.999999999992,-3.892755977901E-06,0.));
#2480 = ADVANCED_FACE('',(#2481),#2506,.T.);
#2481 = FACE_BOUND('',#2482,.T.);
#2482 = EDGE_LOOP('',(#2483,#2484,#2492,#2500));
#2483 = ORIENTED_EDGE('',*,*,#2461,.T.);
#2484 = ORIENTED_EDGE('',*,*,#2485,.T.);
#2485 = EDGE_CURVE('',#2453,#2486,#2488,.T.);
#2486 = VERTEX_POINT('',#2487);
#2487 = CARTESIAN_POINT('',(30.493749,12.55,0.75));
#2488 = LINE('',#2489,#2490);
#2489 = CARTESIAN_POINT('',(31.406249,12.55,0.75));
#2490 = VECTOR('',#2491,1.);
#2491 = DIRECTION('',(-1.,0.,0.));
#2492 = ORIENTED_EDGE('',*,*,#2493,.F.);
#2493 = EDGE_CURVE('',#2494,#2486,#2496,.T.);
#2494 = VERTEX_POINT('',#2495);
#2495 = CARTESIAN_POINT('',(30.493749,12.55,0.71));
#2496 = LINE('',#2497,#2498);
#2497 = CARTESIAN_POINT('',(30.493749,12.55,0.71));
#2498 = VECTOR('',#2499,1.);
#2499 = DIRECTION('',(0.,0.,1.));
#2500 = ORIENTED_EDGE('',*,*,#2501,.F.);
#2501 = EDGE_CURVE('',#2462,#2494,#2502,.T.);
#2502 = LINE('',#2503,#2504);
#2503 = CARTESIAN_POINT('',(31.406249,12.55,0.71));
#2504 = VECTOR('',#2505,1.);
#2505 = DIRECTION('',(-1.,0.,0.));
#2506 = PLANE('',#2507);
#2507 = AXIS2_PLACEMENT_3D('',#2508,#2509,#2510);
#2508 = CARTESIAN_POINT('',(31.406249,12.55,0.71));
#2509 = DIRECTION('',(0.,-1.,0.));
#2510 = DIRECTION('',(-1.,0.,0.));
#2511 = ADVANCED_FACE('',(#2512),#2539,.T.);
#2512 = FACE_BOUND('',#2513,.T.);
#2513 = EDGE_LOOP('',(#2514,#2515,#2524,#2532));
#2514 = ORIENTED_EDGE('',*,*,#2493,.T.);
#2515 = ORIENTED_EDGE('',*,*,#2516,.T.);
#2516 = EDGE_CURVE('',#2486,#2517,#2519,.T.);
#2517 = VERTEX_POINT('',#2518);
#2518 = CARTESIAN_POINT('',(30.249999,12.79375,0.75));
#2519 = CIRCLE('',#2520,0.243750948865);
#2520 = AXIS2_PLACEMENT_3D('',#2521,#2522,#2523);
#2521 = CARTESIAN_POINT('',(30.493749948863,12.793750948863,0.75));
#2522 = DIRECTION('',(0.,0.,-1.));
#2523 = DIRECTION('',(-3.892755941463E-06,-0.999999999992,-0.));
#2524 = ORIENTED_EDGE('',*,*,#2525,.F.);
#2525 = EDGE_CURVE('',#2526,#2517,#2528,.T.);
#2526 = VERTEX_POINT('',#2527);
#2527 = CARTESIAN_POINT('',(30.249999,12.79375,0.71));
#2528 = LINE('',#2529,#2530);
#2529 = CARTESIAN_POINT('',(30.249999,12.79375,0.71));
#2530 = VECTOR('',#2531,1.);
#2531 = DIRECTION('',(0.,0.,1.));
#2532 = ORIENTED_EDGE('',*,*,#2533,.F.);
#2533 = EDGE_CURVE('',#2494,#2526,#2534,.T.);
#2534 = CIRCLE('',#2535,0.243750948865);
#2535 = AXIS2_PLACEMENT_3D('',#2536,#2537,#2538);
#2536 = CARTESIAN_POINT('',(30.493749948863,12.793750948863,0.71));
#2537 = DIRECTION('',(0.,0.,-1.));
#2538 = DIRECTION('',(-3.892755941463E-06,-0.999999999992,-0.));
#2539 = CYLINDRICAL_SURFACE('',#2540,0.243750948865);
#2540 = AXIS2_PLACEMENT_3D('',#2541,#2542,#2543);
#2541 = CARTESIAN_POINT('',(30.493749948863,12.793750948863,0.71));
#2542 = DIRECTION('',(0.,0.,-1.));
#2543 = DIRECTION('',(-3.892755941463E-06,-0.999999999992,-0.));
#2544 = ADVANCED_FACE('',(#2545),#2561,.T.);
#2545 = FACE_BOUND('',#2546,.T.);
#2546 = EDGE_LOOP('',(#2547,#2548,#2554,#2555));
#2547 = ORIENTED_EDGE('',*,*,#2525,.T.);
#2548 = ORIENTED_EDGE('',*,*,#2549,.T.);
#2549 = EDGE_CURVE('',#2517,#2317,#2550,.T.);
#2550 = LINE('',#2551,#2552);
#2551 = CARTESIAN_POINT('',(30.249999,12.79375,0.75));
#2552 = VECTOR('',#2553,1.);
#2553 = DIRECTION('',(0.,1.,0.));
#2554 = ORIENTED_EDGE('',*,*,#2314,.F.);
#2555 = ORIENTED_EDGE('',*,*,#2556,.F.);
#2556 = EDGE_CURVE('',#2526,#2315,#2557,.T.);
#2557 = LINE('',#2558,#2559);
#2558 = CARTESIAN_POINT('',(30.249999,12.79375,0.71));
#2559 = VECTOR('',#2560,1.);
#2560 = DIRECTION('',(0.,1.,0.));
#2561 = PLANE('',#2562);
#2562 = AXIS2_PLACEMENT_3D('',#2563,#2564,#2565);
#2563 = CARTESIAN_POINT('',(30.249999,12.79375,0.71));
#2564 = DIRECTION('',(-1.,0.,0.));
#2565 = DIRECTION('',(0.,1.,0.));
#2566 = ADVANCED_FACE('',(#2567),#2577,.F.);
#2567 = FACE_BOUND('',#2568,.T.);
#2568 = EDGE_LOOP('',(#2569,#2570,#2571,#2572,#2573,#2574,#2575,#2576));
#2569 = ORIENTED_EDGE('',*,*,#2341,.T.);
#2570 = ORIENTED_EDGE('',*,*,#2373,.T.);
#2571 = ORIENTED_EDGE('',*,*,#2405,.T.);
#2572 = ORIENTED_EDGE('',*,*,#2437,.T.);
#2573 = ORIENTED_EDGE('',*,*,#2469,.T.);
#2574 = ORIENTED_EDGE('',*,*,#2501,.T.);
#2575 = ORIENTED_EDGE('',*,*,#2533,.T.);
#2576 = ORIENTED_EDGE('',*,*,#2556,.T.);
#2577 = PLANE('',#2578);
#2578 = AXIS2_PLACEMENT_3D('',#2579,#2580,#2581);
#2579 = CARTESIAN_POINT('',(0.,0.,0.71));
#2580 = DIRECTION('',(0.,0.,1.));
#2581 = DIRECTION('',(1.,0.,-0.));
#2582 = ADVANCED_FACE('',(#2583),#2593,.T.);
#2583 = FACE_BOUND('',#2584,.F.);
#2584 = EDGE_LOOP('',(#2585,#2586,#2587,#2588,#2589,#2590,#2591,#2592));
#2585 = ORIENTED_EDGE('',*,*,#2324,.T.);
#2586 = ORIENTED_EDGE('',*,*,#2357,.T.);
#2587 = ORIENTED_EDGE('',*,*,#2388,.T.);
#2588 = ORIENTED_EDGE('',*,*,#2421,.T.);
#2589 = ORIENTED_EDGE('',*,*,#2452,.T.);
#2590 = ORIENTED_EDGE('',*,*,#2485,.T.);
#2591 = ORIENTED_EDGE('',*,*,#2516,.T.);
#2592 = ORIENTED_EDGE('',*,*,#2549,.T.);
#2593 = PLANE('',#2594);
#2594 = AXIS2_PLACEMENT_3D('',#2595,#2596,#2597);
#2595 = CARTESIAN_POINT('',(0.,0.,0.75));
#2596 = DIRECTION('',(0.,0.,1.));
#2597 = DIRECTION('',(1.,0.,-0.));
#2598 = MANIFOLD_SOLID_BREP('',#2599);
#2599 = CLOSED_SHELL('',(#2600,#2633,#2642));
#2600 = ADVANCED_FACE('',(#2601),#2628,.T.);
#2601 = FACE_BOUND('',#2602,.T.);
#2602 = EDGE_LOOP('',(#2603,#2613,#2620,#2621));
#2603 = ORIENTED_EDGE('',*,*,#2604,.T.);
#2604 = EDGE_CURVE('',#2605,#2607,#2609,.T.);
#2605 = VERTEX_POINT('',#2606);
#2606 = CARTESIAN_POINT('',(32.549999,12.,0.));
#2607 = VERTEX_POINT('',#2608);
#2608 = CARTESIAN_POINT('',(32.549999,12.,-4.E-02));
#2609 = LINE('',#2610,#2611);
#2610 = CARTESIAN_POINT('',(32.549999,12.,0.));
#2611 = VECTOR('',#2612,1.);
#2612 = DIRECTION('',(0.,0.,-1.));
#2613 = ORIENTED_EDGE('',*,*,#2614,.T.);
#2614 = EDGE_CURVE('',#2607,#2607,#2615,.T.);
#2615 = CIRCLE('',#2616,0.999999);
#2616 = AXIS2_PLACEMENT_3D('',#2617,#2618,#2619);
#2617 = CARTESIAN_POINT('',(31.55,12.,-4.E-02));
#2618 = DIRECTION('',(0.,0.,1.));
#2619 = DIRECTION('',(1.,0.,-0.));
#2620 = ORIENTED_EDGE('',*,*,#2604,.F.);
#2621 = ORIENTED_EDGE('',*,*,#2622,.F.);
#2622 = EDGE_CURVE('',#2605,#2605,#2623,.T.);
#2623 = CIRCLE('',#2624,0.999999);
#2624 = AXIS2_PLACEMENT_3D('',#2625,#2626,#2627);
#2625 = CARTESIAN_POINT('',(31.55,12.,0.));
#2626 = DIRECTION('',(0.,0.,1.));
#2627 = DIRECTION('',(1.,0.,-0.));
#2628 = CYLINDRICAL_SURFACE('',#2629,0.999999);
#2629 = AXIS2_PLACEMENT_3D('',#2630,#2631,#2632);
#2630 = CARTESIAN_POINT('',(31.55,12.,0.));
#2631 = DIRECTION('',(0.,0.,1.));
#2632 = DIRECTION('',(1.,0.,-0.));
#2633 = ADVANCED_FACE('',(#2634),#2637,.F.);
#2634 = FACE_BOUND('',#2635,.T.);
#2635 = EDGE_LOOP('',(#2636));
#2636 = ORIENTED_EDGE('',*,*,#2622,.T.);
#2637 = PLANE('',#2638);
#2638 = AXIS2_PLACEMENT_3D('',#2639,#2640,#2641);
#2639 = CARTESIAN_POINT('',(0.,0.,0.));
#2640 = DIRECTION('',(-0.,-0.,-1.));
#2641 = DIRECTION('',(-1.,0.,0.));
#2642 = ADVANCED_FACE('',(#2643),#2646,.T.);
#2643 = FACE_BOUND('',#2644,.F.);
#2644 = EDGE_LOOP('',(#2645));
#2645 = ORIENTED_EDGE('',*,*,#2614,.T.);
#2646 = PLANE('',#2647);
#2647 = AXIS2_PLACEMENT_3D('',#2648,#2649,#2650);
#2648 = CARTESIAN_POINT('',(0.,0.,-4.E-02));
#2649 = DIRECTION('',(-0.,-0.,-1.));
#2650 = DIRECTION('',(-1.,0.,0.));
#2651 = ( GEOMETRIC_REPRESENTATION_CONTEXT(3) 
GLOBAL_UNCERTAINTY_ASSIGNED_CONTEXT((#2655)) 
GLOBAL_UNIT_ASSIGNED_CONTEXT((#2652,#2653,#2654)) REPRESENTATION_CONTEXT
('Context #1','3D Context with UNIT and UNCERTAINTY') );
#2652 = ( LENGTH_UNIT() NAMED_UNIT(*) SI_UNIT(.MILLI.,.METRE.) );
#2653 = ( NAMED_UNIT(*) PLANE_ANGLE_UNIT() SI_UNIT($,.RADIAN.) );
#2654 = ( NAMED_UNIT(*) SI_UNIT($,.STERADIAN.) SOLID_ANGLE_UNIT() );
#2655 = UNCERTAINTY_MEASURE_WITH_UNIT(LENGTH_MEASURE(1.E-07),#2652,
  'distance_accuracy_value','confusion accuracy');
#2656 = CONTEXT_DEPENDENT_SHAPE_REPRESENTATION(#2657,#2659);
#2657 = ( REPRESENTATION_RELATIONSHIP('','',#861,#10) 
REPRESENTATION_RELATIONSHIP_WITH_TRANSFORMATION(#2658) 
SHAPE_REPRESENTATION_RELATIONSHIP() );
#2658 = ITEM_DEFINED_TRANSFORMATION('','',#11,#19);
#2659 = PRODUCT_DEFINITION_SHAPE('Placement','Placement of an item',
  #2660);
#2660 = NEXT_ASSEMBLY_USAGE_OCCURRENCE('2','=>[0:1:1:3]','',#5,#856,$);
#2661 = PRODUCT_RELATED_PRODUCT_CATEGORY('part',$,(#858));
#2662 = SHAPE_DEFINITION_REPRESENTATION(#2663,#2669);
#2663 = PRODUCT_DEFINITION_SHAPE('','',#2664);
#2664 = PRODUCT_DEFINITION('design','',#2665,#2668);
#2665 = PRODUCT_DEFINITION_FORMATION('','',#2666);
#2666 = PRODUCT('NIVA-cartridge_silkscreen','NIVA-cartridge_silkscreen',
  '',(#2667));
#2667 = PRODUCT_CONTEXT('',#2,'mechanical');
#2668 = PRODUCT_DEFINITION_CONTEXT('part definition',#2,'design');
#2669 = SHAPE_REPRESENTATION('',(#11,#2670,#2722),#2774);
#2670 = SHELL_BASED_SURFACE_MODEL('',(#2671));
#2671 = OPEN_SHELL('',(#2672));
#2672 = ADVANCED_FACE('',(#2673),#2717,.T.);
#2673 = FACE_BOUND('',#2674,.F.);
#2674 = EDGE_LOOP('',(#2675,#2686,#2694,#2703,#2711));
#2675 = ORIENTED_EDGE('',*,*,#2676,.T.);
#2676 = EDGE_CURVE('',#2677,#2679,#2681,.T.);
#2677 = VERTEX_POINT('',#2678);
#2678 = CARTESIAN_POINT('',(30.184566,12.381539,0.785));
#2679 = VERTEX_POINT('',#2680);
#2680 = CARTESIAN_POINT('',(30.299999,12.358578,0.785));
#2681 = CIRCLE('',#2682,6.000007318647E-02);
#2682 = AXIS2_PLACEMENT_3D('',#2683,#2684,#2685);
#2683 = CARTESIAN_POINT('',(30.239998926814,12.358578176686,0.785));
#2684 = DIRECTION('',(0.,0.,-1.));
#2685 = DIRECTION('',(-0.923880986637,0.382679921777,0.));
#2686 = ORIENTED_EDGE('',*,*,#2687,.T.);
#2687 = EDGE_CURVE('',#2679,#2688,#2690,.T.);
#2688 = VERTEX_POINT('',#2689);
#2689 = CARTESIAN_POINT('',(30.299999,11.841422,0.785));
#2690 = LINE('',#2691,#2692);
#2691 = CARTESIAN_POINT('',(30.299999,12.358578,0.785));
#2692 = VECTOR('',#2693,1.);
#2693 = DIRECTION('',(0.,-1.,0.));
#2694 = ORIENTED_EDGE('',*,*,#2695,.T.);
#2695 = EDGE_CURVE('',#2688,#2696,#2698,.T.);
#2696 = VERTEX_POINT('',#2697);
#2697 = CARTESIAN_POINT('',(30.179999,11.841422,0.785));
#2698 = CIRCLE('',#2699,6.000000000042E-02);
#2699 = AXIS2_PLACEMENT_3D('',#2700,#2701,#2702);
#2700 = CARTESIAN_POINT('',(30.239999,11.841421774412,0.785));
#2701 = DIRECTION('',(0.,0.,-1.));
#2702 = DIRECTION('',(0.999999999993,3.759794076048E-06,0.));
#2703 = ORIENTED_EDGE('',*,*,#2704,.T.);
#2704 = EDGE_CURVE('',#2696,#2705,#2707,.T.);
#2705 = VERTEX_POINT('',#2706);
#2706 = CARTESIAN_POINT('',(30.179999,12.358578,0.785));
#2707 = LINE('',#2708,#2709);
#2708 = CARTESIAN_POINT('',(30.179999,11.841422,0.785));
#2709 = VECTOR('',#2710,1.);
#2710 = DIRECTION('',(0.,1.,0.));
#2711 = ORIENTED_EDGE('',*,*,#2712,.T.);
#2712 = EDGE_CURVE('',#2705,#2677,#2713,.T.);
#2713 = LINE('',#2714,#2715);
#2714 = CARTESIAN_POINT('',(30.179999,12.358578,0.785));
#2715 = VECTOR('',#2716,1.);
#2716 = DIRECTION('',(0.195081000118,0.980787134598,0.));
#2717 = PLANE('',#2718);
#2718 = AXIS2_PLACEMENT_3D('',#2719,#2720,#2721);
#2719 = CARTESIAN_POINT('',(0.,0.,0.785));
#2720 = DIRECTION('',(0.,0.,1.));
#2721 = DIRECTION('',(1.,0.,-0.));
#2722 = SHELL_BASED_SURFACE_MODEL('',(#2723));
#2723 = OPEN_SHELL('',(#2724));
#2724 = ADVANCED_FACE('',(#2725),#2769,.T.);
#2725 = FACE_BOUND('',#2726,.F.);
#2726 = EDGE_LOOP('',(#2727,#2738,#2746,#2755,#2763));
#2727 = ORIENTED_EDGE('',*,*,#2728,.T.);
#2728 = EDGE_CURVE('',#2729,#2731,#2733,.T.);
#2729 = VERTEX_POINT('',#2730);
#2730 = CARTESIAN_POINT('',(31.604566,12.381539,0.785));
#2731 = VERTEX_POINT('',#2732);
#2732 = CARTESIAN_POINT('',(31.719999,12.358578,0.785));
#2733 = CIRCLE('',#2734,6.000007318647E-02);
#2734 = AXIS2_PLACEMENT_3D('',#2735,#2736,#2737);
#2735 = CARTESIAN_POINT('',(31.659998926814,12.358578176686,0.785));
#2736 = DIRECTION('',(0.,0.,-1.));
#2737 = DIRECTION('',(-0.923880986637,0.382679921777,0.));
#2738 = ORIENTED_EDGE('',*,*,#2739,.T.);
#2739 = EDGE_CURVE('',#2731,#2740,#2742,.T.);
#2740 = VERTEX_POINT('',#2741);
#2741 = CARTESIAN_POINT('',(31.719999,11.841422,0.785));
#2742 = LINE('',#2743,#2744);
#2743 = CARTESIAN_POINT('',(31.719999,12.358578,0.785));
#2744 = VECTOR('',#2745,1.);
#2745 = DIRECTION('',(0.,-1.,0.));
#2746 = ORIENTED_EDGE('',*,*,#2747,.T.);
#2747 = EDGE_CURVE('',#2740,#2748,#2750,.T.);
#2748 = VERTEX_POINT('',#2749);
#2749 = CARTESIAN_POINT('',(31.599999,11.841422,0.785));
#2750 = CIRCLE('',#2751,6.000000000042E-02);
#2751 = AXIS2_PLACEMENT_3D('',#2752,#2753,#2754);
#2752 = CARTESIAN_POINT('',(31.659999,11.841421774412,0.785));
#2753 = DIRECTION('',(0.,0.,-1.));
#2754 = DIRECTION('',(0.999999999993,3.759794076048E-06,0.));
#2755 = ORIENTED_EDGE('',*,*,#2756,.T.);
#2756 = EDGE_CURVE('',#2748,#2757,#2759,.T.);
#2757 = VERTEX_POINT('',#2758);
#2758 = CARTESIAN_POINT('',(31.599999,12.358578,0.785));
#2759 = LINE('',#2760,#2761);
#2760 = CARTESIAN_POINT('',(31.599999,11.841422,0.785));
#2761 = VECTOR('',#2762,1.);
#2762 = DIRECTION('',(0.,1.,0.));
#2763 = ORIENTED_EDGE('',*,*,#2764,.T.);
#2764 = EDGE_CURVE('',#2757,#2729,#2765,.T.);
#2765 = LINE('',#2766,#2767);
#2766 = CARTESIAN_POINT('',(31.599999,12.358578,0.785));
#2767 = VECTOR('',#2768,1.);
#2768 = DIRECTION('',(0.195081000118,0.980787134598,0.));
#2769 = PLANE('',#2770);
#2770 = AXIS2_PLACEMENT_3D('',#2771,#2772,#2773);
#2771 = CARTESIAN_POINT('',(0.,0.,0.785));
#2772 = DIRECTION('',(0.,0.,1.));
#2773 = DIRECTION('',(1.,0.,-0.));
#2774 = ( GEOMETRIC_REPRESENTATION_CONTEXT(3) 
GLOBAL_UNCERTAINTY_ASSIGNED_CONTEXT((#2778)) 
GLOBAL_UNIT_ASSIGNED_CONTEXT((#2775,#2776,#2777)) REPRESENTATION_CONTEXT
('Context #1','3D Context with UNIT and UNCERTAINTY') );
#2775 = ( LENGTH_UNIT() NAMED_UNIT(*) SI_UNIT(.MILLI.,.METRE.) );
#2776 = ( NAMED_UNIT(*) PLANE_ANGLE_UNIT() SI_UNIT($,.RADIAN.) );
#2777 = ( NAMED_UNIT(*) SI_UNIT($,.STERADIAN.) SOLID_ANGLE_UNIT() );
#2778 = UNCERTAINTY_MEASURE_WITH_UNIT(LENGTH_MEASURE(1.E-07),#2775,
  'distance_accuracy_value','confusion accuracy');
#2779 = CONTEXT_DEPENDENT_SHAPE_REPRESENTATION(#2780,#2782);
#2780 = ( REPRESENTATION_RELATIONSHIP('','',#2669,#10) 
REPRESENTATION_RELATIONSHIP_WITH_TRANSFORMATION(#2781) 
SHAPE_REPRESENTATION_RELATIONSHIP() );
#2781 = ITEM_DEFINED_TRANSFORMATION('','',#11,#23);
#2782 = PRODUCT_DEFINITION_SHAPE('Placement','Placement of an item',
  #2783);
#2783 = NEXT_ASSEMBLY_USAGE_OCCURRENCE('3','=>[0:1:1:4]','',#5,#2664,$);
#2784 = PRODUCT_RELATED_PRODUCT_CATEGORY('part',$,(#2666));
#2785 = SHAPE_DEFINITION_REPRESENTATION(#2786,#2792);
#2786 = PRODUCT_DEFINITION_SHAPE('','',#2787);
#2787 = PRODUCT_DEFINITION('design','',#2788,#2791);
#2788 = PRODUCT_DEFINITION_FORMATION('','',#2789);
#2789 = PRODUCT('NIVA-cartridge_soldermask','NIVA-cartridge_soldermask',
  '',(#2790));
#2790 = PRODUCT_CONTEXT('',#2,'mechanical');
#2791 = PRODUCT_DEFINITION_CONTEXT('part definition',#2,'design');
#2792 = MANIFOLD_SURFACE_SHAPE_REPRESENTATION('',(#11,#2793),#3213);
#2793 = SHELL_BASED_SURFACE_MODEL('',(#2794));
#2794 = OPEN_SHELL('',(#2795));
#2795 = ADVANCED_FACE('',(#2796,#2830,#2900,#2970,#3004,#3038,#3072,
    #3106,#3140,#3174),#3208,.T.);
#2796 = FACE_BOUND('',#2797,.F.);
#2797 = EDGE_LOOP('',(#2798,#2808,#2816,#2824));
#2798 = ORIENTED_EDGE('',*,*,#2799,.T.);
#2799 = EDGE_CURVE('',#2800,#2802,#2804,.T.);
#2800 = VERTEX_POINT('',#2801);
#2801 = CARTESIAN_POINT('',(29.85,8.,0.76));
#2802 = VERTEX_POINT('',#2803);
#2803 = CARTESIAN_POINT('',(29.85,38.,0.76));
#2804 = LINE('',#2805,#2806);
#2805 = CARTESIAN_POINT('',(29.85,8.,0.76));
#2806 = VECTOR('',#2807,1.);
#2807 = DIRECTION('',(0.,1.,0.));
#2808 = ORIENTED_EDGE('',*,*,#2809,.T.);
#2809 = EDGE_CURVE('',#2802,#2810,#2812,.T.);
#2810 = VERTEX_POINT('',#2811);
#2811 = CARTESIAN_POINT('',(33.25,38.,0.76));
#2812 = LINE('',#2813,#2814);
#2813 = CARTESIAN_POINT('',(29.85,38.,0.76));
#2814 = VECTOR('',#2815,1.);
#2815 = DIRECTION('',(1.,0.,0.));
#2816 = ORIENTED_EDGE('',*,*,#2817,.T.);
#2817 = EDGE_CURVE('',#2810,#2818,#2820,.T.);
#2818 = VERTEX_POINT('',#2819);
#2819 = CARTESIAN_POINT('',(33.25,8.,0.76));
#2820 = LINE('',#2821,#2822);
#2821 = CARTESIAN_POINT('',(33.25,38.,0.76));
#2822 = VECTOR('',#2823,1.);
#2823 = DIRECTION('',(0.,-1.,0.));
#2824 = ORIENTED_EDGE('',*,*,#2825,.T.);
#2825 = EDGE_CURVE('',#2818,#2800,#2826,.T.);
#2826 = LINE('',#2827,#2828);
#2827 = CARTESIAN_POINT('',(33.25,8.,0.76));
#2828 = VECTOR('',#2829,1.);
#2829 = DIRECTION('',(-1.,0.,0.));
#2830 = FACE_BOUND('',#2831,.F.);
#2831 = EDGE_LOOP('',(#2832,#2843,#2851,#2860,#2868,#2877,#2885,#2894));
#2832 = ORIENTED_EDGE('',*,*,#2833,.T.);
#2833 = EDGE_CURVE('',#2834,#2836,#2838,.T.);
#2834 = VERTEX_POINT('',#2835);
#2835 = CARTESIAN_POINT('',(31.649999,11.40625,0.76));
#2836 = VERTEX_POINT('',#2837);
#2837 = CARTESIAN_POINT('',(31.406249,11.65,0.76));
#2838 = CIRCLE('',#2839,0.243750948865);
#2839 = AXIS2_PLACEMENT_3D('',#2840,#2841,#2842);
#2840 = CARTESIAN_POINT('',(31.406248051137,11.406249051137,0.76));
#2841 = DIRECTION('',(0.,0.,1.));
#2842 = DIRECTION('',(0.999999999992,3.892755985189E-06,-0.));
#2843 = ORIENTED_EDGE('',*,*,#2844,.T.);
#2844 = EDGE_CURVE('',#2836,#2845,#2847,.T.);
#2845 = VERTEX_POINT('',#2846);
#2846 = CARTESIAN_POINT('',(30.493749,11.65,0.76));
#2847 = LINE('',#2848,#2849);
#2848 = CARTESIAN_POINT('',(31.406249,11.65,0.76));
#2849 = VECTOR('',#2850,1.);
#2850 = DIRECTION('',(-1.,0.,0.));
#2851 = ORIENTED_EDGE('',*,*,#2852,.T.);
#2852 = EDGE_CURVE('',#2845,#2853,#2855,.T.);
#2853 = VERTEX_POINT('',#2854);
#2854 = CARTESIAN_POINT('',(30.249999,11.40625,0.76));
#2855 = CIRCLE('',#2856,0.243750948865);
#2856 = AXIS2_PLACEMENT_3D('',#2857,#2858,#2859);
#2857 = CARTESIAN_POINT('',(30.493749948863,11.406249051137,0.76));
#2858 = DIRECTION('',(0.,0.,1.));
#2859 = DIRECTION('',(-3.892755956038E-06,0.999999999992,0.));
#2860 = ORIENTED_EDGE('',*,*,#2861,.T.);
#2861 = EDGE_CURVE('',#2853,#2862,#2864,.T.);
#2862 = VERTEX_POINT('',#2863);
#2863 = CARTESIAN_POINT('',(30.249999,10.91875,0.76));
#2864 = LINE('',#2865,#2866);
#2865 = CARTESIAN_POINT('',(30.249999,11.40625,0.76));
#2866 = VECTOR('',#2867,1.);
#2867 = DIRECTION('',(0.,-1.,0.));
#2868 = ORIENTED_EDGE('',*,*,#2869,.T.);
#2869 = EDGE_CURVE('',#2862,#2870,#2872,.T.);
#2870 = VERTEX_POINT('',#2871);
#2871 = CARTESIAN_POINT('',(30.493749,10.675,0.76));
#2872 = CIRCLE('',#2873,0.243750948865);
#2873 = AXIS2_PLACEMENT_3D('',#2874,#2875,#2876);
#2874 = CARTESIAN_POINT('',(30.493749948863,10.918750948863,0.76));
#2875 = DIRECTION('',(0.,0.,1.));
#2876 = DIRECTION('',(-0.999999999992,-3.892755970614E-06,0.));
#2877 = ORIENTED_EDGE('',*,*,#2878,.T.);
#2878 = EDGE_CURVE('',#2870,#2879,#2881,.T.);
#2879 = VERTEX_POINT('',#2880);
#2880 = CARTESIAN_POINT('',(31.406249,10.675,0.76));
#2881 = LINE('',#2882,#2883);
#2882 = CARTESIAN_POINT('',(30.493749,10.675,0.76));
#2883 = VECTOR('',#2884,1.);
#2884 = DIRECTION('',(1.,0.,0.));
#2885 = ORIENTED_EDGE('',*,*,#2886,.T.);
#2886 = EDGE_CURVE('',#2879,#2887,#2889,.T.);
#2887 = VERTEX_POINT('',#2888);
#2888 = CARTESIAN_POINT('',(31.649999,10.91875,0.76));
#2889 = CIRCLE('',#2890,0.243750948865);
#2890 = AXIS2_PLACEMENT_3D('',#2891,#2892,#2893);
#2891 = CARTESIAN_POINT('',(31.406248051137,10.918750948863,0.76));
#2892 = DIRECTION('',(0.,0.,1.));
#2893 = DIRECTION('',(3.892755956038E-06,-0.999999999992,0.));
#2894 = ORIENTED_EDGE('',*,*,#2895,.T.);
#2895 = EDGE_CURVE('',#2887,#2834,#2896,.T.);
#2896 = LINE('',#2897,#2898);
#2897 = CARTESIAN_POINT('',(31.649999,10.91875,0.76));
#2898 = VECTOR('',#2899,1.);
#2899 = DIRECTION('',(0.,1.,0.));
#2900 = FACE_BOUND('',#2901,.F.);
#2901 = EDGE_LOOP('',(#2902,#2913,#2921,#2930,#2938,#2947,#2955,#2964));
#2902 = ORIENTED_EDGE('',*,*,#2903,.T.);
#2903 = EDGE_CURVE('',#2904,#2906,#2908,.T.);
#2904 = VERTEX_POINT('',#2905);
#2905 = CARTESIAN_POINT('',(31.649999,13.28125,0.76));
#2906 = VERTEX_POINT('',#2907);
#2907 = CARTESIAN_POINT('',(31.406249,13.525,0.76));
#2908 = CIRCLE('',#2909,0.243750948865);
#2909 = AXIS2_PLACEMENT_3D('',#2910,#2911,#2912);
#2910 = CARTESIAN_POINT('',(31.406248051137,13.281249051137,0.76));
#2911 = DIRECTION('',(0.,0.,1.));
#2912 = DIRECTION('',(0.999999999992,3.892755985189E-06,-0.));
#2913 = ORIENTED_EDGE('',*,*,#2914,.T.);
#2914 = EDGE_CURVE('',#2906,#2915,#2917,.T.);
#2915 = VERTEX_POINT('',#2916);
#2916 = CARTESIAN_POINT('',(30.493749,13.525,0.76));
#2917 = LINE('',#2918,#2919);
#2918 = CARTESIAN_POINT('',(31.406249,13.525,0.76));
#2919 = VECTOR('',#2920,1.);
#2920 = DIRECTION('',(-1.,0.,0.));
#2921 = ORIENTED_EDGE('',*,*,#2922,.T.);
#2922 = EDGE_CURVE('',#2915,#2923,#2925,.T.);
#2923 = VERTEX_POINT('',#2924);
#2924 = CARTESIAN_POINT('',(30.249999,13.28125,0.76));
#2925 = CIRCLE('',#2926,0.243750948865);
#2926 = AXIS2_PLACEMENT_3D('',#2927,#2928,#2929);
#2927 = CARTESIAN_POINT('',(30.493749948863,13.281249051137,0.76));
#2928 = DIRECTION('',(0.,0.,1.));
#2929 = DIRECTION('',(-3.892755956038E-06,0.999999999992,0.));
#2930 = ORIENTED_EDGE('',*,*,#2931,.T.);
#2931 = EDGE_CURVE('',#2923,#2932,#2934,.T.);
#2932 = VERTEX_POINT('',#2933);
#2933 = CARTESIAN_POINT('',(30.249999,12.79375,0.76));
#2934 = LINE('',#2935,#2936);
#2935 = CARTESIAN_POINT('',(30.249999,13.28125,0.76));
#2936 = VECTOR('',#2937,1.);
#2937 = DIRECTION('',(0.,-1.,0.));
#2938 = ORIENTED_EDGE('',*,*,#2939,.T.);
#2939 = EDGE_CURVE('',#2932,#2940,#2942,.T.);
#2940 = VERTEX_POINT('',#2941);
#2941 = CARTESIAN_POINT('',(30.493749,12.55,0.76));
#2942 = CIRCLE('',#2943,0.243750948865);
#2943 = AXIS2_PLACEMENT_3D('',#2944,#2945,#2946);
#2944 = CARTESIAN_POINT('',(30.493749948863,12.793750948863,0.76));
#2945 = DIRECTION('',(0.,0.,1.));
#2946 = DIRECTION('',(-0.999999999992,-3.892755970614E-06,0.));
#2947 = ORIENTED_EDGE('',*,*,#2948,.T.);
#2948 = EDGE_CURVE('',#2940,#2949,#2951,.T.);
#2949 = VERTEX_POINT('',#2950);
#2950 = CARTESIAN_POINT('',(31.406249,12.55,0.76));
#2951 = LINE('',#2952,#2953);
#2952 = CARTESIAN_POINT('',(30.493749,12.55,0.76));
#2953 = VECTOR('',#2954,1.);
#2954 = DIRECTION('',(1.,0.,0.));
#2955 = ORIENTED_EDGE('',*,*,#2956,.T.);
#2956 = EDGE_CURVE('',#2949,#2957,#2959,.T.);
#2957 = VERTEX_POINT('',#2958);
#2958 = CARTESIAN_POINT('',(31.649999,12.79375,0.76));
#2959 = CIRCLE('',#2960,0.243750948865);
#2960 = AXIS2_PLACEMENT_3D('',#2961,#2962,#2963);
#2961 = CARTESIAN_POINT('',(31.406248051137,12.793750948863,0.76));
#2962 = DIRECTION('',(0.,0.,1.));
#2963 = DIRECTION('',(3.892755956038E-06,-0.999999999992,0.));
#2964 = ORIENTED_EDGE('',*,*,#2965,.T.);
#2965 = EDGE_CURVE('',#2957,#2904,#2966,.T.);
#2966 = LINE('',#2967,#2968);
#2967 = CARTESIAN_POINT('',(31.649999,12.79375,0.76));
#2968 = VECTOR('',#2969,1.);
#2969 = DIRECTION('',(0.,1.,0.));
#2970 = FACE_BOUND('',#2971,.F.);
#2971 = EDGE_LOOP('',(#2972,#2982,#2990,#2998));
#2972 = ORIENTED_EDGE('',*,*,#2973,.T.);
#2973 = EDGE_CURVE('',#2974,#2976,#2978,.T.);
#2974 = VERTEX_POINT('',#2975);
#2975 = CARTESIAN_POINT('',(31.699999,24.45,0.76));
#2976 = VERTEX_POINT('',#2977);
#2977 = CARTESIAN_POINT('',(31.699999,25.45,0.76));
#2978 = LINE('',#2979,#2980);
#2979 = CARTESIAN_POINT('',(31.699999,24.45,0.76));
#2980 = VECTOR('',#2981,1.);
#2981 = DIRECTION('',(0.,1.,0.));
#2982 = ORIENTED_EDGE('',*,*,#2983,.T.);
#2983 = EDGE_CURVE('',#2976,#2984,#2986,.T.);
#2984 = VERTEX_POINT('',#2985);
#2985 = CARTESIAN_POINT('',(30.199999,25.45,0.76));
#2986 = LINE('',#2987,#2988);
#2987 = CARTESIAN_POINT('',(31.699999,25.45,0.76));
#2988 = VECTOR('',#2989,1.);
#2989 = DIRECTION('',(-1.,0.,0.));
#2990 = ORIENTED_EDGE('',*,*,#2991,.T.);
#2991 = EDGE_CURVE('',#2984,#2992,#2994,.T.);
#2992 = VERTEX_POINT('',#2993);
#2993 = CARTESIAN_POINT('',(30.199999,24.45,0.76));
#2994 = LINE('',#2995,#2996);
#2995 = CARTESIAN_POINT('',(30.199999,25.45,0.76));
#2996 = VECTOR('',#2997,1.);
#2997 = DIRECTION('',(0.,-1.,0.));
#2998 = ORIENTED_EDGE('',*,*,#2999,.T.);
#2999 = EDGE_CURVE('',#2992,#2974,#3000,.T.);
#3000 = LINE('',#3001,#3002);
#3001 = CARTESIAN_POINT('',(30.199999,24.45,0.76));
#3002 = VECTOR('',#3003,1.);
#3003 = DIRECTION('',(1.,0.,0.));
#3004 = FACE_BOUND('',#3005,.F.);
#3005 = EDGE_LOOP('',(#3006,#3016,#3024,#3032));
#3006 = ORIENTED_EDGE('',*,*,#3007,.T.);
#3007 = EDGE_CURVE('',#3008,#3010,#3012,.T.);
#3008 = VERTEX_POINT('',#3009);
#3009 = CARTESIAN_POINT('',(31.699999,26.15,0.76));
#3010 = VERTEX_POINT('',#3011);
#3011 = CARTESIAN_POINT('',(31.699999,27.15,0.76));
#3012 = LINE('',#3013,#3014);
#3013 = CARTESIAN_POINT('',(31.699999,26.15,0.76));
#3014 = VECTOR('',#3015,1.);
#3015 = DIRECTION('',(0.,1.,0.));
#3016 = ORIENTED_EDGE('',*,*,#3017,.T.);
#3017 = EDGE_CURVE('',#3010,#3018,#3020,.T.);
#3018 = VERTEX_POINT('',#3019);
#3019 = CARTESIAN_POINT('',(30.199999,27.15,0.76));
#3020 = LINE('',#3021,#3022);
#3021 = CARTESIAN_POINT('',(31.699999,27.15,0.76));
#3022 = VECTOR('',#3023,1.);
#3023 = DIRECTION('',(-1.,0.,0.));
#3024 = ORIENTED_EDGE('',*,*,#3025,.T.);
#3025 = EDGE_CURVE('',#3018,#3026,#3028,.T.);
#3026 = VERTEX_POINT('',#3027);
#3027 = CARTESIAN_POINT('',(30.199999,26.15,0.76));
#3028 = LINE('',#3029,#3030);
#3029 = CARTESIAN_POINT('',(30.199999,27.15,0.76));
#3030 = VECTOR('',#3031,1.);
#3031 = DIRECTION('',(0.,-1.,0.));
#3032 = ORIENTED_EDGE('',*,*,#3033,.T.);
#3033 = EDGE_CURVE('',#3026,#3008,#3034,.T.);
#3034 = LINE('',#3035,#3036);
#3035 = CARTESIAN_POINT('',(30.199999,26.15,0.76));
#3036 = VECTOR('',#3037,1.);
#3037 = DIRECTION('',(1.,0.,0.));
#3038 = FACE_BOUND('',#3039,.F.);
#3039 = EDGE_LOOP('',(#3040,#3050,#3058,#3066));
#3040 = ORIENTED_EDGE('',*,*,#3041,.T.);
#3041 = EDGE_CURVE('',#3042,#3044,#3046,.T.);
#3042 = VERTEX_POINT('',#3043);
#3043 = CARTESIAN_POINT('',(31.699999,27.85,0.76));
#3044 = VERTEX_POINT('',#3045);
#3045 = CARTESIAN_POINT('',(31.699999,28.85,0.76));
#3046 = LINE('',#3047,#3048);
#3047 = CARTESIAN_POINT('',(31.699999,27.85,0.76));
#3048 = VECTOR('',#3049,1.);
#3049 = DIRECTION('',(0.,1.,0.));
#3050 = ORIENTED_EDGE('',*,*,#3051,.T.);
#3051 = EDGE_CURVE('',#3044,#3052,#3054,.T.);
#3052 = VERTEX_POINT('',#3053);
#3053 = CARTESIAN_POINT('',(30.199999,28.85,0.76));
#3054 = LINE('',#3055,#3056);
#3055 = CARTESIAN_POINT('',(31.699999,28.85,0.76));
#3056 = VECTOR('',#3057,1.);
#3057 = DIRECTION('',(-1.,0.,0.));
#3058 = ORIENTED_EDGE('',*,*,#3059,.T.);
#3059 = EDGE_CURVE('',#3052,#3060,#3062,.T.);
#3060 = VERTEX_POINT('',#3061);
#3061 = CARTESIAN_POINT('',(30.199999,27.85,0.76));
#3062 = LINE('',#3063,#3064);
#3063 = CARTESIAN_POINT('',(30.199999,28.85,0.76));
#3064 = VECTOR('',#3065,1.);
#3065 = DIRECTION('',(0.,-1.,0.));
#3066 = ORIENTED_EDGE('',*,*,#3067,.T.);
#3067 = EDGE_CURVE('',#3060,#3042,#3068,.T.);
#3068 = LINE('',#3069,#3070);
#3069 = CARTESIAN_POINT('',(30.199999,27.85,0.76));
#3070 = VECTOR('',#3071,1.);
#3071 = DIRECTION('',(1.,0.,0.));
#3072 = FACE_BOUND('',#3073,.F.);
#3073 = EDGE_LOOP('',(#3074,#3084,#3092,#3100));
#3074 = ORIENTED_EDGE('',*,*,#3075,.T.);
#3075 = EDGE_CURVE('',#3076,#3078,#3080,.T.);
#3076 = VERTEX_POINT('',#3077);
#3077 = CARTESIAN_POINT('',(31.699999,29.55,0.76));
#3078 = VERTEX_POINT('',#3079);
#3079 = CARTESIAN_POINT('',(31.699999,30.55,0.76));
#3080 = LINE('',#3081,#3082);
#3081 = CARTESIAN_POINT('',(31.699999,29.55,0.76));
#3082 = VECTOR('',#3083,1.);
#3083 = DIRECTION('',(0.,1.,0.));
#3084 = ORIENTED_EDGE('',*,*,#3085,.T.);
#3085 = EDGE_CURVE('',#3078,#3086,#3088,.T.);
#3086 = VERTEX_POINT('',#3087);
#3087 = CARTESIAN_POINT('',(30.199999,30.55,0.76));
#3088 = LINE('',#3089,#3090);
#3089 = CARTESIAN_POINT('',(31.699999,30.55,0.76));
#3090 = VECTOR('',#3091,1.);
#3091 = DIRECTION('',(-1.,0.,0.));
#3092 = ORIENTED_EDGE('',*,*,#3093,.T.);
#3093 = EDGE_CURVE('',#3086,#3094,#3096,.T.);
#3094 = VERTEX_POINT('',#3095);
#3095 = CARTESIAN_POINT('',(30.199999,29.55,0.76));
#3096 = LINE('',#3097,#3098);
#3097 = CARTESIAN_POINT('',(30.199999,30.55,0.76));
#3098 = VECTOR('',#3099,1.);
#3099 = DIRECTION('',(0.,-1.,0.));
#3100 = ORIENTED_EDGE('',*,*,#3101,.T.);
#3101 = EDGE_CURVE('',#3094,#3076,#3102,.T.);
#3102 = LINE('',#3103,#3104);
#3103 = CARTESIAN_POINT('',(30.199999,29.55,0.76));
#3104 = VECTOR('',#3105,1.);
#3105 = DIRECTION('',(1.,0.,0.));
#3106 = FACE_BOUND('',#3107,.F.);
#3107 = EDGE_LOOP('',(#3108,#3118,#3126,#3134));
#3108 = ORIENTED_EDGE('',*,*,#3109,.T.);
#3109 = EDGE_CURVE('',#3110,#3112,#3114,.T.);
#3110 = VERTEX_POINT('',#3111);
#3111 = CARTESIAN_POINT('',(31.699999,32.65,0.76));
#3112 = VERTEX_POINT('',#3113);
#3113 = CARTESIAN_POINT('',(31.699999,33.75,0.76));
#3114 = LINE('',#3115,#3116);
#3115 = CARTESIAN_POINT('',(31.699999,32.65,0.76));
#3116 = VECTOR('',#3117,1.);
#3117 = DIRECTION('',(0.,1.,0.));
#3118 = ORIENTED_EDGE('',*,*,#3119,.T.);
#3119 = EDGE_CURVE('',#3112,#3120,#3122,.T.);
#3120 = VERTEX_POINT('',#3121);
#3121 = CARTESIAN_POINT('',(30.199999,33.75,0.76));
#3122 = LINE('',#3123,#3124);
#3123 = CARTESIAN_POINT('',(31.699999,33.75,0.76));
#3124 = VECTOR('',#3125,1.);
#3125 = DIRECTION('',(-1.,0.,0.));
#3126 = ORIENTED_EDGE('',*,*,#3127,.T.);
#3127 = EDGE_CURVE('',#3120,#3128,#3130,.T.);
#3128 = VERTEX_POINT('',#3129);
#3129 = CARTESIAN_POINT('',(30.199999,32.65,0.76));
#3130 = LINE('',#3131,#3132);
#3131 = CARTESIAN_POINT('',(30.199999,33.75,0.76));
#3132 = VECTOR('',#3133,1.);
#3133 = DIRECTION('',(0.,-1.,0.));
#3134 = ORIENTED_EDGE('',*,*,#3135,.T.);
#3135 = EDGE_CURVE('',#3128,#3110,#3136,.T.);
#3136 = LINE('',#3137,#3138);
#3137 = CARTESIAN_POINT('',(30.199999,32.65,0.76));
#3138 = VECTOR('',#3139,1.);
#3139 = DIRECTION('',(1.,0.,0.));
#3140 = FACE_BOUND('',#3141,.F.);
#3141 = EDGE_LOOP('',(#3142,#3152,#3160,#3168));
#3142 = ORIENTED_EDGE('',*,*,#3143,.T.);
#3143 = EDGE_CURVE('',#3144,#3146,#3148,.T.);
#3144 = VERTEX_POINT('',#3145);
#3145 = CARTESIAN_POINT('',(31.699999,34.45,0.76));
#3146 = VERTEX_POINT('',#3147);
#3147 = CARTESIAN_POINT('',(31.699999,35.55,0.76));
#3148 = LINE('',#3149,#3150);
#3149 = CARTESIAN_POINT('',(31.699999,34.45,0.76));
#3150 = VECTOR('',#3151,1.);
#3151 = DIRECTION('',(0.,1.,0.));
#3152 = ORIENTED_EDGE('',*,*,#3153,.T.);
#3153 = EDGE_CURVE('',#3146,#3154,#3156,.T.);
#3154 = VERTEX_POINT('',#3155);
#3155 = CARTESIAN_POINT('',(30.199999,35.55,0.76));
#3156 = LINE('',#3157,#3158);
#3157 = CARTESIAN_POINT('',(31.699999,35.55,0.76));
#3158 = VECTOR('',#3159,1.);
#3159 = DIRECTION('',(-1.,0.,0.));
#3160 = ORIENTED_EDGE('',*,*,#3161,.T.);
#3161 = EDGE_CURVE('',#3154,#3162,#3164,.T.);
#3162 = VERTEX_POINT('',#3163);
#3163 = CARTESIAN_POINT('',(30.199999,34.45,0.76));
#3164 = LINE('',#3165,#3166);
#3165 = CARTESIAN_POINT('',(30.199999,35.55,0.76));
#3166 = VECTOR('',#3167,1.);
#3167 = DIRECTION('',(0.,-1.,0.));
#3168 = ORIENTED_EDGE('',*,*,#3169,.T.);
#3169 = EDGE_CURVE('',#3162,#3144,#3170,.T.);
#3170 = LINE('',#3171,#3172);
#3171 = CARTESIAN_POINT('',(30.199999,34.45,0.76));
#3172 = VECTOR('',#3173,1.);
#3173 = DIRECTION('',(1.,0.,0.));
#3174 = FACE_BOUND('',#3175,.F.);
#3175 = EDGE_LOOP('',(#3176,#3186,#3194,#3202));
#3176 = ORIENTED_EDGE('',*,*,#3177,.T.);
#3177 = EDGE_CURVE('',#3178,#3180,#3182,.T.);
#3178 = VERTEX_POINT('',#3179);
#3179 = CARTESIAN_POINT('',(31.699999,36.25,0.76));
#3180 = VERTEX_POINT('',#3181);
#3181 = CARTESIAN_POINT('',(31.699999,37.35,0.76));
#3182 = LINE('',#3183,#3184);
#3183 = CARTESIAN_POINT('',(31.699999,36.25,0.76));
#3184 = VECTOR('',#3185,1.);
#3185 = DIRECTION('',(0.,1.,0.));
#3186 = ORIENTED_EDGE('',*,*,#3187,.T.);
#3187 = EDGE_CURVE('',#3180,#3188,#3190,.T.);
#3188 = VERTEX_POINT('',#3189);
#3189 = CARTESIAN_POINT('',(30.199999,37.35,0.76));
#3190 = LINE('',#3191,#3192);
#3191 = CARTESIAN_POINT('',(31.699999,37.35,0.76));
#3192 = VECTOR('',#3193,1.);
#3193 = DIRECTION('',(-1.,0.,0.));
#3194 = ORIENTED_EDGE('',*,*,#3195,.T.);
#3195 = EDGE_CURVE('',#3188,#3196,#3198,.T.);
#3196 = VERTEX_POINT('',#3197);
#3197 = CARTESIAN_POINT('',(30.199999,36.25,0.76));
#3198 = LINE('',#3199,#3200);
#3199 = CARTESIAN_POINT('',(30.199999,37.35,0.76));
#3200 = VECTOR('',#3201,1.);
#3201 = DIRECTION('',(0.,-1.,0.));
#3202 = ORIENTED_EDGE('',*,*,#3203,.T.);
#3203 = EDGE_CURVE('',#3196,#3178,#3204,.T.);
#3204 = LINE('',#3205,#3206);
#3205 = CARTESIAN_POINT('',(30.199999,36.25,0.76));
#3206 = VECTOR('',#3207,1.);
#3207 = DIRECTION('',(1.,0.,0.));
#3208 = PLANE('',#3209);
#3209 = AXIS2_PLACEMENT_3D('',#3210,#3211,#3212);
#3210 = CARTESIAN_POINT('',(0.,0.,0.76));
#3211 = DIRECTION('',(0.,0.,1.));
#3212 = DIRECTION('',(1.,0.,-0.));
#3213 = ( GEOMETRIC_REPRESENTATION_CONTEXT(3) 
GLOBAL_UNCERTAINTY_ASSIGNED_CONTEXT((#3217)) 
GLOBAL_UNIT_ASSIGNED_CONTEXT((#3214,#3215,#3216)) REPRESENTATION_CONTEXT
('Context #1','3D Context with UNIT and UNCERTAINTY') );
#3214 = ( LENGTH_UNIT() NAMED_UNIT(*) SI_UNIT(.MILLI.,.METRE.) );
#3215 = ( NAMED_UNIT(*) PLANE_ANGLE_UNIT() SI_UNIT($,.RADIAN.) );
#3216 = ( NAMED_UNIT(*) SI_UNIT($,.STERADIAN.) SOLID_ANGLE_UNIT() );
#3217 = UNCERTAINTY_MEASURE_WITH_UNIT(LENGTH_MEASURE(1.E-07),#3214,
  'distance_accuracy_value','confusion accuracy');
#3218 = CONTEXT_DEPENDENT_SHAPE_REPRESENTATION(#3219,#3221);
#3219 = ( REPRESENTATION_RELATIONSHIP('','',#2792,#10) 
REPRESENTATION_RELATIONSHIP_WITH_TRANSFORMATION(#3220) 
SHAPE_REPRESENTATION_RELATIONSHIP() );
#3220 = ITEM_DEFINED_TRANSFORMATION('','',#11,#27);
#3221 = PRODUCT_DEFINITION_SHAPE('Placement','Placement of an item',
  #3222);
#3222 = NEXT_ASSEMBLY_USAGE_OCCURRENCE('4','=>[0:1:1:5]','',#5,#2787,$);
#3223 = PRODUCT_RELATED_PRODUCT_CATEGORY('part',$,(#2789));
#3224 = SHAPE_DEFINITION_REPRESENTATION(#3225,#3231);
#3225 = PRODUCT_DEFINITION_SHAPE('','',#3226);
#3226 = PRODUCT_DEFINITION('design','',#3227,#3230);
#3227 = PRODUCT_DEFINITION_FORMATION('','',#3228);
#3228 = PRODUCT('NIVA-cartridge_soldermask','NIVA-cartridge_soldermask',
  '',(#3229));
#3229 = PRODUCT_CONTEXT('',#2,'mechanical');
#3230 = PRODUCT_DEFINITION_CONTEXT('part definition',#2,'design');
#3231 = MANIFOLD_SURFACE_SHAPE_REPRESENTATION('',(#11,#3232),#3307);
#3232 = SHELL_BASED_SURFACE_MODEL('',(#3233));
#3233 = OPEN_SHELL('',(#3234));
#3234 = ADVANCED_FACE('',(#3235,#3269,#3280,#3291),#3302,.T.);
#3235 = FACE_BOUND('',#3236,.T.);
#3236 = EDGE_LOOP('',(#3237,#3247,#3255,#3263));
#3237 = ORIENTED_EDGE('',*,*,#3238,.T.);
#3238 = EDGE_CURVE('',#3239,#3241,#3243,.T.);
#3239 = VERTEX_POINT('',#3240);
#3240 = CARTESIAN_POINT('',(29.85,8.,-5.E-02));
#3241 = VERTEX_POINT('',#3242);
#3242 = CARTESIAN_POINT('',(29.85,38.,-5.E-02));
#3243 = LINE('',#3244,#3245);
#3244 = CARTESIAN_POINT('',(29.85,8.,-5.E-02));
#3245 = VECTOR('',#3246,1.);
#3246 = DIRECTION('',(0.,1.,0.));
#3247 = ORIENTED_EDGE('',*,*,#3248,.T.);
#3248 = EDGE_CURVE('',#3241,#3249,#3251,.T.);
#3249 = VERTEX_POINT('',#3250);
#3250 = CARTESIAN_POINT('',(33.25,38.,-5.E-02));
#3251 = LINE('',#3252,#3253);
#3252 = CARTESIAN_POINT('',(29.85,38.,-5.E-02));
#3253 = VECTOR('',#3254,1.);
#3254 = DIRECTION('',(1.,0.,0.));
#3255 = ORIENTED_EDGE('',*,*,#3256,.T.);
#3256 = EDGE_CURVE('',#3249,#3257,#3259,.T.);
#3257 = VERTEX_POINT('',#3258);
#3258 = CARTESIAN_POINT('',(33.25,8.,-5.E-02));
#3259 = LINE('',#3260,#3261);
#3260 = CARTESIAN_POINT('',(33.25,38.,-5.E-02));
#3261 = VECTOR('',#3262,1.);
#3262 = DIRECTION('',(0.,-1.,0.));
#3263 = ORIENTED_EDGE('',*,*,#3264,.T.);
#3264 = EDGE_CURVE('',#3257,#3239,#3265,.T.);
#3265 = LINE('',#3266,#3267);
#3266 = CARTESIAN_POINT('',(33.25,8.,-5.E-02));
#3267 = VECTOR('',#3268,1.);
#3268 = DIRECTION('',(-1.,0.,0.));
#3269 = FACE_BOUND('',#3270,.T.);
#3270 = EDGE_LOOP('',(#3271));
#3271 = ORIENTED_EDGE('',*,*,#3272,.T.);
#3272 = EDGE_CURVE('',#3273,#3273,#3275,.T.);
#3273 = VERTEX_POINT('',#3274);
#3274 = CARTESIAN_POINT('',(32.55,12.,-5.E-02));
#3275 = CIRCLE('',#3276,1.);
#3276 = AXIS2_PLACEMENT_3D('',#3277,#3278,#3279);
#3277 = CARTESIAN_POINT('',(31.55,12.,-5.E-02));
#3278 = DIRECTION('',(0.,0.,1.));
#3279 = DIRECTION('',(1.,0.,-0.));
#3280 = FACE_BOUND('',#3281,.T.);
#3281 = EDGE_LOOP('',(#3282));
#3282 = ORIENTED_EDGE('',*,*,#3283,.T.);
#3283 = EDGE_CURVE('',#3284,#3284,#3286,.T.);
#3284 = VERTEX_POINT('',#3285);
#3285 = CARTESIAN_POINT('',(32.55,18.,-5.E-02));
#3286 = CIRCLE('',#3287,1.);
#3287 = AXIS2_PLACEMENT_3D('',#3288,#3289,#3290);
#3288 = CARTESIAN_POINT('',(31.55,18.,-5.E-02));
#3289 = DIRECTION('',(0.,0.,1.));
#3290 = DIRECTION('',(1.,0.,-0.));
#3291 = FACE_BOUND('',#3292,.T.);
#3292 = EDGE_LOOP('',(#3293));
#3293 = ORIENTED_EDGE('',*,*,#3294,.T.);
#3294 = EDGE_CURVE('',#3295,#3295,#3297,.T.);
#3295 = VERTEX_POINT('',#3296);
#3296 = CARTESIAN_POINT('',(32.55,24.,-5.E-02));
#3297 = CIRCLE('',#3298,1.);
#3298 = AXIS2_PLACEMENT_3D('',#3299,#3300,#3301);
#3299 = CARTESIAN_POINT('',(31.55,24.,-5.E-02));
#3300 = DIRECTION('',(0.,0.,1.));
#3301 = DIRECTION('',(1.,0.,-0.));
#3302 = PLANE('',#3303);
#3303 = AXIS2_PLACEMENT_3D('',#3304,#3305,#3306);
#3304 = CARTESIAN_POINT('',(0.,0.,-5.E-02));
#3305 = DIRECTION('',(-0.,-0.,-1.));
#3306 = DIRECTION('',(-1.,0.,0.));
#3307 = ( GEOMETRIC_REPRESENTATION_CONTEXT(3) 
GLOBAL_UNCERTAINTY_ASSIGNED_CONTEXT((#3311)) 
GLOBAL_UNIT_ASSIGNED_CONTEXT((#3308,#3309,#3310)) REPRESENTATION_CONTEXT
('Context #1','3D Context with UNIT and UNCERTAINTY') );
#3308 = ( LENGTH_UNIT() NAMED_UNIT(*) SI_UNIT(.MILLI.,.METRE.) );
#3309 = ( NAMED_UNIT(*) PLANE_ANGLE_UNIT() SI_UNIT($,.RADIAN.) );
#3310 = ( NAMED_UNIT(*) SI_UNIT($,.STERADIAN.) SOLID_ANGLE_UNIT() );
#3311 = UNCERTAINTY_MEASURE_WITH_UNIT(LENGTH_MEASURE(1.E-07),#3308,
  'distance_accuracy_value','confusion accuracy');
#3312 = CONTEXT_DEPENDENT_SHAPE_REPRESENTATION(#3313,#3315);
#3313 = ( REPRESENTATION_RELATIONSHIP('','',#3231,#10) 
REPRESENTATION_RELATIONSHIP_WITH_TRANSFORMATION(#3314) 
SHAPE_REPRESENTATION_RELATIONSHIP() );
#3314 = ITEM_DEFINED_TRANSFORMATION('','',#11,#31);
#3315 = PRODUCT_DEFINITION_SHAPE('Placement','Placement of an item',
  #3316);
#3316 = NEXT_ASSEMBLY_USAGE_OCCURRENCE('5','=>[0:1:1:6]','',#5,#3226,$);
#3317 = PRODUCT_RELATED_PRODUCT_CATEGORY('part',$,(#3228));
#3318 = SHAPE_DEFINITION_REPRESENTATION(#3319,#3325);
#3319 = PRODUCT_DEFINITION_SHAPE('','',#3320);
#3320 = PRODUCT_DEFINITION('design','',#3321,#3324);
#3321 = PRODUCT_DEFINITION_FORMATION('','',#3322);
#3322 = PRODUCT('NIVA-cartridge_PCB','NIVA-cartridge_PCB','',(#3323));
#3323 = PRODUCT_CONTEXT('',#2,'mechanical');
#3324 = PRODUCT_DEFINITION_CONTEXT('part definition',#2,'design');
#3325 = ADVANCED_BREP_SHAPE_REPRESENTATION('',(#11,#3326),#3476);
#3326 = MANIFOLD_SOLID_BREP('',#3327);
#3327 = CLOSED_SHELL('',(#3328,#3368,#3399,#3430,#3452,#3464));
#3328 = ADVANCED_FACE('',(#3329),#3363,.T.);
#3329 = FACE_BOUND('',#3330,.T.);
#3330 = EDGE_LOOP('',(#3331,#3341,#3349,#3357));
#3331 = ORIENTED_EDGE('',*,*,#3332,.T.);
#3332 = EDGE_CURVE('',#3333,#3335,#3337,.T.);
#3333 = VERTEX_POINT('',#3334);
#3334 = CARTESIAN_POINT('',(33.25,8.,0.));
#3335 = VERTEX_POINT('',#3336);
#3336 = CARTESIAN_POINT('',(33.25,8.,0.71));
#3337 = LINE('',#3338,#3339);
#3338 = CARTESIAN_POINT('',(33.25,8.,0.));
#3339 = VECTOR('',#3340,1.);
#3340 = DIRECTION('',(0.,0.,1.));
#3341 = ORIENTED_EDGE('',*,*,#3342,.T.);
#3342 = EDGE_CURVE('',#3335,#3343,#3345,.T.);
#3343 = VERTEX_POINT('',#3344);
#3344 = CARTESIAN_POINT('',(29.85,8.,0.71));
#3345 = LINE('',#3346,#3347);
#3346 = CARTESIAN_POINT('',(33.25,8.,0.71));
#3347 = VECTOR('',#3348,1.);
#3348 = DIRECTION('',(-1.,0.,0.));
#3349 = ORIENTED_EDGE('',*,*,#3350,.F.);
#3350 = EDGE_CURVE('',#3351,#3343,#3353,.T.);
#3351 = VERTEX_POINT('',#3352);
#3352 = CARTESIAN_POINT('',(29.85,8.,0.));
#3353 = LINE('',#3354,#3355);
#3354 = CARTESIAN_POINT('',(29.85,8.,0.));
#3355 = VECTOR('',#3356,1.);
#3356 = DIRECTION('',(0.,0.,1.));
#3357 = ORIENTED_EDGE('',*,*,#3358,.F.);
#3358 = EDGE_CURVE('',#3333,#3351,#3359,.T.);
#3359 = LINE('',#3360,#3361);
#3360 = CARTESIAN_POINT('',(33.25,8.,0.));
#3361 = VECTOR('',#3362,1.);
#3362 = DIRECTION('',(-1.,0.,0.));
#3363 = PLANE('',#3364);
#3364 = AXIS2_PLACEMENT_3D('',#3365,#3366,#3367);
#3365 = CARTESIAN_POINT('',(33.25,8.,0.));
#3366 = DIRECTION('',(0.,-1.,0.));
#3367 = DIRECTION('',(-1.,0.,0.));
#3368 = ADVANCED_FACE('',(#3369),#3394,.T.);
#3369 = FACE_BOUND('',#3370,.T.);
#3370 = EDGE_LOOP('',(#3371,#3372,#3380,#3388));
#3371 = ORIENTED_EDGE('',*,*,#3350,.T.);
#3372 = ORIENTED_EDGE('',*,*,#3373,.T.);
#3373 = EDGE_CURVE('',#3343,#3374,#3376,.T.);
#3374 = VERTEX_POINT('',#3375);
#3375 = CARTESIAN_POINT('',(29.85,38.,0.71));
#3376 = LINE('',#3377,#3378);
#3377 = CARTESIAN_POINT('',(29.85,8.,0.71));
#3378 = VECTOR('',#3379,1.);
#3379 = DIRECTION('',(0.,1.,0.));
#3380 = ORIENTED_EDGE('',*,*,#3381,.F.);
#3381 = EDGE_CURVE('',#3382,#3374,#3384,.T.);
#3382 = VERTEX_POINT('',#3383);
#3383 = CARTESIAN_POINT('',(29.85,38.,0.));
#3384 = LINE('',#3385,#3386);
#3385 = CARTESIAN_POINT('',(29.85,38.,0.));
#3386 = VECTOR('',#3387,1.);
#3387 = DIRECTION('',(0.,0.,1.));
#3388 = ORIENTED_EDGE('',*,*,#3389,.F.);
#3389 = EDGE_CURVE('',#3351,#3382,#3390,.T.);
#3390 = LINE('',#3391,#3392);
#3391 = CARTESIAN_POINT('',(29.85,8.,0.));
#3392 = VECTOR('',#3393,1.);
#3393 = DIRECTION('',(0.,1.,0.));
#3394 = PLANE('',#3395);
#3395 = AXIS2_PLACEMENT_3D('',#3396,#3397,#3398);
#3396 = CARTESIAN_POINT('',(29.85,8.,0.));
#3397 = DIRECTION('',(-1.,0.,0.));
#3398 = DIRECTION('',(0.,1.,0.));
#3399 = ADVANCED_FACE('',(#3400),#3425,.T.);
#3400 = FACE_BOUND('',#3401,.T.);
#3401 = EDGE_LOOP('',(#3402,#3403,#3411,#3419));
#3402 = ORIENTED_EDGE('',*,*,#3381,.T.);
#3403 = ORIENTED_EDGE('',*,*,#3404,.T.);
#3404 = EDGE_CURVE('',#3374,#3405,#3407,.T.);
#3405 = VERTEX_POINT('',#3406);
#3406 = CARTESIAN_POINT('',(33.25,38.,0.71));
#3407 = LINE('',#3408,#3409);
#3408 = CARTESIAN_POINT('',(29.85,38.,0.71));
#3409 = VECTOR('',#3410,1.);
#3410 = DIRECTION('',(1.,0.,0.));
#3411 = ORIENTED_EDGE('',*,*,#3412,.F.);
#3412 = EDGE_CURVE('',#3413,#3405,#3415,.T.);
#3413 = VERTEX_POINT('',#3414);
#3414 = CARTESIAN_POINT('',(33.25,38.,0.));
#3415 = LINE('',#3416,#3417);
#3416 = CARTESIAN_POINT('',(33.25,38.,0.));
#3417 = VECTOR('',#3418,1.);
#3418 = DIRECTION('',(0.,0.,1.));
#3419 = ORIENTED_EDGE('',*,*,#3420,.F.);
#3420 = EDGE_CURVE('',#3382,#3413,#3421,.T.);
#3421 = LINE('',#3422,#3423);
#3422 = CARTESIAN_POINT('',(29.85,38.,0.));
#3423 = VECTOR('',#3424,1.);
#3424 = DIRECTION('',(1.,0.,0.));
#3425 = PLANE('',#3426);
#3426 = AXIS2_PLACEMENT_3D('',#3427,#3428,#3429);
#3427 = CARTESIAN_POINT('',(29.85,38.,0.));
#3428 = DIRECTION('',(0.,1.,0.));
#3429 = DIRECTION('',(1.,0.,0.));
#3430 = ADVANCED_FACE('',(#3431),#3447,.T.);
#3431 = FACE_BOUND('',#3432,.T.);
#3432 = EDGE_LOOP('',(#3433,#3434,#3440,#3441));
#3433 = ORIENTED_EDGE('',*,*,#3412,.T.);
#3434 = ORIENTED_EDGE('',*,*,#3435,.T.);
#3435 = EDGE_CURVE('',#3405,#3335,#3436,.T.);
#3436 = LINE('',#3437,#3438);
#3437 = CARTESIAN_POINT('',(33.25,38.,0.71));
#3438 = VECTOR('',#3439,1.);
#3439 = DIRECTION('',(0.,-1.,0.));
#3440 = ORIENTED_EDGE('',*,*,#3332,.F.);
#3441 = ORIENTED_EDGE('',*,*,#3442,.F.);
#3442 = EDGE_CURVE('',#3413,#3333,#3443,.T.);
#3443 = LINE('',#3444,#3445);
#3444 = CARTESIAN_POINT('',(33.25,38.,0.));
#3445 = VECTOR('',#3446,1.);
#3446 = DIRECTION('',(0.,-1.,0.));
#3447 = PLANE('',#3448);
#3448 = AXIS2_PLACEMENT_3D('',#3449,#3450,#3451);
#3449 = CARTESIAN_POINT('',(33.25,38.,0.));
#3450 = DIRECTION('',(1.,0.,-0.));
#3451 = DIRECTION('',(0.,-1.,0.));
#3452 = ADVANCED_FACE('',(#3453),#3459,.F.);
#3453 = FACE_BOUND('',#3454,.T.);
#3454 = EDGE_LOOP('',(#3455,#3456,#3457,#3458));
#3455 = ORIENTED_EDGE('',*,*,#3358,.T.);
#3456 = ORIENTED_EDGE('',*,*,#3389,.T.);
#3457 = ORIENTED_EDGE('',*,*,#3420,.T.);
#3458 = ORIENTED_EDGE('',*,*,#3442,.T.);
#3459 = PLANE('',#3460);
#3460 = AXIS2_PLACEMENT_3D('',#3461,#3462,#3463);
#3461 = CARTESIAN_POINT('',(0.,0.,0.));
#3462 = DIRECTION('',(0.,0.,1.));
#3463 = DIRECTION('',(1.,0.,-0.));
#3464 = ADVANCED_FACE('',(#3465),#3471,.T.);
#3465 = FACE_BOUND('',#3466,.F.);
#3466 = EDGE_LOOP('',(#3467,#3468,#3469,#3470));
#3467 = ORIENTED_EDGE('',*,*,#3342,.T.);
#3468 = ORIENTED_EDGE('',*,*,#3373,.T.);
#3469 = ORIENTED_EDGE('',*,*,#3404,.T.);
#3470 = ORIENTED_EDGE('',*,*,#3435,.T.);
#3471 = PLANE('',#3472);
#3472 = AXIS2_PLACEMENT_3D('',#3473,#3474,#3475);
#3473 = CARTESIAN_POINT('',(0.,0.,0.71));
#3474 = DIRECTION('',(0.,0.,1.));
#3475 = DIRECTION('',(1.,0.,-0.));
#3476 = ( GEOMETRIC_REPRESENTATION_CONTEXT(3) 
GLOBAL_UNCERTAINTY_ASSIGNED_CONTEXT((#3480)) 
GLOBAL_UNIT_ASSIGNED_CONTEXT((#3477,#3478,#3479)) REPRESENTATION_CONTEXT
('Context #1','3D Context with UNIT and UNCERTAINTY') );
#3477 = ( LENGTH_UNIT() NAMED_UNIT(*) SI_UNIT(.MILLI.,.METRE.) );
#3478 = ( NAMED_UNIT(*) PLANE_ANGLE_UNIT() SI_UNIT($,.RADIAN.) );
#3479 = ( NAMED_UNIT(*) SI_UNIT($,.STERADIAN.) SOLID_ANGLE_UNIT() );
#3480 = UNCERTAINTY_MEASURE_WITH_UNIT(LENGTH_MEASURE(1.E-07),#3477,
  'distance_accuracy_value','confusion accuracy');
#3481 = CONTEXT_DEPENDENT_SHAPE_REPRESENTATION(#3482,#3484);
#3482 = ( REPRESENTATION_RELATIONSHIP('','',#3325,#10) 
REPRESENTATION_RELATIONSHIP_WITH_TRANSFORMATION(#3483) 
SHAPE_REPRESENTATION_RELATIONSHIP() );
#3483 = ITEM_DEFINED_TRANSFORMATION('','',#11,#35);
#3484 = PRODUCT_DEFINITION_SHAPE('Placement','Placement of an item',
  #3485);
#3485 = NEXT_ASSEMBLY_USAGE_OCCURRENCE('6','=>[0:1:1:7]','',#5,#3320,$);
#3486 = PRODUCT_RELATED_PRODUCT_CATEGORY('part',$,(#3322));
#3487 = MECHANICAL_DESIGN_GEOMETRIC_PRESENTATION_REPRESENTATION('',(
    #3488),#3213);
#3488 = STYLED_ITEM('color',(#3489),#2795);
#3489 = PRESENTATION_STYLE_ASSIGNMENT((#3490));
#3490 = SURFACE_STYLE_USAGE(.BOTH.,#3491);
#3491 = SURFACE_SIDE_STYLE('',(#3492,#3496));
#3492 = SURFACE_STYLE_FILL_AREA(#3493);
#3493 = FILL_AREA_STYLE('',(#3494));
#3494 = FILL_AREA_STYLE_COLOUR('',#3495);
#3495 = COLOUR_RGB('',0.313304153717,0.484529207832,0.410020903123);
#3496 = SURFACE_STYLE_RENDERING_WITH_PROPERTIES(.NORMAL_SHADING.,#3495,(
    #3497));
#3497 = SURFACE_STYLE_TRANSPARENT(0.170000016689);
#3498 = MECHANICAL_DESIGN_GEOMETRIC_PRESENTATION_REPRESENTATION('',(
    #3499),#3476);
#3499 = STYLED_ITEM('color',(#3500),#3326);
#3500 = PRESENTATION_STYLE_ASSIGNMENT((#3501));
#3501 = SURFACE_STYLE_USAGE(.BOTH.,#3502);
#3502 = SURFACE_SIDE_STYLE('',(#3503));
#3503 = SURFACE_STYLE_FILL_AREA(#3504);
#3504 = FILL_AREA_STYLE('',(#3505));
#3505 = FILL_AREA_STYLE_COLOUR('',#3506);
#3506 = COLOUR_RGB('',0.583831500637,0.583831500637,0.583831500637);
#3507 = MECHANICAL_DESIGN_GEOMETRIC_PRESENTATION_REPRESENTATION('',(
    #3508,#3516,#3523,#3530,#3537,#3544,#3551,#3558,#3565,#3572,#3579,
    #3586),#2651);
#3508 = STYLED_ITEM('color',(#3509),#862);
#3509 = PRESENTATION_STYLE_ASSIGNMENT((#3510));
#3510 = SURFACE_STYLE_USAGE(.BOTH.,#3511);
#3511 = SURFACE_SIDE_STYLE('',(#3512));
#3512 = SURFACE_STYLE_FILL_AREA(#3513);
#3513 = FILL_AREA_STYLE('',(#3514));
#3514 = FILL_AREA_STYLE_COLOUR('',#3515);
#3515 = COLOUR_RGB('',0.735356983052,0.735356983052,0.735356983052);
#3516 = STYLED_ITEM('color',(#3517),#1012);
#3517 = PRESENTATION_STYLE_ASSIGNMENT((#3518));
#3518 = SURFACE_STYLE_USAGE(.BOTH.,#3519);
#3519 = SURFACE_SIDE_STYLE('',(#3520));
#3520 = SURFACE_STYLE_FILL_AREA(#3521);
#3521 = FILL_AREA_STYLE('',(#3522));
#3522 = FILL_AREA_STYLE_COLOUR('',#3515);
#3523 = STYLED_ITEM('color',(#3524),#1302);
#3524 = PRESENTATION_STYLE_ASSIGNMENT((#3525));
#3525 = SURFACE_STYLE_USAGE(.BOTH.,#3526);
#3526 = SURFACE_SIDE_STYLE('',(#3527));
#3527 = SURFACE_STYLE_FILL_AREA(#3528);
#3528 = FILL_AREA_STYLE('',(#3529));
#3529 = FILL_AREA_STYLE_COLOUR('',#3515);
#3530 = STYLED_ITEM('color',(#3531),#1452);
#3531 = PRESENTATION_STYLE_ASSIGNMENT((#3532));
#3532 = SURFACE_STYLE_USAGE(.BOTH.,#3533);
#3533 = SURFACE_SIDE_STYLE('',(#3534));
#3534 = SURFACE_STYLE_FILL_AREA(#3535);
#3535 = FILL_AREA_STYLE('',(#3536));
#3536 = FILL_AREA_STYLE_COLOUR('',#3515);
#3537 = STYLED_ITEM('color',(#3538),#1505);
#3538 = PRESENTATION_STYLE_ASSIGNMENT((#3539));
#3539 = SURFACE_STYLE_USAGE(.BOTH.,#3540);
#3540 = SURFACE_SIDE_STYLE('',(#3541));
#3541 = SURFACE_STYLE_FILL_AREA(#3542);
#3542 = FILL_AREA_STYLE('',(#3543));
#3543 = FILL_AREA_STYLE_COLOUR('',#3515);
#3544 = STYLED_ITEM('color',(#3545),#1655);
#3545 = PRESENTATION_STYLE_ASSIGNMENT((#3546));
#3546 = SURFACE_STYLE_USAGE(.BOTH.,#3547);
#3547 = SURFACE_SIDE_STYLE('',(#3548));
#3548 = SURFACE_STYLE_FILL_AREA(#3549);
#3549 = FILL_AREA_STYLE('',(#3550));
#3550 = FILL_AREA_STYLE_COLOUR('',#3515);
#3551 = STYLED_ITEM('color',(#3552),#1805);
#3552 = PRESENTATION_STYLE_ASSIGNMENT((#3553));
#3553 = SURFACE_STYLE_USAGE(.BOTH.,#3554);
#3554 = SURFACE_SIDE_STYLE('',(#3555));
#3555 = SURFACE_STYLE_FILL_AREA(#3556);
#3556 = FILL_AREA_STYLE('',(#3557));
#3557 = FILL_AREA_STYLE_COLOUR('',#3515);
#3558 = STYLED_ITEM('color',(#3559),#1955);
#3559 = PRESENTATION_STYLE_ASSIGNMENT((#3560));
#3560 = SURFACE_STYLE_USAGE(.BOTH.,#3561);
#3561 = SURFACE_SIDE_STYLE('',(#3562));
#3562 = SURFACE_STYLE_FILL_AREA(#3563);
#3563 = FILL_AREA_STYLE('',(#3564));
#3564 = FILL_AREA_STYLE_COLOUR('',#3515);
#3565 = STYLED_ITEM('color',(#3566),#2008);
#3566 = PRESENTATION_STYLE_ASSIGNMENT((#3567));
#3567 = SURFACE_STYLE_USAGE(.BOTH.,#3568);
#3568 = SURFACE_SIDE_STYLE('',(#3569));
#3569 = SURFACE_STYLE_FILL_AREA(#3570);
#3570 = FILL_AREA_STYLE('',(#3571));
#3571 = FILL_AREA_STYLE_COLOUR('',#3515);
#3572 = STYLED_ITEM('color',(#3573),#2158);
#3573 = PRESENTATION_STYLE_ASSIGNMENT((#3574));
#3574 = SURFACE_STYLE_USAGE(.BOTH.,#3575);
#3575 = SURFACE_SIDE_STYLE('',(#3576));
#3576 = SURFACE_STYLE_FILL_AREA(#3577);
#3577 = FILL_AREA_STYLE('',(#3578));
#3578 = FILL_AREA_STYLE_COLOUR('',#3515);
#3579 = STYLED_ITEM('color',(#3580),#2308);
#3580 = PRESENTATION_STYLE_ASSIGNMENT((#3581));
#3581 = SURFACE_STYLE_USAGE(.BOTH.,#3582);
#3582 = SURFACE_SIDE_STYLE('',(#3583));
#3583 = SURFACE_STYLE_FILL_AREA(#3584);
#3584 = FILL_AREA_STYLE('',(#3585));
#3585 = FILL_AREA_STYLE_COLOUR('',#3515);
#3586 = STYLED_ITEM('color',(#3587),#2598);
#3587 = PRESENTATION_STYLE_ASSIGNMENT((#3588));
#3588 = SURFACE_STYLE_USAGE(.BOTH.,#3589);
#3589 = SURFACE_SIDE_STYLE('',(#3590));
#3590 = SURFACE_STYLE_FILL_AREA(#3591);
#3591 = FILL_AREA_STYLE('',(#3592));
#3592 = FILL_AREA_STYLE_COLOUR('',#3515);
#3593 = MECHANICAL_DESIGN_GEOMETRIC_PRESENTATION_REPRESENTATION('',(
    #3594),#3307);
#3594 = STYLED_ITEM('color',(#3595),#3234);
#3595 = PRESENTATION_STYLE_ASSIGNMENT((#3596));
#3596 = SURFACE_STYLE_USAGE(.BOTH.,#3597);
#3597 = SURFACE_SIDE_STYLE('',(#3598,#3601));
#3598 = SURFACE_STYLE_FILL_AREA(#3599);
#3599 = FILL_AREA_STYLE('',(#3600));
#3600 = FILL_AREA_STYLE_COLOUR('',#3495);
#3601 = SURFACE_STYLE_RENDERING_WITH_PROPERTIES(.NORMAL_SHADING.,#3495,(
    #3602));
#3602 = SURFACE_STYLE_TRANSPARENT(0.170000016689);
#3603 = MECHANICAL_DESIGN_GEOMETRIC_PRESENTATION_REPRESENTATION('',(
    #3604,#3614),#2774);
#3604 = STYLED_ITEM('color',(#3605),#2672);
#3605 = PRESENTATION_STYLE_ASSIGNMENT((#3606));
#3606 = SURFACE_STYLE_USAGE(.BOTH.,#3607);
#3607 = SURFACE_SIDE_STYLE('',(#3608,#3612));
#3608 = SURFACE_STYLE_FILL_AREA(#3609);
#3609 = FILL_AREA_STYLE('',(#3610));
#3610 = FILL_AREA_STYLE_COLOUR('',#3611);
#3611 = DRAUGHTING_PRE_DEFINED_COLOUR('white');
#3612 = SURFACE_STYLE_RENDERING_WITH_PROPERTIES(.NORMAL_SHADING.,#3611,(
    #3613));
#3613 = SURFACE_STYLE_TRANSPARENT(0.100000023842);
#3614 = STYLED_ITEM('color',(#3615),#2724);
#3615 = PRESENTATION_STYLE_ASSIGNMENT((#3616));
#3616 = SURFACE_STYLE_USAGE(.BOTH.,#3617);
#3617 = SURFACE_SIDE_STYLE('',(#3618,#3621));
#3618 = SURFACE_STYLE_FILL_AREA(#3619);
#3619 = FILL_AREA_STYLE('',(#3620));
#3620 = FILL_AREA_STYLE_COLOUR('',#3611);
#3621 = SURFACE_STYLE_RENDERING_WITH_PROPERTIES(.NORMAL_SHADING.,#3611,(
    #3622));
#3622 = SURFACE_STYLE_TRANSPARENT(0.100000023842);
ENDSEC;
END-ISO-10303-21;
