ISO-10303-21;
HEADER;
FILE_DESCRIPTION(('FreeCAD Model'),'2;1');
FILE_NAME('Open CASCADE Shape Model','2026-09-28T04:10:32',('FreeCAD'),(
    'FreeCAD'),'Open CASCADE STEP processor 7.9','FreeCAD','Unknown');
FILE_SCHEMA(('AUTOMOTIVE_DESIGN { 1 0 10303 214 1 1 1 1 }'));
ENDSEC;
DATA;
#1 = APPLICATION_PROTOCOL_DEFINITION('international standard',
  'automotive_design',2000,#2);
#2 = APPLICATION_CONTEXT(
  'core data for automotive mechanical design processes');
#3 = SHAPE_DEFINITION_REPRESENTATION(#4,#10);
#4 = PRODUCT_DEFINITION_SHAPE('','',#5);
#5 = PRODUCT_DEFINITION('design','',#6,#9);
#6 = PRODUCT_DEFINITION_FORMATION('','',#7);
#7 = PRODUCT('Open CASCADE STEP translator 7.9 10',
  'Open CASCADE STEP translator 7.9 10','',(#8));
#8 = PRODUCT_CONTEXT('',#2,'mechanical');
#9 = PRODUCT_DEFINITION_CONTEXT('part definition',#2,'design');
#10 = ADVANCED_BREP_SHAPE_REPRESENTATION('',(#11,#15),#4013);
#11 = AXIS2_PLACEMENT_3D('',#12,#13,#14);
#12 = CARTESIAN_POINT('',(0.,0.,0.));
#13 = DIRECTION('',(0.,0.,1.));
#14 = DIRECTION('',(1.,0.,-0.));
#15 = MANIFOLD_SOLID_BREP('',#16);
#16 = CLOSED_SHELL('',(#17,#89,#122,#153,#177,#201,#234,#297,#355,#386,
    #487,#518,#549,#571,#616,#729,#787,#845,#869,#893,#910,#922,#934,
    #958,#982,#999,#1011,#1080,#1121,#1153,#1178,#1210,#1242,#1276,#1335
    ,#1400,#1425,#1591,#1623,#1647,#1672,#1737,#1755,#1786,#1810,#1834,
    #1851,#1882,#1906,#1930,#1947,#1972,#2003,#2027,#2051,#2077,#2094,
    #2111,#2262,#2274,#2291,#2325,#2349,#2373,#2397,#2421,#2438,#2455,
    #2480,#2505,#2517,#2529,#2560,#2602,#2633,#2666,#2697,#2730,#2761,
    #2811,#2844,#2884,#2935,#2966,#2997,#3039,#3071,#3151,#3176,#3193,
    #3210,#3222,#3244,#3261,#3278,#3290,#3299,#3312,#3332,#3352,#3377,
    #3402,#3411,#3420,#3465,#3643,#3670,#3690,#3715,#3724,#3751,#3771,
    #3796,#3805,#3832,#3852,#3877,#3886,#3913,#3933,#3958,#3967,#3981,
    #3995));
#17 = ADVANCED_FACE('',(#18),#84,.F.);
#18 = FACE_BOUND('',#19,.F.);
#19 = EDGE_LOOP('',(#20,#30,#38,#46,#54,#62,#70,#78));
#20 = ORIENTED_EDGE('',*,*,#21,.F.);
#21 = EDGE_CURVE('',#22,#24,#26,.T.);
#22 = VERTEX_POINT('',#23);
#23 = CARTESIAN_POINT('',(8.,4.440892080918E-16,0.));
#24 = VERTEX_POINT('',#25);
#25 = CARTESIAN_POINT('',(34.,4.440892098501E-16,0.));
#26 = LINE('',#27,#28);
#27 = CARTESIAN_POINT('',(8.,0.,0.));
#28 = VECTOR('',#29,1.);
#29 = DIRECTION('',(1.,0.,0.));
#30 = ORIENTED_EDGE('',*,*,#31,.T.);
#31 = EDGE_CURVE('',#22,#32,#34,.T.);
#32 = VERTEX_POINT('',#33);
#33 = CARTESIAN_POINT('',(8.,4.440892080918E-16,14.));
#34 = LINE('',#35,#36);
#35 = CARTESIAN_POINT('',(8.,4.440892080918E-16,0.));
#36 = VECTOR('',#37,1.);
#37 = DIRECTION('',(0.,0.,1.));
#38 = ORIENTED_EDGE('',*,*,#39,.T.);
#39 = EDGE_CURVE('',#32,#40,#42,.T.);
#40 = VERTEX_POINT('',#41);
#41 = CARTESIAN_POINT('',(12.2,0.,14.));
#42 = LINE('',#43,#44);
#43 = CARTESIAN_POINT('',(8.,0.,14.));
#44 = VECTOR('',#45,1.);
#45 = DIRECTION('',(1.,0.,0.));
#46 = ORIENTED_EDGE('',*,*,#47,.T.);
#47 = EDGE_CURVE('',#40,#48,#50,.T.);
#48 = VERTEX_POINT('',#49);
#49 = CARTESIAN_POINT('',(12.2,0.,12.2));
#50 = LINE('',#51,#52);
#51 = CARTESIAN_POINT('',(12.2,0.,6.1));
#52 = VECTOR('',#53,1.);
#53 = DIRECTION('',(-0.,0.,-1.));
#54 = ORIENTED_EDGE('',*,*,#55,.T.);
#55 = EDGE_CURVE('',#48,#56,#58,.T.);
#56 = VERTEX_POINT('',#57);
#57 = CARTESIAN_POINT('',(29.8,0.,12.2));
#58 = LINE('',#59,#60);
#59 = CARTESIAN_POINT('',(10.1,0.,12.2));
#60 = VECTOR('',#61,1.);
#61 = DIRECTION('',(1.,0.,0.));
#62 = ORIENTED_EDGE('',*,*,#63,.F.);
#63 = EDGE_CURVE('',#64,#56,#66,.T.);
#64 = VERTEX_POINT('',#65);
#65 = CARTESIAN_POINT('',(29.8,0.,14.));
#66 = LINE('',#67,#68);
#67 = CARTESIAN_POINT('',(29.8,0.,6.1));
#68 = VECTOR('',#69,1.);
#69 = DIRECTION('',(-0.,0.,-1.));
#70 = ORIENTED_EDGE('',*,*,#71,.T.);
#71 = EDGE_CURVE('',#64,#72,#74,.T.);
#72 = VERTEX_POINT('',#73);
#73 = CARTESIAN_POINT('',(34.,4.440892098501E-16,14.));
#74 = LINE('',#75,#76);
#75 = CARTESIAN_POINT('',(8.,0.,14.));
#76 = VECTOR('',#77,1.);
#77 = DIRECTION('',(1.,0.,0.));
#78 = ORIENTED_EDGE('',*,*,#79,.F.);
#79 = EDGE_CURVE('',#24,#72,#80,.T.);
#80 = LINE('',#81,#82);
#81 = CARTESIAN_POINT('',(34.,4.440892098501E-16,0.));
#82 = VECTOR('',#83,1.);
#83 = DIRECTION('',(0.,0.,1.));
#84 = PLANE('',#85);
#85 = AXIS2_PLACEMENT_3D('',#86,#87,#88);
#86 = CARTESIAN_POINT('',(8.,0.,0.));
#87 = DIRECTION('',(0.,1.,0.));
#88 = DIRECTION('',(1.,0.,0.));
#89 = ADVANCED_FACE('',(#90),#117,.T.);
#90 = FACE_BOUND('',#91,.F.);
#91 = EDGE_LOOP('',(#92,#93,#102,#110));
#92 = ORIENTED_EDGE('',*,*,#79,.T.);
#93 = ORIENTED_EDGE('',*,*,#94,.T.);
#94 = EDGE_CURVE('',#72,#95,#97,.T.);
#95 = VERTEX_POINT('',#96);
#96 = CARTESIAN_POINT('',(42.,8.,14.));
#97 = CIRCLE('',#98,8.);
#98 = AXIS2_PLACEMENT_3D('',#99,#100,#101);
#99 = CARTESIAN_POINT('',(34.,8.,14.));
#100 = DIRECTION('',(0.,0.,1.));
#101 = DIRECTION('',(-8.881784197001E-16,-1.,0.));
#102 = ORIENTED_EDGE('',*,*,#103,.F.);
#103 = EDGE_CURVE('',#104,#95,#106,.T.);
#104 = VERTEX_POINT('',#105);
#105 = CARTESIAN_POINT('',(42.,8.,0.));
#106 = LINE('',#107,#108);
#107 = CARTESIAN_POINT('',(42.,8.,0.));
#108 = VECTOR('',#109,1.);
#109 = DIRECTION('',(0.,0.,1.));
#110 = ORIENTED_EDGE('',*,*,#111,.F.);
#111 = EDGE_CURVE('',#24,#104,#112,.T.);
#112 = CIRCLE('',#113,8.);
#113 = AXIS2_PLACEMENT_3D('',#114,#115,#116);
#114 = CARTESIAN_POINT('',(34.,8.,0.));
#115 = DIRECTION('',(0.,0.,1.));
#116 = DIRECTION('',(-8.881784197001E-16,-1.,0.));
#117 = CYLINDRICAL_SURFACE('',#118,8.);
#118 = AXIS2_PLACEMENT_3D('',#119,#120,#121);
#119 = CARTESIAN_POINT('',(34.,8.,0.));
#120 = DIRECTION('',(-0.,-0.,-1.));
#121 = DIRECTION('',(-8.881784197001E-16,-1.,0.));
#122 = ADVANCED_FACE('',(#123),#148,.F.);
#123 = FACE_BOUND('',#124,.F.);
#124 = EDGE_LOOP('',(#125,#126,#134,#142));
#125 = ORIENTED_EDGE('',*,*,#63,.T.);
#126 = ORIENTED_EDGE('',*,*,#127,.T.);
#127 = EDGE_CURVE('',#56,#128,#130,.T.);
#128 = VERTEX_POINT('',#129);
#129 = CARTESIAN_POINT('',(29.8,1.8,12.2));
#130 = LINE('',#131,#132);
#131 = CARTESIAN_POINT('',(29.8,-1.,12.2));
#132 = VECTOR('',#133,1.);
#133 = DIRECTION('',(-0.,1.,0.));
#134 = ORIENTED_EDGE('',*,*,#135,.F.);
#135 = EDGE_CURVE('',#136,#128,#138,.T.);
#136 = VERTEX_POINT('',#137);
#137 = CARTESIAN_POINT('',(29.8,1.8,14.));
#138 = LINE('',#139,#140);
#139 = CARTESIAN_POINT('',(29.8,1.8,7.));
#140 = VECTOR('',#141,1.);
#141 = DIRECTION('',(-0.,0.,-1.));
#142 = ORIENTED_EDGE('',*,*,#143,.F.);
#143 = EDGE_CURVE('',#64,#136,#144,.T.);
#144 = LINE('',#145,#146);
#145 = CARTESIAN_POINT('',(29.8,14.5,14.));
#146 = VECTOR('',#147,1.);
#147 = DIRECTION('',(-0.,1.,0.));
#148 = PLANE('',#149);
#149 = AXIS2_PLACEMENT_3D('',#150,#151,#152);
#150 = CARTESIAN_POINT('',(29.8,-1.,12.2));
#151 = DIRECTION('',(1.,0.,-0.));
#152 = DIRECTION('',(0.,0.,1.));
#153 = ADVANCED_FACE('',(#154),#172,.T.);
#154 = FACE_BOUND('',#155,.T.);
#155 = EDGE_LOOP('',(#156,#164,#165,#166));
#156 = ORIENTED_EDGE('',*,*,#157,.F.);
#157 = EDGE_CURVE('',#48,#158,#160,.T.);
#158 = VERTEX_POINT('',#159);
#159 = CARTESIAN_POINT('',(12.2,1.8,12.2));
#160 = LINE('',#161,#162);
#161 = CARTESIAN_POINT('',(12.2,-1.,12.2));
#162 = VECTOR('',#163,1.);
#163 = DIRECTION('',(-0.,1.,0.));
#164 = ORIENTED_EDGE('',*,*,#55,.T.);
#165 = ORIENTED_EDGE('',*,*,#127,.T.);
#166 = ORIENTED_EDGE('',*,*,#167,.F.);
#167 = EDGE_CURVE('',#158,#128,#168,.T.);
#168 = LINE('',#169,#170);
#169 = CARTESIAN_POINT('',(10.1,1.8,12.2));
#170 = VECTOR('',#171,1.);
#171 = DIRECTION('',(1.,0.,0.));
#172 = PLANE('',#173);
#173 = AXIS2_PLACEMENT_3D('',#174,#175,#176);
#174 = CARTESIAN_POINT('',(12.2,-1.,12.2));
#175 = DIRECTION('',(0.,0.,1.));
#176 = DIRECTION('',(1.,0.,-0.));
#177 = ADVANCED_FACE('',(#178),#196,.T.);
#178 = FACE_BOUND('',#179,.T.);
#179 = EDGE_LOOP('',(#180,#181,#182,#190));
#180 = ORIENTED_EDGE('',*,*,#47,.T.);
#181 = ORIENTED_EDGE('',*,*,#157,.T.);
#182 = ORIENTED_EDGE('',*,*,#183,.F.);
#183 = EDGE_CURVE('',#184,#158,#186,.T.);
#184 = VERTEX_POINT('',#185);
#185 = CARTESIAN_POINT('',(12.2,1.8,14.));
#186 = LINE('',#187,#188);
#187 = CARTESIAN_POINT('',(12.2,1.8,7.));
#188 = VECTOR('',#189,1.);
#189 = DIRECTION('',(-0.,0.,-1.));
#190 = ORIENTED_EDGE('',*,*,#191,.F.);
#191 = EDGE_CURVE('',#40,#184,#192,.T.);
#192 = LINE('',#193,#194);
#193 = CARTESIAN_POINT('',(12.2,14.5,14.));
#194 = VECTOR('',#195,1.);
#195 = DIRECTION('',(-0.,1.,0.));
#196 = PLANE('',#197);
#197 = AXIS2_PLACEMENT_3D('',#198,#199,#200);
#198 = CARTESIAN_POINT('',(12.2,-1.,12.2));
#199 = DIRECTION('',(1.,0.,-0.));
#200 = DIRECTION('',(0.,0.,1.));
#201 = ADVANCED_FACE('',(#202),#229,.T.);
#202 = FACE_BOUND('',#203,.F.);
#203 = EDGE_LOOP('',(#204,#214,#221,#222));
#204 = ORIENTED_EDGE('',*,*,#205,.T.);
#205 = EDGE_CURVE('',#206,#208,#210,.T.);
#206 = VERTEX_POINT('',#207);
#207 = CARTESIAN_POINT('',(4.440892098501E-16,8.,0.));
#208 = VERTEX_POINT('',#209);
#209 = CARTESIAN_POINT('',(4.440892098501E-16,8.,14.));
#210 = LINE('',#211,#212);
#211 = CARTESIAN_POINT('',(4.440892098501E-16,8.,0.));
#212 = VECTOR('',#213,1.);
#213 = DIRECTION('',(0.,0.,1.));
#214 = ORIENTED_EDGE('',*,*,#215,.T.);
#215 = EDGE_CURVE('',#208,#32,#216,.T.);
#216 = CIRCLE('',#217,8.);
#217 = AXIS2_PLACEMENT_3D('',#218,#219,#220);
#218 = CARTESIAN_POINT('',(8.,8.,14.));
#219 = DIRECTION('',(0.,0.,1.));
#220 = DIRECTION('',(-1.,2.22044604925E-16,0.));
#221 = ORIENTED_EDGE('',*,*,#31,.F.);
#222 = ORIENTED_EDGE('',*,*,#223,.F.);
#223 = EDGE_CURVE('',#206,#22,#224,.T.);
#224 = CIRCLE('',#225,8.);
#225 = AXIS2_PLACEMENT_3D('',#226,#227,#228);
#226 = CARTESIAN_POINT('',(8.,8.,0.));
#227 = DIRECTION('',(0.,0.,1.));
#228 = DIRECTION('',(-1.,2.22044604925E-16,0.));
#229 = CYLINDRICAL_SURFACE('',#230,8.);
#230 = AXIS2_PLACEMENT_3D('',#231,#232,#233);
#231 = CARTESIAN_POINT('',(8.,8.,0.));
#232 = DIRECTION('',(-0.,-0.,-1.));
#233 = DIRECTION('',(-1.,2.22044604925E-16,0.));
#234 = ADVANCED_FACE('',(#235),#292,.F.);
#235 = FACE_BOUND('',#236,.F.);
#236 = EDGE_LOOP('',(#237,#245,#253,#261,#269,#277,#285,#291));
#237 = ORIENTED_EDGE('',*,*,#238,.F.);
#238 = EDGE_CURVE('',#239,#206,#241,.T.);
#239 = VERTEX_POINT('',#240);
#240 = CARTESIAN_POINT('',(8.881784197001E-16,52.,0.));
#241 = LINE('',#242,#243);
#242 = CARTESIAN_POINT('',(0.,52.,0.));
#243 = VECTOR('',#244,1.);
#244 = DIRECTION('',(0.,-1.,0.));
#245 = ORIENTED_EDGE('',*,*,#246,.T.);
#246 = EDGE_CURVE('',#239,#247,#249,.T.);
#247 = VERTEX_POINT('',#248);
#248 = CARTESIAN_POINT('',(8.881784197001E-16,52.,1.2));
#249 = LINE('',#250,#251);
#250 = CARTESIAN_POINT('',(8.881784197001E-16,52.,0.));
#251 = VECTOR('',#252,1.);
#252 = DIRECTION('',(0.,0.,1.));
#253 = ORIENTED_EDGE('',*,*,#254,.F.);
#254 = EDGE_CURVE('',#255,#247,#257,.T.);
#255 = VERTEX_POINT('',#256);
#256 = CARTESIAN_POINT('',(0.,11.8,1.2));
#257 = LINE('',#258,#259);
#258 = CARTESIAN_POINT('',(0.,31.9,1.2));
#259 = VECTOR('',#260,1.);
#260 = DIRECTION('',(0.,1.,0.));
#261 = ORIENTED_EDGE('',*,*,#262,.F.);
#262 = EDGE_CURVE('',#263,#255,#265,.T.);
#263 = VERTEX_POINT('',#264);
#264 = CARTESIAN_POINT('',(0.,11.8,2.8));
#265 = LINE('',#266,#267);
#266 = CARTESIAN_POINT('',(0.,11.8,0.959099025767));
#267 = VECTOR('',#268,1.);
#268 = DIRECTION('',(-0.,0.,-1.));
#269 = ORIENTED_EDGE('',*,*,#270,.F.);
#270 = EDGE_CURVE('',#271,#263,#273,.T.);
#271 = VERTEX_POINT('',#272);
#272 = CARTESIAN_POINT('',(8.881784197001E-16,52.,2.8));
#273 = LINE('',#274,#275);
#274 = CARTESIAN_POINT('',(0.,31.9,2.8));
#275 = VECTOR('',#276,1.);
#276 = DIRECTION('',(0.,-1.,-0.));
#277 = ORIENTED_EDGE('',*,*,#278,.T.);
#278 = EDGE_CURVE('',#271,#279,#281,.T.);
#279 = VERTEX_POINT('',#280);
#280 = CARTESIAN_POINT('',(8.881784197001E-16,52.,14.));
#281 = LINE('',#282,#283);
#282 = CARTESIAN_POINT('',(8.881784197001E-16,52.,0.));
#283 = VECTOR('',#284,1.);
#284 = DIRECTION('',(0.,0.,1.));
#285 = ORIENTED_EDGE('',*,*,#286,.T.);
#286 = EDGE_CURVE('',#279,#208,#287,.T.);
#287 = LINE('',#288,#289);
#288 = CARTESIAN_POINT('',(0.,52.,14.));
#289 = VECTOR('',#290,1.);
#290 = DIRECTION('',(0.,-1.,0.));
#291 = ORIENTED_EDGE('',*,*,#205,.F.);
#292 = PLANE('',#293);
#293 = AXIS2_PLACEMENT_3D('',#294,#295,#296);
#294 = CARTESIAN_POINT('',(0.,52.,0.));
#295 = DIRECTION('',(1.,0.,-0.));
#296 = DIRECTION('',(0.,-1.,0.));
#297 = ADVANCED_FACE('',(#298),#350,.T.);
#298 = FACE_BOUND('',#299,.F.);
#299 = EDGE_LOOP('',(#300,#309,#317,#324,#325,#334,#342,#349));
#300 = ORIENTED_EDGE('',*,*,#301,.F.);
#301 = EDGE_CURVE('',#302,#239,#304,.T.);
#302 = VERTEX_POINT('',#303);
#303 = CARTESIAN_POINT('',(8.,60.,0.));
#304 = CIRCLE('',#305,8.);
#305 = AXIS2_PLACEMENT_3D('',#306,#307,#308);
#306 = CARTESIAN_POINT('',(8.,52.,0.));
#307 = DIRECTION('',(0.,0.,1.));
#308 = DIRECTION('',(6.661338147751E-16,1.,-0.));
#309 = ORIENTED_EDGE('',*,*,#310,.T.);
#310 = EDGE_CURVE('',#302,#311,#313,.T.);
#311 = VERTEX_POINT('',#312);
#312 = CARTESIAN_POINT('',(8.,60.,14.));
#313 = LINE('',#314,#315);
#314 = CARTESIAN_POINT('',(8.,60.,0.));
#315 = VECTOR('',#316,1.);
#316 = DIRECTION('',(0.,0.,1.));
#317 = ORIENTED_EDGE('',*,*,#318,.T.);
#318 = EDGE_CURVE('',#311,#279,#319,.T.);
#319 = CIRCLE('',#320,8.);
#320 = AXIS2_PLACEMENT_3D('',#321,#322,#323);
#321 = CARTESIAN_POINT('',(8.,52.,14.));
#322 = DIRECTION('',(0.,0.,1.));
#323 = DIRECTION('',(6.661338147751E-16,1.,-0.));
#324 = ORIENTED_EDGE('',*,*,#278,.F.);
#325 = ORIENTED_EDGE('',*,*,#326,.F.);
#326 = EDGE_CURVE('',#327,#271,#329,.T.);
#327 = VERTEX_POINT('',#328);
#328 = CARTESIAN_POINT('',(0.8,55.487119154832,2.));
#329 = ELLIPSE('',#330,11.313708498985,8.);
#330 = AXIS2_PLACEMENT_3D('',#331,#332,#333);
#331 = CARTESIAN_POINT('',(8.,52.,-5.2));
#332 = DIRECTION('',(0.707106781187,-0.,0.707106781187));
#333 = DIRECTION('',(0.707106781187,-0.,-0.707106781187));
#334 = ORIENTED_EDGE('',*,*,#335,.T.);
#335 = EDGE_CURVE('',#327,#336,#338,.T.);
#336 = VERTEX_POINT('',#337);
#337 = CARTESIAN_POINT('',(0.8,55.487119154832,1.2));
#338 = LINE('',#339,#340);
#339 = CARTESIAN_POINT('',(0.8,55.487119154833,0.));
#340 = VECTOR('',#341,1.);
#341 = DIRECTION('',(-0.,-0.,-1.));
#342 = ORIENTED_EDGE('',*,*,#343,.F.);
#343 = EDGE_CURVE('',#247,#336,#344,.T.);
#344 = CIRCLE('',#345,8.);
#345 = AXIS2_PLACEMENT_3D('',#346,#347,#348);
#346 = CARTESIAN_POINT('',(8.,52.,1.2));
#347 = DIRECTION('',(0.,-0.,-1.));
#348 = DIRECTION('',(6.661338147751E-16,1.,-0.));
#349 = ORIENTED_EDGE('',*,*,#246,.F.);
#350 = CYLINDRICAL_SURFACE('',#351,8.);
#351 = AXIS2_PLACEMENT_3D('',#352,#353,#354);
#352 = CARTESIAN_POINT('',(8.,52.,0.));
#353 = DIRECTION('',(-0.,-0.,-1.));
#354 = DIRECTION('',(6.661338147751E-16,1.,-0.));
#355 = ADVANCED_FACE('',(#356),#381,.F.);
#356 = FACE_BOUND('',#357,.F.);
#357 = EDGE_LOOP('',(#358,#368,#374,#375));
#358 = ORIENTED_EDGE('',*,*,#359,.T.);
#359 = EDGE_CURVE('',#360,#362,#364,.T.);
#360 = VERTEX_POINT('',#361);
#361 = CARTESIAN_POINT('',(34.,60.,0.));
#362 = VERTEX_POINT('',#363);
#363 = CARTESIAN_POINT('',(34.,60.,14.));
#364 = LINE('',#365,#366);
#365 = CARTESIAN_POINT('',(34.,60.,0.));
#366 = VECTOR('',#367,1.);
#367 = DIRECTION('',(0.,0.,1.));
#368 = ORIENTED_EDGE('',*,*,#369,.T.);
#369 = EDGE_CURVE('',#362,#311,#370,.T.);
#370 = LINE('',#371,#372);
#371 = CARTESIAN_POINT('',(34.,60.,14.));
#372 = VECTOR('',#373,1.);
#373 = DIRECTION('',(-1.,0.,0.));
#374 = ORIENTED_EDGE('',*,*,#310,.F.);
#375 = ORIENTED_EDGE('',*,*,#376,.F.);
#376 = EDGE_CURVE('',#360,#302,#377,.T.);
#377 = LINE('',#378,#379);
#378 = CARTESIAN_POINT('',(34.,60.,0.));
#379 = VECTOR('',#380,1.);
#380 = DIRECTION('',(-1.,0.,0.));
#381 = PLANE('',#382);
#382 = AXIS2_PLACEMENT_3D('',#383,#384,#385);
#383 = CARTESIAN_POINT('',(34.,60.,0.));
#384 = DIRECTION('',(0.,-1.,0.));
#385 = DIRECTION('',(-1.,0.,0.));
#386 = ADVANCED_FACE('',(#387),#482,.T.);
#387 = FACE_BOUND('',#388,.F.);
#388 = EDGE_LOOP('',(#389,#400,#408,#417,#425,#434,#442,#449,#450,#459,
    #467,#476));
#389 = ORIENTED_EDGE('',*,*,#390,.F.);
#390 = EDGE_CURVE('',#391,#393,#395,.T.);
#391 = VERTEX_POINT('',#392);
#392 = CARTESIAN_POINT('',(42.,52.,0.));
#393 = VERTEX_POINT('',#394);
#394 = CARTESIAN_POINT('',(40.1,57.175905717843,0.));
#395 = CIRCLE('',#396,8.);
#396 = AXIS2_PLACEMENT_3D('',#397,#398,#399);
#397 = CARTESIAN_POINT('',(34.,52.,0.));
#398 = DIRECTION('',(0.,0.,1.));
#399 = DIRECTION('',(1.,-1.7763568394E-15,0.));
#400 = ORIENTED_EDGE('',*,*,#401,.T.);
#401 = EDGE_CURVE('',#391,#402,#404,.T.);
#402 = VERTEX_POINT('',#403);
#403 = CARTESIAN_POINT('',(42.,52.,1.2));
#404 = LINE('',#405,#406);
#405 = CARTESIAN_POINT('',(42.,52.,0.));
#406 = VECTOR('',#407,1.);
#407 = DIRECTION('',(0.,0.,1.));
#408 = ORIENTED_EDGE('',*,*,#409,.F.);
#409 = EDGE_CURVE('',#410,#402,#412,.T.);
#410 = VERTEX_POINT('',#411);
#411 = CARTESIAN_POINT('',(41.2,55.487119154833,1.2));
#412 = CIRCLE('',#413,8.);
#413 = AXIS2_PLACEMENT_3D('',#414,#415,#416);
#414 = CARTESIAN_POINT('',(34.,52.,1.2));
#415 = DIRECTION('',(0.,-0.,-1.));
#416 = DIRECTION('',(1.,-1.7763568394E-15,0.));
#417 = ORIENTED_EDGE('',*,*,#418,.F.);
#418 = EDGE_CURVE('',#419,#410,#421,.T.);
#419 = VERTEX_POINT('',#420);
#420 = CARTESIAN_POINT('',(41.2,55.487119154833,2.));
#421 = LINE('',#422,#423);
#422 = CARTESIAN_POINT('',(41.2,55.487119154833,0.));
#423 = VECTOR('',#424,1.);
#424 = DIRECTION('',(-0.,-0.,-1.));
#425 = ORIENTED_EDGE('',*,*,#426,.F.);
#426 = EDGE_CURVE('',#427,#419,#429,.T.);
#427 = VERTEX_POINT('',#428);
#428 = CARTESIAN_POINT('',(42.,52.,2.8));
#429 = ELLIPSE('',#430,11.313708498985,8.);
#430 = AXIS2_PLACEMENT_3D('',#431,#432,#433);
#431 = CARTESIAN_POINT('',(34.,52.,-5.2));
#432 = DIRECTION('',(-0.707106781187,0.,0.707106781187));
#433 = DIRECTION('',(-0.707106781187,0.,-0.707106781187));
#434 = ORIENTED_EDGE('',*,*,#435,.T.);
#435 = EDGE_CURVE('',#427,#436,#438,.T.);
#436 = VERTEX_POINT('',#437);
#437 = CARTESIAN_POINT('',(42.,52.,14.));
#438 = LINE('',#439,#440);
#439 = CARTESIAN_POINT('',(42.,52.,0.));
#440 = VECTOR('',#441,1.);
#441 = DIRECTION('',(0.,0.,1.));
#442 = ORIENTED_EDGE('',*,*,#443,.T.);
#443 = EDGE_CURVE('',#436,#362,#444,.T.);
#444 = CIRCLE('',#445,8.);
#445 = AXIS2_PLACEMENT_3D('',#446,#447,#448);
#446 = CARTESIAN_POINT('',(34.,52.,14.));
#447 = DIRECTION('',(0.,0.,1.));
#448 = DIRECTION('',(1.,-1.7763568394E-15,0.));
#449 = ORIENTED_EDGE('',*,*,#359,.F.);
#450 = ORIENTED_EDGE('',*,*,#451,.F.);
#451 = EDGE_CURVE('',#452,#360,#454,.T.);
#452 = VERTEX_POINT('',#453);
#453 = CARTESIAN_POINT('',(36.9,59.455870170543,0.));
#454 = CIRCLE('',#455,8.);
#455 = AXIS2_PLACEMENT_3D('',#456,#457,#458);
#456 = CARTESIAN_POINT('',(34.,52.,0.));
#457 = DIRECTION('',(0.,0.,1.));
#458 = DIRECTION('',(1.,-1.7763568394E-15,0.));
#459 = ORIENTED_EDGE('',*,*,#460,.F.);
#460 = EDGE_CURVE('',#461,#452,#463,.T.);
#461 = VERTEX_POINT('',#462);
#462 = CARTESIAN_POINT('',(36.9,59.455870170544,1.));
#463 = LINE('',#464,#465);
#464 = CARTESIAN_POINT('',(36.9,59.455870170543,0.));
#465 = VECTOR('',#466,1.);
#466 = DIRECTION('',(-0.,-0.,-1.));
#467 = ORIENTED_EDGE('',*,*,#468,.T.);
#468 = EDGE_CURVE('',#461,#469,#471,.T.);
#469 = VERTEX_POINT('',#470);
#470 = CARTESIAN_POINT('',(40.1,57.175905717843,1.));
#471 = CIRCLE('',#472,8.);
#472 = AXIS2_PLACEMENT_3D('',#473,#474,#475);
#473 = CARTESIAN_POINT('',(34.,52.,1.));
#474 = DIRECTION('',(0.,-0.,-1.));
#475 = DIRECTION('',(1.,-1.7763568394E-15,0.));
#476 = ORIENTED_EDGE('',*,*,#477,.T.);
#477 = EDGE_CURVE('',#469,#393,#478,.T.);
#478 = LINE('',#479,#480);
#479 = CARTESIAN_POINT('',(40.1,57.175905717843,0.));
#480 = VECTOR('',#481,1.);
#481 = DIRECTION('',(-0.,-0.,-1.));
#482 = CYLINDRICAL_SURFACE('',#483,8.);
#483 = AXIS2_PLACEMENT_3D('',#484,#485,#486);
#484 = CARTESIAN_POINT('',(34.,52.,0.));
#485 = DIRECTION('',(-0.,-0.,-1.));
#486 = DIRECTION('',(1.,-1.7763568394E-15,0.));
#487 = ADVANCED_FACE('',(#488),#513,.T.);
#488 = FACE_BOUND('',#489,.T.);
#489 = EDGE_LOOP('',(#490,#500,#506,#507));
#490 = ORIENTED_EDGE('',*,*,#491,.F.);
#491 = EDGE_CURVE('',#492,#494,#496,.T.);
#492 = VERTEX_POINT('',#493);
#493 = CARTESIAN_POINT('',(36.9,46.,0.));
#494 = VERTEX_POINT('',#495);
#495 = CARTESIAN_POINT('',(36.9,46.,1.));
#496 = LINE('',#497,#498);
#497 = CARTESIAN_POINT('',(36.9,46.,-0.1));
#498 = VECTOR('',#499,1.);
#499 = DIRECTION('',(0.,0.,1.));
#500 = ORIENTED_EDGE('',*,*,#501,.T.);
#501 = EDGE_CURVE('',#492,#452,#502,.T.);
#502 = LINE('',#503,#504);
#503 = CARTESIAN_POINT('',(36.9,38.,0.));
#504 = VECTOR('',#505,1.);
#505 = DIRECTION('',(-0.,1.,0.));
#506 = ORIENTED_EDGE('',*,*,#460,.F.);
#507 = ORIENTED_EDGE('',*,*,#508,.F.);
#508 = EDGE_CURVE('',#494,#461,#509,.T.);
#509 = LINE('',#510,#511);
#510 = CARTESIAN_POINT('',(36.9,46.,1.));
#511 = VECTOR('',#512,1.);
#512 = DIRECTION('',(-0.,1.,0.));
#513 = PLANE('',#514);
#514 = AXIS2_PLACEMENT_3D('',#515,#516,#517);
#515 = CARTESIAN_POINT('',(36.9,46.,-0.1));
#516 = DIRECTION('',(1.,0.,-0.));
#517 = DIRECTION('',(0.,0.,1.));
#518 = ADVANCED_FACE('',(#519),#544,.T.);
#519 = FACE_BOUND('',#520,.T.);
#520 = EDGE_LOOP('',(#521,#531,#537,#538));
#521 = ORIENTED_EDGE('',*,*,#522,.F.);
#522 = EDGE_CURVE('',#523,#525,#527,.T.);
#523 = VERTEX_POINT('',#524);
#524 = CARTESIAN_POINT('',(40.1,46.,0.));
#525 = VERTEX_POINT('',#526);
#526 = CARTESIAN_POINT('',(40.1,46.,1.));
#527 = LINE('',#528,#529);
#528 = CARTESIAN_POINT('',(40.1,46.,-0.1));
#529 = VECTOR('',#530,1.);
#530 = DIRECTION('',(0.,0.,1.));
#531 = ORIENTED_EDGE('',*,*,#532,.T.);
#532 = EDGE_CURVE('',#523,#492,#533,.T.);
#533 = LINE('',#534,#535);
#534 = CARTESIAN_POINT('',(28.95,46.,0.));
#535 = VECTOR('',#536,1.);
#536 = DIRECTION('',(-1.,-0.,0.));
#537 = ORIENTED_EDGE('',*,*,#491,.T.);
#538 = ORIENTED_EDGE('',*,*,#539,.T.);
#539 = EDGE_CURVE('',#494,#525,#540,.T.);
#540 = LINE('',#541,#542);
#541 = CARTESIAN_POINT('',(36.9,46.,1.));
#542 = VECTOR('',#543,1.);
#543 = DIRECTION('',(1.,0.,-0.));
#544 = PLANE('',#545);
#545 = AXIS2_PLACEMENT_3D('',#546,#547,#548);
#546 = CARTESIAN_POINT('',(36.9,46.,-0.1));
#547 = DIRECTION('',(-0.,1.,0.));
#548 = DIRECTION('',(0.,0.,1.));
#549 = ADVANCED_FACE('',(#550),#566,.F.);
#550 = FACE_BOUND('',#551,.F.);
#551 = EDGE_LOOP('',(#552,#553,#559,#560));
#552 = ORIENTED_EDGE('',*,*,#522,.F.);
#553 = ORIENTED_EDGE('',*,*,#554,.T.);
#554 = EDGE_CURVE('',#523,#393,#555,.T.);
#555 = LINE('',#556,#557);
#556 = CARTESIAN_POINT('',(40.1,38.,0.));
#557 = VECTOR('',#558,1.);
#558 = DIRECTION('',(-0.,1.,0.));
#559 = ORIENTED_EDGE('',*,*,#477,.F.);
#560 = ORIENTED_EDGE('',*,*,#561,.F.);
#561 = EDGE_CURVE('',#525,#469,#562,.T.);
#562 = LINE('',#563,#564);
#563 = CARTESIAN_POINT('',(40.1,46.,1.));
#564 = VECTOR('',#565,1.);
#565 = DIRECTION('',(-0.,1.,0.));
#566 = PLANE('',#567);
#567 = AXIS2_PLACEMENT_3D('',#568,#569,#570);
#568 = CARTESIAN_POINT('',(40.1,46.,-0.1));
#569 = DIRECTION('',(1.,0.,-0.));
#570 = DIRECTION('',(0.,0.,1.));
#571 = ADVANCED_FACE('',(#572),#611,.F.);
#572 = FACE_BOUND('',#573,.F.);
#573 = EDGE_LOOP('',(#574,#580,#581,#587,#588,#596,#604,#610));
#574 = ORIENTED_EDGE('',*,*,#575,.F.);
#575 = EDGE_CURVE('',#104,#391,#576,.T.);
#576 = LINE('',#577,#578);
#577 = CARTESIAN_POINT('',(42.,8.,0.));
#578 = VECTOR('',#579,1.);
#579 = DIRECTION('',(0.,1.,0.));
#580 = ORIENTED_EDGE('',*,*,#103,.T.);
#581 = ORIENTED_EDGE('',*,*,#582,.T.);
#582 = EDGE_CURVE('',#95,#436,#583,.T.);
#583 = LINE('',#584,#585);
#584 = CARTESIAN_POINT('',(42.,8.,14.));
#585 = VECTOR('',#586,1.);
#586 = DIRECTION('',(0.,1.,0.));
#587 = ORIENTED_EDGE('',*,*,#435,.F.);
#588 = ORIENTED_EDGE('',*,*,#589,.F.);
#589 = EDGE_CURVE('',#590,#427,#592,.T.);
#590 = VERTEX_POINT('',#591);
#591 = CARTESIAN_POINT('',(42.,11.8,2.8));
#592 = LINE('',#593,#594);
#593 = CARTESIAN_POINT('',(42.,9.9,2.8));
#594 = VECTOR('',#595,1.);
#595 = DIRECTION('',(0.,1.,0.));
#596 = ORIENTED_EDGE('',*,*,#597,.F.);
#597 = EDGE_CURVE('',#598,#590,#600,.T.);
#598 = VERTEX_POINT('',#599);
#599 = CARTESIAN_POINT('',(42.,11.8,1.2));
#600 = LINE('',#601,#602);
#601 = CARTESIAN_POINT('',(42.,11.8,0.959099025767));
#602 = VECTOR('',#603,1.);
#603 = DIRECTION('',(0.,-0.,1.));
#604 = ORIENTED_EDGE('',*,*,#605,.F.);
#605 = EDGE_CURVE('',#402,#598,#606,.T.);
#606 = LINE('',#607,#608);
#607 = CARTESIAN_POINT('',(42.,9.9,1.2));
#608 = VECTOR('',#609,1.);
#609 = DIRECTION('',(-0.,-1.,-0.));
#610 = ORIENTED_EDGE('',*,*,#401,.F.);
#611 = PLANE('',#612);
#612 = AXIS2_PLACEMENT_3D('',#613,#614,#615);
#613 = CARTESIAN_POINT('',(42.,8.,0.));
#614 = DIRECTION('',(-1.,0.,0.));
#615 = DIRECTION('',(0.,1.,0.));
#616 = ADVANCED_FACE('',(#617),#724,.T.);
#617 = FACE_BOUND('',#618,.T.);
#618 = EDGE_LOOP('',(#619,#629,#637,#645,#653,#661,#669,#675,#676,#677,
    #678,#686,#694,#702,#710,#718));
#619 = ORIENTED_EDGE('',*,*,#620,.F.);
#620 = EDGE_CURVE('',#621,#623,#625,.T.);
#621 = VERTEX_POINT('',#622);
#622 = CARTESIAN_POINT('',(8.,1.8,1.8));
#623 = VERTEX_POINT('',#624);
#624 = CARTESIAN_POINT('',(34.,1.8,1.8));
#625 = LINE('',#626,#627);
#626 = CARTESIAN_POINT('',(8.,1.8,1.8));
#627 = VECTOR('',#628,1.);
#628 = DIRECTION('',(1.,0.,0.));
#629 = ORIENTED_EDGE('',*,*,#630,.T.);
#630 = EDGE_CURVE('',#621,#631,#633,.T.);
#631 = VERTEX_POINT('',#632);
#632 = CARTESIAN_POINT('',(8.,1.8,10.8));
#633 = LINE('',#634,#635);
#634 = CARTESIAN_POINT('',(8.,1.8,1.8));
#635 = VECTOR('',#636,1.);
#636 = DIRECTION('',(0.,0.,1.));
#637 = ORIENTED_EDGE('',*,*,#638,.T.);
#638 = EDGE_CURVE('',#631,#639,#641,.T.);
#639 = VERTEX_POINT('',#640);
#640 = CARTESIAN_POINT('',(12.,1.8,10.8));
#641 = LINE('',#642,#643);
#642 = CARTESIAN_POINT('',(7.,1.8,10.8));
#643 = VECTOR('',#644,1.);
#644 = DIRECTION('',(1.,0.,-0.));
#645 = ORIENTED_EDGE('',*,*,#646,.T.);
#646 = EDGE_CURVE('',#639,#647,#649,.T.);
#647 = VERTEX_POINT('',#648);
#648 = CARTESIAN_POINT('',(12.,1.8,11.8));
#649 = LINE('',#650,#651);
#650 = CARTESIAN_POINT('',(12.,1.8,10.8));
#651 = VECTOR('',#652,1.);
#652 = DIRECTION('',(0.,0.,1.));
#653 = ORIENTED_EDGE('',*,*,#654,.F.);
#654 = EDGE_CURVE('',#655,#647,#657,.T.);
#655 = VERTEX_POINT('',#656);
#656 = CARTESIAN_POINT('',(8.,1.8,11.8));
#657 = LINE('',#658,#659);
#658 = CARTESIAN_POINT('',(7.,1.8,11.8));
#659 = VECTOR('',#660,1.);
#660 = DIRECTION('',(1.,0.,-0.));
#661 = ORIENTED_EDGE('',*,*,#662,.T.);
#662 = EDGE_CURVE('',#655,#663,#665,.T.);
#663 = VERTEX_POINT('',#664);
#664 = CARTESIAN_POINT('',(8.,1.8,14.));
#665 = LINE('',#666,#667);
#666 = CARTESIAN_POINT('',(8.,1.8,1.8));
#667 = VECTOR('',#668,1.);
#668 = DIRECTION('',(0.,0.,1.));
#669 = ORIENTED_EDGE('',*,*,#670,.F.);
#670 = EDGE_CURVE('',#184,#663,#671,.T.);
#671 = LINE('',#672,#673);
#672 = CARTESIAN_POINT('',(14.5,1.8,14.));
#673 = VECTOR('',#674,1.);
#674 = DIRECTION('',(-1.,0.,0.));
#675 = ORIENTED_EDGE('',*,*,#183,.T.);
#676 = ORIENTED_EDGE('',*,*,#167,.T.);
#677 = ORIENTED_EDGE('',*,*,#135,.F.);
#678 = ORIENTED_EDGE('',*,*,#679,.F.);
#679 = EDGE_CURVE('',#680,#136,#682,.T.);
#680 = VERTEX_POINT('',#681);
#681 = CARTESIAN_POINT('',(34.,1.8,14.));
#682 = LINE('',#683,#684);
#683 = CARTESIAN_POINT('',(14.5,1.8,14.));
#684 = VECTOR('',#685,1.);
#685 = DIRECTION('',(-1.,0.,0.));
#686 = ORIENTED_EDGE('',*,*,#687,.F.);
#687 = EDGE_CURVE('',#688,#680,#690,.T.);
#688 = VERTEX_POINT('',#689);
#689 = CARTESIAN_POINT('',(34.,1.8,11.8));
#690 = LINE('',#691,#692);
#691 = CARTESIAN_POINT('',(34.,1.8,1.8));
#692 = VECTOR('',#693,1.);
#693 = DIRECTION('',(0.,0.,1.));
#694 = ORIENTED_EDGE('',*,*,#695,.F.);
#695 = EDGE_CURVE('',#696,#688,#698,.T.);
#696 = VERTEX_POINT('',#697);
#697 = CARTESIAN_POINT('',(30.,1.8,11.8));
#698 = LINE('',#699,#700);
#699 = CARTESIAN_POINT('',(30.,1.8,11.8));
#700 = VECTOR('',#701,1.);
#701 = DIRECTION('',(1.,0.,-0.));
#702 = ORIENTED_EDGE('',*,*,#703,.F.);
#703 = EDGE_CURVE('',#704,#696,#706,.T.);
#704 = VERTEX_POINT('',#705);
#705 = CARTESIAN_POINT('',(30.,1.8,10.8));
#706 = LINE('',#707,#708);
#707 = CARTESIAN_POINT('',(30.,1.8,10.8));
#708 = VECTOR('',#709,1.);
#709 = DIRECTION('',(0.,0.,1.));
#710 = ORIENTED_EDGE('',*,*,#711,.T.);
#711 = EDGE_CURVE('',#704,#712,#714,.T.);
#712 = VERTEX_POINT('',#713);
#713 = CARTESIAN_POINT('',(34.,1.8,10.8));
#714 = LINE('',#715,#716);
#715 = CARTESIAN_POINT('',(30.,1.8,10.8));
#716 = VECTOR('',#717,1.);
#717 = DIRECTION('',(1.,0.,-0.));
#718 = ORIENTED_EDGE('',*,*,#719,.F.);
#719 = EDGE_CURVE('',#623,#712,#720,.T.);
#720 = LINE('',#721,#722);
#721 = CARTESIAN_POINT('',(34.,1.8,1.8));
#722 = VECTOR('',#723,1.);
#723 = DIRECTION('',(0.,0.,1.));
#724 = PLANE('',#725);
#725 = AXIS2_PLACEMENT_3D('',#726,#727,#728);
#726 = CARTESIAN_POINT('',(8.,1.8,1.8));
#727 = DIRECTION('',(0.,1.,0.));
#728 = DIRECTION('',(1.,0.,0.));
#729 = ADVANCED_FACE('',(#730),#782,.F.);
#730 = FACE_BOUND('',#731,.T.);
#731 = EDGE_LOOP('',(#732,#741,#742,#751,#759,#766,#767,#776));
#732 = ORIENTED_EDGE('',*,*,#733,.F.);
#733 = EDGE_CURVE('',#623,#734,#736,.T.);
#734 = VERTEX_POINT('',#735);
#735 = CARTESIAN_POINT('',(40.142402614136,7.156856995606,1.8));
#736 = CIRCLE('',#737,6.2);
#737 = AXIS2_PLACEMENT_3D('',#738,#739,#740);
#738 = CARTESIAN_POINT('',(34.,8.,1.8));
#739 = DIRECTION('',(0.,0.,1.));
#740 = DIRECTION('',(1.146036670581E-15,-1.,0.));
#741 = ORIENTED_EDGE('',*,*,#719,.T.);
#742 = ORIENTED_EDGE('',*,*,#743,.F.);
#743 = EDGE_CURVE('',#744,#712,#746,.T.);
#744 = VERTEX_POINT('',#745);
#745 = CARTESIAN_POINT('',(35.,1.881176583689,10.8));
#746 = CIRCLE('',#747,6.2);
#747 = AXIS2_PLACEMENT_3D('',#748,#749,#750);
#748 = CARTESIAN_POINT('',(34.,8.,10.8));
#749 = DIRECTION('',(0.,-0.,-1.));
#750 = DIRECTION('',(1.146036670581E-15,-1.,0.));
#751 = ORIENTED_EDGE('',*,*,#752,.F.);
#752 = EDGE_CURVE('',#753,#744,#755,.T.);
#753 = VERTEX_POINT('',#754);
#754 = CARTESIAN_POINT('',(35.,1.881176583689,11.8));
#755 = LINE('',#756,#757);
#756 = CARTESIAN_POINT('',(35.,1.881176583689,1.8));
#757 = VECTOR('',#758,1.);
#758 = DIRECTION('',(-0.,-0.,-1.));
#759 = ORIENTED_EDGE('',*,*,#760,.T.);
#760 = EDGE_CURVE('',#753,#688,#761,.T.);
#761 = CIRCLE('',#762,6.2);
#762 = AXIS2_PLACEMENT_3D('',#763,#764,#765);
#763 = CARTESIAN_POINT('',(34.,8.,11.8));
#764 = DIRECTION('',(0.,-0.,-1.));
#765 = DIRECTION('',(1.146036670581E-15,-1.,0.));
#766 = ORIENTED_EDGE('',*,*,#687,.T.);
#767 = ORIENTED_EDGE('',*,*,#768,.F.);
#768 = EDGE_CURVE('',#769,#680,#771,.T.);
#769 = VERTEX_POINT('',#770);
#770 = CARTESIAN_POINT('',(40.142402614136,7.156856995606,14.));
#771 = CIRCLE('',#772,6.2);
#772 = AXIS2_PLACEMENT_3D('',#773,#774,#775);
#773 = CARTESIAN_POINT('',(34.,8.,14.));
#774 = DIRECTION('',(0.,-0.,-1.));
#775 = DIRECTION('',(1.146036670581E-15,-1.,0.));
#776 = ORIENTED_EDGE('',*,*,#777,.T.);
#777 = EDGE_CURVE('',#769,#734,#778,.T.);
#778 = LINE('',#779,#780);
#779 = CARTESIAN_POINT('',(40.142402614136,7.156856995606,1.8));
#780 = VECTOR('',#781,1.);
#781 = DIRECTION('',(-0.,-0.,-1.));
#782 = CYLINDRICAL_SURFACE('',#783,6.2);
#783 = AXIS2_PLACEMENT_3D('',#784,#785,#786);
#784 = CARTESIAN_POINT('',(34.,8.,1.8));
#785 = DIRECTION('',(-0.,-0.,-1.));
#786 = DIRECTION('',(1.146036670581E-15,-1.,0.));
#787 = ADVANCED_FACE('',(#788),#840,.F.);
#788 = FACE_BOUND('',#789,.T.);
#789 = EDGE_LOOP('',(#790,#799,#807,#814,#815,#824,#832,#839));
#790 = ORIENTED_EDGE('',*,*,#791,.F.);
#791 = EDGE_CURVE('',#792,#621,#794,.T.);
#792 = VERTEX_POINT('',#793);
#793 = CARTESIAN_POINT('',(1.857597385864,7.156856995606,1.8));
#794 = CIRCLE('',#795,6.2);
#795 = AXIS2_PLACEMENT_3D('',#796,#797,#798);
#796 = CARTESIAN_POINT('',(8.,8.,1.8));
#797 = DIRECTION('',(0.,0.,1.));
#798 = DIRECTION('',(-1.,0.,0.));
#799 = ORIENTED_EDGE('',*,*,#800,.F.);
#800 = EDGE_CURVE('',#801,#792,#803,.T.);
#801 = VERTEX_POINT('',#802);
#802 = CARTESIAN_POINT('',(1.857597385864,7.156856995606,14.));
#803 = LINE('',#804,#805);
#804 = CARTESIAN_POINT('',(1.857597385864,7.156856995606,1.8));
#805 = VECTOR('',#806,1.);
#806 = DIRECTION('',(-0.,-0.,-1.));
#807 = ORIENTED_EDGE('',*,*,#808,.F.);
#808 = EDGE_CURVE('',#663,#801,#809,.T.);
#809 = CIRCLE('',#810,6.2);
#810 = AXIS2_PLACEMENT_3D('',#811,#812,#813);
#811 = CARTESIAN_POINT('',(8.,8.,14.));
#812 = DIRECTION('',(-0.,0.,-1.));
#813 = DIRECTION('',(-1.,0.,0.));
#814 = ORIENTED_EDGE('',*,*,#662,.F.);
#815 = ORIENTED_EDGE('',*,*,#816,.T.);
#816 = EDGE_CURVE('',#655,#817,#819,.T.);
#817 = VERTEX_POINT('',#818);
#818 = CARTESIAN_POINT('',(7.,1.881176583689,11.8));
#819 = CIRCLE('',#820,6.2);
#820 = AXIS2_PLACEMENT_3D('',#821,#822,#823);
#821 = CARTESIAN_POINT('',(8.,8.,11.8));
#822 = DIRECTION('',(-0.,0.,-1.));
#823 = DIRECTION('',(-1.,0.,0.));
#824 = ORIENTED_EDGE('',*,*,#825,.T.);
#825 = EDGE_CURVE('',#817,#826,#828,.T.);
#826 = VERTEX_POINT('',#827);
#827 = CARTESIAN_POINT('',(7.,1.881176583689,10.8));
#828 = LINE('',#829,#830);
#829 = CARTESIAN_POINT('',(7.,1.881176583689,1.8));
#830 = VECTOR('',#831,1.);
#831 = DIRECTION('',(-0.,-0.,-1.));
#832 = ORIENTED_EDGE('',*,*,#833,.F.);
#833 = EDGE_CURVE('',#631,#826,#834,.T.);
#834 = CIRCLE('',#835,6.2);
#835 = AXIS2_PLACEMENT_3D('',#836,#837,#838);
#836 = CARTESIAN_POINT('',(8.,8.,10.8));
#837 = DIRECTION('',(-0.,0.,-1.));
#838 = DIRECTION('',(-1.,0.,0.));
#839 = ORIENTED_EDGE('',*,*,#630,.F.);
#840 = CYLINDRICAL_SURFACE('',#841,6.2);
#841 = AXIS2_PLACEMENT_3D('',#842,#843,#844);
#842 = CARTESIAN_POINT('',(8.,8.,1.8));
#843 = DIRECTION('',(-0.,-0.,-1.));
#844 = DIRECTION('',(-1.,0.,0.));
#845 = ADVANCED_FACE('',(#846),#864,.F.);
#846 = FACE_BOUND('',#847,.F.);
#847 = EDGE_LOOP('',(#848,#856,#862,#863));
#848 = ORIENTED_EDGE('',*,*,#849,.F.);
#849 = EDGE_CURVE('',#850,#263,#852,.T.);
#850 = VERTEX_POINT('',#851);
#851 = CARTESIAN_POINT('',(0.8,11.8,2.));
#852 = LINE('',#853,#854);
#853 = CARTESIAN_POINT('',(0.8,11.8,2.));
#854 = VECTOR('',#855,1.);
#855 = DIRECTION('',(-0.707106781187,0.,0.707106781187));
#856 = ORIENTED_EDGE('',*,*,#857,.T.);
#857 = EDGE_CURVE('',#850,#327,#858,.T.);
#858 = LINE('',#859,#860);
#859 = CARTESIAN_POINT('',(0.8,11.8,2.));
#860 = VECTOR('',#861,1.);
#861 = DIRECTION('',(0.,1.,0.));
#862 = ORIENTED_EDGE('',*,*,#326,.T.);
#863 = ORIENTED_EDGE('',*,*,#270,.T.);
#864 = PLANE('',#865);
#865 = AXIS2_PLACEMENT_3D('',#866,#867,#868);
#866 = CARTESIAN_POINT('',(0.8,11.8,2.));
#867 = DIRECTION('',(0.707106781187,-0.,0.707106781187));
#868 = DIRECTION('',(-0.707106781187,0.,0.707106781187));
#869 = ADVANCED_FACE('',(#870),#888,.F.);
#870 = FACE_BOUND('',#871,.F.);
#871 = EDGE_LOOP('',(#872,#873,#881,#887));
#872 = ORIENTED_EDGE('',*,*,#262,.T.);
#873 = ORIENTED_EDGE('',*,*,#874,.T.);
#874 = EDGE_CURVE('',#255,#875,#877,.T.);
#875 = VERTEX_POINT('',#876);
#876 = CARTESIAN_POINT('',(0.8,11.8,1.2));
#877 = LINE('',#878,#879);
#878 = CARTESIAN_POINT('',(-0.1,11.8,1.2));
#879 = VECTOR('',#880,1.);
#880 = DIRECTION('',(1.,0.,0.));
#881 = ORIENTED_EDGE('',*,*,#882,.T.);
#882 = EDGE_CURVE('',#875,#850,#883,.T.);
#883 = LINE('',#884,#885);
#884 = CARTESIAN_POINT('',(0.8,11.8,1.2));
#885 = VECTOR('',#886,1.);
#886 = DIRECTION('',(0.,0.,1.));
#887 = ORIENTED_EDGE('',*,*,#849,.T.);
#888 = PLANE('',#889);
#889 = AXIS2_PLACEMENT_3D('',#890,#891,#892);
#890 = CARTESIAN_POINT('',(0.263328052664,11.8,1.918198051534));
#891 = DIRECTION('',(-0.,-1.,-0.));
#892 = DIRECTION('',(0.,0.,-1.));
#893 = ADVANCED_FACE('',(#894),#905,.F.);
#894 = FACE_BOUND('',#895,.F.);
#895 = EDGE_LOOP('',(#896,#897,#898,#899));
#896 = ORIENTED_EDGE('',*,*,#874,.F.);
#897 = ORIENTED_EDGE('',*,*,#254,.T.);
#898 = ORIENTED_EDGE('',*,*,#343,.T.);
#899 = ORIENTED_EDGE('',*,*,#900,.F.);
#900 = EDGE_CURVE('',#875,#336,#901,.T.);
#901 = LINE('',#902,#903);
#902 = CARTESIAN_POINT('',(0.8,11.8,1.2));
#903 = VECTOR('',#904,1.);
#904 = DIRECTION('',(0.,1.,0.));
#905 = PLANE('',#906);
#906 = AXIS2_PLACEMENT_3D('',#907,#908,#909);
#907 = CARTESIAN_POINT('',(-0.1,11.8,1.2));
#908 = DIRECTION('',(0.,0.,-1.));
#909 = DIRECTION('',(1.,0.,0.));
#910 = ADVANCED_FACE('',(#911),#917,.F.);
#911 = FACE_BOUND('',#912,.F.);
#912 = EDGE_LOOP('',(#913,#914,#915,#916));
#913 = ORIENTED_EDGE('',*,*,#882,.F.);
#914 = ORIENTED_EDGE('',*,*,#900,.T.);
#915 = ORIENTED_EDGE('',*,*,#335,.F.);
#916 = ORIENTED_EDGE('',*,*,#857,.F.);
#917 = PLANE('',#918);
#918 = AXIS2_PLACEMENT_3D('',#919,#920,#921);
#919 = CARTESIAN_POINT('',(0.8,11.8,1.2));
#920 = DIRECTION('',(1.,0.,0.));
#921 = DIRECTION('',(0.,0.,1.));
#922 = ADVANCED_FACE('',(#923),#929,.F.);
#923 = FACE_BOUND('',#924,.F.);
#924 = EDGE_LOOP('',(#925,#926,#927,#928));
#925 = ORIENTED_EDGE('',*,*,#508,.F.);
#926 = ORIENTED_EDGE('',*,*,#539,.T.);
#927 = ORIENTED_EDGE('',*,*,#561,.T.);
#928 = ORIENTED_EDGE('',*,*,#468,.F.);
#929 = PLANE('',#930);
#930 = AXIS2_PLACEMENT_3D('',#931,#932,#933);
#931 = CARTESIAN_POINT('',(36.9,46.,1.));
#932 = DIRECTION('',(0.,0.,1.));
#933 = DIRECTION('',(1.,0.,-0.));
#934 = ADVANCED_FACE('',(#935),#953,.F.);
#935 = FACE_BOUND('',#936,.F.);
#936 = EDGE_LOOP('',(#937,#945,#946,#947));
#937 = ORIENTED_EDGE('',*,*,#938,.F.);
#938 = EDGE_CURVE('',#590,#939,#941,.T.);
#939 = VERTEX_POINT('',#940);
#940 = CARTESIAN_POINT('',(41.2,11.8,2.));
#941 = LINE('',#942,#943);
#942 = CARTESIAN_POINT('',(42.1,11.8,2.9));
#943 = VECTOR('',#944,1.);
#944 = DIRECTION('',(-0.707106781187,0.,-0.707106781187));
#945 = ORIENTED_EDGE('',*,*,#589,.T.);
#946 = ORIENTED_EDGE('',*,*,#426,.T.);
#947 = ORIENTED_EDGE('',*,*,#948,.F.);
#948 = EDGE_CURVE('',#939,#419,#949,.T.);
#949 = LINE('',#950,#951);
#950 = CARTESIAN_POINT('',(41.2,11.8,2.));
#951 = VECTOR('',#952,1.);
#952 = DIRECTION('',(0.,1.,0.));
#953 = PLANE('',#954);
#954 = AXIS2_PLACEMENT_3D('',#955,#956,#957);
#955 = CARTESIAN_POINT('',(42.1,11.8,2.9));
#956 = DIRECTION('',(-0.707106781187,0.,0.707106781187));
#957 = DIRECTION('',(-0.707106781187,0.,-0.707106781187));
#958 = ADVANCED_FACE('',(#959),#977,.F.);
#959 = FACE_BOUND('',#960,.F.);
#960 = EDGE_LOOP('',(#961,#969,#970,#971));
#961 = ORIENTED_EDGE('',*,*,#962,.F.);
#962 = EDGE_CURVE('',#939,#963,#965,.T.);
#963 = VERTEX_POINT('',#964);
#964 = CARTESIAN_POINT('',(41.2,11.8,1.2));
#965 = LINE('',#966,#967);
#966 = CARTESIAN_POINT('',(41.2,11.8,2.));
#967 = VECTOR('',#968,1.);
#968 = DIRECTION('',(0.,0.,-1.));
#969 = ORIENTED_EDGE('',*,*,#948,.T.);
#970 = ORIENTED_EDGE('',*,*,#418,.T.);
#971 = ORIENTED_EDGE('',*,*,#972,.F.);
#972 = EDGE_CURVE('',#963,#410,#973,.T.);
#973 = LINE('',#974,#975);
#974 = CARTESIAN_POINT('',(41.2,11.8,1.2));
#975 = VECTOR('',#976,1.);
#976 = DIRECTION('',(0.,1.,0.));
#977 = PLANE('',#978);
#978 = AXIS2_PLACEMENT_3D('',#979,#980,#981);
#979 = CARTESIAN_POINT('',(41.2,11.8,2.));
#980 = DIRECTION('',(-1.,0.,0.));
#981 = DIRECTION('',(0.,0.,-1.));
#982 = ADVANCED_FACE('',(#983),#994,.F.);
#983 = FACE_BOUND('',#984,.F.);
#984 = EDGE_LOOP('',(#985,#991,#992,#993));
#985 = ORIENTED_EDGE('',*,*,#986,.F.);
#986 = EDGE_CURVE('',#963,#598,#987,.T.);
#987 = LINE('',#988,#989);
#988 = CARTESIAN_POINT('',(41.2,11.8,1.2));
#989 = VECTOR('',#990,1.);
#990 = DIRECTION('',(1.,0.,0.));
#991 = ORIENTED_EDGE('',*,*,#972,.T.);
#992 = ORIENTED_EDGE('',*,*,#409,.T.);
#993 = ORIENTED_EDGE('',*,*,#605,.T.);
#994 = PLANE('',#995);
#995 = AXIS2_PLACEMENT_3D('',#996,#997,#998);
#996 = CARTESIAN_POINT('',(41.2,11.8,1.2));
#997 = DIRECTION('',(0.,0.,-1.));
#998 = DIRECTION('',(1.,0.,0.));
#999 = ADVANCED_FACE('',(#1000),#1006,.F.);
#1000 = FACE_BOUND('',#1001,.F.);
#1001 = EDGE_LOOP('',(#1002,#1003,#1004,#1005));
#1002 = ORIENTED_EDGE('',*,*,#597,.T.);
#1003 = ORIENTED_EDGE('',*,*,#938,.T.);
#1004 = ORIENTED_EDGE('',*,*,#962,.T.);
#1005 = ORIENTED_EDGE('',*,*,#986,.T.);
#1006 = PLANE('',#1007);
#1007 = AXIS2_PLACEMENT_3D('',#1008,#1009,#1010);
#1008 = CARTESIAN_POINT('',(41.736671947336,11.8,1.918198051534));
#1009 = DIRECTION('',(-0.,-1.,-0.));
#1010 = DIRECTION('',(0.,0.,-1.));
#1011 = ADVANCED_FACE('',(#1012),#1075,.T.);
#1012 = FACE_BOUND('',#1013,.T.);
#1013 = EDGE_LOOP('',(#1014,#1023,#1024,#1025,#1026,#1035,#1043,#1052,
    #1060,#1069));
#1014 = ORIENTED_EDGE('',*,*,#1015,.F.);
#1015 = EDGE_CURVE('',#792,#1016,#1018,.T.);
#1016 = VERTEX_POINT('',#1017);
#1017 = CARTESIAN_POINT('',(5.5,7.390946349359,1.8));
#1018 = CIRCLE('',#1019,2.2);
#1019 = AXIS2_PLACEMENT_3D('',#1020,#1021,#1022);
#1020 = CARTESIAN_POINT('',(3.6,8.5,1.8));
#1021 = DIRECTION('',(0.,0.,1.));
#1022 = DIRECTION('',(1.,0.,-0.));
#1023 = ORIENTED_EDGE('',*,*,#791,.T.);
#1024 = ORIENTED_EDGE('',*,*,#620,.T.);
#1025 = ORIENTED_EDGE('',*,*,#733,.T.);
#1026 = ORIENTED_EDGE('',*,*,#1027,.F.);
#1027 = EDGE_CURVE('',#1028,#734,#1030,.T.);
#1028 = VERTEX_POINT('',#1029);
#1029 = CARTESIAN_POINT('',(36.5,7.390946349359,1.8));
#1030 = CIRCLE('',#1031,2.2);
#1031 = AXIS2_PLACEMENT_3D('',#1032,#1033,#1034);
#1032 = CARTESIAN_POINT('',(38.4,8.5,1.8));
#1033 = DIRECTION('',(0.,0.,1.));
#1034 = DIRECTION('',(1.,0.,-0.));
#1035 = ORIENTED_EDGE('',*,*,#1036,.T.);
#1036 = EDGE_CURVE('',#1028,#1037,#1039,.T.);
#1037 = VERTEX_POINT('',#1038);
#1038 = CARTESIAN_POINT('',(36.5,6.5,1.8));
#1039 = LINE('',#1040,#1041);
#1040 = CARTESIAN_POINT('',(36.5,18.25,1.8));
#1041 = VECTOR('',#1042,1.);
#1042 = DIRECTION('',(0.,-1.,0.));
#1043 = ORIENTED_EDGE('',*,*,#1044,.T.);
#1044 = EDGE_CURVE('',#1037,#1045,#1047,.T.);
#1045 = VERTEX_POINT('',#1046);
#1046 = CARTESIAN_POINT('',(33.5,3.5,1.8));
#1047 = CIRCLE('',#1048,3.);
#1048 = AXIS2_PLACEMENT_3D('',#1049,#1050,#1051);
#1049 = CARTESIAN_POINT('',(33.5,6.5,1.8));
#1050 = DIRECTION('',(-0.,-0.,-1.));
#1051 = DIRECTION('',(0.,-1.,0.));
#1052 = ORIENTED_EDGE('',*,*,#1053,.T.);
#1053 = EDGE_CURVE('',#1045,#1054,#1056,.T.);
#1054 = VERTEX_POINT('',#1055);
#1055 = CARTESIAN_POINT('',(8.5,3.5,1.8));
#1056 = LINE('',#1057,#1058);
#1057 = CARTESIAN_POINT('',(14.75,3.5,1.8));
#1058 = VECTOR('',#1059,1.);
#1059 = DIRECTION('',(-1.,0.,0.));
#1060 = ORIENTED_EDGE('',*,*,#1061,.T.);
#1061 = EDGE_CURVE('',#1054,#1062,#1064,.T.);
#1062 = VERTEX_POINT('',#1063);
#1063 = CARTESIAN_POINT('',(5.5,6.5,1.8));
#1064 = CIRCLE('',#1065,3.);
#1065 = AXIS2_PLACEMENT_3D('',#1066,#1067,#1068);
#1066 = CARTESIAN_POINT('',(8.5,6.5,1.8));
#1067 = DIRECTION('',(-0.,0.,-1.));
#1068 = DIRECTION('',(-1.,0.,0.));
#1069 = ORIENTED_EDGE('',*,*,#1070,.T.);
#1070 = EDGE_CURVE('',#1062,#1016,#1071,.T.);
#1071 = LINE('',#1072,#1073);
#1072 = CARTESIAN_POINT('',(5.5,35.5,1.8));
#1073 = VECTOR('',#1074,1.);
#1074 = DIRECTION('',(-0.,1.,0.));
#1075 = PLANE('',#1076);
#1076 = AXIS2_PLACEMENT_3D('',#1077,#1078,#1079);
#1077 = CARTESIAN_POINT('',(21.,30.,1.8));
#1078 = DIRECTION('',(0.,0.,1.));
#1079 = DIRECTION('',(1.,0.,-0.));
#1080 = ADVANCED_FACE('',(#1081),#1116,.F.);
#1081 = FACE_BOUND('',#1082,.F.);
#1082 = EDGE_LOOP('',(#1083,#1091,#1092,#1093,#1101,#1110));
#1083 = ORIENTED_EDGE('',*,*,#1084,.F.);
#1084 = EDGE_CURVE('',#704,#1085,#1087,.T.);
#1085 = VERTEX_POINT('',#1086);
#1086 = CARTESIAN_POINT('',(30.,3.5,10.8));
#1087 = LINE('',#1088,#1089);
#1088 = CARTESIAN_POINT('',(30.,1.8,10.8));
#1089 = VECTOR('',#1090,1.);
#1090 = DIRECTION('',(-0.,1.,0.));
#1091 = ORIENTED_EDGE('',*,*,#711,.T.);
#1092 = ORIENTED_EDGE('',*,*,#743,.F.);
#1093 = ORIENTED_EDGE('',*,*,#1094,.T.);
#1094 = EDGE_CURVE('',#744,#1095,#1097,.T.);
#1095 = VERTEX_POINT('',#1096);
#1096 = CARTESIAN_POINT('',(35.,3.901923788647,10.8));
#1097 = LINE('',#1098,#1099);
#1098 = CARTESIAN_POINT('',(35.,1.8,10.8));
#1099 = VECTOR('',#1100,1.);
#1100 = DIRECTION('',(-0.,1.,0.));
#1101 = ORIENTED_EDGE('',*,*,#1102,.F.);
#1102 = EDGE_CURVE('',#1103,#1095,#1105,.T.);
#1103 = VERTEX_POINT('',#1104);
#1104 = CARTESIAN_POINT('',(33.5,3.5,10.8));
#1105 = CIRCLE('',#1106,3.);
#1106 = AXIS2_PLACEMENT_3D('',#1107,#1108,#1109);
#1107 = CARTESIAN_POINT('',(33.5,6.5,10.8));
#1108 = DIRECTION('',(0.,0.,1.));
#1109 = DIRECTION('',(0.,-1.,0.));
#1110 = ORIENTED_EDGE('',*,*,#1111,.F.);
#1111 = EDGE_CURVE('',#1085,#1103,#1112,.T.);
#1112 = LINE('',#1113,#1114);
#1113 = CARTESIAN_POINT('',(8.5,3.5,10.8));
#1114 = VECTOR('',#1115,1.);
#1115 = DIRECTION('',(1.,0.,0.));
#1116 = PLANE('',#1117);
#1117 = AXIS2_PLACEMENT_3D('',#1118,#1119,#1120);
#1118 = CARTESIAN_POINT('',(30.,1.8,10.8));
#1119 = DIRECTION('',(0.,0.,1.));
#1120 = DIRECTION('',(1.,0.,-0.));
#1121 = ADVANCED_FACE('',(#1122),#1148,.F.);
#1122 = FACE_BOUND('',#1123,.F.);
#1123 = EDGE_LOOP('',(#1124,#1125,#1126,#1134,#1142));
#1124 = ORIENTED_EDGE('',*,*,#703,.F.);
#1125 = ORIENTED_EDGE('',*,*,#1084,.T.);
#1126 = ORIENTED_EDGE('',*,*,#1127,.T.);
#1127 = EDGE_CURVE('',#1085,#1128,#1130,.T.);
#1128 = VERTEX_POINT('',#1129);
#1129 = CARTESIAN_POINT('',(30.,6.6,10.8));
#1130 = LINE('',#1131,#1132);
#1131 = CARTESIAN_POINT('',(30.,1.8,10.8));
#1132 = VECTOR('',#1133,1.);
#1133 = DIRECTION('',(-0.,1.,0.));
#1134 = ORIENTED_EDGE('',*,*,#1135,.T.);
#1135 = EDGE_CURVE('',#1128,#1136,#1138,.T.);
#1136 = VERTEX_POINT('',#1137);
#1137 = CARTESIAN_POINT('',(30.,6.6,11.8));
#1138 = LINE('',#1139,#1140);
#1139 = CARTESIAN_POINT('',(30.,6.6,10.8));
#1140 = VECTOR('',#1141,1.);
#1141 = DIRECTION('',(0.,0.,1.));
#1142 = ORIENTED_EDGE('',*,*,#1143,.F.);
#1143 = EDGE_CURVE('',#696,#1136,#1144,.T.);
#1144 = LINE('',#1145,#1146);
#1145 = CARTESIAN_POINT('',(30.,1.8,11.8));
#1146 = VECTOR('',#1147,1.);
#1147 = DIRECTION('',(-0.,1.,0.));
#1148 = PLANE('',#1149);
#1149 = AXIS2_PLACEMENT_3D('',#1150,#1151,#1152);
#1150 = CARTESIAN_POINT('',(30.,1.8,10.8));
#1151 = DIRECTION('',(1.,0.,-0.));
#1152 = DIRECTION('',(0.,0.,1.));
#1153 = ADVANCED_FACE('',(#1154),#1173,.T.);
#1154 = FACE_BOUND('',#1155,.T.);
#1155 = EDGE_LOOP('',(#1156,#1157,#1158,#1159,#1167));
#1156 = ORIENTED_EDGE('',*,*,#1143,.F.);
#1157 = ORIENTED_EDGE('',*,*,#695,.T.);
#1158 = ORIENTED_EDGE('',*,*,#760,.F.);
#1159 = ORIENTED_EDGE('',*,*,#1160,.T.);
#1160 = EDGE_CURVE('',#753,#1161,#1163,.T.);
#1161 = VERTEX_POINT('',#1162);
#1162 = CARTESIAN_POINT('',(35.,6.6,11.8));
#1163 = LINE('',#1164,#1165);
#1164 = CARTESIAN_POINT('',(35.,1.8,11.8));
#1165 = VECTOR('',#1166,1.);
#1166 = DIRECTION('',(-0.,1.,0.));
#1167 = ORIENTED_EDGE('',*,*,#1168,.F.);
#1168 = EDGE_CURVE('',#1136,#1161,#1169,.T.);
#1169 = LINE('',#1170,#1171);
#1170 = CARTESIAN_POINT('',(30.,6.6,11.8));
#1171 = VECTOR('',#1172,1.);
#1172 = DIRECTION('',(1.,0.,-0.));
#1173 = PLANE('',#1174);
#1174 = AXIS2_PLACEMENT_3D('',#1175,#1176,#1177);
#1175 = CARTESIAN_POINT('',(30.,1.8,11.8));
#1176 = DIRECTION('',(0.,0.,1.));
#1177 = DIRECTION('',(1.,0.,-0.));
#1178 = ADVANCED_FACE('',(#1179),#1205,.T.);
#1179 = FACE_BOUND('',#1180,.T.);
#1180 = EDGE_LOOP('',(#1181,#1189,#1190,#1191,#1199));
#1181 = ORIENTED_EDGE('',*,*,#1182,.F.);
#1182 = EDGE_CURVE('',#817,#1183,#1185,.T.);
#1183 = VERTEX_POINT('',#1184);
#1184 = CARTESIAN_POINT('',(7.,6.6,11.8));
#1185 = LINE('',#1186,#1187);
#1186 = CARTESIAN_POINT('',(7.,1.8,11.8));
#1187 = VECTOR('',#1188,1.);
#1188 = DIRECTION('',(-0.,1.,0.));
#1189 = ORIENTED_EDGE('',*,*,#816,.F.);
#1190 = ORIENTED_EDGE('',*,*,#654,.T.);
#1191 = ORIENTED_EDGE('',*,*,#1192,.T.);
#1192 = EDGE_CURVE('',#647,#1193,#1195,.T.);
#1193 = VERTEX_POINT('',#1194);
#1194 = CARTESIAN_POINT('',(12.,6.6,11.8));
#1195 = LINE('',#1196,#1197);
#1196 = CARTESIAN_POINT('',(12.,1.8,11.8));
#1197 = VECTOR('',#1198,1.);
#1198 = DIRECTION('',(-0.,1.,0.));
#1199 = ORIENTED_EDGE('',*,*,#1200,.F.);
#1200 = EDGE_CURVE('',#1183,#1193,#1201,.T.);
#1201 = LINE('',#1202,#1203);
#1202 = CARTESIAN_POINT('',(7.,6.6,11.8));
#1203 = VECTOR('',#1204,1.);
#1204 = DIRECTION('',(1.,0.,-0.));
#1205 = PLANE('',#1206);
#1206 = AXIS2_PLACEMENT_3D('',#1207,#1208,#1209);
#1207 = CARTESIAN_POINT('',(7.,1.8,11.8));
#1208 = DIRECTION('',(0.,0.,1.));
#1209 = DIRECTION('',(1.,0.,-0.));
#1210 = ADVANCED_FACE('',(#1211),#1237,.T.);
#1211 = FACE_BOUND('',#1212,.T.);
#1212 = EDGE_LOOP('',(#1213,#1214,#1222,#1230,#1236));
#1213 = ORIENTED_EDGE('',*,*,#646,.F.);
#1214 = ORIENTED_EDGE('',*,*,#1215,.T.);
#1215 = EDGE_CURVE('',#639,#1216,#1218,.T.);
#1216 = VERTEX_POINT('',#1217);
#1217 = CARTESIAN_POINT('',(12.,3.5,10.8));
#1218 = LINE('',#1219,#1220);
#1219 = CARTESIAN_POINT('',(12.,1.8,10.8));
#1220 = VECTOR('',#1221,1.);
#1221 = DIRECTION('',(-0.,1.,0.));
#1222 = ORIENTED_EDGE('',*,*,#1223,.T.);
#1223 = EDGE_CURVE('',#1216,#1224,#1226,.T.);
#1224 = VERTEX_POINT('',#1225);
#1225 = CARTESIAN_POINT('',(12.,6.6,10.8));
#1226 = LINE('',#1227,#1228);
#1227 = CARTESIAN_POINT('',(12.,1.8,10.8));
#1228 = VECTOR('',#1229,1.);
#1229 = DIRECTION('',(-0.,1.,0.));
#1230 = ORIENTED_EDGE('',*,*,#1231,.T.);
#1231 = EDGE_CURVE('',#1224,#1193,#1232,.T.);
#1232 = LINE('',#1233,#1234);
#1233 = CARTESIAN_POINT('',(12.,6.6,10.8));
#1234 = VECTOR('',#1235,1.);
#1235 = DIRECTION('',(0.,0.,1.));
#1236 = ORIENTED_EDGE('',*,*,#1192,.F.);
#1237 = PLANE('',#1238);
#1238 = AXIS2_PLACEMENT_3D('',#1239,#1240,#1241);
#1239 = CARTESIAN_POINT('',(12.,1.8,10.8));
#1240 = DIRECTION('',(1.,0.,-0.));
#1241 = DIRECTION('',(0.,0.,1.));
#1242 = ADVANCED_FACE('',(#1243),#1271,.F.);
#1243 = FACE_BOUND('',#1244,.F.);
#1244 = EDGE_LOOP('',(#1245,#1256,#1262,#1263,#1264,#1265));
#1245 = ORIENTED_EDGE('',*,*,#1246,.F.);
#1246 = EDGE_CURVE('',#1247,#1249,#1251,.T.);
#1247 = VERTEX_POINT('',#1248);
#1248 = CARTESIAN_POINT('',(7.,3.901923788647,10.8));
#1249 = VERTEX_POINT('',#1250);
#1250 = CARTESIAN_POINT('',(8.5,3.5,10.8));
#1251 = CIRCLE('',#1252,3.);
#1252 = AXIS2_PLACEMENT_3D('',#1253,#1254,#1255);
#1253 = CARTESIAN_POINT('',(8.5,6.5,10.8));
#1254 = DIRECTION('',(0.,0.,1.));
#1255 = DIRECTION('',(-1.,0.,0.));
#1256 = ORIENTED_EDGE('',*,*,#1257,.F.);
#1257 = EDGE_CURVE('',#826,#1247,#1258,.T.);
#1258 = LINE('',#1259,#1260);
#1259 = CARTESIAN_POINT('',(7.,1.8,10.8));
#1260 = VECTOR('',#1261,1.);
#1261 = DIRECTION('',(-0.,1.,0.));
#1262 = ORIENTED_EDGE('',*,*,#833,.F.);
#1263 = ORIENTED_EDGE('',*,*,#638,.T.);
#1264 = ORIENTED_EDGE('',*,*,#1215,.T.);
#1265 = ORIENTED_EDGE('',*,*,#1266,.F.);
#1266 = EDGE_CURVE('',#1249,#1216,#1267,.T.);
#1267 = LINE('',#1268,#1269);
#1268 = CARTESIAN_POINT('',(8.5,3.5,10.8));
#1269 = VECTOR('',#1270,1.);
#1270 = DIRECTION('',(1.,0.,0.));
#1271 = PLANE('',#1272);
#1272 = AXIS2_PLACEMENT_3D('',#1273,#1274,#1275);
#1273 = CARTESIAN_POINT('',(7.,1.8,10.8));
#1274 = DIRECTION('',(0.,0.,1.));
#1275 = DIRECTION('',(1.,0.,-0.));
#1276 = ADVANCED_FACE('',(#1277),#1330,.T.);
#1277 = FACE_BOUND('',#1278,.T.);
#1278 = EDGE_LOOP('',(#1279,#1288,#1296,#1305,#1313,#1322,#1328,#1329));
#1279 = ORIENTED_EDGE('',*,*,#1280,.F.);
#1280 = EDGE_CURVE('',#1281,#769,#1283,.T.);
#1281 = VERTEX_POINT('',#1282);
#1282 = CARTESIAN_POINT('',(40.2,9.764911064067,14.));
#1283 = CIRCLE('',#1284,2.2);
#1284 = AXIS2_PLACEMENT_3D('',#1285,#1286,#1287);
#1285 = CARTESIAN_POINT('',(38.4,8.5,14.));
#1286 = DIRECTION('',(0.,0.,1.));
#1287 = DIRECTION('',(1.,0.,-0.));
#1288 = ORIENTED_EDGE('',*,*,#1289,.F.);
#1289 = EDGE_CURVE('',#1290,#1281,#1292,.T.);
#1290 = VERTEX_POINT('',#1291);
#1291 = CARTESIAN_POINT('',(40.2,9.764911064067,1.8));
#1292 = LINE('',#1293,#1294);
#1293 = CARTESIAN_POINT('',(40.2,9.764911064067,1.8));
#1294 = VECTOR('',#1295,1.);
#1295 = DIRECTION('',(0.,0.,1.));
#1296 = ORIENTED_EDGE('',*,*,#1297,.T.);
#1297 = EDGE_CURVE('',#1290,#1298,#1300,.T.);
#1298 = VERTEX_POINT('',#1299);
#1299 = CARTESIAN_POINT('',(36.5,9.609053650641,1.8));
#1300 = CIRCLE('',#1301,2.2);
#1301 = AXIS2_PLACEMENT_3D('',#1302,#1303,#1304);
#1302 = CARTESIAN_POINT('',(38.4,8.5,1.8));
#1303 = DIRECTION('',(0.,0.,1.));
#1304 = DIRECTION('',(1.,0.,-0.));
#1305 = ORIENTED_EDGE('',*,*,#1306,.T.);
#1306 = EDGE_CURVE('',#1298,#1307,#1309,.T.);
#1307 = VERTEX_POINT('',#1308);
#1308 = CARTESIAN_POINT('',(36.5,9.609053650641,10.8));
#1309 = LINE('',#1310,#1311);
#1310 = CARTESIAN_POINT('',(36.5,9.609053650641,1.8));
#1311 = VECTOR('',#1312,1.);
#1312 = DIRECTION('',(0.,0.,1.));
#1313 = ORIENTED_EDGE('',*,*,#1314,.T.);
#1314 = EDGE_CURVE('',#1307,#1315,#1317,.T.);
#1315 = VERTEX_POINT('',#1316);
#1316 = CARTESIAN_POINT('',(36.5,7.390946349359,10.8));
#1317 = CIRCLE('',#1318,2.2);
#1318 = AXIS2_PLACEMENT_3D('',#1319,#1320,#1321);
#1319 = CARTESIAN_POINT('',(38.4,8.5,10.8));
#1320 = DIRECTION('',(0.,0.,1.));
#1321 = DIRECTION('',(1.,0.,-0.));
#1322 = ORIENTED_EDGE('',*,*,#1323,.F.);
#1323 = EDGE_CURVE('',#1028,#1315,#1324,.T.);
#1324 = LINE('',#1325,#1326);
#1325 = CARTESIAN_POINT('',(36.5,7.390946349359,1.8));
#1326 = VECTOR('',#1327,1.);
#1327 = DIRECTION('',(0.,0.,1.));
#1328 = ORIENTED_EDGE('',*,*,#1027,.T.);
#1329 = ORIENTED_EDGE('',*,*,#777,.F.);
#1330 = CYLINDRICAL_SURFACE('',#1331,2.2);
#1331 = AXIS2_PLACEMENT_3D('',#1332,#1333,#1334);
#1332 = CARTESIAN_POINT('',(38.4,8.5,1.8));
#1333 = DIRECTION('',(0.,0.,1.));
#1334 = DIRECTION('',(1.,0.,-0.));
#1335 = ADVANCED_FACE('',(#1336,#1361),#1395,.T.);
#1336 = FACE_BOUND('',#1337,.T.);
#1337 = EDGE_LOOP('',(#1338,#1346,#1347,#1355));
#1338 = ORIENTED_EDGE('',*,*,#1339,.F.);
#1339 = EDGE_CURVE('',#1290,#1340,#1342,.T.);
#1340 = VERTEX_POINT('',#1341);
#1341 = CARTESIAN_POINT('',(40.2,50.235088935933,1.8));
#1342 = LINE('',#1343,#1344);
#1343 = CARTESIAN_POINT('',(40.2,8.,1.8));
#1344 = VECTOR('',#1345,1.);
#1345 = DIRECTION('',(0.,1.,0.));
#1346 = ORIENTED_EDGE('',*,*,#1289,.T.);
#1347 = ORIENTED_EDGE('',*,*,#1348,.F.);
#1348 = EDGE_CURVE('',#1349,#1281,#1351,.T.);
#1349 = VERTEX_POINT('',#1350);
#1350 = CARTESIAN_POINT('',(40.2,50.235088935933,14.));
#1351 = LINE('',#1352,#1353);
#1352 = CARTESIAN_POINT('',(40.2,19.,14.));
#1353 = VECTOR('',#1354,1.);
#1354 = DIRECTION('',(0.,-1.,0.));
#1355 = ORIENTED_EDGE('',*,*,#1356,.F.);
#1356 = EDGE_CURVE('',#1340,#1349,#1357,.T.);
#1357 = LINE('',#1358,#1359);
#1358 = CARTESIAN_POINT('',(40.2,50.235088935933,1.8));
#1359 = VECTOR('',#1360,1.);
#1360 = DIRECTION('',(0.,0.,1.));
#1361 = FACE_BOUND('',#1362,.T.);
#1362 = EDGE_LOOP('',(#1363,#1373,#1381,#1389));
#1363 = ORIENTED_EDGE('',*,*,#1364,.F.);
#1364 = EDGE_CURVE('',#1365,#1367,#1369,.T.);
#1365 = VERTEX_POINT('',#1366);
#1366 = CARTESIAN_POINT('',(40.2,14.,11.8));
#1367 = VERTEX_POINT('',#1368);
#1368 = CARTESIAN_POINT('',(40.2,40.,11.8));
#1369 = LINE('',#1370,#1371);
#1370 = CARTESIAN_POINT('',(40.2,14.,11.8));
#1371 = VECTOR('',#1372,1.);
#1372 = DIRECTION('',(0.,1.,0.));
#1373 = ORIENTED_EDGE('',*,*,#1374,.T.);
#1374 = EDGE_CURVE('',#1365,#1375,#1377,.T.);
#1375 = VERTEX_POINT('',#1376);
#1376 = CARTESIAN_POINT('',(40.2,14.,8.));
#1377 = LINE('',#1378,#1379);
#1378 = CARTESIAN_POINT('',(40.2,14.,11.8));
#1379 = VECTOR('',#1380,1.);
#1380 = DIRECTION('',(0.,0.,-1.));
#1381 = ORIENTED_EDGE('',*,*,#1382,.T.);
#1382 = EDGE_CURVE('',#1375,#1383,#1385,.T.);
#1383 = VERTEX_POINT('',#1384);
#1384 = CARTESIAN_POINT('',(40.2,40.,8.));
#1385 = LINE('',#1386,#1387);
#1386 = CARTESIAN_POINT('',(40.2,14.,8.));
#1387 = VECTOR('',#1388,1.);
#1388 = DIRECTION('',(0.,1.,0.));
#1389 = ORIENTED_EDGE('',*,*,#1390,.F.);
#1390 = EDGE_CURVE('',#1367,#1383,#1391,.T.);
#1391 = LINE('',#1392,#1393);
#1392 = CARTESIAN_POINT('',(40.2,40.,11.8));
#1393 = VECTOR('',#1394,1.);
#1394 = DIRECTION('',(0.,0.,-1.));
#1395 = PLANE('',#1396);
#1396 = AXIS2_PLACEMENT_3D('',#1397,#1398,#1399);
#1397 = CARTESIAN_POINT('',(40.2,8.,1.8));
#1398 = DIRECTION('',(-1.,0.,0.));
#1399 = DIRECTION('',(0.,1.,0.));
#1400 = ADVANCED_FACE('',(#1401),#1420,.T.);
#1401 = FACE_BOUND('',#1402,.T.);
#1402 = EDGE_LOOP('',(#1403,#1404,#1405,#1406,#1414));
#1403 = ORIENTED_EDGE('',*,*,#1160,.F.);
#1404 = ORIENTED_EDGE('',*,*,#752,.T.);
#1405 = ORIENTED_EDGE('',*,*,#1094,.T.);
#1406 = ORIENTED_EDGE('',*,*,#1407,.T.);
#1407 = EDGE_CURVE('',#1095,#1408,#1410,.T.);
#1408 = VERTEX_POINT('',#1409);
#1409 = CARTESIAN_POINT('',(35.,6.6,10.8));
#1410 = LINE('',#1411,#1412);
#1411 = CARTESIAN_POINT('',(35.,1.8,10.8));
#1412 = VECTOR('',#1413,1.);
#1413 = DIRECTION('',(-0.,1.,0.));
#1414 = ORIENTED_EDGE('',*,*,#1415,.T.);
#1415 = EDGE_CURVE('',#1408,#1161,#1416,.T.);
#1416 = LINE('',#1417,#1418);
#1417 = CARTESIAN_POINT('',(35.,6.6,10.8));
#1418 = VECTOR('',#1419,1.);
#1419 = DIRECTION('',(0.,0.,1.));
#1420 = PLANE('',#1421);
#1421 = AXIS2_PLACEMENT_3D('',#1422,#1423,#1424);
#1422 = CARTESIAN_POINT('',(35.,1.8,10.8));
#1423 = DIRECTION('',(1.,0.,-0.));
#1424 = DIRECTION('',(0.,0.,1.));
#1425 = ADVANCED_FACE('',(#1426,#1564,#1575),#1586,.T.);
#1426 = FACE_BOUND('',#1427,.T.);
#1427 = EDGE_LOOP('',(#1428,#1429,#1430,#1439,#1448,#1456,#1465,#1474,
    #1483,#1491,#1500,#1508,#1517,#1525,#1533,#1541,#1549,#1558));
#1428 = ORIENTED_EDGE('',*,*,#1297,.F.);
#1429 = ORIENTED_EDGE('',*,*,#1339,.T.);
#1430 = ORIENTED_EDGE('',*,*,#1431,.F.);
#1431 = EDGE_CURVE('',#1432,#1340,#1434,.T.);
#1432 = VERTEX_POINT('',#1433);
#1433 = CARTESIAN_POINT('',(40.142402614136,52.843143004394,1.8));
#1434 = CIRCLE('',#1435,2.2);
#1435 = AXIS2_PLACEMENT_3D('',#1436,#1437,#1438);
#1436 = CARTESIAN_POINT('',(38.4,51.5,1.8));
#1437 = DIRECTION('',(0.,0.,1.));
#1438 = DIRECTION('',(1.,0.,-0.));
#1439 = ORIENTED_EDGE('',*,*,#1440,.T.);
#1440 = EDGE_CURVE('',#1432,#1441,#1443,.T.);
#1441 = VERTEX_POINT('',#1442);
#1442 = CARTESIAN_POINT('',(34.,58.2,1.8));
#1443 = CIRCLE('',#1444,6.2);
#1444 = AXIS2_PLACEMENT_3D('',#1445,#1446,#1447);
#1445 = CARTESIAN_POINT('',(34.,52.,1.8));
#1446 = DIRECTION('',(0.,0.,1.));
#1447 = DIRECTION('',(1.,1.146036670581E-15,-0.));
#1448 = ORIENTED_EDGE('',*,*,#1449,.T.);
#1449 = EDGE_CURVE('',#1441,#1450,#1452,.T.);
#1450 = VERTEX_POINT('',#1451);
#1451 = CARTESIAN_POINT('',(8.,58.2,1.8));
#1452 = LINE('',#1453,#1454);
#1453 = CARTESIAN_POINT('',(34.,58.2,1.8));
#1454 = VECTOR('',#1455,1.);
#1455 = DIRECTION('',(-1.,0.,0.));
#1456 = ORIENTED_EDGE('',*,*,#1457,.T.);
#1457 = EDGE_CURVE('',#1450,#1458,#1460,.T.);
#1458 = VERTEX_POINT('',#1459);
#1459 = CARTESIAN_POINT('',(1.857597385864,52.843143004394,1.8));
#1460 = CIRCLE('',#1461,6.2);
#1461 = AXIS2_PLACEMENT_3D('',#1462,#1463,#1464);
#1462 = CARTESIAN_POINT('',(8.,52.,1.8));
#1463 = DIRECTION('',(0.,0.,1.));
#1464 = DIRECTION('',(-1.146036670581E-15,1.,0.));
#1465 = ORIENTED_EDGE('',*,*,#1466,.F.);
#1466 = EDGE_CURVE('',#1467,#1458,#1469,.T.);
#1467 = VERTEX_POINT('',#1468);
#1468 = CARTESIAN_POINT('',(5.8,51.5,1.8));
#1469 = CIRCLE('',#1470,2.2);
#1470 = AXIS2_PLACEMENT_3D('',#1471,#1472,#1473);
#1471 = CARTESIAN_POINT('',(3.6,51.5,1.8));
#1472 = DIRECTION('',(0.,0.,1.));
#1473 = DIRECTION('',(1.,0.,-0.));
#1474 = ORIENTED_EDGE('',*,*,#1475,.F.);
#1475 = EDGE_CURVE('',#1476,#1467,#1478,.T.);
#1476 = VERTEX_POINT('',#1477);
#1477 = CARTESIAN_POINT('',(1.8,50.235088935933,1.8));
#1478 = CIRCLE('',#1479,2.2);
#1479 = AXIS2_PLACEMENT_3D('',#1480,#1481,#1482);
#1480 = CARTESIAN_POINT('',(3.6,51.5,1.8));
#1481 = DIRECTION('',(0.,0.,1.));
#1482 = DIRECTION('',(1.,0.,-0.));
#1483 = ORIENTED_EDGE('',*,*,#1484,.T.);
#1484 = EDGE_CURVE('',#1476,#1485,#1487,.T.);
#1485 = VERTEX_POINT('',#1486);
#1486 = CARTESIAN_POINT('',(1.8,9.764911064067,1.8));
#1487 = LINE('',#1488,#1489);
#1488 = CARTESIAN_POINT('',(1.8,52.,1.8));
#1489 = VECTOR('',#1490,1.);
#1490 = DIRECTION('',(0.,-1.,0.));
#1491 = ORIENTED_EDGE('',*,*,#1492,.F.);
#1492 = EDGE_CURVE('',#1493,#1485,#1495,.T.);
#1493 = VERTEX_POINT('',#1494);
#1494 = CARTESIAN_POINT('',(5.5,9.609053650641,1.8));
#1495 = CIRCLE('',#1496,2.2);
#1496 = AXIS2_PLACEMENT_3D('',#1497,#1498,#1499);
#1497 = CARTESIAN_POINT('',(3.6,8.5,1.8));
#1498 = DIRECTION('',(0.,0.,1.));
#1499 = DIRECTION('',(1.,0.,-0.));
#1500 = ORIENTED_EDGE('',*,*,#1501,.T.);
#1501 = EDGE_CURVE('',#1493,#1502,#1504,.T.);
#1502 = VERTEX_POINT('',#1503);
#1503 = CARTESIAN_POINT('',(5.5,41.,1.8));
#1504 = LINE('',#1505,#1506);
#1505 = CARTESIAN_POINT('',(5.5,35.5,1.8));
#1506 = VECTOR('',#1507,1.);
#1507 = DIRECTION('',(-0.,1.,0.));
#1508 = ORIENTED_EDGE('',*,*,#1509,.T.);
#1509 = EDGE_CURVE('',#1502,#1510,#1512,.T.);
#1510 = VERTEX_POINT('',#1511);
#1511 = CARTESIAN_POINT('',(8.5,44.,1.8));
#1512 = CIRCLE('',#1513,3.);
#1513 = AXIS2_PLACEMENT_3D('',#1514,#1515,#1516);
#1514 = CARTESIAN_POINT('',(8.5,41.,1.8));
#1515 = DIRECTION('',(0.,-0.,-1.));
#1516 = DIRECTION('',(1.184237892934E-15,1.,-0.));
#1517 = ORIENTED_EDGE('',*,*,#1518,.T.);
#1518 = EDGE_CURVE('',#1510,#1519,#1521,.T.);
#1519 = VERTEX_POINT('',#1520);
#1520 = CARTESIAN_POINT('',(27.,44.,1.8));
#1521 = LINE('',#1522,#1523);
#1522 = CARTESIAN_POINT('',(27.25,44.,1.8));
#1523 = VECTOR('',#1524,1.);
#1524 = DIRECTION('',(1.,0.,-0.));
#1525 = ORIENTED_EDGE('',*,*,#1526,.T.);
#1526 = EDGE_CURVE('',#1519,#1527,#1529,.T.);
#1527 = VERTEX_POINT('',#1528);
#1528 = CARTESIAN_POINT('',(27.,46.3,1.8));
#1529 = LINE('',#1530,#1531);
#1530 = CARTESIAN_POINT('',(27.,36.45,1.8));
#1531 = VECTOR('',#1532,1.);
#1532 = DIRECTION('',(-0.,1.,0.));
#1533 = ORIENTED_EDGE('',*,*,#1534,.F.);
#1534 = EDGE_CURVE('',#1535,#1527,#1537,.T.);
#1535 = VERTEX_POINT('',#1536);
#1536 = CARTESIAN_POINT('',(35.,46.3,1.8));
#1537 = LINE('',#1538,#1539);
#1538 = CARTESIAN_POINT('',(24.,46.3,1.8));
#1539 = VECTOR('',#1540,1.);
#1540 = DIRECTION('',(-1.,-0.,0.));
#1541 = ORIENTED_EDGE('',*,*,#1542,.F.);
#1542 = EDGE_CURVE('',#1543,#1535,#1545,.T.);
#1543 = VERTEX_POINT('',#1544);
#1544 = CARTESIAN_POINT('',(35.,43.598076211353,1.8));
#1545 = LINE('',#1546,#1547);
#1546 = CARTESIAN_POINT('',(35.,36.45,1.8));
#1547 = VECTOR('',#1548,1.);
#1548 = DIRECTION('',(-0.,1.,0.));
#1549 = ORIENTED_EDGE('',*,*,#1550,.T.);
#1550 = EDGE_CURVE('',#1543,#1551,#1553,.T.);
#1551 = VERTEX_POINT('',#1552);
#1552 = CARTESIAN_POINT('',(36.5,41.,1.8));
#1553 = CIRCLE('',#1554,3.);
#1554 = AXIS2_PLACEMENT_3D('',#1555,#1556,#1557);
#1555 = CARTESIAN_POINT('',(33.5,41.,1.8));
#1556 = DIRECTION('',(0.,-0.,-1.));
#1557 = DIRECTION('',(1.,-4.736951571734E-15,0.));
#1558 = ORIENTED_EDGE('',*,*,#1559,.T.);
#1559 = EDGE_CURVE('',#1551,#1298,#1560,.T.);
#1560 = LINE('',#1561,#1562);
#1561 = CARTESIAN_POINT('',(36.5,18.25,1.8));
#1562 = VECTOR('',#1563,1.);
#1563 = DIRECTION('',(0.,-1.,0.));
#1564 = FACE_BOUND('',#1565,.T.);
#1565 = EDGE_LOOP('',(#1566));
#1566 = ORIENTED_EDGE('',*,*,#1567,.F.);
#1567 = EDGE_CURVE('',#1568,#1568,#1570,.T.);
#1568 = VERTEX_POINT('',#1569);
#1569 = CARTESIAN_POINT('',(11.4,49.,1.8));
#1570 = CIRCLE('',#1571,2.4);
#1571 = AXIS2_PLACEMENT_3D('',#1572,#1573,#1574);
#1572 = CARTESIAN_POINT('',(9.,49.,1.8));
#1573 = DIRECTION('',(0.,0.,1.));
#1574 = DIRECTION('',(1.,0.,-0.));
#1575 = FACE_BOUND('',#1576,.T.);
#1576 = EDGE_LOOP('',(#1577));
#1577 = ORIENTED_EDGE('',*,*,#1578,.F.);
#1578 = EDGE_CURVE('',#1579,#1579,#1581,.T.);
#1579 = VERTEX_POINT('',#1580);
#1580 = CARTESIAN_POINT('',(35.4,49.,1.8));
#1581 = CIRCLE('',#1582,2.4);
#1582 = AXIS2_PLACEMENT_3D('',#1583,#1584,#1585);
#1583 = CARTESIAN_POINT('',(33.,49.,1.8));
#1584 = DIRECTION('',(0.,0.,1.));
#1585 = DIRECTION('',(1.,0.,-0.));
#1586 = PLANE('',#1587);
#1587 = AXIS2_PLACEMENT_3D('',#1588,#1589,#1590);
#1588 = CARTESIAN_POINT('',(21.,30.,1.8));
#1589 = DIRECTION('',(0.,0.,1.));
#1590 = DIRECTION('',(1.,0.,-0.));
#1591 = ADVANCED_FACE('',(#1592),#1618,.F.);
#1592 = FACE_BOUND('',#1593,.T.);
#1593 = EDGE_LOOP('',(#1594,#1595,#1603,#1612));
#1594 = ORIENTED_EDGE('',*,*,#1440,.F.);
#1595 = ORIENTED_EDGE('',*,*,#1596,.F.);
#1596 = EDGE_CURVE('',#1597,#1432,#1599,.T.);
#1597 = VERTEX_POINT('',#1598);
#1598 = CARTESIAN_POINT('',(40.142402614136,52.843143004394,14.));
#1599 = LINE('',#1600,#1601);
#1600 = CARTESIAN_POINT('',(40.142402614136,52.843143004394,1.8));
#1601 = VECTOR('',#1602,1.);
#1602 = DIRECTION('',(-0.,-0.,-1.));
#1603 = ORIENTED_EDGE('',*,*,#1604,.F.);
#1604 = EDGE_CURVE('',#1605,#1597,#1607,.T.);
#1605 = VERTEX_POINT('',#1606);
#1606 = CARTESIAN_POINT('',(34.,58.2,14.));
#1607 = CIRCLE('',#1608,6.2);
#1608 = AXIS2_PLACEMENT_3D('',#1609,#1610,#1611);
#1609 = CARTESIAN_POINT('',(34.,52.,14.));
#1610 = DIRECTION('',(0.,-0.,-1.));
#1611 = DIRECTION('',(1.,1.146036670581E-15,-0.));
#1612 = ORIENTED_EDGE('',*,*,#1613,.F.);
#1613 = EDGE_CURVE('',#1441,#1605,#1614,.T.);
#1614 = LINE('',#1615,#1616);
#1615 = CARTESIAN_POINT('',(34.,58.2,1.8));
#1616 = VECTOR('',#1617,1.);
#1617 = DIRECTION('',(0.,0.,1.));
#1618 = CYLINDRICAL_SURFACE('',#1619,6.2);
#1619 = AXIS2_PLACEMENT_3D('',#1620,#1621,#1622);
#1620 = CARTESIAN_POINT('',(34.,52.,1.8));
#1621 = DIRECTION('',(-0.,-0.,-1.));
#1622 = DIRECTION('',(1.,1.146036670581E-15,-0.));
#1623 = ADVANCED_FACE('',(#1624),#1642,.T.);
#1624 = FACE_BOUND('',#1625,.T.);
#1625 = EDGE_LOOP('',(#1626,#1627,#1628,#1636));
#1626 = ORIENTED_EDGE('',*,*,#1449,.F.);
#1627 = ORIENTED_EDGE('',*,*,#1613,.T.);
#1628 = ORIENTED_EDGE('',*,*,#1629,.F.);
#1629 = EDGE_CURVE('',#1630,#1605,#1632,.T.);
#1630 = VERTEX_POINT('',#1631);
#1631 = CARTESIAN_POINT('',(8.,58.2,14.));
#1632 = LINE('',#1633,#1634);
#1633 = CARTESIAN_POINT('',(27.5,58.2,14.));
#1634 = VECTOR('',#1635,1.);
#1635 = DIRECTION('',(1.,0.,-0.));
#1636 = ORIENTED_EDGE('',*,*,#1637,.F.);
#1637 = EDGE_CURVE('',#1450,#1630,#1638,.T.);
#1638 = LINE('',#1639,#1640);
#1639 = CARTESIAN_POINT('',(8.,58.2,1.8));
#1640 = VECTOR('',#1641,1.);
#1641 = DIRECTION('',(0.,0.,1.));
#1642 = PLANE('',#1643);
#1643 = AXIS2_PLACEMENT_3D('',#1644,#1645,#1646);
#1644 = CARTESIAN_POINT('',(34.,58.2,1.8));
#1645 = DIRECTION('',(0.,-1.,0.));
#1646 = DIRECTION('',(-1.,0.,0.));
#1647 = ADVANCED_FACE('',(#1648),#1667,.F.);
#1648 = FACE_BOUND('',#1649,.T.);
#1649 = EDGE_LOOP('',(#1650,#1651,#1652,#1661));
#1650 = ORIENTED_EDGE('',*,*,#1457,.F.);
#1651 = ORIENTED_EDGE('',*,*,#1637,.T.);
#1652 = ORIENTED_EDGE('',*,*,#1653,.F.);
#1653 = EDGE_CURVE('',#1654,#1630,#1656,.T.);
#1654 = VERTEX_POINT('',#1655);
#1655 = CARTESIAN_POINT('',(1.857597385864,52.843143004394,14.));
#1656 = CIRCLE('',#1657,6.2);
#1657 = AXIS2_PLACEMENT_3D('',#1658,#1659,#1660);
#1658 = CARTESIAN_POINT('',(8.,52.,14.));
#1659 = DIRECTION('',(-0.,0.,-1.));
#1660 = DIRECTION('',(-1.146036670581E-15,1.,0.));
#1661 = ORIENTED_EDGE('',*,*,#1662,.T.);
#1662 = EDGE_CURVE('',#1654,#1458,#1663,.T.);
#1663 = LINE('',#1664,#1665);
#1664 = CARTESIAN_POINT('',(1.857597385864,52.843143004394,1.8));
#1665 = VECTOR('',#1666,1.);
#1666 = DIRECTION('',(-0.,-0.,-1.));
#1667 = CYLINDRICAL_SURFACE('',#1668,6.2);
#1668 = AXIS2_PLACEMENT_3D('',#1669,#1670,#1671);
#1669 = CARTESIAN_POINT('',(8.,52.,1.8));
#1670 = DIRECTION('',(-0.,-0.,-1.));
#1671 = DIRECTION('',(-1.146036670581E-15,1.,0.));
#1672 = ADVANCED_FACE('',(#1673,#1698),#1732,.T.);
#1673 = FACE_BOUND('',#1674,.T.);
#1674 = EDGE_LOOP('',(#1675,#1676,#1684,#1692));
#1675 = ORIENTED_EDGE('',*,*,#1484,.F.);
#1676 = ORIENTED_EDGE('',*,*,#1677,.T.);
#1677 = EDGE_CURVE('',#1476,#1678,#1680,.T.);
#1678 = VERTEX_POINT('',#1679);
#1679 = CARTESIAN_POINT('',(1.8,50.235088935933,14.));
#1680 = LINE('',#1681,#1682);
#1681 = CARTESIAN_POINT('',(1.8,50.235088935933,1.8));
#1682 = VECTOR('',#1683,1.);
#1683 = DIRECTION('',(0.,0.,1.));
#1684 = ORIENTED_EDGE('',*,*,#1685,.F.);
#1685 = EDGE_CURVE('',#1686,#1678,#1688,.T.);
#1686 = VERTEX_POINT('',#1687);
#1687 = CARTESIAN_POINT('',(1.8,9.764911064067,14.));
#1688 = LINE('',#1689,#1690);
#1689 = CARTESIAN_POINT('',(1.8,41.,14.));
#1690 = VECTOR('',#1691,1.);
#1691 = DIRECTION('',(-0.,1.,0.));
#1692 = ORIENTED_EDGE('',*,*,#1693,.F.);
#1693 = EDGE_CURVE('',#1485,#1686,#1694,.T.);
#1694 = LINE('',#1695,#1696);
#1695 = CARTESIAN_POINT('',(1.8,9.764911064067,1.8));
#1696 = VECTOR('',#1697,1.);
#1697 = DIRECTION('',(0.,0.,1.));
#1698 = FACE_BOUND('',#1699,.T.);
#1699 = EDGE_LOOP('',(#1700,#1710,#1718,#1726));
#1700 = ORIENTED_EDGE('',*,*,#1701,.F.);
#1701 = EDGE_CURVE('',#1702,#1704,#1706,.T.);
#1702 = VERTEX_POINT('',#1703);
#1703 = CARTESIAN_POINT('',(1.8,14.,8.));
#1704 = VERTEX_POINT('',#1705);
#1705 = CARTESIAN_POINT('',(1.8,40.,8.));
#1706 = LINE('',#1707,#1708);
#1707 = CARTESIAN_POINT('',(1.8,14.,8.));
#1708 = VECTOR('',#1709,1.);
#1709 = DIRECTION('',(0.,1.,0.));
#1710 = ORIENTED_EDGE('',*,*,#1711,.T.);
#1711 = EDGE_CURVE('',#1702,#1712,#1714,.T.);
#1712 = VERTEX_POINT('',#1713);
#1713 = CARTESIAN_POINT('',(1.8,14.,11.8));
#1714 = LINE('',#1715,#1716);
#1715 = CARTESIAN_POINT('',(1.8,14.,8.));
#1716 = VECTOR('',#1717,1.);
#1717 = DIRECTION('',(0.,0.,1.));
#1718 = ORIENTED_EDGE('',*,*,#1719,.T.);
#1719 = EDGE_CURVE('',#1712,#1720,#1722,.T.);
#1720 = VERTEX_POINT('',#1721);
#1721 = CARTESIAN_POINT('',(1.8,40.,11.8));
#1722 = LINE('',#1723,#1724);
#1723 = CARTESIAN_POINT('',(1.8,14.,11.8));
#1724 = VECTOR('',#1725,1.);
#1725 = DIRECTION('',(0.,1.,0.));
#1726 = ORIENTED_EDGE('',*,*,#1727,.F.);
#1727 = EDGE_CURVE('',#1704,#1720,#1728,.T.);
#1728 = LINE('',#1729,#1730);
#1729 = CARTESIAN_POINT('',(1.8,40.,8.));
#1730 = VECTOR('',#1731,1.);
#1731 = DIRECTION('',(0.,0.,1.));
#1732 = PLANE('',#1733);
#1733 = AXIS2_PLACEMENT_3D('',#1734,#1735,#1736);
#1734 = CARTESIAN_POINT('',(1.8,52.,1.8));
#1735 = DIRECTION('',(1.,0.,-0.));
#1736 = DIRECTION('',(0.,-1.,0.));
#1737 = ADVANCED_FACE('',(#1738),#1750,.T.);
#1738 = FACE_BOUND('',#1739,.T.);
#1739 = EDGE_LOOP('',(#1740,#1747,#1748,#1749));
#1740 = ORIENTED_EDGE('',*,*,#1741,.F.);
#1741 = EDGE_CURVE('',#1597,#1349,#1742,.T.);
#1742 = CIRCLE('',#1743,2.2);
#1743 = AXIS2_PLACEMENT_3D('',#1744,#1745,#1746);
#1744 = CARTESIAN_POINT('',(38.4,51.5,14.));
#1745 = DIRECTION('',(0.,0.,1.));
#1746 = DIRECTION('',(1.,0.,-0.));
#1747 = ORIENTED_EDGE('',*,*,#1596,.T.);
#1748 = ORIENTED_EDGE('',*,*,#1431,.T.);
#1749 = ORIENTED_EDGE('',*,*,#1356,.T.);
#1750 = CYLINDRICAL_SURFACE('',#1751,2.2);
#1751 = AXIS2_PLACEMENT_3D('',#1752,#1753,#1754);
#1752 = CARTESIAN_POINT('',(38.4,51.5,1.8));
#1753 = DIRECTION('',(0.,0.,1.));
#1754 = DIRECTION('',(1.,0.,-0.));
#1755 = ADVANCED_FACE('',(#1756),#1781,.F.);
#1756 = FACE_BOUND('',#1757,.F.);
#1757 = EDGE_LOOP('',(#1758,#1768,#1774,#1775));
#1758 = ORIENTED_EDGE('',*,*,#1759,.T.);
#1759 = EDGE_CURVE('',#1760,#1762,#1764,.T.);
#1760 = VERTEX_POINT('',#1761);
#1761 = CARTESIAN_POINT('',(37.4,14.,11.8));
#1762 = VERTEX_POINT('',#1763);
#1763 = CARTESIAN_POINT('',(37.4,40.,11.8));
#1764 = LINE('',#1765,#1766);
#1765 = CARTESIAN_POINT('',(37.4,14.,11.8));
#1766 = VECTOR('',#1767,1.);
#1767 = DIRECTION('',(0.,1.,0.));
#1768 = ORIENTED_EDGE('',*,*,#1769,.T.);
#1769 = EDGE_CURVE('',#1762,#1367,#1770,.T.);
#1770 = LINE('',#1771,#1772);
#1771 = CARTESIAN_POINT('',(37.4,40.,11.8));
#1772 = VECTOR('',#1773,1.);
#1773 = DIRECTION('',(1.,0.,0.));
#1774 = ORIENTED_EDGE('',*,*,#1364,.F.);
#1775 = ORIENTED_EDGE('',*,*,#1776,.F.);
#1776 = EDGE_CURVE('',#1760,#1365,#1777,.T.);
#1777 = LINE('',#1778,#1779);
#1778 = CARTESIAN_POINT('',(37.4,14.,11.8));
#1779 = VECTOR('',#1780,1.);
#1780 = DIRECTION('',(1.,0.,0.));
#1781 = PLANE('',#1782);
#1782 = AXIS2_PLACEMENT_3D('',#1783,#1784,#1785);
#1783 = CARTESIAN_POINT('',(37.4,14.,11.8));
#1784 = DIRECTION('',(0.,0.,-1.));
#1785 = DIRECTION('',(1.,0.,0.));
#1786 = ADVANCED_FACE('',(#1787),#1805,.T.);
#1787 = FACE_BOUND('',#1788,.T.);
#1788 = EDGE_LOOP('',(#1789,#1797,#1798,#1799));
#1789 = ORIENTED_EDGE('',*,*,#1790,.T.);
#1790 = EDGE_CURVE('',#1791,#1762,#1793,.T.);
#1791 = VERTEX_POINT('',#1792);
#1792 = CARTESIAN_POINT('',(37.4,40.,10.8));
#1793 = LINE('',#1794,#1795);
#1794 = CARTESIAN_POINT('',(37.4,40.,10.8));
#1795 = VECTOR('',#1796,1.);
#1796 = DIRECTION('',(0.,0.,1.));
#1797 = ORIENTED_EDGE('',*,*,#1769,.T.);
#1798 = ORIENTED_EDGE('',*,*,#1390,.T.);
#1799 = ORIENTED_EDGE('',*,*,#1800,.T.);
#1800 = EDGE_CURVE('',#1383,#1791,#1801,.T.);
#1801 = LINE('',#1802,#1803);
#1802 = CARTESIAN_POINT('',(40.2,40.,8.));
#1803 = VECTOR('',#1804,1.);
#1804 = DIRECTION('',(-0.707106781187,0.,0.707106781187));
#1805 = PLANE('',#1806);
#1806 = AXIS2_PLACEMENT_3D('',#1807,#1808,#1809);
#1807 = CARTESIAN_POINT('',(39.139106272324,40.,10.310050506339));
#1808 = DIRECTION('',(0.,1.,0.));
#1809 = DIRECTION('',(0.,-0.,1.));
#1810 = ADVANCED_FACE('',(#1811),#1829,.F.);
#1811 = FACE_BOUND('',#1812,.F.);
#1812 = EDGE_LOOP('',(#1813,#1814,#1815,#1823));
#1813 = ORIENTED_EDGE('',*,*,#1382,.T.);
#1814 = ORIENTED_EDGE('',*,*,#1800,.T.);
#1815 = ORIENTED_EDGE('',*,*,#1816,.F.);
#1816 = EDGE_CURVE('',#1817,#1791,#1819,.T.);
#1817 = VERTEX_POINT('',#1818);
#1818 = CARTESIAN_POINT('',(37.4,14.,10.8));
#1819 = LINE('',#1820,#1821);
#1820 = CARTESIAN_POINT('',(37.4,14.,10.8));
#1821 = VECTOR('',#1822,1.);
#1822 = DIRECTION('',(0.,1.,0.));
#1823 = ORIENTED_EDGE('',*,*,#1824,.F.);
#1824 = EDGE_CURVE('',#1375,#1817,#1825,.T.);
#1825 = LINE('',#1826,#1827);
#1826 = CARTESIAN_POINT('',(40.2,14.,8.));
#1827 = VECTOR('',#1828,1.);
#1828 = DIRECTION('',(-0.707106781187,0.,0.707106781187));
#1829 = PLANE('',#1830);
#1830 = AXIS2_PLACEMENT_3D('',#1831,#1832,#1833);
#1831 = CARTESIAN_POINT('',(40.2,14.,8.));
#1832 = DIRECTION('',(0.707106781187,-0.,0.707106781187));
#1833 = DIRECTION('',(-0.707106781187,0.,0.707106781187));
#1834 = ADVANCED_FACE('',(#1835),#1846,.F.);
#1835 = FACE_BOUND('',#1836,.F.);
#1836 = EDGE_LOOP('',(#1837,#1843,#1844,#1845));
#1837 = ORIENTED_EDGE('',*,*,#1838,.T.);
#1838 = EDGE_CURVE('',#1817,#1760,#1839,.T.);
#1839 = LINE('',#1840,#1841);
#1840 = CARTESIAN_POINT('',(37.4,14.,10.8));
#1841 = VECTOR('',#1842,1.);
#1842 = DIRECTION('',(0.,0.,1.));
#1843 = ORIENTED_EDGE('',*,*,#1776,.T.);
#1844 = ORIENTED_EDGE('',*,*,#1374,.T.);
#1845 = ORIENTED_EDGE('',*,*,#1824,.T.);
#1846 = PLANE('',#1847);
#1847 = AXIS2_PLACEMENT_3D('',#1848,#1849,#1850);
#1848 = CARTESIAN_POINT('',(39.139106272324,14.,10.310050506339));
#1849 = DIRECTION('',(0.,1.,0.));
#1850 = DIRECTION('',(0.,-0.,1.));
#1851 = ADVANCED_FACE('',(#1852),#1877,.F.);
#1852 = FACE_BOUND('',#1853,.F.);
#1853 = EDGE_LOOP('',(#1854,#1864,#1870,#1871));
#1854 = ORIENTED_EDGE('',*,*,#1855,.T.);
#1855 = EDGE_CURVE('',#1856,#1858,#1860,.T.);
#1856 = VERTEX_POINT('',#1857);
#1857 = CARTESIAN_POINT('',(4.6,14.,10.8));
#1858 = VERTEX_POINT('',#1859);
#1859 = CARTESIAN_POINT('',(4.6,40.,10.8));
#1860 = LINE('',#1861,#1862);
#1861 = CARTESIAN_POINT('',(4.6,14.,10.8));
#1862 = VECTOR('',#1863,1.);
#1863 = DIRECTION('',(0.,1.,0.));
#1864 = ORIENTED_EDGE('',*,*,#1865,.T.);
#1865 = EDGE_CURVE('',#1858,#1704,#1866,.T.);
#1866 = LINE('',#1867,#1868);
#1867 = CARTESIAN_POINT('',(4.6,40.,10.8));
#1868 = VECTOR('',#1869,1.);
#1869 = DIRECTION('',(-0.707106781187,0.,-0.707106781187));
#1870 = ORIENTED_EDGE('',*,*,#1701,.F.);
#1871 = ORIENTED_EDGE('',*,*,#1872,.F.);
#1872 = EDGE_CURVE('',#1856,#1702,#1873,.T.);
#1873 = LINE('',#1874,#1875);
#1874 = CARTESIAN_POINT('',(4.6,14.,10.8));
#1875 = VECTOR('',#1876,1.);
#1876 = DIRECTION('',(-0.707106781187,0.,-0.707106781187));
#1877 = PLANE('',#1878);
#1878 = AXIS2_PLACEMENT_3D('',#1879,#1880,#1881);
#1879 = CARTESIAN_POINT('',(4.6,14.,10.8));
#1880 = DIRECTION('',(-0.707106781187,0.,0.707106781187));
#1881 = DIRECTION('',(-0.707106781187,0.,-0.707106781187));
#1882 = ADVANCED_FACE('',(#1883),#1901,.T.);
#1883 = FACE_BOUND('',#1884,.T.);
#1884 = EDGE_LOOP('',(#1885,#1886,#1894,#1900));
#1885 = ORIENTED_EDGE('',*,*,#1727,.T.);
#1886 = ORIENTED_EDGE('',*,*,#1887,.T.);
#1887 = EDGE_CURVE('',#1720,#1888,#1890,.T.);
#1888 = VERTEX_POINT('',#1889);
#1889 = CARTESIAN_POINT('',(4.6,40.,11.8));
#1890 = LINE('',#1891,#1892);
#1891 = CARTESIAN_POINT('',(1.8,40.,11.8));
#1892 = VECTOR('',#1893,1.);
#1893 = DIRECTION('',(1.,0.,0.));
#1894 = ORIENTED_EDGE('',*,*,#1895,.T.);
#1895 = EDGE_CURVE('',#1888,#1858,#1896,.T.);
#1896 = LINE('',#1897,#1898);
#1897 = CARTESIAN_POINT('',(4.6,40.,11.8));
#1898 = VECTOR('',#1899,1.);
#1899 = DIRECTION('',(0.,0.,-1.));
#1900 = ORIENTED_EDGE('',*,*,#1865,.T.);
#1901 = PLANE('',#1902);
#1902 = AXIS2_PLACEMENT_3D('',#1903,#1904,#1905);
#1903 = CARTESIAN_POINT('',(2.860893727676,40.,10.310050506339));
#1904 = DIRECTION('',(0.,1.,0.));
#1905 = DIRECTION('',(0.,-0.,1.));
#1906 = ADVANCED_FACE('',(#1907),#1925,.F.);
#1907 = FACE_BOUND('',#1908,.F.);
#1908 = EDGE_LOOP('',(#1909,#1910,#1911,#1919));
#1909 = ORIENTED_EDGE('',*,*,#1719,.T.);
#1910 = ORIENTED_EDGE('',*,*,#1887,.T.);
#1911 = ORIENTED_EDGE('',*,*,#1912,.F.);
#1912 = EDGE_CURVE('',#1913,#1888,#1915,.T.);
#1913 = VERTEX_POINT('',#1914);
#1914 = CARTESIAN_POINT('',(4.6,14.,11.8));
#1915 = LINE('',#1916,#1917);
#1916 = CARTESIAN_POINT('',(4.6,14.,11.8));
#1917 = VECTOR('',#1918,1.);
#1918 = DIRECTION('',(0.,1.,0.));
#1919 = ORIENTED_EDGE('',*,*,#1920,.F.);
#1920 = EDGE_CURVE('',#1712,#1913,#1921,.T.);
#1921 = LINE('',#1922,#1923);
#1922 = CARTESIAN_POINT('',(1.8,14.,11.8));
#1923 = VECTOR('',#1924,1.);
#1924 = DIRECTION('',(1.,0.,0.));
#1925 = PLANE('',#1926);
#1926 = AXIS2_PLACEMENT_3D('',#1927,#1928,#1929);
#1927 = CARTESIAN_POINT('',(1.8,14.,11.8));
#1928 = DIRECTION('',(0.,0.,-1.));
#1929 = DIRECTION('',(1.,0.,0.));
#1930 = ADVANCED_FACE('',(#1931),#1942,.F.);
#1931 = FACE_BOUND('',#1932,.F.);
#1932 = EDGE_LOOP('',(#1933,#1934,#1935,#1941));
#1933 = ORIENTED_EDGE('',*,*,#1711,.T.);
#1934 = ORIENTED_EDGE('',*,*,#1920,.T.);
#1935 = ORIENTED_EDGE('',*,*,#1936,.T.);
#1936 = EDGE_CURVE('',#1913,#1856,#1937,.T.);
#1937 = LINE('',#1938,#1939);
#1938 = CARTESIAN_POINT('',(4.6,14.,11.8));
#1939 = VECTOR('',#1940,1.);
#1940 = DIRECTION('',(0.,0.,-1.));
#1941 = ORIENTED_EDGE('',*,*,#1872,.T.);
#1942 = PLANE('',#1943);
#1943 = AXIS2_PLACEMENT_3D('',#1944,#1945,#1946);
#1944 = CARTESIAN_POINT('',(2.860893727676,14.,10.310050506339));
#1945 = DIRECTION('',(0.,1.,0.));
#1946 = DIRECTION('',(0.,-0.,1.));
#1947 = ADVANCED_FACE('',(#1948),#1967,.F.);
#1948 = FACE_BOUND('',#1949,.F.);
#1949 = EDGE_LOOP('',(#1950,#1951,#1952,#1953,#1961));
#1950 = ORIENTED_EDGE('',*,*,#1182,.F.);
#1951 = ORIENTED_EDGE('',*,*,#825,.T.);
#1952 = ORIENTED_EDGE('',*,*,#1257,.T.);
#1953 = ORIENTED_EDGE('',*,*,#1954,.T.);
#1954 = EDGE_CURVE('',#1247,#1955,#1957,.T.);
#1955 = VERTEX_POINT('',#1956);
#1956 = CARTESIAN_POINT('',(7.,6.6,10.8));
#1957 = LINE('',#1958,#1959);
#1958 = CARTESIAN_POINT('',(7.,1.8,10.8));
#1959 = VECTOR('',#1960,1.);
#1960 = DIRECTION('',(-0.,1.,0.));
#1961 = ORIENTED_EDGE('',*,*,#1962,.T.);
#1962 = EDGE_CURVE('',#1955,#1183,#1963,.T.);
#1963 = LINE('',#1964,#1965);
#1964 = CARTESIAN_POINT('',(7.,6.6,10.8));
#1965 = VECTOR('',#1966,1.);
#1966 = DIRECTION('',(0.,0.,1.));
#1967 = PLANE('',#1968);
#1968 = AXIS2_PLACEMENT_3D('',#1969,#1970,#1971);
#1969 = CARTESIAN_POINT('',(7.,1.8,10.8));
#1970 = DIRECTION('',(1.,0.,-0.));
#1971 = DIRECTION('',(0.,0.,1.));
#1972 = ADVANCED_FACE('',(#1973),#1998,.F.);
#1973 = FACE_BOUND('',#1974,.F.);
#1974 = EDGE_LOOP('',(#1975,#1983,#1984,#1992));
#1975 = ORIENTED_EDGE('',*,*,#1976,.F.);
#1976 = EDGE_CURVE('',#1062,#1977,#1979,.T.);
#1977 = VERTEX_POINT('',#1978);
#1978 = CARTESIAN_POINT('',(5.5,6.5,10.8));
#1979 = LINE('',#1980,#1981);
#1980 = CARTESIAN_POINT('',(5.5,6.5,0.));
#1981 = VECTOR('',#1982,1.);
#1982 = DIRECTION('',(0.,0.,1.));
#1983 = ORIENTED_EDGE('',*,*,#1070,.T.);
#1984 = ORIENTED_EDGE('',*,*,#1985,.T.);
#1985 = EDGE_CURVE('',#1016,#1986,#1988,.T.);
#1986 = VERTEX_POINT('',#1987);
#1987 = CARTESIAN_POINT('',(5.5,7.390946349359,10.8));
#1988 = LINE('',#1989,#1990);
#1989 = CARTESIAN_POINT('',(5.5,7.390946349359,1.8));
#1990 = VECTOR('',#1991,1.);
#1991 = DIRECTION('',(0.,0.,1.));
#1992 = ORIENTED_EDGE('',*,*,#1993,.T.);
#1993 = EDGE_CURVE('',#1986,#1977,#1994,.T.);
#1994 = LINE('',#1995,#1996);
#1995 = CARTESIAN_POINT('',(5.5,41.,10.8));
#1996 = VECTOR('',#1997,1.);
#1997 = DIRECTION('',(0.,-1.,0.));
#1998 = PLANE('',#1999);
#1999 = AXIS2_PLACEMENT_3D('',#2000,#2001,#2002);
#2000 = CARTESIAN_POINT('',(5.5,41.,0.));
#2001 = DIRECTION('',(1.,0.,-0.));
#2002 = DIRECTION('',(0.,-1.,0.));
#2003 = ADVANCED_FACE('',(#2004),#2022,.T.);
#2004 = FACE_BOUND('',#2005,.F.);
#2005 = EDGE_LOOP('',(#2006,#2007,#2008,#2015,#2016));
#2006 = ORIENTED_EDGE('',*,*,#1061,.T.);
#2007 = ORIENTED_EDGE('',*,*,#1976,.T.);
#2008 = ORIENTED_EDGE('',*,*,#2009,.T.);
#2009 = EDGE_CURVE('',#1977,#1247,#2010,.T.);
#2010 = CIRCLE('',#2011,3.);
#2011 = AXIS2_PLACEMENT_3D('',#2012,#2013,#2014);
#2012 = CARTESIAN_POINT('',(8.5,6.5,10.8));
#2013 = DIRECTION('',(0.,0.,1.));
#2014 = DIRECTION('',(-1.,0.,0.));
#2015 = ORIENTED_EDGE('',*,*,#1246,.T.);
#2016 = ORIENTED_EDGE('',*,*,#2017,.F.);
#2017 = EDGE_CURVE('',#1054,#1249,#2018,.T.);
#2018 = LINE('',#2019,#2020);
#2019 = CARTESIAN_POINT('',(8.5,3.5,0.));
#2020 = VECTOR('',#2021,1.);
#2021 = DIRECTION('',(0.,0.,1.));
#2022 = CYLINDRICAL_SURFACE('',#2023,3.);
#2023 = AXIS2_PLACEMENT_3D('',#2024,#2025,#2026);
#2024 = CARTESIAN_POINT('',(8.5,6.5,0.));
#2025 = DIRECTION('',(-0.,-0.,-1.));
#2026 = DIRECTION('',(-1.,0.,0.));
#2027 = ADVANCED_FACE('',(#2028),#2046,.F.);
#2028 = FACE_BOUND('',#2029,.F.);
#2029 = EDGE_LOOP('',(#2030,#2031,#2032,#2033,#2039,#2040));
#2030 = ORIENTED_EDGE('',*,*,#1053,.T.);
#2031 = ORIENTED_EDGE('',*,*,#2017,.T.);
#2032 = ORIENTED_EDGE('',*,*,#1266,.T.);
#2033 = ORIENTED_EDGE('',*,*,#2034,.T.);
#2034 = EDGE_CURVE('',#1216,#1085,#2035,.T.);
#2035 = LINE('',#2036,#2037);
#2036 = CARTESIAN_POINT('',(8.5,3.5,10.8));
#2037 = VECTOR('',#2038,1.);
#2038 = DIRECTION('',(1.,0.,0.));
#2039 = ORIENTED_EDGE('',*,*,#1111,.T.);
#2040 = ORIENTED_EDGE('',*,*,#2041,.F.);
#2041 = EDGE_CURVE('',#1045,#1103,#2042,.T.);
#2042 = LINE('',#2043,#2044);
#2043 = CARTESIAN_POINT('',(33.5,3.5,0.));
#2044 = VECTOR('',#2045,1.);
#2045 = DIRECTION('',(0.,0.,1.));
#2046 = PLANE('',#2047);
#2047 = AXIS2_PLACEMENT_3D('',#2048,#2049,#2050);
#2048 = CARTESIAN_POINT('',(8.5,3.5,0.));
#2049 = DIRECTION('',(0.,1.,0.));
#2050 = DIRECTION('',(1.,0.,0.));
#2051 = ADVANCED_FACE('',(#2052),#2072,.T.);
#2052 = FACE_BOUND('',#2053,.F.);
#2053 = EDGE_LOOP('',(#2054,#2055,#2056,#2057,#2066));
#2054 = ORIENTED_EDGE('',*,*,#1044,.T.);
#2055 = ORIENTED_EDGE('',*,*,#2041,.T.);
#2056 = ORIENTED_EDGE('',*,*,#1102,.T.);
#2057 = ORIENTED_EDGE('',*,*,#2058,.T.);
#2058 = EDGE_CURVE('',#1095,#2059,#2061,.T.);
#2059 = VERTEX_POINT('',#2060);
#2060 = CARTESIAN_POINT('',(36.5,6.5,10.8));
#2061 = CIRCLE('',#2062,3.);
#2062 = AXIS2_PLACEMENT_3D('',#2063,#2064,#2065);
#2063 = CARTESIAN_POINT('',(33.5,6.5,10.8));
#2064 = DIRECTION('',(0.,0.,1.));
#2065 = DIRECTION('',(0.,-1.,0.));
#2066 = ORIENTED_EDGE('',*,*,#2067,.F.);
#2067 = EDGE_CURVE('',#1037,#2059,#2068,.T.);
#2068 = LINE('',#2069,#2070);
#2069 = CARTESIAN_POINT('',(36.5,6.5,0.));
#2070 = VECTOR('',#2071,1.);
#2071 = DIRECTION('',(0.,0.,1.));
#2072 = CYLINDRICAL_SURFACE('',#2073,3.);
#2073 = AXIS2_PLACEMENT_3D('',#2074,#2075,#2076);
#2074 = CARTESIAN_POINT('',(33.5,6.5,0.));
#2075 = DIRECTION('',(-0.,-0.,-1.));
#2076 = DIRECTION('',(0.,-1.,0.));
#2077 = ADVANCED_FACE('',(#2078),#2089,.F.);
#2078 = FACE_BOUND('',#2079,.F.);
#2079 = EDGE_LOOP('',(#2080,#2081,#2082,#2083));
#2080 = ORIENTED_EDGE('',*,*,#1323,.F.);
#2081 = ORIENTED_EDGE('',*,*,#1036,.T.);
#2082 = ORIENTED_EDGE('',*,*,#2067,.T.);
#2083 = ORIENTED_EDGE('',*,*,#2084,.T.);
#2084 = EDGE_CURVE('',#2059,#1315,#2085,.T.);
#2085 = LINE('',#2086,#2087);
#2086 = CARTESIAN_POINT('',(36.5,6.5,10.8));
#2087 = VECTOR('',#2088,1.);
#2088 = DIRECTION('',(0.,1.,0.));
#2089 = PLANE('',#2090);
#2090 = AXIS2_PLACEMENT_3D('',#2091,#2092,#2093);
#2091 = CARTESIAN_POINT('',(36.5,6.5,0.));
#2092 = DIRECTION('',(-1.,0.,0.));
#2093 = DIRECTION('',(0.,1.,0.));
#2094 = ADVANCED_FACE('',(#2095),#2106,.T.);
#2095 = FACE_BOUND('',#2096,.T.);
#2096 = EDGE_LOOP('',(#2097,#2103,#2104,#2105));
#2097 = ORIENTED_EDGE('',*,*,#2098,.F.);
#2098 = EDGE_CURVE('',#1128,#1408,#2099,.T.);
#2099 = LINE('',#2100,#2101);
#2100 = CARTESIAN_POINT('',(30.,6.6,10.8));
#2101 = VECTOR('',#2102,1.);
#2102 = DIRECTION('',(1.,0.,-0.));
#2103 = ORIENTED_EDGE('',*,*,#1135,.T.);
#2104 = ORIENTED_EDGE('',*,*,#1168,.T.);
#2105 = ORIENTED_EDGE('',*,*,#1415,.F.);
#2106 = PLANE('',#2107);
#2107 = AXIS2_PLACEMENT_3D('',#2108,#2109,#2110);
#2108 = CARTESIAN_POINT('',(30.,6.6,10.8));
#2109 = DIRECTION('',(-0.,1.,0.));
#2110 = DIRECTION('',(0.,0.,1.));
#2111 = ADVANCED_FACE('',(#2112,#2189,#2223),#2257,.T.);
#2112 = FACE_BOUND('',#2113,.T.);
#2113 = EDGE_LOOP('',(#2114,#2123,#2124,#2125,#2126,#2132,#2133,#2134,
    #2135,#2136,#2137,#2138,#2139,#2140,#2148,#2157,#2165,#2174,#2182));
#2114 = ORIENTED_EDGE('',*,*,#2115,.F.);
#2115 = EDGE_CURVE('',#1986,#2116,#2118,.T.);
#2116 = VERTEX_POINT('',#2117);
#2117 = CARTESIAN_POINT('',(5.8,8.5,10.8));
#2118 = CIRCLE('',#2119,2.2);
#2119 = AXIS2_PLACEMENT_3D('',#2120,#2121,#2122);
#2120 = CARTESIAN_POINT('',(3.6,8.5,10.8));
#2121 = DIRECTION('',(0.,0.,1.));
#2122 = DIRECTION('',(1.,0.,-0.));
#2123 = ORIENTED_EDGE('',*,*,#1993,.T.);
#2124 = ORIENTED_EDGE('',*,*,#2009,.T.);
#2125 = ORIENTED_EDGE('',*,*,#1954,.T.);
#2126 = ORIENTED_EDGE('',*,*,#2127,.T.);
#2127 = EDGE_CURVE('',#1955,#1224,#2128,.T.);
#2128 = LINE('',#2129,#2130);
#2129 = CARTESIAN_POINT('',(7.,6.6,10.8));
#2130 = VECTOR('',#2131,1.);
#2131 = DIRECTION('',(1.,0.,-0.));
#2132 = ORIENTED_EDGE('',*,*,#1223,.F.);
#2133 = ORIENTED_EDGE('',*,*,#2034,.T.);
#2134 = ORIENTED_EDGE('',*,*,#1127,.T.);
#2135 = ORIENTED_EDGE('',*,*,#2098,.T.);
#2136 = ORIENTED_EDGE('',*,*,#1407,.F.);
#2137 = ORIENTED_EDGE('',*,*,#2058,.T.);
#2138 = ORIENTED_EDGE('',*,*,#2084,.T.);
#2139 = ORIENTED_EDGE('',*,*,#1314,.F.);
#2140 = ORIENTED_EDGE('',*,*,#2141,.T.);
#2141 = EDGE_CURVE('',#1307,#2142,#2144,.T.);
#2142 = VERTEX_POINT('',#2143);
#2143 = CARTESIAN_POINT('',(36.5,41.,10.8));
#2144 = LINE('',#2145,#2146);
#2145 = CARTESIAN_POINT('',(36.5,6.5,10.8));
#2146 = VECTOR('',#2147,1.);
#2147 = DIRECTION('',(0.,1.,0.));
#2148 = ORIENTED_EDGE('',*,*,#2149,.T.);
#2149 = EDGE_CURVE('',#2142,#2150,#2152,.T.);
#2150 = VERTEX_POINT('',#2151);
#2151 = CARTESIAN_POINT('',(33.5,44.,10.8));
#2152 = CIRCLE('',#2153,3.);
#2153 = AXIS2_PLACEMENT_3D('',#2154,#2155,#2156);
#2154 = CARTESIAN_POINT('',(33.5,41.,10.8));
#2155 = DIRECTION('',(0.,0.,1.));
#2156 = DIRECTION('',(1.,-4.736951571734E-15,0.));
#2157 = ORIENTED_EDGE('',*,*,#2158,.T.);
#2158 = EDGE_CURVE('',#2150,#2159,#2161,.T.);
#2159 = VERTEX_POINT('',#2160);
#2160 = CARTESIAN_POINT('',(8.5,44.,10.8));
#2161 = LINE('',#2162,#2163);
#2162 = CARTESIAN_POINT('',(33.5,44.,10.8));
#2163 = VECTOR('',#2164,1.);
#2164 = DIRECTION('',(-1.,0.,0.));
#2165 = ORIENTED_EDGE('',*,*,#2166,.T.);
#2166 = EDGE_CURVE('',#2159,#2167,#2169,.T.);
#2167 = VERTEX_POINT('',#2168);
#2168 = CARTESIAN_POINT('',(5.5,41.,10.8));
#2169 = CIRCLE('',#2170,3.);
#2170 = AXIS2_PLACEMENT_3D('',#2171,#2172,#2173);
#2171 = CARTESIAN_POINT('',(8.5,41.,10.8));
#2172 = DIRECTION('',(0.,0.,1.));
#2173 = DIRECTION('',(1.184237892934E-15,1.,-0.));
#2174 = ORIENTED_EDGE('',*,*,#2175,.T.);
#2175 = EDGE_CURVE('',#2167,#2176,#2178,.T.);
#2176 = VERTEX_POINT('',#2177);
#2177 = CARTESIAN_POINT('',(5.5,9.609053650641,10.8));
#2178 = LINE('',#2179,#2180);
#2179 = CARTESIAN_POINT('',(5.5,41.,10.8));
#2180 = VECTOR('',#2181,1.);
#2181 = DIRECTION('',(0.,-1.,0.));
#2182 = ORIENTED_EDGE('',*,*,#2183,.F.);
#2183 = EDGE_CURVE('',#2116,#2176,#2184,.T.);
#2184 = CIRCLE('',#2185,2.2);
#2185 = AXIS2_PLACEMENT_3D('',#2186,#2187,#2188);
#2186 = CARTESIAN_POINT('',(3.6,8.5,10.8));
#2187 = DIRECTION('',(0.,0.,1.));
#2188 = DIRECTION('',(1.,0.,-0.));
#2189 = FACE_BOUND('',#2190,.T.);
#2190 = EDGE_LOOP('',(#2191,#2201,#2209,#2217));
#2191 = ORIENTED_EDGE('',*,*,#2192,.T.);
#2192 = EDGE_CURVE('',#2193,#2195,#2197,.T.);
#2193 = VERTEX_POINT('',#2194);
#2194 = CARTESIAN_POINT('',(35.2,19.3,10.8));
#2195 = VERTEX_POINT('',#2196);
#2196 = CARTESIAN_POINT('',(22.8,19.3,10.8));
#2197 = LINE('',#2198,#2199);
#2198 = CARTESIAN_POINT('',(21.9,19.3,10.8));
#2199 = VECTOR('',#2200,1.);
#2200 = DIRECTION('',(-1.,-0.,0.));
#2201 = ORIENTED_EDGE('',*,*,#2202,.T.);
#2202 = EDGE_CURVE('',#2195,#2203,#2205,.T.);
#2203 = VERTEX_POINT('',#2204);
#2204 = CARTESIAN_POINT('',(22.8,23.7,10.8));
#2205 = LINE('',#2206,#2207);
#2206 = CARTESIAN_POINT('',(22.8,21.525,10.8));
#2207 = VECTOR('',#2208,1.);
#2208 = DIRECTION('',(-0.,1.,0.));
#2209 = ORIENTED_EDGE('',*,*,#2210,.F.);
#2210 = EDGE_CURVE('',#2211,#2203,#2213,.T.);
#2211 = VERTEX_POINT('',#2212);
#2212 = CARTESIAN_POINT('',(35.2,23.7,10.8));
#2213 = LINE('',#2214,#2215);
#2214 = CARTESIAN_POINT('',(21.9,23.7,10.8));
#2215 = VECTOR('',#2216,1.);
#2216 = DIRECTION('',(-1.,-0.,0.));
#2217 = ORIENTED_EDGE('',*,*,#2218,.F.);
#2218 = EDGE_CURVE('',#2193,#2211,#2219,.T.);
#2219 = LINE('',#2220,#2221);
#2220 = CARTESIAN_POINT('',(35.2,21.525,10.8));
#2221 = VECTOR('',#2222,1.);
#2222 = DIRECTION('',(-0.,1.,0.));
#2223 = FACE_BOUND('',#2224,.T.);
#2224 = EDGE_LOOP('',(#2225,#2235,#2243,#2251));
#2225 = ORIENTED_EDGE('',*,*,#2226,.T.);
#2226 = EDGE_CURVE('',#2227,#2229,#2231,.T.);
#2227 = VERTEX_POINT('',#2228);
#2228 = CARTESIAN_POINT('',(25.5,25.,10.8));
#2229 = VERTEX_POINT('',#2230);
#2230 = CARTESIAN_POINT('',(16.5,25.,10.8));
#2231 = LINE('',#2232,#2233);
#2232 = CARTESIAN_POINT('',(18.75,25.,10.8));
#2233 = VECTOR('',#2234,1.);
#2234 = DIRECTION('',(-1.,-0.,0.));
#2235 = ORIENTED_EDGE('',*,*,#2236,.T.);
#2236 = EDGE_CURVE('',#2229,#2237,#2239,.T.);
#2237 = VERTEX_POINT('',#2238);
#2238 = CARTESIAN_POINT('',(16.5,31.,10.8));
#2239 = LINE('',#2240,#2241);
#2240 = CARTESIAN_POINT('',(16.5,24.375,10.8));
#2241 = VECTOR('',#2242,1.);
#2242 = DIRECTION('',(-0.,1.,0.));
#2243 = ORIENTED_EDGE('',*,*,#2244,.F.);
#2244 = EDGE_CURVE('',#2245,#2237,#2247,.T.);
#2245 = VERTEX_POINT('',#2246);
#2246 = CARTESIAN_POINT('',(25.5,31.,10.8));
#2247 = LINE('',#2248,#2249);
#2248 = CARTESIAN_POINT('',(18.75,31.,10.8));
#2249 = VECTOR('',#2250,1.);
#2250 = DIRECTION('',(-1.,-0.,0.));
#2251 = ORIENTED_EDGE('',*,*,#2252,.F.);
#2252 = EDGE_CURVE('',#2227,#2245,#2253,.T.);
#2253 = LINE('',#2254,#2255);
#2254 = CARTESIAN_POINT('',(25.5,24.375,10.8));
#2255 = VECTOR('',#2256,1.);
#2256 = DIRECTION('',(-0.,1.,0.));
#2257 = PLANE('',#2258);
#2258 = AXIS2_PLACEMENT_3D('',#2259,#2260,#2261);
#2259 = CARTESIAN_POINT('',(21.,23.75,10.8));
#2260 = DIRECTION('',(0.,0.,1.));
#2261 = DIRECTION('',(1.,0.,-0.));
#2262 = ADVANCED_FACE('',(#2263),#2269,.T.);
#2263 = FACE_BOUND('',#2264,.T.);
#2264 = EDGE_LOOP('',(#2265,#2266,#2267,#2268));
#2265 = ORIENTED_EDGE('',*,*,#2127,.F.);
#2266 = ORIENTED_EDGE('',*,*,#1962,.T.);
#2267 = ORIENTED_EDGE('',*,*,#1200,.T.);
#2268 = ORIENTED_EDGE('',*,*,#1231,.F.);
#2269 = PLANE('',#2270);
#2270 = AXIS2_PLACEMENT_3D('',#2271,#2272,#2273);
#2271 = CARTESIAN_POINT('',(7.,6.6,10.8));
#2272 = DIRECTION('',(-0.,1.,0.));
#2273 = DIRECTION('',(0.,0.,1.));
#2274 = ADVANCED_FACE('',(#2275),#2286,.F.);
#2275 = FACE_BOUND('',#2276,.F.);
#2276 = EDGE_LOOP('',(#2277,#2283,#2284,#2285));
#2277 = ORIENTED_EDGE('',*,*,#2278,.F.);
#2278 = EDGE_CURVE('',#1551,#2142,#2279,.T.);
#2279 = LINE('',#2280,#2281);
#2280 = CARTESIAN_POINT('',(36.5,41.,0.));
#2281 = VECTOR('',#2282,1.);
#2282 = DIRECTION('',(0.,0.,1.));
#2283 = ORIENTED_EDGE('',*,*,#1559,.T.);
#2284 = ORIENTED_EDGE('',*,*,#1306,.T.);
#2285 = ORIENTED_EDGE('',*,*,#2141,.T.);
#2286 = PLANE('',#2287);
#2287 = AXIS2_PLACEMENT_3D('',#2288,#2289,#2290);
#2288 = CARTESIAN_POINT('',(36.5,6.5,0.));
#2289 = DIRECTION('',(-1.,0.,0.));
#2290 = DIRECTION('',(0.,1.,0.));
#2291 = ADVANCED_FACE('',(#2292),#2320,.T.);
#2292 = FACE_BOUND('',#2293,.F.);
#2293 = EDGE_LOOP('',(#2294,#2302,#2303,#2304,#2305,#2313));
#2294 = ORIENTED_EDGE('',*,*,#2295,.T.);
#2295 = EDGE_CURVE('',#2296,#1543,#2298,.T.);
#2296 = VERTEX_POINT('',#2297);
#2297 = CARTESIAN_POINT('',(35.,43.598076211353,9.));
#2298 = LINE('',#2299,#2300);
#2299 = CARTESIAN_POINT('',(35.,43.598076211353,0.));
#2300 = VECTOR('',#2301,1.);
#2301 = DIRECTION('',(-0.,-0.,-1.));
#2302 = ORIENTED_EDGE('',*,*,#1550,.T.);
#2303 = ORIENTED_EDGE('',*,*,#2278,.T.);
#2304 = ORIENTED_EDGE('',*,*,#2149,.T.);
#2305 = ORIENTED_EDGE('',*,*,#2306,.F.);
#2306 = EDGE_CURVE('',#2307,#2150,#2309,.T.);
#2307 = VERTEX_POINT('',#2308);
#2308 = CARTESIAN_POINT('',(33.5,44.,9.));
#2309 = LINE('',#2310,#2311);
#2310 = CARTESIAN_POINT('',(33.5,44.,0.));
#2311 = VECTOR('',#2312,1.);
#2312 = DIRECTION('',(0.,0.,1.));
#2313 = ORIENTED_EDGE('',*,*,#2314,.T.);
#2314 = EDGE_CURVE('',#2307,#2296,#2315,.T.);
#2315 = CIRCLE('',#2316,3.);
#2316 = AXIS2_PLACEMENT_3D('',#2317,#2318,#2319);
#2317 = CARTESIAN_POINT('',(33.5,41.,9.));
#2318 = DIRECTION('',(0.,-0.,-1.));
#2319 = DIRECTION('',(1.,-4.736951571734E-15,0.));
#2320 = CYLINDRICAL_SURFACE('',#2321,3.);
#2321 = AXIS2_PLACEMENT_3D('',#2322,#2323,#2324);
#2322 = CARTESIAN_POINT('',(33.5,41.,0.));
#2323 = DIRECTION('',(-0.,-0.,-1.));
#2324 = DIRECTION('',(1.,-4.736951571734E-15,0.));
#2325 = ADVANCED_FACE('',(#2326),#2344,.T.);
#2326 = FACE_BOUND('',#2327,.T.);
#2327 = EDGE_LOOP('',(#2328,#2336,#2337,#2338));
#2328 = ORIENTED_EDGE('',*,*,#2329,.F.);
#2329 = EDGE_CURVE('',#2296,#2330,#2332,.T.);
#2330 = VERTEX_POINT('',#2331);
#2331 = CARTESIAN_POINT('',(35.,46.3,9.));
#2332 = LINE('',#2333,#2334);
#2333 = CARTESIAN_POINT('',(35.,42.9,9.));
#2334 = VECTOR('',#2335,1.);
#2335 = DIRECTION('',(-0.,1.,0.));
#2336 = ORIENTED_EDGE('',*,*,#2295,.T.);
#2337 = ORIENTED_EDGE('',*,*,#1542,.T.);
#2338 = ORIENTED_EDGE('',*,*,#2339,.T.);
#2339 = EDGE_CURVE('',#1535,#2330,#2340,.T.);
#2340 = LINE('',#2341,#2342);
#2341 = CARTESIAN_POINT('',(35.,46.3,0.));
#2342 = VECTOR('',#2343,1.);
#2343 = DIRECTION('',(0.,0.,1.));
#2344 = PLANE('',#2345);
#2345 = AXIS2_PLACEMENT_3D('',#2346,#2347,#2348);
#2346 = CARTESIAN_POINT('',(35.,42.9,0.));
#2347 = DIRECTION('',(1.,0.,-0.));
#2348 = DIRECTION('',(0.,0.,1.));
#2349 = ADVANCED_FACE('',(#2350),#2368,.T.);
#2350 = FACE_BOUND('',#2351,.T.);
#2351 = EDGE_LOOP('',(#2352,#2353,#2361,#2367));
#2352 = ORIENTED_EDGE('',*,*,#1534,.T.);
#2353 = ORIENTED_EDGE('',*,*,#2354,.T.);
#2354 = EDGE_CURVE('',#1527,#2355,#2357,.T.);
#2355 = VERTEX_POINT('',#2356);
#2356 = CARTESIAN_POINT('',(27.,46.3,9.));
#2357 = LINE('',#2358,#2359);
#2358 = CARTESIAN_POINT('',(27.,46.3,0.));
#2359 = VECTOR('',#2360,1.);
#2360 = DIRECTION('',(0.,0.,1.));
#2361 = ORIENTED_EDGE('',*,*,#2362,.T.);
#2362 = EDGE_CURVE('',#2355,#2330,#2363,.T.);
#2363 = LINE('',#2364,#2365);
#2364 = CARTESIAN_POINT('',(27.,46.3,9.));
#2365 = VECTOR('',#2366,1.);
#2366 = DIRECTION('',(1.,0.,-0.));
#2367 = ORIENTED_EDGE('',*,*,#2339,.F.);
#2368 = PLANE('',#2369);
#2369 = AXIS2_PLACEMENT_3D('',#2370,#2371,#2372);
#2370 = CARTESIAN_POINT('',(27.,46.3,0.));
#2371 = DIRECTION('',(-0.,1.,0.));
#2372 = DIRECTION('',(0.,0.,1.));
#2373 = ADVANCED_FACE('',(#2374),#2392,.F.);
#2374 = FACE_BOUND('',#2375,.F.);
#2375 = EDGE_LOOP('',(#2376,#2384,#2390,#2391));
#2376 = ORIENTED_EDGE('',*,*,#2377,.F.);
#2377 = EDGE_CURVE('',#2378,#2355,#2380,.T.);
#2378 = VERTEX_POINT('',#2379);
#2379 = CARTESIAN_POINT('',(27.,44.,9.));
#2380 = LINE('',#2381,#2382);
#2381 = CARTESIAN_POINT('',(27.,42.9,9.));
#2382 = VECTOR('',#2383,1.);
#2383 = DIRECTION('',(-0.,1.,0.));
#2384 = ORIENTED_EDGE('',*,*,#2385,.F.);
#2385 = EDGE_CURVE('',#1519,#2378,#2386,.T.);
#2386 = LINE('',#2387,#2388);
#2387 = CARTESIAN_POINT('',(27.,44.,0.));
#2388 = VECTOR('',#2389,1.);
#2389 = DIRECTION('',(0.,0.,1.));
#2390 = ORIENTED_EDGE('',*,*,#1526,.T.);
#2391 = ORIENTED_EDGE('',*,*,#2354,.T.);
#2392 = PLANE('',#2393);
#2393 = AXIS2_PLACEMENT_3D('',#2394,#2395,#2396);
#2394 = CARTESIAN_POINT('',(27.,42.9,0.));
#2395 = DIRECTION('',(1.,0.,-0.));
#2396 = DIRECTION('',(0.,0.,1.));
#2397 = ADVANCED_FACE('',(#2398),#2416,.F.);
#2398 = FACE_BOUND('',#2399,.F.);
#2399 = EDGE_LOOP('',(#2400,#2406,#2407,#2408,#2414,#2415));
#2400 = ORIENTED_EDGE('',*,*,#2401,.F.);
#2401 = EDGE_CURVE('',#1510,#2159,#2402,.T.);
#2402 = LINE('',#2403,#2404);
#2403 = CARTESIAN_POINT('',(8.5,44.,0.));
#2404 = VECTOR('',#2405,1.);
#2405 = DIRECTION('',(0.,0.,1.));
#2406 = ORIENTED_EDGE('',*,*,#1518,.T.);
#2407 = ORIENTED_EDGE('',*,*,#2385,.T.);
#2408 = ORIENTED_EDGE('',*,*,#2409,.F.);
#2409 = EDGE_CURVE('',#2307,#2378,#2410,.T.);
#2410 = LINE('',#2411,#2412);
#2411 = CARTESIAN_POINT('',(30.25,44.,9.));
#2412 = VECTOR('',#2413,1.);
#2413 = DIRECTION('',(-1.,0.,0.));
#2414 = ORIENTED_EDGE('',*,*,#2306,.T.);
#2415 = ORIENTED_EDGE('',*,*,#2158,.T.);
#2416 = PLANE('',#2417);
#2417 = AXIS2_PLACEMENT_3D('',#2418,#2419,#2420);
#2418 = CARTESIAN_POINT('',(33.5,44.,0.));
#2419 = DIRECTION('',(0.,-1.,0.));
#2420 = DIRECTION('',(-1.,0.,0.));
#2421 = ADVANCED_FACE('',(#2422),#2433,.T.);
#2422 = FACE_BOUND('',#2423,.F.);
#2423 = EDGE_LOOP('',(#2424,#2425,#2426,#2427));
#2424 = ORIENTED_EDGE('',*,*,#1509,.T.);
#2425 = ORIENTED_EDGE('',*,*,#2401,.T.);
#2426 = ORIENTED_EDGE('',*,*,#2166,.T.);
#2427 = ORIENTED_EDGE('',*,*,#2428,.F.);
#2428 = EDGE_CURVE('',#1502,#2167,#2429,.T.);
#2429 = LINE('',#2430,#2431);
#2430 = CARTESIAN_POINT('',(5.5,41.,0.));
#2431 = VECTOR('',#2432,1.);
#2432 = DIRECTION('',(0.,0.,1.));
#2433 = CYLINDRICAL_SURFACE('',#2434,3.);
#2434 = AXIS2_PLACEMENT_3D('',#2435,#2436,#2437);
#2435 = CARTESIAN_POINT('',(8.5,41.,0.));
#2436 = DIRECTION('',(-0.,-0.,-1.));
#2437 = DIRECTION('',(1.184237892934E-15,1.,-0.));
#2438 = ADVANCED_FACE('',(#2439),#2450,.F.);
#2439 = FACE_BOUND('',#2440,.F.);
#2440 = EDGE_LOOP('',(#2441,#2447,#2448,#2449));
#2441 = ORIENTED_EDGE('',*,*,#2442,.F.);
#2442 = EDGE_CURVE('',#1493,#2176,#2443,.T.);
#2443 = LINE('',#2444,#2445);
#2444 = CARTESIAN_POINT('',(5.5,9.609053650641,1.8));
#2445 = VECTOR('',#2446,1.);
#2446 = DIRECTION('',(0.,0.,1.));
#2447 = ORIENTED_EDGE('',*,*,#1501,.T.);
#2448 = ORIENTED_EDGE('',*,*,#2428,.T.);
#2449 = ORIENTED_EDGE('',*,*,#2175,.T.);
#2450 = PLANE('',#2451);
#2451 = AXIS2_PLACEMENT_3D('',#2452,#2453,#2454);
#2452 = CARTESIAN_POINT('',(5.5,41.,0.));
#2453 = DIRECTION('',(1.,0.,-0.));
#2454 = DIRECTION('',(0.,-1.,0.));
#2455 = ADVANCED_FACE('',(#2456),#2475,.T.);
#2456 = FACE_BOUND('',#2457,.T.);
#2457 = EDGE_LOOP('',(#2458,#2467,#2473,#2474));
#2458 = ORIENTED_EDGE('',*,*,#2459,.F.);
#2459 = EDGE_CURVE('',#2460,#2460,#2462,.T.);
#2460 = VERTEX_POINT('',#2461);
#2461 = CARTESIAN_POINT('',(11.4,49.,11.8));
#2462 = CIRCLE('',#2463,2.4);
#2463 = AXIS2_PLACEMENT_3D('',#2464,#2465,#2466);
#2464 = CARTESIAN_POINT('',(9.,49.,11.8));
#2465 = DIRECTION('',(0.,0.,1.));
#2466 = DIRECTION('',(1.,0.,-0.));
#2467 = ORIENTED_EDGE('',*,*,#2468,.F.);
#2468 = EDGE_CURVE('',#1568,#2460,#2469,.T.);
#2469 = LINE('',#2470,#2471);
#2470 = CARTESIAN_POINT('',(11.4,49.,1.8));
#2471 = VECTOR('',#2472,1.);
#2472 = DIRECTION('',(0.,0.,1.));
#2473 = ORIENTED_EDGE('',*,*,#1567,.T.);
#2474 = ORIENTED_EDGE('',*,*,#2468,.T.);
#2475 = CYLINDRICAL_SURFACE('',#2476,2.4);
#2476 = AXIS2_PLACEMENT_3D('',#2477,#2478,#2479);
#2477 = CARTESIAN_POINT('',(9.,49.,1.8));
#2478 = DIRECTION('',(0.,0.,1.));
#2479 = DIRECTION('',(1.,0.,-0.));
#2480 = ADVANCED_FACE('',(#2481),#2500,.T.);
#2481 = FACE_BOUND('',#2482,.T.);
#2482 = EDGE_LOOP('',(#2483,#2492,#2498,#2499));
#2483 = ORIENTED_EDGE('',*,*,#2484,.F.);
#2484 = EDGE_CURVE('',#2485,#2485,#2487,.T.);
#2485 = VERTEX_POINT('',#2486);
#2486 = CARTESIAN_POINT('',(35.4,49.,11.8));
#2487 = CIRCLE('',#2488,2.4);
#2488 = AXIS2_PLACEMENT_3D('',#2489,#2490,#2491);
#2489 = CARTESIAN_POINT('',(33.,49.,11.8));
#2490 = DIRECTION('',(0.,0.,1.));
#2491 = DIRECTION('',(1.,0.,-0.));
#2492 = ORIENTED_EDGE('',*,*,#2493,.F.);
#2493 = EDGE_CURVE('',#1579,#2485,#2494,.T.);
#2494 = LINE('',#2495,#2496);
#2495 = CARTESIAN_POINT('',(35.4,49.,1.8));
#2496 = VECTOR('',#2497,1.);
#2497 = DIRECTION('',(0.,0.,1.));
#2498 = ORIENTED_EDGE('',*,*,#1578,.T.);
#2499 = ORIENTED_EDGE('',*,*,#2493,.T.);
#2500 = CYLINDRICAL_SURFACE('',#2501,2.4);
#2501 = AXIS2_PLACEMENT_3D('',#2502,#2503,#2504);
#2502 = CARTESIAN_POINT('',(33.,49.,1.8));
#2503 = DIRECTION('',(0.,0.,1.));
#2504 = DIRECTION('',(1.,0.,-0.));
#2505 = ADVANCED_FACE('',(#2506),#2512,.F.);
#2506 = FACE_BOUND('',#2507,.F.);
#2507 = EDGE_LOOP('',(#2508,#2509,#2510,#2511));
#2508 = ORIENTED_EDGE('',*,*,#1816,.T.);
#2509 = ORIENTED_EDGE('',*,*,#1790,.T.);
#2510 = ORIENTED_EDGE('',*,*,#1759,.F.);
#2511 = ORIENTED_EDGE('',*,*,#1838,.F.);
#2512 = PLANE('',#2513);
#2513 = AXIS2_PLACEMENT_3D('',#2514,#2515,#2516);
#2514 = CARTESIAN_POINT('',(37.4,14.,10.8));
#2515 = DIRECTION('',(1.,0.,0.));
#2516 = DIRECTION('',(0.,0.,1.));
#2517 = ADVANCED_FACE('',(#2518),#2524,.F.);
#2518 = FACE_BOUND('',#2519,.F.);
#2519 = EDGE_LOOP('',(#2520,#2521,#2522,#2523));
#2520 = ORIENTED_EDGE('',*,*,#1912,.T.);
#2521 = ORIENTED_EDGE('',*,*,#1895,.T.);
#2522 = ORIENTED_EDGE('',*,*,#1855,.F.);
#2523 = ORIENTED_EDGE('',*,*,#1936,.F.);
#2524 = PLANE('',#2525);
#2525 = AXIS2_PLACEMENT_3D('',#2526,#2527,#2528);
#2526 = CARTESIAN_POINT('',(4.6,14.,11.8));
#2527 = DIRECTION('',(-1.,0.,0.));
#2528 = DIRECTION('',(0.,0.,-1.));
#2529 = ADVANCED_FACE('',(#2530),#2555,.T.);
#2530 = FACE_BOUND('',#2531,.T.);
#2531 = EDGE_LOOP('',(#2532,#2540,#2548,#2554));
#2532 = ORIENTED_EDGE('',*,*,#2533,.F.);
#2533 = EDGE_CURVE('',#2534,#2193,#2536,.T.);
#2534 = VERTEX_POINT('',#2535);
#2535 = CARTESIAN_POINT('',(35.2,19.3,10.));
#2536 = LINE('',#2537,#2538);
#2537 = CARTESIAN_POINT('',(35.2,19.3,9.9));
#2538 = VECTOR('',#2539,1.);
#2539 = DIRECTION('',(0.,0.,1.));
#2540 = ORIENTED_EDGE('',*,*,#2541,.T.);
#2541 = EDGE_CURVE('',#2534,#2542,#2544,.T.);
#2542 = VERTEX_POINT('',#2543);
#2543 = CARTESIAN_POINT('',(22.8,19.3,10.));
#2544 = LINE('',#2545,#2546);
#2545 = CARTESIAN_POINT('',(21.9,19.3,10.));
#2546 = VECTOR('',#2547,1.);
#2547 = DIRECTION('',(-1.,-0.,0.));
#2548 = ORIENTED_EDGE('',*,*,#2549,.T.);
#2549 = EDGE_CURVE('',#2542,#2195,#2550,.T.);
#2550 = LINE('',#2551,#2552);
#2551 = CARTESIAN_POINT('',(22.8,19.3,9.9));
#2552 = VECTOR('',#2553,1.);
#2553 = DIRECTION('',(0.,0.,1.));
#2554 = ORIENTED_EDGE('',*,*,#2192,.F.);
#2555 = PLANE('',#2556);
#2556 = AXIS2_PLACEMENT_3D('',#2557,#2558,#2559);
#2557 = CARTESIAN_POINT('',(22.8,19.3,9.9));
#2558 = DIRECTION('',(-0.,1.,0.));
#2559 = DIRECTION('',(0.,0.,1.));
#2560 = ADVANCED_FACE('',(#2561),#2597,.F.);
#2561 = FACE_BOUND('',#2562,.T.);
#2562 = EDGE_LOOP('',(#2563,#2574,#2582,#2591));
#2563 = ORIENTED_EDGE('',*,*,#2564,.T.);
#2564 = EDGE_CURVE('',#2565,#2567,#2569,.T.);
#2565 = VERTEX_POINT('',#2566);
#2566 = CARTESIAN_POINT('',(6.6,40.9,0.));
#2567 = VERTEX_POINT('',#2568);
#2568 = CARTESIAN_POINT('',(8.6,42.9,0.));
#2569 = CIRCLE('',#2570,2.);
#2570 = AXIS2_PLACEMENT_3D('',#2571,#2572,#2573);
#2571 = CARTESIAN_POINT('',(8.6,40.9,0.));
#2572 = DIRECTION('',(-0.,0.,-1.));
#2573 = DIRECTION('',(-2.6645352591E-15,1.,0.));
#2574 = ORIENTED_EDGE('',*,*,#2575,.T.);
#2575 = EDGE_CURVE('',#2567,#2576,#2578,.T.);
#2576 = VERTEX_POINT('',#2577);
#2577 = CARTESIAN_POINT('',(8.6,42.9,10.));
#2578 = LINE('',#2579,#2580);
#2579 = CARTESIAN_POINT('',(8.6,42.9,-0.5));
#2580 = VECTOR('',#2581,1.);
#2581 = DIRECTION('',(0.,0.,1.));
#2582 = ORIENTED_EDGE('',*,*,#2583,.T.);
#2583 = EDGE_CURVE('',#2576,#2584,#2586,.T.);
#2584 = VERTEX_POINT('',#2585);
#2585 = CARTESIAN_POINT('',(6.6,40.9,10.));
#2586 = CIRCLE('',#2587,2.);
#2587 = AXIS2_PLACEMENT_3D('',#2588,#2589,#2590);
#2588 = CARTESIAN_POINT('',(8.6,40.9,10.));
#2589 = DIRECTION('',(0.,0.,1.));
#2590 = DIRECTION('',(-2.6645352591E-15,1.,0.));
#2591 = ORIENTED_EDGE('',*,*,#2592,.F.);
#2592 = EDGE_CURVE('',#2565,#2584,#2593,.T.);
#2593 = LINE('',#2594,#2595);
#2594 = CARTESIAN_POINT('',(6.6,40.9,-0.5));
#2595 = VECTOR('',#2596,1.);
#2596 = DIRECTION('',(0.,0.,1.));
#2597 = CYLINDRICAL_SURFACE('',#2598,2.);
#2598 = AXIS2_PLACEMENT_3D('',#2599,#2600,#2601);
#2599 = CARTESIAN_POINT('',(8.6,40.9,-0.5));
#2600 = DIRECTION('',(-0.,-0.,-1.));
#2601 = DIRECTION('',(-2.6645352591E-15,1.,0.));
#2602 = ADVANCED_FACE('',(#2603),#2628,.T.);
#2603 = FACE_BOUND('',#2604,.T.);
#2604 = EDGE_LOOP('',(#2605,#2613,#2614,#2622));
#2605 = ORIENTED_EDGE('',*,*,#2606,.T.);
#2606 = EDGE_CURVE('',#2607,#2565,#2609,.T.);
#2607 = VERTEX_POINT('',#2608);
#2608 = CARTESIAN_POINT('',(6.6,6.6,0.));
#2609 = LINE('',#2610,#2611);
#2610 = CARTESIAN_POINT('',(6.6,35.45,0.));
#2611 = VECTOR('',#2612,1.);
#2612 = DIRECTION('',(-0.,1.,0.));
#2613 = ORIENTED_EDGE('',*,*,#2592,.T.);
#2614 = ORIENTED_EDGE('',*,*,#2615,.T.);
#2615 = EDGE_CURVE('',#2584,#2616,#2618,.T.);
#2616 = VERTEX_POINT('',#2617);
#2617 = CARTESIAN_POINT('',(6.6,6.6,10.));
#2618 = LINE('',#2619,#2620);
#2619 = CARTESIAN_POINT('',(6.6,40.9,10.));
#2620 = VECTOR('',#2621,1.);
#2621 = DIRECTION('',(0.,-1.,0.));
#2622 = ORIENTED_EDGE('',*,*,#2623,.F.);
#2623 = EDGE_CURVE('',#2607,#2616,#2624,.T.);
#2624 = LINE('',#2625,#2626);
#2625 = CARTESIAN_POINT('',(6.6,6.6,-0.5));
#2626 = VECTOR('',#2627,1.);
#2627 = DIRECTION('',(0.,0.,1.));
#2628 = PLANE('',#2629);
#2629 = AXIS2_PLACEMENT_3D('',#2630,#2631,#2632);
#2630 = CARTESIAN_POINT('',(6.6,40.9,-0.5));
#2631 = DIRECTION('',(1.,0.,-0.));
#2632 = DIRECTION('',(0.,-1.,0.));
#2633 = ADVANCED_FACE('',(#2634),#2661,.F.);
#2634 = FACE_BOUND('',#2635,.T.);
#2635 = EDGE_LOOP('',(#2636,#2645,#2646,#2655));
#2636 = ORIENTED_EDGE('',*,*,#2637,.T.);
#2637 = EDGE_CURVE('',#2638,#2607,#2640,.T.);
#2638 = VERTEX_POINT('',#2639);
#2639 = CARTESIAN_POINT('',(8.6,4.6,0.));
#2640 = CIRCLE('',#2641,2.);
#2641 = AXIS2_PLACEMENT_3D('',#2642,#2643,#2644);
#2642 = CARTESIAN_POINT('',(8.6,6.6,0.));
#2643 = DIRECTION('',(-0.,0.,-1.));
#2644 = DIRECTION('',(-1.,0.,0.));
#2645 = ORIENTED_EDGE('',*,*,#2623,.T.);
#2646 = ORIENTED_EDGE('',*,*,#2647,.T.);
#2647 = EDGE_CURVE('',#2616,#2648,#2650,.T.);
#2648 = VERTEX_POINT('',#2649);
#2649 = CARTESIAN_POINT('',(8.6,4.6,10.));
#2650 = CIRCLE('',#2651,2.);
#2651 = AXIS2_PLACEMENT_3D('',#2652,#2653,#2654);
#2652 = CARTESIAN_POINT('',(8.6,6.6,10.));
#2653 = DIRECTION('',(0.,0.,1.));
#2654 = DIRECTION('',(-1.,0.,0.));
#2655 = ORIENTED_EDGE('',*,*,#2656,.F.);
#2656 = EDGE_CURVE('',#2638,#2648,#2657,.T.);
#2657 = LINE('',#2658,#2659);
#2658 = CARTESIAN_POINT('',(8.6,4.6,-0.5));
#2659 = VECTOR('',#2660,1.);
#2660 = DIRECTION('',(0.,0.,1.));
#2661 = CYLINDRICAL_SURFACE('',#2662,2.);
#2662 = AXIS2_PLACEMENT_3D('',#2663,#2664,#2665);
#2663 = CARTESIAN_POINT('',(8.6,6.6,-0.5));
#2664 = DIRECTION('',(-0.,-0.,-1.));
#2665 = DIRECTION('',(-1.,0.,0.));
#2666 = ADVANCED_FACE('',(#2667),#2692,.T.);
#2667 = FACE_BOUND('',#2668,.T.);
#2668 = EDGE_LOOP('',(#2669,#2677,#2678,#2686));
#2669 = ORIENTED_EDGE('',*,*,#2670,.T.);
#2670 = EDGE_CURVE('',#2671,#2638,#2673,.T.);
#2671 = VERTEX_POINT('',#2672);
#2672 = CARTESIAN_POINT('',(33.4,4.6,0.));
#2673 = LINE('',#2674,#2675);
#2674 = CARTESIAN_POINT('',(14.8,4.6,0.));
#2675 = VECTOR('',#2676,1.);
#2676 = DIRECTION('',(-1.,0.,0.));
#2677 = ORIENTED_EDGE('',*,*,#2656,.T.);
#2678 = ORIENTED_EDGE('',*,*,#2679,.T.);
#2679 = EDGE_CURVE('',#2648,#2680,#2682,.T.);
#2680 = VERTEX_POINT('',#2681);
#2681 = CARTESIAN_POINT('',(33.4,4.6,10.));
#2682 = LINE('',#2683,#2684);
#2683 = CARTESIAN_POINT('',(8.6,4.6,10.));
#2684 = VECTOR('',#2685,1.);
#2685 = DIRECTION('',(1.,0.,0.));
#2686 = ORIENTED_EDGE('',*,*,#2687,.F.);
#2687 = EDGE_CURVE('',#2671,#2680,#2688,.T.);
#2688 = LINE('',#2689,#2690);
#2689 = CARTESIAN_POINT('',(33.4,4.6,-0.5));
#2690 = VECTOR('',#2691,1.);
#2691 = DIRECTION('',(0.,0.,1.));
#2692 = PLANE('',#2693);
#2693 = AXIS2_PLACEMENT_3D('',#2694,#2695,#2696);
#2694 = CARTESIAN_POINT('',(8.6,4.6,-0.5));
#2695 = DIRECTION('',(0.,1.,0.));
#2696 = DIRECTION('',(1.,0.,0.));
#2697 = ADVANCED_FACE('',(#2698),#2725,.F.);
#2698 = FACE_BOUND('',#2699,.T.);
#2699 = EDGE_LOOP('',(#2700,#2709,#2710,#2719));
#2700 = ORIENTED_EDGE('',*,*,#2701,.T.);
#2701 = EDGE_CURVE('',#2702,#2671,#2704,.T.);
#2702 = VERTEX_POINT('',#2703);
#2703 = CARTESIAN_POINT('',(35.4,6.6,0.));
#2704 = CIRCLE('',#2705,2.);
#2705 = AXIS2_PLACEMENT_3D('',#2706,#2707,#2708);
#2706 = CARTESIAN_POINT('',(33.4,6.6,0.));
#2707 = DIRECTION('',(0.,-0.,-1.));
#2708 = DIRECTION('',(3.5527136788E-15,-1.,0.));
#2709 = ORIENTED_EDGE('',*,*,#2687,.T.);
#2710 = ORIENTED_EDGE('',*,*,#2711,.T.);
#2711 = EDGE_CURVE('',#2680,#2712,#2714,.T.);
#2712 = VERTEX_POINT('',#2713);
#2713 = CARTESIAN_POINT('',(35.4,6.6,10.));
#2714 = CIRCLE('',#2715,2.);
#2715 = AXIS2_PLACEMENT_3D('',#2716,#2717,#2718);
#2716 = CARTESIAN_POINT('',(33.4,6.6,10.));
#2717 = DIRECTION('',(0.,0.,1.));
#2718 = DIRECTION('',(3.5527136788E-15,-1.,0.));
#2719 = ORIENTED_EDGE('',*,*,#2720,.F.);
#2720 = EDGE_CURVE('',#2702,#2712,#2721,.T.);
#2721 = LINE('',#2722,#2723);
#2722 = CARTESIAN_POINT('',(35.4,6.6,-0.5));
#2723 = VECTOR('',#2724,1.);
#2724 = DIRECTION('',(0.,0.,1.));
#2725 = CYLINDRICAL_SURFACE('',#2726,2.);
#2726 = AXIS2_PLACEMENT_3D('',#2727,#2728,#2729);
#2727 = CARTESIAN_POINT('',(33.4,6.6,-0.5));
#2728 = DIRECTION('',(-0.,-0.,-1.));
#2729 = DIRECTION('',(3.5527136788E-15,-1.,0.));
#2730 = ADVANCED_FACE('',(#2731),#2756,.T.);
#2731 = FACE_BOUND('',#2732,.T.);
#2732 = EDGE_LOOP('',(#2733,#2741,#2742,#2750));
#2733 = ORIENTED_EDGE('',*,*,#2734,.T.);
#2734 = EDGE_CURVE('',#2735,#2702,#2737,.T.);
#2735 = VERTEX_POINT('',#2736);
#2736 = CARTESIAN_POINT('',(35.4,40.9,0.));
#2737 = LINE('',#2738,#2739);
#2738 = CARTESIAN_POINT('',(35.4,18.3,0.));
#2739 = VECTOR('',#2740,1.);
#2740 = DIRECTION('',(0.,-1.,0.));
#2741 = ORIENTED_EDGE('',*,*,#2720,.T.);
#2742 = ORIENTED_EDGE('',*,*,#2743,.T.);
#2743 = EDGE_CURVE('',#2712,#2744,#2746,.T.);
#2744 = VERTEX_POINT('',#2745);
#2745 = CARTESIAN_POINT('',(35.4,40.9,10.));
#2746 = LINE('',#2747,#2748);
#2747 = CARTESIAN_POINT('',(35.4,6.6,10.));
#2748 = VECTOR('',#2749,1.);
#2749 = DIRECTION('',(0.,1.,0.));
#2750 = ORIENTED_EDGE('',*,*,#2751,.F.);
#2751 = EDGE_CURVE('',#2735,#2744,#2752,.T.);
#2752 = LINE('',#2753,#2754);
#2753 = CARTESIAN_POINT('',(35.4,40.9,-0.5));
#2754 = VECTOR('',#2755,1.);
#2755 = DIRECTION('',(0.,0.,1.));
#2756 = PLANE('',#2757);
#2757 = AXIS2_PLACEMENT_3D('',#2758,#2759,#2760);
#2758 = CARTESIAN_POINT('',(35.4,6.6,-0.5));
#2759 = DIRECTION('',(-1.,0.,0.));
#2760 = DIRECTION('',(0.,1.,0.));
#2761 = ADVANCED_FACE('',(#2762),#2806,.F.);
#2762 = FACE_BOUND('',#2763,.T.);
#2763 = EDGE_LOOP('',(#2764,#2774,#2781,#2782,#2791,#2799));
#2764 = ORIENTED_EDGE('',*,*,#2765,.T.);
#2765 = EDGE_CURVE('',#2766,#2768,#2770,.T.);
#2766 = VERTEX_POINT('',#2767);
#2767 = CARTESIAN_POINT('',(35.270532696877,41.607889419269,1.6));
#2768 = VERTEX_POINT('',#2769);
#2769 = CARTESIAN_POINT('',(35.270532696877,41.607889419269,0.));
#2770 = LINE('',#2771,#2772);
#2771 = CARTESIAN_POINT('',(35.270532696877,41.607889419269,-0.5));
#2772 = VECTOR('',#2773,1.);
#2773 = DIRECTION('',(-0.,-0.,-1.));
#2774 = ORIENTED_EDGE('',*,*,#2775,.T.);
#2775 = EDGE_CURVE('',#2768,#2735,#2776,.T.);
#2776 = CIRCLE('',#2777,2.);
#2777 = AXIS2_PLACEMENT_3D('',#2778,#2779,#2780);
#2778 = CARTESIAN_POINT('',(33.4,40.9,0.));
#2779 = DIRECTION('',(0.,-0.,-1.));
#2780 = DIRECTION('',(1.,3.5527136788E-15,-0.));
#2781 = ORIENTED_EDGE('',*,*,#2751,.T.);
#2782 = ORIENTED_EDGE('',*,*,#2783,.T.);
#2783 = EDGE_CURVE('',#2744,#2784,#2786,.T.);
#2784 = VERTEX_POINT('',#2785);
#2785 = CARTESIAN_POINT('',(33.4,42.9,10.));
#2786 = CIRCLE('',#2787,2.);
#2787 = AXIS2_PLACEMENT_3D('',#2788,#2789,#2790);
#2788 = CARTESIAN_POINT('',(33.4,40.9,10.));
#2789 = DIRECTION('',(0.,0.,1.));
#2790 = DIRECTION('',(1.,3.5527136788E-15,-0.));
#2791 = ORIENTED_EDGE('',*,*,#2792,.F.);
#2792 = EDGE_CURVE('',#2793,#2784,#2795,.T.);
#2793 = VERTEX_POINT('',#2794);
#2794 = CARTESIAN_POINT('',(33.4,42.9,1.6));
#2795 = LINE('',#2796,#2797);
#2796 = CARTESIAN_POINT('',(33.4,42.9,-0.5));
#2797 = VECTOR('',#2798,1.);
#2798 = DIRECTION('',(0.,0.,1.));
#2799 = ORIENTED_EDGE('',*,*,#2800,.T.);
#2800 = EDGE_CURVE('',#2793,#2766,#2801,.T.);
#2801 = CIRCLE('',#2802,2.);
#2802 = AXIS2_PLACEMENT_3D('',#2803,#2804,#2805);
#2803 = CARTESIAN_POINT('',(33.4,40.9,1.6));
#2804 = DIRECTION('',(0.,-0.,-1.));
#2805 = DIRECTION('',(1.,3.5527136788E-15,-0.));
#2806 = CYLINDRICAL_SURFACE('',#2807,2.);
#2807 = AXIS2_PLACEMENT_3D('',#2808,#2809,#2810);
#2808 = CARTESIAN_POINT('',(33.4,40.9,-0.5));
#2809 = DIRECTION('',(-0.,-0.,-1.));
#2810 = DIRECTION('',(1.,3.5527136788E-15,-0.));
#2811 = ADVANCED_FACE('',(#2812),#2839,.F.);
#2812 = FACE_BOUND('',#2813,.T.);
#2813 = EDGE_LOOP('',(#2814,#2815,#2824,#2832));
#2814 = ORIENTED_EDGE('',*,*,#2765,.F.);
#2815 = ORIENTED_EDGE('',*,*,#2816,.T.);
#2816 = EDGE_CURVE('',#2766,#2817,#2819,.T.);
#2817 = VERTEX_POINT('',#2818);
#2818 = CARTESIAN_POINT('',(35.4,42.1,1.6));
#2819 = CIRCLE('',#2820,1.);
#2820 = AXIS2_PLACEMENT_3D('',#2821,#2822,#2823);
#2821 = CARTESIAN_POINT('',(34.4,42.1,1.6));
#2822 = DIRECTION('',(0.,0.,1.));
#2823 = DIRECTION('',(0.,-1.,0.));
#2824 = ORIENTED_EDGE('',*,*,#2825,.F.);
#2825 = EDGE_CURVE('',#2826,#2817,#2828,.T.);
#2826 = VERTEX_POINT('',#2827);
#2827 = CARTESIAN_POINT('',(35.4,42.1,0.));
#2828 = LINE('',#2829,#2830);
#2829 = CARTESIAN_POINT('',(35.4,42.1,-0.1));
#2830 = VECTOR('',#2831,1.);
#2831 = DIRECTION('',(0.,0.,1.));
#2832 = ORIENTED_EDGE('',*,*,#2833,.T.);
#2833 = EDGE_CURVE('',#2826,#2768,#2834,.T.);
#2834 = CIRCLE('',#2835,1.);
#2835 = AXIS2_PLACEMENT_3D('',#2836,#2837,#2838);
#2836 = CARTESIAN_POINT('',(34.4,42.1,0.));
#2837 = DIRECTION('',(-0.,-0.,-1.));
#2838 = DIRECTION('',(0.,-1.,0.));
#2839 = CYLINDRICAL_SURFACE('',#2840,1.);
#2840 = AXIS2_PLACEMENT_3D('',#2841,#2842,#2843);
#2841 = CARTESIAN_POINT('',(34.4,42.1,-0.1));
#2842 = DIRECTION('',(-0.,-0.,-1.));
#2843 = DIRECTION('',(0.,-1.,0.));
#2844 = ADVANCED_FACE('',(#2845),#2879,.T.);
#2845 = FACE_BOUND('',#2846,.T.);
#2846 = EDGE_LOOP('',(#2847,#2857,#2865,#2873));
#2847 = ORIENTED_EDGE('',*,*,#2848,.T.);
#2848 = EDGE_CURVE('',#2849,#2851,#2853,.T.);
#2849 = VERTEX_POINT('',#2850);
#2850 = CARTESIAN_POINT('',(26.6,42.9,0.));
#2851 = VERTEX_POINT('',#2852);
#2852 = CARTESIAN_POINT('',(26.6,45.4,0.));
#2853 = LINE('',#2854,#2855);
#2854 = CARTESIAN_POINT('',(26.6,37.7,0.));
#2855 = VECTOR('',#2856,1.);
#2856 = DIRECTION('',(-0.,1.,0.));
#2857 = ORIENTED_EDGE('',*,*,#2858,.T.);
#2858 = EDGE_CURVE('',#2851,#2859,#2861,.T.);
#2859 = VERTEX_POINT('',#2860);
#2860 = CARTESIAN_POINT('',(26.6,45.4,1.6));
#2861 = LINE('',#2862,#2863);
#2862 = CARTESIAN_POINT('',(26.6,45.4,-0.1));
#2863 = VECTOR('',#2864,1.);
#2864 = DIRECTION('',(0.,0.,1.));
#2865 = ORIENTED_EDGE('',*,*,#2866,.T.);
#2866 = EDGE_CURVE('',#2859,#2867,#2869,.T.);
#2867 = VERTEX_POINT('',#2868);
#2868 = CARTESIAN_POINT('',(26.6,42.9,1.6));
#2869 = LINE('',#2870,#2871);
#2870 = CARTESIAN_POINT('',(26.6,45.4,1.6));
#2871 = VECTOR('',#2872,1.);
#2872 = DIRECTION('',(0.,-1.,0.));
#2873 = ORIENTED_EDGE('',*,*,#2874,.F.);
#2874 = EDGE_CURVE('',#2849,#2867,#2875,.T.);
#2875 = LINE('',#2876,#2877);
#2876 = CARTESIAN_POINT('',(26.6,42.9,-0.3));
#2877 = VECTOR('',#2878,1.);
#2878 = DIRECTION('',(0.,0.,1.));
#2879 = PLANE('',#2880);
#2880 = AXIS2_PLACEMENT_3D('',#2881,#2882,#2883);
#2881 = CARTESIAN_POINT('',(26.6,45.4,-0.1));
#2882 = DIRECTION('',(1.,0.,-0.));
#2883 = DIRECTION('',(0.,-1.,0.));
#2884 = ADVANCED_FACE('',(#2885),#2930,.F.);
#2885 = FACE_BOUND('',#2886,.T.);
#2886 = EDGE_LOOP('',(#2887,#2898,#2906,#2913,#2914,#2923));
#2887 = ORIENTED_EDGE('',*,*,#2888,.T.);
#2888 = EDGE_CURVE('',#2889,#2891,#2893,.T.);
#2889 = VERTEX_POINT('',#2890);
#2890 = CARTESIAN_POINT('',(27.164110105645,46.3,0.));
#2891 = VERTEX_POINT('',#2892);
#2892 = CARTESIAN_POINT('',(27.6,46.4,0.));
#2893 = CIRCLE('',#2894,1.);
#2894 = AXIS2_PLACEMENT_3D('',#2895,#2896,#2897);
#2895 = CARTESIAN_POINT('',(27.6,45.4,0.));
#2896 = DIRECTION('',(-0.,0.,-1.));
#2897 = DIRECTION('',(-3.5527136788E-15,1.,0.));
#2898 = ORIENTED_EDGE('',*,*,#2899,.T.);
#2899 = EDGE_CURVE('',#2891,#2900,#2902,.T.);
#2900 = VERTEX_POINT('',#2901);
#2901 = CARTESIAN_POINT('',(27.6,46.4,1.6));
#2902 = LINE('',#2903,#2904);
#2903 = CARTESIAN_POINT('',(27.6,46.4,-0.1));
#2904 = VECTOR('',#2905,1.);
#2905 = DIRECTION('',(0.,0.,1.));
#2906 = ORIENTED_EDGE('',*,*,#2907,.T.);
#2907 = EDGE_CURVE('',#2900,#2859,#2908,.T.);
#2908 = CIRCLE('',#2909,1.);
#2909 = AXIS2_PLACEMENT_3D('',#2910,#2911,#2912);
#2910 = CARTESIAN_POINT('',(27.6,45.4,1.6));
#2911 = DIRECTION('',(0.,0.,1.));
#2912 = DIRECTION('',(-3.5527136788E-15,1.,0.));
#2913 = ORIENTED_EDGE('',*,*,#2858,.F.);
#2914 = ORIENTED_EDGE('',*,*,#2915,.T.);
#2915 = EDGE_CURVE('',#2851,#2916,#2918,.T.);
#2916 = VERTEX_POINT('',#2917);
#2917 = CARTESIAN_POINT('',(27.,46.2,0.));
#2918 = CIRCLE('',#2919,1.);
#2919 = AXIS2_PLACEMENT_3D('',#2920,#2921,#2922);
#2920 = CARTESIAN_POINT('',(27.6,45.4,0.));
#2921 = DIRECTION('',(-0.,0.,-1.));
#2922 = DIRECTION('',(-3.5527136788E-15,1.,0.));
#2923 = ORIENTED_EDGE('',*,*,#2924,.T.);
#2924 = EDGE_CURVE('',#2916,#2889,#2925,.T.);
#2925 = CIRCLE('',#2926,1.);
#2926 = AXIS2_PLACEMENT_3D('',#2927,#2928,#2929);
#2927 = CARTESIAN_POINT('',(27.6,45.4,0.));
#2928 = DIRECTION('',(-0.,0.,-1.));
#2929 = DIRECTION('',(-3.5527136788E-15,1.,0.));
#2930 = CYLINDRICAL_SURFACE('',#2931,1.);
#2931 = AXIS2_PLACEMENT_3D('',#2932,#2933,#2934);
#2932 = CARTESIAN_POINT('',(27.6,45.4,-0.1));
#2933 = DIRECTION('',(-0.,-0.,-1.));
#2934 = DIRECTION('',(-3.5527136788E-15,1.,0.));
#2935 = ADVANCED_FACE('',(#2936),#2961,.T.);
#2936 = FACE_BOUND('',#2937,.T.);
#2937 = EDGE_LOOP('',(#2938,#2946,#2954,#2960));
#2938 = ORIENTED_EDGE('',*,*,#2939,.T.);
#2939 = EDGE_CURVE('',#2891,#2940,#2942,.T.);
#2940 = VERTEX_POINT('',#2941);
#2941 = CARTESIAN_POINT('',(34.4,46.4,0.));
#2942 = LINE('',#2943,#2944);
#2943 = CARTESIAN_POINT('',(27.7,46.4,0.));
#2944 = VECTOR('',#2945,1.);
#2945 = DIRECTION('',(1.,0.,-0.));
#2946 = ORIENTED_EDGE('',*,*,#2947,.T.);
#2947 = EDGE_CURVE('',#2940,#2948,#2950,.T.);
#2948 = VERTEX_POINT('',#2949);
#2949 = CARTESIAN_POINT('',(34.4,46.4,1.6));
#2950 = LINE('',#2951,#2952);
#2951 = CARTESIAN_POINT('',(34.4,46.4,-0.1));
#2952 = VECTOR('',#2953,1.);
#2953 = DIRECTION('',(0.,0.,1.));
#2954 = ORIENTED_EDGE('',*,*,#2955,.T.);
#2955 = EDGE_CURVE('',#2948,#2900,#2956,.T.);
#2956 = LINE('',#2957,#2958);
#2957 = CARTESIAN_POINT('',(34.4,46.4,1.6));
#2958 = VECTOR('',#2959,1.);
#2959 = DIRECTION('',(-1.,0.,0.));
#2960 = ORIENTED_EDGE('',*,*,#2899,.F.);
#2961 = PLANE('',#2962);
#2962 = AXIS2_PLACEMENT_3D('',#2963,#2964,#2965);
#2963 = CARTESIAN_POINT('',(34.4,46.4,-0.1));
#2964 = DIRECTION('',(0.,-1.,0.));
#2965 = DIRECTION('',(-1.,0.,0.));
#2966 = ADVANCED_FACE('',(#2967),#2992,.T.);
#2967 = FACE_BOUND('',#2968,.T.);
#2968 = EDGE_LOOP('',(#2969,#2977,#2978,#2986));
#2969 = ORIENTED_EDGE('',*,*,#2970,.T.);
#2970 = EDGE_CURVE('',#2971,#2826,#2973,.T.);
#2971 = VERTEX_POINT('',#2972);
#2972 = CARTESIAN_POINT('',(35.4,45.4,0.));
#2973 = LINE('',#2974,#2975);
#2974 = CARTESIAN_POINT('',(35.4,36.05,0.));
#2975 = VECTOR('',#2976,1.);
#2976 = DIRECTION('',(0.,-1.,0.));
#2977 = ORIENTED_EDGE('',*,*,#2825,.T.);
#2978 = ORIENTED_EDGE('',*,*,#2979,.T.);
#2979 = EDGE_CURVE('',#2817,#2980,#2982,.T.);
#2980 = VERTEX_POINT('',#2981);
#2981 = CARTESIAN_POINT('',(35.4,45.4,1.6));
#2982 = LINE('',#2983,#2984);
#2983 = CARTESIAN_POINT('',(35.4,42.1,1.6));
#2984 = VECTOR('',#2985,1.);
#2985 = DIRECTION('',(0.,1.,0.));
#2986 = ORIENTED_EDGE('',*,*,#2987,.F.);
#2987 = EDGE_CURVE('',#2971,#2980,#2988,.T.);
#2988 = LINE('',#2989,#2990);
#2989 = CARTESIAN_POINT('',(35.4,45.4,-0.1));
#2990 = VECTOR('',#2991,1.);
#2991 = DIRECTION('',(0.,0.,1.));
#2992 = PLANE('',#2993);
#2993 = AXIS2_PLACEMENT_3D('',#2994,#2995,#2996);
#2994 = CARTESIAN_POINT('',(35.4,42.1,-0.1));
#2995 = DIRECTION('',(-1.,0.,0.));
#2996 = DIRECTION('',(0.,1.,0.));
#2997 = ADVANCED_FACE('',(#2998),#3034,.F.);
#2998 = FACE_BOUND('',#2999,.T.);
#2999 = EDGE_LOOP('',(#3000,#3009,#3010,#3017,#3018,#3027));
#3000 = ORIENTED_EDGE('',*,*,#3001,.T.);
#3001 = EDGE_CURVE('',#3002,#2971,#3004,.T.);
#3002 = VERTEX_POINT('',#3003);
#3003 = CARTESIAN_POINT('',(35.,46.2,0.));
#3004 = CIRCLE('',#3005,1.);
#3005 = AXIS2_PLACEMENT_3D('',#3006,#3007,#3008);
#3006 = CARTESIAN_POINT('',(34.4,45.4,0.));
#3007 = DIRECTION('',(0.,-0.,-1.));
#3008 = DIRECTION('',(1.,7.105427357601E-15,-0.));
#3009 = ORIENTED_EDGE('',*,*,#2987,.T.);
#3010 = ORIENTED_EDGE('',*,*,#3011,.T.);
#3011 = EDGE_CURVE('',#2980,#2948,#3012,.T.);
#3012 = CIRCLE('',#3013,1.);
#3013 = AXIS2_PLACEMENT_3D('',#3014,#3015,#3016);
#3014 = CARTESIAN_POINT('',(34.4,45.4,1.6));
#3015 = DIRECTION('',(0.,0.,1.));
#3016 = DIRECTION('',(1.,7.105427357601E-15,-0.));
#3017 = ORIENTED_EDGE('',*,*,#2947,.F.);
#3018 = ORIENTED_EDGE('',*,*,#3019,.T.);
#3019 = EDGE_CURVE('',#2940,#3020,#3022,.T.);
#3020 = VERTEX_POINT('',#3021);
#3021 = CARTESIAN_POINT('',(34.835889894355,46.3,0.));
#3022 = CIRCLE('',#3023,1.);
#3023 = AXIS2_PLACEMENT_3D('',#3024,#3025,#3026);
#3024 = CARTESIAN_POINT('',(34.4,45.4,0.));
#3025 = DIRECTION('',(0.,-0.,-1.));
#3026 = DIRECTION('',(1.,7.105427357601E-15,-0.));
#3027 = ORIENTED_EDGE('',*,*,#3028,.T.);
#3028 = EDGE_CURVE('',#3020,#3002,#3029,.T.);
#3029 = CIRCLE('',#3030,1.);
#3030 = AXIS2_PLACEMENT_3D('',#3031,#3032,#3033);
#3031 = CARTESIAN_POINT('',(34.4,45.4,0.));
#3032 = DIRECTION('',(0.,-0.,-1.));
#3033 = DIRECTION('',(1.,7.105427357601E-15,-0.));
#3034 = CYLINDRICAL_SURFACE('',#3035,1.);
#3035 = AXIS2_PLACEMENT_3D('',#3036,#3037,#3038);
#3036 = CARTESIAN_POINT('',(34.4,45.4,-0.1));
#3037 = DIRECTION('',(-0.,-0.,-1.));
#3038 = DIRECTION('',(1.,7.105427357601E-15,-0.));
#3039 = ADVANCED_FACE('',(#3040,#3055),#3066,.F.);
#3040 = FACE_BOUND('',#3041,.F.);
#3041 = EDGE_LOOP('',(#3042,#3043,#3044,#3045,#3046,#3047,#3048,#3049));
#3042 = ORIENTED_EDGE('',*,*,#2800,.T.);
#3043 = ORIENTED_EDGE('',*,*,#2816,.T.);
#3044 = ORIENTED_EDGE('',*,*,#2979,.T.);
#3045 = ORIENTED_EDGE('',*,*,#3011,.T.);
#3046 = ORIENTED_EDGE('',*,*,#2955,.T.);
#3047 = ORIENTED_EDGE('',*,*,#2907,.T.);
#3048 = ORIENTED_EDGE('',*,*,#2866,.T.);
#3049 = ORIENTED_EDGE('',*,*,#3050,.F.);
#3050 = EDGE_CURVE('',#2793,#2867,#3051,.T.);
#3051 = LINE('',#3052,#3053);
#3052 = CARTESIAN_POINT('',(32.2,42.9,1.6));
#3053 = VECTOR('',#3054,1.);
#3054 = DIRECTION('',(-1.,0.,0.));
#3055 = FACE_BOUND('',#3056,.F.);
#3056 = EDGE_LOOP('',(#3057));
#3057 = ORIENTED_EDGE('',*,*,#3058,.F.);
#3058 = EDGE_CURVE('',#3059,#3059,#3061,.T.);
#3059 = VERTEX_POINT('',#3060);
#3060 = CARTESIAN_POINT('',(31.8,44.3,1.6));
#3061 = CIRCLE('',#3062,0.8);
#3062 = AXIS2_PLACEMENT_3D('',#3063,#3064,#3065);
#3063 = CARTESIAN_POINT('',(31.,44.3,1.6));
#3064 = DIRECTION('',(0.,0.,1.));
#3065 = DIRECTION('',(1.,0.,-0.));
#3066 = PLANE('',#3067);
#3067 = AXIS2_PLACEMENT_3D('',#3068,#3069,#3070);
#3068 = CARTESIAN_POINT('',(31.,43.75,1.6));
#3069 = DIRECTION('',(0.,0.,1.));
#3070 = DIRECTION('',(1.,0.,-0.));
#3071 = ADVANCED_FACE('',(#3072,#3087,#3112),#3146,.F.);
#3072 = FACE_BOUND('',#3073,.F.);
#3073 = EDGE_LOOP('',(#3074,#3075,#3076,#3077,#3078,#3084,#3085,#3086));
#3074 = ORIENTED_EDGE('',*,*,#2679,.T.);
#3075 = ORIENTED_EDGE('',*,*,#2711,.T.);
#3076 = ORIENTED_EDGE('',*,*,#2743,.T.);
#3077 = ORIENTED_EDGE('',*,*,#2783,.T.);
#3078 = ORIENTED_EDGE('',*,*,#3079,.T.);
#3079 = EDGE_CURVE('',#2784,#2576,#3080,.T.);
#3080 = LINE('',#3081,#3082);
#3081 = CARTESIAN_POINT('',(33.4,42.9,10.));
#3082 = VECTOR('',#3083,1.);
#3083 = DIRECTION('',(-1.,0.,0.));
#3084 = ORIENTED_EDGE('',*,*,#2583,.T.);
#3085 = ORIENTED_EDGE('',*,*,#2615,.T.);
#3086 = ORIENTED_EDGE('',*,*,#2647,.T.);
#3087 = FACE_BOUND('',#3088,.F.);
#3088 = EDGE_LOOP('',(#3089,#3090,#3098,#3106));
#3089 = ORIENTED_EDGE('',*,*,#2541,.T.);
#3090 = ORIENTED_EDGE('',*,*,#3091,.T.);
#3091 = EDGE_CURVE('',#2542,#3092,#3094,.T.);
#3092 = VERTEX_POINT('',#3093);
#3093 = CARTESIAN_POINT('',(22.8,23.7,10.));
#3094 = LINE('',#3095,#3096);
#3095 = CARTESIAN_POINT('',(22.8,21.525,10.));
#3096 = VECTOR('',#3097,1.);
#3097 = DIRECTION('',(-0.,1.,0.));
#3098 = ORIENTED_EDGE('',*,*,#3099,.F.);
#3099 = EDGE_CURVE('',#3100,#3092,#3102,.T.);
#3100 = VERTEX_POINT('',#3101);
#3101 = CARTESIAN_POINT('',(35.2,23.7,10.));
#3102 = LINE('',#3103,#3104);
#3103 = CARTESIAN_POINT('',(21.9,23.7,10.));
#3104 = VECTOR('',#3105,1.);
#3105 = DIRECTION('',(-1.,-0.,0.));
#3106 = ORIENTED_EDGE('',*,*,#3107,.F.);
#3107 = EDGE_CURVE('',#2534,#3100,#3108,.T.);
#3108 = LINE('',#3109,#3110);
#3109 = CARTESIAN_POINT('',(35.2,21.525,10.));
#3110 = VECTOR('',#3111,1.);
#3111 = DIRECTION('',(-0.,1.,0.));
#3112 = FACE_BOUND('',#3113,.F.);
#3113 = EDGE_LOOP('',(#3114,#3124,#3132,#3140));
#3114 = ORIENTED_EDGE('',*,*,#3115,.T.);
#3115 = EDGE_CURVE('',#3116,#3118,#3120,.T.);
#3116 = VERTEX_POINT('',#3117);
#3117 = CARTESIAN_POINT('',(25.5,25.,10.));
#3118 = VERTEX_POINT('',#3119);
#3119 = CARTESIAN_POINT('',(16.5,25.,10.));
#3120 = LINE('',#3121,#3122);
#3121 = CARTESIAN_POINT('',(18.75,25.,10.));
#3122 = VECTOR('',#3123,1.);
#3123 = DIRECTION('',(-1.,-0.,0.));
#3124 = ORIENTED_EDGE('',*,*,#3125,.T.);
#3125 = EDGE_CURVE('',#3118,#3126,#3128,.T.);
#3126 = VERTEX_POINT('',#3127);
#3127 = CARTESIAN_POINT('',(16.5,31.,10.));
#3128 = LINE('',#3129,#3130);
#3129 = CARTESIAN_POINT('',(16.5,24.375,10.));
#3130 = VECTOR('',#3131,1.);
#3131 = DIRECTION('',(-0.,1.,0.));
#3132 = ORIENTED_EDGE('',*,*,#3133,.F.);
#3133 = EDGE_CURVE('',#3134,#3126,#3136,.T.);
#3134 = VERTEX_POINT('',#3135);
#3135 = CARTESIAN_POINT('',(25.5,31.,10.));
#3136 = LINE('',#3137,#3138);
#3137 = CARTESIAN_POINT('',(18.75,31.,10.));
#3138 = VECTOR('',#3139,1.);
#3139 = DIRECTION('',(-1.,-0.,0.));
#3140 = ORIENTED_EDGE('',*,*,#3141,.F.);
#3141 = EDGE_CURVE('',#3116,#3134,#3142,.T.);
#3142 = LINE('',#3143,#3144);
#3143 = CARTESIAN_POINT('',(25.5,24.375,10.));
#3144 = VECTOR('',#3145,1.);
#3145 = DIRECTION('',(-0.,1.,0.));
#3146 = PLANE('',#3147);
#3147 = AXIS2_PLACEMENT_3D('',#3148,#3149,#3150);
#3148 = CARTESIAN_POINT('',(21.,23.75,10.));
#3149 = DIRECTION('',(0.,0.,1.));
#3150 = DIRECTION('',(1.,0.,-0.));
#3151 = ADVANCED_FACE('',(#3152),#3171,.F.);
#3152 = FACE_BOUND('',#3153,.F.);
#3153 = EDGE_LOOP('',(#3154,#3162,#3169,#3170));
#3154 = ORIENTED_EDGE('',*,*,#3155,.T.);
#3155 = EDGE_CURVE('',#3059,#3156,#3158,.T.);
#3156 = VERTEX_POINT('',#3157);
#3157 = CARTESIAN_POINT('',(31.8,44.3,7.));
#3158 = LINE('',#3159,#3160);
#3159 = CARTESIAN_POINT('',(31.8,44.3,-0.2));
#3160 = VECTOR('',#3161,1.);
#3161 = DIRECTION('',(0.,0.,1.));
#3162 = ORIENTED_EDGE('',*,*,#3163,.F.);
#3163 = EDGE_CURVE('',#3156,#3156,#3164,.T.);
#3164 = CIRCLE('',#3165,0.8);
#3165 = AXIS2_PLACEMENT_3D('',#3166,#3167,#3168);
#3166 = CARTESIAN_POINT('',(31.,44.3,7.));
#3167 = DIRECTION('',(0.,0.,1.));
#3168 = DIRECTION('',(1.,0.,-0.));
#3169 = ORIENTED_EDGE('',*,*,#3155,.F.);
#3170 = ORIENTED_EDGE('',*,*,#3058,.T.);
#3171 = CYLINDRICAL_SURFACE('',#3172,0.8);
#3172 = AXIS2_PLACEMENT_3D('',#3173,#3174,#3175);
#3173 = CARTESIAN_POINT('',(31.,44.3,-0.2));
#3174 = DIRECTION('',(0.,0.,1.));
#3175 = DIRECTION('',(1.,0.,-0.));
#3176 = ADVANCED_FACE('',(#3177),#3188,.F.);
#3177 = FACE_BOUND('',#3178,.F.);
#3178 = EDGE_LOOP('',(#3179,#3180,#3181,#3187));
#3179 = ORIENTED_EDGE('',*,*,#2533,.F.);
#3180 = ORIENTED_EDGE('',*,*,#3107,.T.);
#3181 = ORIENTED_EDGE('',*,*,#3182,.T.);
#3182 = EDGE_CURVE('',#3100,#2211,#3183,.T.);
#3183 = LINE('',#3184,#3185);
#3184 = CARTESIAN_POINT('',(35.2,23.7,9.9));
#3185 = VECTOR('',#3186,1.);
#3186 = DIRECTION('',(0.,0.,1.));
#3187 = ORIENTED_EDGE('',*,*,#2218,.F.);
#3188 = PLANE('',#3189);
#3189 = AXIS2_PLACEMENT_3D('',#3190,#3191,#3192);
#3190 = CARTESIAN_POINT('',(35.2,19.3,9.9));
#3191 = DIRECTION('',(1.,0.,-0.));
#3192 = DIRECTION('',(0.,0.,1.));
#3193 = ADVANCED_FACE('',(#3194),#3205,.T.);
#3194 = FACE_BOUND('',#3195,.T.);
#3195 = EDGE_LOOP('',(#3196,#3197,#3198,#3204));
#3196 = ORIENTED_EDGE('',*,*,#2549,.F.);
#3197 = ORIENTED_EDGE('',*,*,#3091,.T.);
#3198 = ORIENTED_EDGE('',*,*,#3199,.T.);
#3199 = EDGE_CURVE('',#3092,#2203,#3200,.T.);
#3200 = LINE('',#3201,#3202);
#3201 = CARTESIAN_POINT('',(22.8,23.7,9.9));
#3202 = VECTOR('',#3203,1.);
#3203 = DIRECTION('',(0.,0.,1.));
#3204 = ORIENTED_EDGE('',*,*,#2202,.F.);
#3205 = PLANE('',#3206);
#3206 = AXIS2_PLACEMENT_3D('',#3207,#3208,#3209);
#3207 = CARTESIAN_POINT('',(22.8,19.3,9.9));
#3208 = DIRECTION('',(1.,0.,-0.));
#3209 = DIRECTION('',(0.,0.,1.));
#3210 = ADVANCED_FACE('',(#3211),#3217,.F.);
#3211 = FACE_BOUND('',#3212,.F.);
#3212 = EDGE_LOOP('',(#3213,#3214,#3215,#3216));
#3213 = ORIENTED_EDGE('',*,*,#3182,.F.);
#3214 = ORIENTED_EDGE('',*,*,#3099,.T.);
#3215 = ORIENTED_EDGE('',*,*,#3199,.T.);
#3216 = ORIENTED_EDGE('',*,*,#2210,.F.);
#3217 = PLANE('',#3218);
#3218 = AXIS2_PLACEMENT_3D('',#3219,#3220,#3221);
#3219 = CARTESIAN_POINT('',(22.8,23.7,9.9));
#3220 = DIRECTION('',(-0.,1.,0.));
#3221 = DIRECTION('',(0.,0.,1.));
#3222 = ADVANCED_FACE('',(#3223),#3239,.T.);
#3223 = FACE_BOUND('',#3224,.T.);
#3224 = EDGE_LOOP('',(#3225,#3231,#3232,#3238));
#3225 = ORIENTED_EDGE('',*,*,#3226,.F.);
#3226 = EDGE_CURVE('',#3116,#2227,#3227,.T.);
#3227 = LINE('',#3228,#3229);
#3228 = CARTESIAN_POINT('',(25.5,25.,9.9));
#3229 = VECTOR('',#3230,1.);
#3230 = DIRECTION('',(0.,0.,1.));
#3231 = ORIENTED_EDGE('',*,*,#3115,.T.);
#3232 = ORIENTED_EDGE('',*,*,#3233,.T.);
#3233 = EDGE_CURVE('',#3118,#2229,#3234,.T.);
#3234 = LINE('',#3235,#3236);
#3235 = CARTESIAN_POINT('',(16.5,25.,9.9));
#3236 = VECTOR('',#3237,1.);
#3237 = DIRECTION('',(0.,0.,1.));
#3238 = ORIENTED_EDGE('',*,*,#2226,.F.);
#3239 = PLANE('',#3240);
#3240 = AXIS2_PLACEMENT_3D('',#3241,#3242,#3243);
#3241 = CARTESIAN_POINT('',(16.5,25.,9.9));
#3242 = DIRECTION('',(-0.,1.,0.));
#3243 = DIRECTION('',(0.,0.,1.));
#3244 = ADVANCED_FACE('',(#3245),#3256,.F.);
#3245 = FACE_BOUND('',#3246,.F.);
#3246 = EDGE_LOOP('',(#3247,#3248,#3249,#3255));
#3247 = ORIENTED_EDGE('',*,*,#3226,.F.);
#3248 = ORIENTED_EDGE('',*,*,#3141,.T.);
#3249 = ORIENTED_EDGE('',*,*,#3250,.T.);
#3250 = EDGE_CURVE('',#3134,#2245,#3251,.T.);
#3251 = LINE('',#3252,#3253);
#3252 = CARTESIAN_POINT('',(25.5,31.,9.9));
#3253 = VECTOR('',#3254,1.);
#3254 = DIRECTION('',(0.,0.,1.));
#3255 = ORIENTED_EDGE('',*,*,#2252,.F.);
#3256 = PLANE('',#3257);
#3257 = AXIS2_PLACEMENT_3D('',#3258,#3259,#3260);
#3258 = CARTESIAN_POINT('',(25.5,25.,9.9));
#3259 = DIRECTION('',(1.,0.,-0.));
#3260 = DIRECTION('',(0.,0.,1.));
#3261 = ADVANCED_FACE('',(#3262),#3273,.F.);
#3262 = FACE_BOUND('',#3263,.F.);
#3263 = EDGE_LOOP('',(#3264,#3265,#3266,#3272));
#3264 = ORIENTED_EDGE('',*,*,#3250,.F.);
#3265 = ORIENTED_EDGE('',*,*,#3133,.T.);
#3266 = ORIENTED_EDGE('',*,*,#3267,.T.);
#3267 = EDGE_CURVE('',#3126,#2237,#3268,.T.);
#3268 = LINE('',#3269,#3270);
#3269 = CARTESIAN_POINT('',(16.5,31.,9.9));
#3270 = VECTOR('',#3271,1.);
#3271 = DIRECTION('',(0.,0.,1.));
#3272 = ORIENTED_EDGE('',*,*,#2244,.F.);
#3273 = PLANE('',#3274);
#3274 = AXIS2_PLACEMENT_3D('',#3275,#3276,#3277);
#3275 = CARTESIAN_POINT('',(16.5,31.,9.9));
#3276 = DIRECTION('',(-0.,1.,0.));
#3277 = DIRECTION('',(0.,0.,1.));
#3278 = ADVANCED_FACE('',(#3279),#3285,.T.);
#3279 = FACE_BOUND('',#3280,.T.);
#3280 = EDGE_LOOP('',(#3281,#3282,#3283,#3284));
#3281 = ORIENTED_EDGE('',*,*,#3233,.F.);
#3282 = ORIENTED_EDGE('',*,*,#3125,.T.);
#3283 = ORIENTED_EDGE('',*,*,#3267,.T.);
#3284 = ORIENTED_EDGE('',*,*,#2236,.F.);
#3285 = PLANE('',#3286);
#3286 = AXIS2_PLACEMENT_3D('',#3287,#3288,#3289);
#3287 = CARTESIAN_POINT('',(16.5,25.,9.9));
#3288 = DIRECTION('',(1.,0.,-0.));
#3289 = DIRECTION('',(0.,0.,1.));
#3290 = ADVANCED_FACE('',(#3291),#3294,.F.);
#3291 = FACE_BOUND('',#3292,.F.);
#3292 = EDGE_LOOP('',(#3293));
#3293 = ORIENTED_EDGE('',*,*,#3163,.T.);
#3294 = PLANE('',#3295);
#3295 = AXIS2_PLACEMENT_3D('',#3296,#3297,#3298);
#3296 = CARTESIAN_POINT('',(31.,44.3,7.));
#3297 = DIRECTION('',(0.,0.,1.));
#3298 = DIRECTION('',(1.,0.,-0.));
#3299 = ADVANCED_FACE('',(#3300),#3307,.T.);
#3300 = FACE_BOUND('',#3301,.T.);
#3301 = EDGE_LOOP('',(#3302,#3303,#3304,#3305,#3306));
#3302 = ORIENTED_EDGE('',*,*,#2377,.F.);
#3303 = ORIENTED_EDGE('',*,*,#2409,.F.);
#3304 = ORIENTED_EDGE('',*,*,#2314,.T.);
#3305 = ORIENTED_EDGE('',*,*,#2329,.T.);
#3306 = ORIENTED_EDGE('',*,*,#2362,.F.);
#3307 = PLANE('',#3308);
#3308 = AXIS2_PLACEMENT_3D('',#3309,#3310,#3311);
#3309 = CARTESIAN_POINT('',(27.,42.9,9.));
#3310 = DIRECTION('',(0.,0.,1.));
#3311 = DIRECTION('',(1.,0.,-0.));
#3312 = ADVANCED_FACE('',(#3313,#3316),#3327,.T.);
#3313 = FACE_BOUND('',#3314,.T.);
#3314 = EDGE_LOOP('',(#3315));
#3315 = ORIENTED_EDGE('',*,*,#2459,.T.);
#3316 = FACE_BOUND('',#3317,.T.);
#3317 = EDGE_LOOP('',(#3318));
#3318 = ORIENTED_EDGE('',*,*,#3319,.F.);
#3319 = EDGE_CURVE('',#3320,#3320,#3322,.T.);
#3320 = VERTEX_POINT('',#3321);
#3321 = CARTESIAN_POINT('',(9.8,49.,11.8));
#3322 = CIRCLE('',#3323,0.8);
#3323 = AXIS2_PLACEMENT_3D('',#3324,#3325,#3326);
#3324 = CARTESIAN_POINT('',(9.,49.,11.8));
#3325 = DIRECTION('',(0.,0.,1.));
#3326 = DIRECTION('',(1.,0.,-0.));
#3327 = PLANE('',#3328);
#3328 = AXIS2_PLACEMENT_3D('',#3329,#3330,#3331);
#3329 = CARTESIAN_POINT('',(9.,49.,11.8));
#3330 = DIRECTION('',(0.,0.,1.));
#3331 = DIRECTION('',(1.,0.,-0.));
#3332 = ADVANCED_FACE('',(#3333,#3336),#3347,.T.);
#3333 = FACE_BOUND('',#3334,.T.);
#3334 = EDGE_LOOP('',(#3335));
#3335 = ORIENTED_EDGE('',*,*,#2484,.T.);
#3336 = FACE_BOUND('',#3337,.T.);
#3337 = EDGE_LOOP('',(#3338));
#3338 = ORIENTED_EDGE('',*,*,#3339,.F.);
#3339 = EDGE_CURVE('',#3340,#3340,#3342,.T.);
#3340 = VERTEX_POINT('',#3341);
#3341 = CARTESIAN_POINT('',(33.8,49.,11.8));
#3342 = CIRCLE('',#3343,0.8);
#3343 = AXIS2_PLACEMENT_3D('',#3344,#3345,#3346);
#3344 = CARTESIAN_POINT('',(33.,49.,11.8));
#3345 = DIRECTION('',(0.,0.,1.));
#3346 = DIRECTION('',(1.,0.,-0.));
#3347 = PLANE('',#3348);
#3348 = AXIS2_PLACEMENT_3D('',#3349,#3350,#3351);
#3349 = CARTESIAN_POINT('',(33.,49.,11.8));
#3350 = DIRECTION('',(0.,0.,1.));
#3351 = DIRECTION('',(1.,0.,-0.));
#3352 = ADVANCED_FACE('',(#3353),#3372,.F.);
#3353 = FACE_BOUND('',#3354,.F.);
#3354 = EDGE_LOOP('',(#3355,#3356,#3364,#3371));
#3355 = ORIENTED_EDGE('',*,*,#3319,.F.);
#3356 = ORIENTED_EDGE('',*,*,#3357,.F.);
#3357 = EDGE_CURVE('',#3358,#3320,#3360,.T.);
#3358 = VERTEX_POINT('',#3359);
#3359 = CARTESIAN_POINT('',(9.8,49.,5.));
#3360 = LINE('',#3361,#3362);
#3361 = CARTESIAN_POINT('',(9.8,49.,5.));
#3362 = VECTOR('',#3363,1.);
#3363 = DIRECTION('',(0.,0.,1.));
#3364 = ORIENTED_EDGE('',*,*,#3365,.T.);
#3365 = EDGE_CURVE('',#3358,#3358,#3366,.T.);
#3366 = CIRCLE('',#3367,0.8);
#3367 = AXIS2_PLACEMENT_3D('',#3368,#3369,#3370);
#3368 = CARTESIAN_POINT('',(9.,49.,5.));
#3369 = DIRECTION('',(0.,0.,1.));
#3370 = DIRECTION('',(1.,0.,-0.));
#3371 = ORIENTED_EDGE('',*,*,#3357,.T.);
#3372 = CYLINDRICAL_SURFACE('',#3373,0.8);
#3373 = AXIS2_PLACEMENT_3D('',#3374,#3375,#3376);
#3374 = CARTESIAN_POINT('',(9.,49.,5.));
#3375 = DIRECTION('',(0.,0.,1.));
#3376 = DIRECTION('',(1.,0.,-0.));
#3377 = ADVANCED_FACE('',(#3378),#3397,.F.);
#3378 = FACE_BOUND('',#3379,.F.);
#3379 = EDGE_LOOP('',(#3380,#3381,#3389,#3396));
#3380 = ORIENTED_EDGE('',*,*,#3339,.F.);
#3381 = ORIENTED_EDGE('',*,*,#3382,.F.);
#3382 = EDGE_CURVE('',#3383,#3340,#3385,.T.);
#3383 = VERTEX_POINT('',#3384);
#3384 = CARTESIAN_POINT('',(33.8,49.,5.));
#3385 = LINE('',#3386,#3387);
#3386 = CARTESIAN_POINT('',(33.8,49.,5.));
#3387 = VECTOR('',#3388,1.);
#3388 = DIRECTION('',(0.,0.,1.));
#3389 = ORIENTED_EDGE('',*,*,#3390,.T.);
#3390 = EDGE_CURVE('',#3383,#3383,#3391,.T.);
#3391 = CIRCLE('',#3392,0.8);
#3392 = AXIS2_PLACEMENT_3D('',#3393,#3394,#3395);
#3393 = CARTESIAN_POINT('',(33.,49.,5.));
#3394 = DIRECTION('',(0.,0.,1.));
#3395 = DIRECTION('',(1.,0.,-0.));
#3396 = ORIENTED_EDGE('',*,*,#3382,.T.);
#3397 = CYLINDRICAL_SURFACE('',#3398,0.8);
#3398 = AXIS2_PLACEMENT_3D('',#3399,#3400,#3401);
#3399 = CARTESIAN_POINT('',(33.,49.,5.));
#3400 = DIRECTION('',(0.,0.,1.));
#3401 = DIRECTION('',(1.,0.,-0.));
#3402 = ADVANCED_FACE('',(#3403),#3406,.T.);
#3403 = FACE_BOUND('',#3404,.F.);
#3404 = EDGE_LOOP('',(#3405));
#3405 = ORIENTED_EDGE('',*,*,#3365,.F.);
#3406 = PLANE('',#3407);
#3407 = AXIS2_PLACEMENT_3D('',#3408,#3409,#3410);
#3408 = CARTESIAN_POINT('',(9.,49.,5.));
#3409 = DIRECTION('',(0.,0.,1.));
#3410 = DIRECTION('',(1.,0.,-0.));
#3411 = ADVANCED_FACE('',(#3412),#3415,.T.);
#3412 = FACE_BOUND('',#3413,.F.);
#3413 = EDGE_LOOP('',(#3414));
#3414 = ORIENTED_EDGE('',*,*,#3390,.F.);
#3415 = PLANE('',#3416);
#3416 = AXIS2_PLACEMENT_3D('',#3417,#3418,#3419);
#3417 = CARTESIAN_POINT('',(33.,49.,5.));
#3418 = DIRECTION('',(0.,0.,1.));
#3419 = DIRECTION('',(1.,0.,-0.));
#3420 = ADVANCED_FACE('',(#3421,#3435),#3460,.T.);
#3421 = FACE_BOUND('',#3422,.T.);
#3422 = EDGE_LOOP('',(#3423,#3424,#3425,#3426,#3427,#3428,#3429,#3430,
    #3431,#3432,#3433,#3434));
#3423 = ORIENTED_EDGE('',*,*,#223,.F.);
#3424 = ORIENTED_EDGE('',*,*,#238,.F.);
#3425 = ORIENTED_EDGE('',*,*,#301,.F.);
#3426 = ORIENTED_EDGE('',*,*,#376,.F.);
#3427 = ORIENTED_EDGE('',*,*,#451,.F.);
#3428 = ORIENTED_EDGE('',*,*,#501,.F.);
#3429 = ORIENTED_EDGE('',*,*,#532,.F.);
#3430 = ORIENTED_EDGE('',*,*,#554,.T.);
#3431 = ORIENTED_EDGE('',*,*,#390,.F.);
#3432 = ORIENTED_EDGE('',*,*,#575,.F.);
#3433 = ORIENTED_EDGE('',*,*,#111,.F.);
#3434 = ORIENTED_EDGE('',*,*,#21,.F.);
#3435 = FACE_BOUND('',#3436,.T.);
#3436 = EDGE_LOOP('',(#3437,#3438,#3439,#3440,#3441,#3442,#3443,#3444,
    #3445,#3446,#3452,#3453,#3454,#3455,#3456,#3457,#3458,#3459));
#3437 = ORIENTED_EDGE('',*,*,#2970,.F.);
#3438 = ORIENTED_EDGE('',*,*,#3001,.F.);
#3439 = ORIENTED_EDGE('',*,*,#3028,.F.);
#3440 = ORIENTED_EDGE('',*,*,#3019,.F.);
#3441 = ORIENTED_EDGE('',*,*,#2939,.F.);
#3442 = ORIENTED_EDGE('',*,*,#2888,.F.);
#3443 = ORIENTED_EDGE('',*,*,#2924,.F.);
#3444 = ORIENTED_EDGE('',*,*,#2915,.F.);
#3445 = ORIENTED_EDGE('',*,*,#2848,.F.);
#3446 = ORIENTED_EDGE('',*,*,#3447,.F.);
#3447 = EDGE_CURVE('',#2567,#2849,#3448,.T.);
#3448 = LINE('',#3449,#3450);
#3449 = CARTESIAN_POINT('',(27.2,42.9,0.));
#3450 = VECTOR('',#3451,1.);
#3451 = DIRECTION('',(1.,0.,-0.));
#3452 = ORIENTED_EDGE('',*,*,#2564,.F.);
#3453 = ORIENTED_EDGE('',*,*,#2606,.F.);
#3454 = ORIENTED_EDGE('',*,*,#2637,.F.);
#3455 = ORIENTED_EDGE('',*,*,#2670,.F.);
#3456 = ORIENTED_EDGE('',*,*,#2701,.F.);
#3457 = ORIENTED_EDGE('',*,*,#2734,.F.);
#3458 = ORIENTED_EDGE('',*,*,#2775,.F.);
#3459 = ORIENTED_EDGE('',*,*,#2833,.F.);
#3460 = PLANE('',#3461);
#3461 = AXIS2_PLACEMENT_3D('',#3462,#3463,#3464);
#3462 = CARTESIAN_POINT('',(22.95203220496,32.294086136659,0.));
#3463 = DIRECTION('',(-0.,-0.,-1.));
#3464 = DIRECTION('',(-1.,0.,0.));
#3465 = ADVANCED_FACE('',(#3466,#3522,#3551,#3580,#3609),#3638,.T.);
#3466 = FACE_BOUND('',#3467,.T.);
#3467 = EDGE_LOOP('',(#3468,#3469,#3470,#3471,#3472,#3473,#3482,#3489,
    #3490,#3499,#3506,#3507,#3508,#3509,#3510,#3511,#3512,#3513,#3514,
    #3515,#3516,#3517,#3518,#3519,#3520,#3521));
#3468 = ORIENTED_EDGE('',*,*,#215,.T.);
#3469 = ORIENTED_EDGE('',*,*,#39,.T.);
#3470 = ORIENTED_EDGE('',*,*,#191,.T.);
#3471 = ORIENTED_EDGE('',*,*,#670,.T.);
#3472 = ORIENTED_EDGE('',*,*,#808,.T.);
#3473 = ORIENTED_EDGE('',*,*,#3474,.T.);
#3474 = EDGE_CURVE('',#801,#3475,#3477,.T.);
#3475 = VERTEX_POINT('',#3476);
#3476 = CARTESIAN_POINT('',(5.8,8.5,14.));
#3477 = CIRCLE('',#3478,2.2);
#3478 = AXIS2_PLACEMENT_3D('',#3479,#3480,#3481);
#3479 = CARTESIAN_POINT('',(3.6,8.5,14.));
#3480 = DIRECTION('',(0.,0.,1.));
#3481 = DIRECTION('',(1.,0.,-0.));
#3482 = ORIENTED_EDGE('',*,*,#3483,.T.);
#3483 = EDGE_CURVE('',#3475,#1686,#3484,.T.);
#3484 = CIRCLE('',#3485,2.2);
#3485 = AXIS2_PLACEMENT_3D('',#3486,#3487,#3488);
#3486 = CARTESIAN_POINT('',(3.6,8.5,14.));
#3487 = DIRECTION('',(0.,0.,1.));
#3488 = DIRECTION('',(1.,0.,-0.));
#3489 = ORIENTED_EDGE('',*,*,#1685,.T.);
#3490 = ORIENTED_EDGE('',*,*,#3491,.T.);
#3491 = EDGE_CURVE('',#1678,#3492,#3494,.T.);
#3492 = VERTEX_POINT('',#3493);
#3493 = CARTESIAN_POINT('',(5.8,51.5,14.));
#3494 = CIRCLE('',#3495,2.2);
#3495 = AXIS2_PLACEMENT_3D('',#3496,#3497,#3498);
#3496 = CARTESIAN_POINT('',(3.6,51.5,14.));
#3497 = DIRECTION('',(0.,0.,1.));
#3498 = DIRECTION('',(1.,0.,-0.));
#3499 = ORIENTED_EDGE('',*,*,#3500,.T.);
#3500 = EDGE_CURVE('',#3492,#1654,#3501,.T.);
#3501 = CIRCLE('',#3502,2.2);
#3502 = AXIS2_PLACEMENT_3D('',#3503,#3504,#3505);
#3503 = CARTESIAN_POINT('',(3.6,51.5,14.));
#3504 = DIRECTION('',(0.,0.,1.));
#3505 = DIRECTION('',(1.,0.,-0.));
#3506 = ORIENTED_EDGE('',*,*,#1653,.T.);
#3507 = ORIENTED_EDGE('',*,*,#1629,.T.);
#3508 = ORIENTED_EDGE('',*,*,#1604,.T.);
#3509 = ORIENTED_EDGE('',*,*,#1741,.T.);
#3510 = ORIENTED_EDGE('',*,*,#1348,.T.);
#3511 = ORIENTED_EDGE('',*,*,#1280,.T.);
#3512 = ORIENTED_EDGE('',*,*,#768,.T.);
#3513 = ORIENTED_EDGE('',*,*,#679,.T.);
#3514 = ORIENTED_EDGE('',*,*,#143,.F.);
#3515 = ORIENTED_EDGE('',*,*,#71,.T.);
#3516 = ORIENTED_EDGE('',*,*,#94,.T.);
#3517 = ORIENTED_EDGE('',*,*,#582,.T.);
#3518 = ORIENTED_EDGE('',*,*,#443,.T.);
#3519 = ORIENTED_EDGE('',*,*,#369,.T.);
#3520 = ORIENTED_EDGE('',*,*,#318,.T.);
#3521 = ORIENTED_EDGE('',*,*,#286,.T.);
#3522 = FACE_BOUND('',#3523,.T.);
#3523 = EDGE_LOOP('',(#3524,#3535,#3544));
#3524 = ORIENTED_EDGE('',*,*,#3525,.F.);
#3525 = EDGE_CURVE('',#3526,#3528,#3530,.T.);
#3526 = VERTEX_POINT('',#3527);
#3527 = CARTESIAN_POINT('',(1.8,9.10827625303,14.));
#3528 = VERTEX_POINT('',#3529);
#3529 = CARTESIAN_POINT('',(1.800997662188,7.888779427255,14.));
#3530 = CIRCLE('',#3531,1.9);
#3531 = AXIS2_PLACEMENT_3D('',#3532,#3533,#3534);
#3532 = CARTESIAN_POINT('',(3.6,8.5,14.));
#3533 = DIRECTION('',(0.,0.,1.));
#3534 = DIRECTION('',(1.,0.,-0.));
#3535 = ORIENTED_EDGE('',*,*,#3536,.F.);
#3536 = EDGE_CURVE('',#3537,#3526,#3539,.T.);
#3537 = VERTEX_POINT('',#3538);
#3538 = CARTESIAN_POINT('',(5.5,8.5,14.));
#3539 = CIRCLE('',#3540,1.9);
#3540 = AXIS2_PLACEMENT_3D('',#3541,#3542,#3543);
#3541 = CARTESIAN_POINT('',(3.6,8.5,14.));
#3542 = DIRECTION('',(0.,0.,1.));
#3543 = DIRECTION('',(1.,0.,-0.));
#3544 = ORIENTED_EDGE('',*,*,#3545,.F.);
#3545 = EDGE_CURVE('',#3528,#3537,#3546,.T.);
#3546 = CIRCLE('',#3547,1.9);
#3547 = AXIS2_PLACEMENT_3D('',#3548,#3549,#3550);
#3548 = CARTESIAN_POINT('',(3.6,8.5,14.));
#3549 = DIRECTION('',(0.,0.,1.));
#3550 = DIRECTION('',(1.,0.,-0.));
#3551 = FACE_BOUND('',#3552,.T.);
#3552 = EDGE_LOOP('',(#3553,#3564,#3573));
#3553 = ORIENTED_EDGE('',*,*,#3554,.F.);
#3554 = EDGE_CURVE('',#3555,#3557,#3559,.T.);
#3555 = VERTEX_POINT('',#3556);
#3556 = CARTESIAN_POINT('',(40.199002337812,7.888779427255,14.));
#3557 = VERTEX_POINT('',#3558);
#3558 = CARTESIAN_POINT('',(40.3,8.5,14.));
#3559 = CIRCLE('',#3560,1.9);
#3560 = AXIS2_PLACEMENT_3D('',#3561,#3562,#3563);
#3561 = CARTESIAN_POINT('',(38.4,8.5,14.));
#3562 = DIRECTION('',(0.,0.,1.));
#3563 = DIRECTION('',(1.,0.,-0.));
#3564 = ORIENTED_EDGE('',*,*,#3565,.F.);
#3565 = EDGE_CURVE('',#3566,#3555,#3568,.T.);
#3566 = VERTEX_POINT('',#3567);
#3567 = CARTESIAN_POINT('',(40.2,9.10827625303,14.));
#3568 = CIRCLE('',#3569,1.9);
#3569 = AXIS2_PLACEMENT_3D('',#3570,#3571,#3572);
#3570 = CARTESIAN_POINT('',(38.4,8.5,14.));
#3571 = DIRECTION('',(0.,0.,1.));
#3572 = DIRECTION('',(1.,0.,-0.));
#3573 = ORIENTED_EDGE('',*,*,#3574,.F.);
#3574 = EDGE_CURVE('',#3557,#3566,#3575,.T.);
#3575 = CIRCLE('',#3576,1.9);
#3576 = AXIS2_PLACEMENT_3D('',#3577,#3578,#3579);
#3577 = CARTESIAN_POINT('',(38.4,8.5,14.));
#3578 = DIRECTION('',(0.,0.,1.));
#3579 = DIRECTION('',(1.,0.,-0.));
#3580 = FACE_BOUND('',#3581,.T.);
#3581 = EDGE_LOOP('',(#3582,#3593,#3602));
#3582 = ORIENTED_EDGE('',*,*,#3583,.F.);
#3583 = EDGE_CURVE('',#3584,#3586,#3588,.T.);
#3584 = VERTEX_POINT('',#3585);
#3585 = CARTESIAN_POINT('',(1.800997662188,52.111220572745,14.));
#3586 = VERTEX_POINT('',#3587);
#3587 = CARTESIAN_POINT('',(1.8,50.89172374697,14.));
#3588 = CIRCLE('',#3589,1.9);
#3589 = AXIS2_PLACEMENT_3D('',#3590,#3591,#3592);
#3590 = CARTESIAN_POINT('',(3.6,51.5,14.));
#3591 = DIRECTION('',(0.,0.,1.));
#3592 = DIRECTION('',(1.,0.,-0.));
#3593 = ORIENTED_EDGE('',*,*,#3594,.F.);
#3594 = EDGE_CURVE('',#3595,#3584,#3597,.T.);
#3595 = VERTEX_POINT('',#3596);
#3596 = CARTESIAN_POINT('',(5.5,51.5,14.));
#3597 = CIRCLE('',#3598,1.9);
#3598 = AXIS2_PLACEMENT_3D('',#3599,#3600,#3601);
#3599 = CARTESIAN_POINT('',(3.6,51.5,14.));
#3600 = DIRECTION('',(0.,0.,1.));
#3601 = DIRECTION('',(1.,0.,-0.));
#3602 = ORIENTED_EDGE('',*,*,#3603,.F.);
#3603 = EDGE_CURVE('',#3586,#3595,#3604,.T.);
#3604 = CIRCLE('',#3605,1.9);
#3605 = AXIS2_PLACEMENT_3D('',#3606,#3607,#3608);
#3606 = CARTESIAN_POINT('',(3.6,51.5,14.));
#3607 = DIRECTION('',(0.,0.,1.));
#3608 = DIRECTION('',(1.,0.,-0.));
#3609 = FACE_BOUND('',#3610,.T.);
#3610 = EDGE_LOOP('',(#3611,#3622,#3631));
#3611 = ORIENTED_EDGE('',*,*,#3612,.F.);
#3612 = EDGE_CURVE('',#3613,#3615,#3617,.T.);
#3613 = VERTEX_POINT('',#3614);
#3614 = CARTESIAN_POINT('',(40.2,50.89172374697,14.));
#3615 = VERTEX_POINT('',#3616);
#3616 = CARTESIAN_POINT('',(40.3,51.5,14.));
#3617 = CIRCLE('',#3618,1.9);
#3618 = AXIS2_PLACEMENT_3D('',#3619,#3620,#3621);
#3619 = CARTESIAN_POINT('',(38.4,51.5,14.));
#3620 = DIRECTION('',(0.,0.,1.));
#3621 = DIRECTION('',(1.,0.,-0.));
#3622 = ORIENTED_EDGE('',*,*,#3623,.F.);
#3623 = EDGE_CURVE('',#3624,#3613,#3626,.T.);
#3624 = VERTEX_POINT('',#3625);
#3625 = CARTESIAN_POINT('',(40.199002337812,52.111220572745,14.));
#3626 = CIRCLE('',#3627,1.9);
#3627 = AXIS2_PLACEMENT_3D('',#3628,#3629,#3630);
#3628 = CARTESIAN_POINT('',(38.4,51.5,14.));
#3629 = DIRECTION('',(0.,0.,1.));
#3630 = DIRECTION('',(1.,0.,-0.));
#3631 = ORIENTED_EDGE('',*,*,#3632,.F.);
#3632 = EDGE_CURVE('',#3615,#3624,#3633,.T.);
#3633 = CIRCLE('',#3634,1.9);
#3634 = AXIS2_PLACEMENT_3D('',#3635,#3636,#3637);
#3635 = CARTESIAN_POINT('',(38.4,51.5,14.));
#3636 = DIRECTION('',(0.,0.,1.));
#3637 = DIRECTION('',(1.,0.,-0.));
#3638 = PLANE('',#3639);
#3639 = AXIS2_PLACEMENT_3D('',#3640,#3641,#3642);
#3640 = CARTESIAN_POINT('',(20.920289930097,32.50373717589,14.));
#3641 = DIRECTION('',(0.,0.,1.));
#3642 = DIRECTION('',(1.,0.,-0.));
#3643 = ADVANCED_FACE('',(#3644),#3665,.T.);
#3644 = FACE_BOUND('',#3645,.T.);
#3645 = EDGE_LOOP('',(#3646,#3654,#3661,#3662,#3663,#3664));
#3646 = ORIENTED_EDGE('',*,*,#3647,.T.);
#3647 = EDGE_CURVE('',#3537,#3648,#3650,.T.);
#3648 = VERTEX_POINT('',#3649);
#3649 = CARTESIAN_POINT('',(5.5,8.5,14.35));
#3650 = LINE('',#3651,#3652);
#3651 = CARTESIAN_POINT('',(5.5,8.5,14.));
#3652 = VECTOR('',#3653,1.);
#3653 = DIRECTION('',(0.,0.,1.));
#3654 = ORIENTED_EDGE('',*,*,#3655,.F.);
#3655 = EDGE_CURVE('',#3648,#3648,#3656,.T.);
#3656 = CIRCLE('',#3657,1.9);
#3657 = AXIS2_PLACEMENT_3D('',#3658,#3659,#3660);
#3658 = CARTESIAN_POINT('',(3.6,8.5,14.35));
#3659 = DIRECTION('',(0.,0.,1.));
#3660 = DIRECTION('',(1.,0.,-0.));
#3661 = ORIENTED_EDGE('',*,*,#3647,.F.);
#3662 = ORIENTED_EDGE('',*,*,#3536,.T.);
#3663 = ORIENTED_EDGE('',*,*,#3525,.T.);
#3664 = ORIENTED_EDGE('',*,*,#3545,.T.);
#3665 = CYLINDRICAL_SURFACE('',#3666,1.9);
#3666 = AXIS2_PLACEMENT_3D('',#3667,#3668,#3669);
#3667 = CARTESIAN_POINT('',(3.6,8.5,14.));
#3668 = DIRECTION('',(0.,0.,1.));
#3669 = DIRECTION('',(1.,0.,-0.));
#3670 = ADVANCED_FACE('',(#3671,#3674),#3685,.T.);
#3671 = FACE_BOUND('',#3672,.T.);
#3672 = EDGE_LOOP('',(#3673));
#3673 = ORIENTED_EDGE('',*,*,#3655,.T.);
#3674 = FACE_BOUND('',#3675,.T.);
#3675 = EDGE_LOOP('',(#3676));
#3676 = ORIENTED_EDGE('',*,*,#3677,.F.);
#3677 = EDGE_CURVE('',#3678,#3678,#3680,.T.);
#3678 = VERTEX_POINT('',#3679);
#3679 = CARTESIAN_POINT('',(4.4,8.5,14.35));
#3680 = CIRCLE('',#3681,0.8);
#3681 = AXIS2_PLACEMENT_3D('',#3682,#3683,#3684);
#3682 = CARTESIAN_POINT('',(3.6,8.5,14.35));
#3683 = DIRECTION('',(0.,0.,1.));
#3684 = DIRECTION('',(1.,0.,-0.));
#3685 = PLANE('',#3686);
#3686 = AXIS2_PLACEMENT_3D('',#3687,#3688,#3689);
#3687 = CARTESIAN_POINT('',(3.6,8.5,14.35));
#3688 = DIRECTION('',(0.,0.,1.));
#3689 = DIRECTION('',(1.,0.,-0.));
#3690 = ADVANCED_FACE('',(#3691),#3710,.F.);
#3691 = FACE_BOUND('',#3692,.F.);
#3692 = EDGE_LOOP('',(#3693,#3694,#3702,#3709));
#3693 = ORIENTED_EDGE('',*,*,#3677,.F.);
#3694 = ORIENTED_EDGE('',*,*,#3695,.F.);
#3695 = EDGE_CURVE('',#3696,#3678,#3698,.T.);
#3696 = VERTEX_POINT('',#3697);
#3697 = CARTESIAN_POINT('',(4.4,8.5,4.));
#3698 = LINE('',#3699,#3700);
#3699 = CARTESIAN_POINT('',(4.4,8.5,4.));
#3700 = VECTOR('',#3701,1.);
#3701 = DIRECTION('',(0.,0.,1.));
#3702 = ORIENTED_EDGE('',*,*,#3703,.T.);
#3703 = EDGE_CURVE('',#3696,#3696,#3704,.T.);
#3704 = CIRCLE('',#3705,0.8);
#3705 = AXIS2_PLACEMENT_3D('',#3706,#3707,#3708);
#3706 = CARTESIAN_POINT('',(3.6,8.5,4.));
#3707 = DIRECTION('',(0.,0.,1.));
#3708 = DIRECTION('',(1.,0.,-0.));
#3709 = ORIENTED_EDGE('',*,*,#3695,.T.);
#3710 = CYLINDRICAL_SURFACE('',#3711,0.8);
#3711 = AXIS2_PLACEMENT_3D('',#3712,#3713,#3714);
#3712 = CARTESIAN_POINT('',(3.6,8.5,4.));
#3713 = DIRECTION('',(0.,0.,1.));
#3714 = DIRECTION('',(1.,0.,-0.));
#3715 = ADVANCED_FACE('',(#3716),#3719,.T.);
#3716 = FACE_BOUND('',#3717,.F.);
#3717 = EDGE_LOOP('',(#3718));
#3718 = ORIENTED_EDGE('',*,*,#3703,.F.);
#3719 = PLANE('',#3720);
#3720 = AXIS2_PLACEMENT_3D('',#3721,#3722,#3723);
#3721 = CARTESIAN_POINT('',(3.6,8.5,4.));
#3722 = DIRECTION('',(0.,0.,1.));
#3723 = DIRECTION('',(1.,0.,-0.));
#3724 = ADVANCED_FACE('',(#3725),#3746,.T.);
#3725 = FACE_BOUND('',#3726,.T.);
#3726 = EDGE_LOOP('',(#3727,#3735,#3742,#3743,#3744,#3745));
#3727 = ORIENTED_EDGE('',*,*,#3728,.T.);
#3728 = EDGE_CURVE('',#3557,#3729,#3731,.T.);
#3729 = VERTEX_POINT('',#3730);
#3730 = CARTESIAN_POINT('',(40.3,8.5,14.35));
#3731 = LINE('',#3732,#3733);
#3732 = CARTESIAN_POINT('',(40.3,8.5,14.));
#3733 = VECTOR('',#3734,1.);
#3734 = DIRECTION('',(0.,0.,1.));
#3735 = ORIENTED_EDGE('',*,*,#3736,.F.);
#3736 = EDGE_CURVE('',#3729,#3729,#3737,.T.);
#3737 = CIRCLE('',#3738,1.9);
#3738 = AXIS2_PLACEMENT_3D('',#3739,#3740,#3741);
#3739 = CARTESIAN_POINT('',(38.4,8.5,14.35));
#3740 = DIRECTION('',(0.,0.,1.));
#3741 = DIRECTION('',(1.,0.,-0.));
#3742 = ORIENTED_EDGE('',*,*,#3728,.F.);
#3743 = ORIENTED_EDGE('',*,*,#3574,.T.);
#3744 = ORIENTED_EDGE('',*,*,#3565,.T.);
#3745 = ORIENTED_EDGE('',*,*,#3554,.T.);
#3746 = CYLINDRICAL_SURFACE('',#3747,1.9);
#3747 = AXIS2_PLACEMENT_3D('',#3748,#3749,#3750);
#3748 = CARTESIAN_POINT('',(38.4,8.5,14.));
#3749 = DIRECTION('',(0.,0.,1.));
#3750 = DIRECTION('',(1.,0.,-0.));
#3751 = ADVANCED_FACE('',(#3752,#3755),#3766,.T.);
#3752 = FACE_BOUND('',#3753,.T.);
#3753 = EDGE_LOOP('',(#3754));
#3754 = ORIENTED_EDGE('',*,*,#3736,.T.);
#3755 = FACE_BOUND('',#3756,.T.);
#3756 = EDGE_LOOP('',(#3757));
#3757 = ORIENTED_EDGE('',*,*,#3758,.F.);
#3758 = EDGE_CURVE('',#3759,#3759,#3761,.T.);
#3759 = VERTEX_POINT('',#3760);
#3760 = CARTESIAN_POINT('',(39.2,8.5,14.35));
#3761 = CIRCLE('',#3762,0.8);
#3762 = AXIS2_PLACEMENT_3D('',#3763,#3764,#3765);
#3763 = CARTESIAN_POINT('',(38.4,8.5,14.35));
#3764 = DIRECTION('',(0.,0.,1.));
#3765 = DIRECTION('',(1.,0.,-0.));
#3766 = PLANE('',#3767);
#3767 = AXIS2_PLACEMENT_3D('',#3768,#3769,#3770);
#3768 = CARTESIAN_POINT('',(38.4,8.5,14.35));
#3769 = DIRECTION('',(0.,0.,1.));
#3770 = DIRECTION('',(1.,0.,-0.));
#3771 = ADVANCED_FACE('',(#3772),#3791,.F.);
#3772 = FACE_BOUND('',#3773,.F.);
#3773 = EDGE_LOOP('',(#3774,#3775,#3783,#3790));
#3774 = ORIENTED_EDGE('',*,*,#3758,.F.);
#3775 = ORIENTED_EDGE('',*,*,#3776,.F.);
#3776 = EDGE_CURVE('',#3777,#3759,#3779,.T.);
#3777 = VERTEX_POINT('',#3778);
#3778 = CARTESIAN_POINT('',(39.2,8.5,4.));
#3779 = LINE('',#3780,#3781);
#3780 = CARTESIAN_POINT('',(39.2,8.5,4.));
#3781 = VECTOR('',#3782,1.);
#3782 = DIRECTION('',(0.,0.,1.));
#3783 = ORIENTED_EDGE('',*,*,#3784,.T.);
#3784 = EDGE_CURVE('',#3777,#3777,#3785,.T.);
#3785 = CIRCLE('',#3786,0.8);
#3786 = AXIS2_PLACEMENT_3D('',#3787,#3788,#3789);
#3787 = CARTESIAN_POINT('',(38.4,8.5,4.));
#3788 = DIRECTION('',(0.,0.,1.));
#3789 = DIRECTION('',(1.,0.,-0.));
#3790 = ORIENTED_EDGE('',*,*,#3776,.T.);
#3791 = CYLINDRICAL_SURFACE('',#3792,0.8);
#3792 = AXIS2_PLACEMENT_3D('',#3793,#3794,#3795);
#3793 = CARTESIAN_POINT('',(38.4,8.5,4.));
#3794 = DIRECTION('',(0.,0.,1.));
#3795 = DIRECTION('',(1.,0.,-0.));
#3796 = ADVANCED_FACE('',(#3797),#3800,.T.);
#3797 = FACE_BOUND('',#3798,.F.);
#3798 = EDGE_LOOP('',(#3799));
#3799 = ORIENTED_EDGE('',*,*,#3784,.F.);
#3800 = PLANE('',#3801);
#3801 = AXIS2_PLACEMENT_3D('',#3802,#3803,#3804);
#3802 = CARTESIAN_POINT('',(38.4,8.5,4.));
#3803 = DIRECTION('',(0.,0.,1.));
#3804 = DIRECTION('',(1.,0.,-0.));
#3805 = ADVANCED_FACE('',(#3806),#3827,.T.);
#3806 = FACE_BOUND('',#3807,.T.);
#3807 = EDGE_LOOP('',(#3808,#3816,#3823,#3824,#3825,#3826));
#3808 = ORIENTED_EDGE('',*,*,#3809,.T.);
#3809 = EDGE_CURVE('',#3595,#3810,#3812,.T.);
#3810 = VERTEX_POINT('',#3811);
#3811 = CARTESIAN_POINT('',(5.5,51.5,14.35));
#3812 = LINE('',#3813,#3814);
#3813 = CARTESIAN_POINT('',(5.5,51.5,14.));
#3814 = VECTOR('',#3815,1.);
#3815 = DIRECTION('',(0.,0.,1.));
#3816 = ORIENTED_EDGE('',*,*,#3817,.F.);
#3817 = EDGE_CURVE('',#3810,#3810,#3818,.T.);
#3818 = CIRCLE('',#3819,1.9);
#3819 = AXIS2_PLACEMENT_3D('',#3820,#3821,#3822);
#3820 = CARTESIAN_POINT('',(3.6,51.5,14.35));
#3821 = DIRECTION('',(0.,0.,1.));
#3822 = DIRECTION('',(1.,0.,-0.));
#3823 = ORIENTED_EDGE('',*,*,#3809,.F.);
#3824 = ORIENTED_EDGE('',*,*,#3594,.T.);
#3825 = ORIENTED_EDGE('',*,*,#3583,.T.);
#3826 = ORIENTED_EDGE('',*,*,#3603,.T.);
#3827 = CYLINDRICAL_SURFACE('',#3828,1.9);
#3828 = AXIS2_PLACEMENT_3D('',#3829,#3830,#3831);
#3829 = CARTESIAN_POINT('',(3.6,51.5,14.));
#3830 = DIRECTION('',(0.,0.,1.));
#3831 = DIRECTION('',(1.,0.,-0.));
#3832 = ADVANCED_FACE('',(#3833,#3836),#3847,.T.);
#3833 = FACE_BOUND('',#3834,.T.);
#3834 = EDGE_LOOP('',(#3835));
#3835 = ORIENTED_EDGE('',*,*,#3817,.T.);
#3836 = FACE_BOUND('',#3837,.T.);
#3837 = EDGE_LOOP('',(#3838));
#3838 = ORIENTED_EDGE('',*,*,#3839,.F.);
#3839 = EDGE_CURVE('',#3840,#3840,#3842,.T.);
#3840 = VERTEX_POINT('',#3841);
#3841 = CARTESIAN_POINT('',(4.4,51.5,14.35));
#3842 = CIRCLE('',#3843,0.8);
#3843 = AXIS2_PLACEMENT_3D('',#3844,#3845,#3846);
#3844 = CARTESIAN_POINT('',(3.6,51.5,14.35));
#3845 = DIRECTION('',(0.,0.,1.));
#3846 = DIRECTION('',(1.,0.,-0.));
#3847 = PLANE('',#3848);
#3848 = AXIS2_PLACEMENT_3D('',#3849,#3850,#3851);
#3849 = CARTESIAN_POINT('',(3.6,51.5,14.35));
#3850 = DIRECTION('',(0.,0.,1.));
#3851 = DIRECTION('',(1.,0.,-0.));
#3852 = ADVANCED_FACE('',(#3853),#3872,.F.);
#3853 = FACE_BOUND('',#3854,.F.);
#3854 = EDGE_LOOP('',(#3855,#3856,#3864,#3871));
#3855 = ORIENTED_EDGE('',*,*,#3839,.F.);
#3856 = ORIENTED_EDGE('',*,*,#3857,.F.);
#3857 = EDGE_CURVE('',#3858,#3840,#3860,.T.);
#3858 = VERTEX_POINT('',#3859);
#3859 = CARTESIAN_POINT('',(4.4,51.5,4.));
#3860 = LINE('',#3861,#3862);
#3861 = CARTESIAN_POINT('',(4.4,51.5,4.));
#3862 = VECTOR('',#3863,1.);
#3863 = DIRECTION('',(0.,0.,1.));
#3864 = ORIENTED_EDGE('',*,*,#3865,.T.);
#3865 = EDGE_CURVE('',#3858,#3858,#3866,.T.);
#3866 = CIRCLE('',#3867,0.8);
#3867 = AXIS2_PLACEMENT_3D('',#3868,#3869,#3870);
#3868 = CARTESIAN_POINT('',(3.6,51.5,4.));
#3869 = DIRECTION('',(0.,0.,1.));
#3870 = DIRECTION('',(1.,0.,-0.));
#3871 = ORIENTED_EDGE('',*,*,#3857,.T.);
#3872 = CYLINDRICAL_SURFACE('',#3873,0.8);
#3873 = AXIS2_PLACEMENT_3D('',#3874,#3875,#3876);
#3874 = CARTESIAN_POINT('',(3.6,51.5,4.));
#3875 = DIRECTION('',(0.,0.,1.));
#3876 = DIRECTION('',(1.,0.,-0.));
#3877 = ADVANCED_FACE('',(#3878),#3881,.T.);
#3878 = FACE_BOUND('',#3879,.F.);
#3879 = EDGE_LOOP('',(#3880));
#3880 = ORIENTED_EDGE('',*,*,#3865,.F.);
#3881 = PLANE('',#3882);
#3882 = AXIS2_PLACEMENT_3D('',#3883,#3884,#3885);
#3883 = CARTESIAN_POINT('',(3.6,51.5,4.));
#3884 = DIRECTION('',(0.,0.,1.));
#3885 = DIRECTION('',(1.,0.,-0.));
#3886 = ADVANCED_FACE('',(#3887),#3908,.T.);
#3887 = FACE_BOUND('',#3888,.T.);
#3888 = EDGE_LOOP('',(#3889,#3897,#3904,#3905,#3906,#3907));
#3889 = ORIENTED_EDGE('',*,*,#3890,.T.);
#3890 = EDGE_CURVE('',#3615,#3891,#3893,.T.);
#3891 = VERTEX_POINT('',#3892);
#3892 = CARTESIAN_POINT('',(40.3,51.5,14.35));
#3893 = LINE('',#3894,#3895);
#3894 = CARTESIAN_POINT('',(40.3,51.5,14.));
#3895 = VECTOR('',#3896,1.);
#3896 = DIRECTION('',(0.,0.,1.));
#3897 = ORIENTED_EDGE('',*,*,#3898,.F.);
#3898 = EDGE_CURVE('',#3891,#3891,#3899,.T.);
#3899 = CIRCLE('',#3900,1.9);
#3900 = AXIS2_PLACEMENT_3D('',#3901,#3902,#3903);
#3901 = CARTESIAN_POINT('',(38.4,51.5,14.35));
#3902 = DIRECTION('',(0.,0.,1.));
#3903 = DIRECTION('',(1.,0.,-0.));
#3904 = ORIENTED_EDGE('',*,*,#3890,.F.);
#3905 = ORIENTED_EDGE('',*,*,#3632,.T.);
#3906 = ORIENTED_EDGE('',*,*,#3623,.T.);
#3907 = ORIENTED_EDGE('',*,*,#3612,.T.);
#3908 = CYLINDRICAL_SURFACE('',#3909,1.9);
#3909 = AXIS2_PLACEMENT_3D('',#3910,#3911,#3912);
#3910 = CARTESIAN_POINT('',(38.4,51.5,14.));
#3911 = DIRECTION('',(0.,0.,1.));
#3912 = DIRECTION('',(1.,0.,-0.));
#3913 = ADVANCED_FACE('',(#3914,#3917),#3928,.T.);
#3914 = FACE_BOUND('',#3915,.T.);
#3915 = EDGE_LOOP('',(#3916));
#3916 = ORIENTED_EDGE('',*,*,#3898,.T.);
#3917 = FACE_BOUND('',#3918,.T.);
#3918 = EDGE_LOOP('',(#3919));
#3919 = ORIENTED_EDGE('',*,*,#3920,.F.);
#3920 = EDGE_CURVE('',#3921,#3921,#3923,.T.);
#3921 = VERTEX_POINT('',#3922);
#3922 = CARTESIAN_POINT('',(39.2,51.5,14.35));
#3923 = CIRCLE('',#3924,0.8);
#3924 = AXIS2_PLACEMENT_3D('',#3925,#3926,#3927);
#3925 = CARTESIAN_POINT('',(38.4,51.5,14.35));
#3926 = DIRECTION('',(0.,0.,1.));
#3927 = DIRECTION('',(1.,0.,-0.));
#3928 = PLANE('',#3929);
#3929 = AXIS2_PLACEMENT_3D('',#3930,#3931,#3932);
#3930 = CARTESIAN_POINT('',(38.4,51.5,14.35));
#3931 = DIRECTION('',(0.,0.,1.));
#3932 = DIRECTION('',(1.,0.,-0.));
#3933 = ADVANCED_FACE('',(#3934),#3953,.F.);
#3934 = FACE_BOUND('',#3935,.F.);
#3935 = EDGE_LOOP('',(#3936,#3937,#3945,#3952));
#3936 = ORIENTED_EDGE('',*,*,#3920,.F.);
#3937 = ORIENTED_EDGE('',*,*,#3938,.F.);
#3938 = EDGE_CURVE('',#3939,#3921,#3941,.T.);
#3939 = VERTEX_POINT('',#3940);
#3940 = CARTESIAN_POINT('',(39.2,51.5,4.));
#3941 = LINE('',#3942,#3943);
#3942 = CARTESIAN_POINT('',(39.2,51.5,4.));
#3943 = VECTOR('',#3944,1.);
#3944 = DIRECTION('',(0.,0.,1.));
#3945 = ORIENTED_EDGE('',*,*,#3946,.T.);
#3946 = EDGE_CURVE('',#3939,#3939,#3947,.T.);
#3947 = CIRCLE('',#3948,0.8);
#3948 = AXIS2_PLACEMENT_3D('',#3949,#3950,#3951);
#3949 = CARTESIAN_POINT('',(38.4,51.5,4.));
#3950 = DIRECTION('',(0.,0.,1.));
#3951 = DIRECTION('',(1.,0.,-0.));
#3952 = ORIENTED_EDGE('',*,*,#3938,.T.);
#3953 = CYLINDRICAL_SURFACE('',#3954,0.8);
#3954 = AXIS2_PLACEMENT_3D('',#3955,#3956,#3957);
#3955 = CARTESIAN_POINT('',(38.4,51.5,4.));
#3956 = DIRECTION('',(0.,0.,1.));
#3957 = DIRECTION('',(1.,0.,-0.));
#3958 = ADVANCED_FACE('',(#3959),#3962,.T.);
#3959 = FACE_BOUND('',#3960,.F.);
#3960 = EDGE_LOOP('',(#3961));
#3961 = ORIENTED_EDGE('',*,*,#3946,.F.);
#3962 = PLANE('',#3963);
#3963 = AXIS2_PLACEMENT_3D('',#3964,#3965,#3966);
#3964 = CARTESIAN_POINT('',(38.4,51.5,4.));
#3965 = DIRECTION('',(0.,0.,1.));
#3966 = DIRECTION('',(1.,0.,-0.));
#3967 = ADVANCED_FACE('',(#3968),#3976,.T.);
#3968 = FACE_BOUND('',#3969,.T.);
#3969 = EDGE_LOOP('',(#3970,#3971,#3972,#3973,#3974,#3975));
#3970 = ORIENTED_EDGE('',*,*,#2575,.F.);
#3971 = ORIENTED_EDGE('',*,*,#3447,.T.);
#3972 = ORIENTED_EDGE('',*,*,#2874,.T.);
#3973 = ORIENTED_EDGE('',*,*,#3050,.F.);
#3974 = ORIENTED_EDGE('',*,*,#2792,.T.);
#3975 = ORIENTED_EDGE('',*,*,#3079,.T.);
#3976 = PLANE('',#3977);
#3977 = AXIS2_PLACEMENT_3D('',#3978,#3979,#3980);
#3978 = CARTESIAN_POINT('',(20.84367816092,42.9,5.15632183908));
#3979 = DIRECTION('',(-0.,-1.,-0.));
#3980 = DIRECTION('',(0.,0.,-1.));
#3981 = ADVANCED_FACE('',(#3982),#3990,.T.);
#3982 = FACE_BOUND('',#3983,.T.);
#3983 = EDGE_LOOP('',(#3984,#3985,#3986,#3987,#3988,#3989));
#3984 = ORIENTED_EDGE('',*,*,#3491,.F.);
#3985 = ORIENTED_EDGE('',*,*,#1677,.F.);
#3986 = ORIENTED_EDGE('',*,*,#1475,.T.);
#3987 = ORIENTED_EDGE('',*,*,#1466,.T.);
#3988 = ORIENTED_EDGE('',*,*,#1662,.F.);
#3989 = ORIENTED_EDGE('',*,*,#3500,.F.);
#3990 = CYLINDRICAL_SURFACE('',#3991,2.2);
#3991 = AXIS2_PLACEMENT_3D('',#3992,#3993,#3994);
#3992 = CARTESIAN_POINT('',(3.6,51.5,1.8));
#3993 = DIRECTION('',(0.,0.,1.));
#3994 = DIRECTION('',(1.,0.,-0.));
#3995 = ADVANCED_FACE('',(#3996),#4008,.T.);
#3996 = FACE_BOUND('',#3997,.T.);
#3997 = EDGE_LOOP('',(#3998,#3999,#4000,#4001,#4002,#4003,#4004,#4005,
    #4006,#4007));
#3998 = ORIENTED_EDGE('',*,*,#3474,.F.);
#3999 = ORIENTED_EDGE('',*,*,#800,.T.);
#4000 = ORIENTED_EDGE('',*,*,#1015,.T.);
#4001 = ORIENTED_EDGE('',*,*,#1985,.T.);
#4002 = ORIENTED_EDGE('',*,*,#2115,.T.);
#4003 = ORIENTED_EDGE('',*,*,#2183,.T.);
#4004 = ORIENTED_EDGE('',*,*,#2442,.F.);
#4005 = ORIENTED_EDGE('',*,*,#1492,.T.);
#4006 = ORIENTED_EDGE('',*,*,#1693,.T.);
#4007 = ORIENTED_EDGE('',*,*,#3483,.F.);
#4008 = CYLINDRICAL_SURFACE('',#4009,2.2);
#4009 = AXIS2_PLACEMENT_3D('',#4010,#4011,#4012);
#4010 = CARTESIAN_POINT('',(3.6,8.5,1.8));
#4011 = DIRECTION('',(0.,0.,1.));
#4012 = DIRECTION('',(1.,0.,-0.));
#4013 = ( GEOMETRIC_REPRESENTATION_CONTEXT(3) 
GLOBAL_UNCERTAINTY_ASSIGNED_CONTEXT((#4017)) 
GLOBAL_UNIT_ASSIGNED_CONTEXT((#4014,#4015,#4016)) REPRESENTATION_CONTEXT
('Context #1','3D Context with UNIT and UNCERTAINTY') );
#4014 = ( LENGTH_UNIT() NAMED_UNIT(*) SI_UNIT(.MILLI.,.METRE.) );
#4015 = ( NAMED_UNIT(*) PLANE_ANGLE_UNIT() SI_UNIT($,.RADIAN.) );
#4016 = ( NAMED_UNIT(*) SI_UNIT($,.STERADIAN.) SOLID_ANGLE_UNIT() );
#4017 = UNCERTAINTY_MEASURE_WITH_UNIT(LENGTH_MEASURE(1.E-07),#4014,
  'distance_accuracy_value','confusion accuracy');
#4018 = PRODUCT_RELATED_PRODUCT_CATEGORY('part',$,(#7));
ENDSEC;
END-ISO-10303-21;
