ISO-10303-21;
HEADER;
FILE_DESCRIPTION(('FreeCAD Model'),'2;1');
FILE_NAME('Open CASCADE Shape Model','2026-09-27T22:40:19',('FreeCAD'),(
    'FreeCAD'),'Open CASCADE STEP processor 7.9','FreeCAD','Unknown');
FILE_SCHEMA(('AUTOMOTIVE_DESIGN { 1 0 10303 214 1 1 1 1 }'));
ENDSEC;
DATA;
#1 = APPLICATION_PROTOCOL_DEFINITION('international standard',
  'automotive_design',2000,#2);
#2 = APPLICATION_CONTEXT(
  'core data for automotive mechanical design processes');
#3 = SHAPE_DEFINITION_REPRESENTATION(#4,#10);
#4 = PRODUCT_DEFINITION_SHAPE('','',#5);
#5 = PRODUCT_DEFINITION('design','',#6,#9);
#6 = PRODUCT_DEFINITION_FORMATION('','',#7);
#7 = PRODUCT('Open CASCADE STEP translator 7.9 1',
  'Open CASCADE STEP translator 7.9 1','',(#8));
#8 = PRODUCT_CONTEXT('',#2,'mechanical');
#9 = PRODUCT_DEFINITION_CONTEXT('part definition',#2,'design');
#10 = ADVANCED_BREP_SHAPE_REPRESENTATION('',(#11,#15),#3976);
#11 = AXIS2_PLACEMENT_3D('',#12,#13,#14);
#12 = CARTESIAN_POINT('',(0.,0.,0.));
#13 = DIRECTION('',(0.,0.,1.));
#14 = DIRECTION('',(1.,0.,-0.));
#15 = MANIFOLD_SOLID_BREP('',#16);
#16 = CLOSED_SHELL('',(#17,#89,#122,#153,#177,#201,#234,#297,#389,#420,
    #451,#473,#504,#571,#616,#729,#787,#845,#869,#893,#910,#922,#934,
    #958,#982,#999,#1011,#1080,#1121,#1153,#1178,#1210,#1242,#1276,#1335
    ,#1400,#1425,#1599,#1631,#1655,#1680,#1745,#1763,#1794,#1818,#1842,
    #1859,#1890,#1914,#1938,#1955,#1980,#2011,#2035,#2059,#2085,#2102,
    #2119,#2270,#2282,#2299,#2316,#2356,#2380,#2404,#2421,#2438,#2455,
    #2480,#2505,#2517,#2529,#2560,#2602,#2633,#2666,#2697,#2730,#2761,
    #2794,#2874,#2891,#2908,#2920,#2942,#2959,#2976,#2988,#3000,#3020,
    #3040,#3065,#3090,#3099,#3108,#3229,#3260,#3287,#3311,#3342,#3362,
    #3392,#3417,#3426,#3604,#3631,#3651,#3676,#3685,#3712,#3732,#3757,
    #3766,#3793,#3813,#3838,#3847,#3874,#3894,#3919,#3928,#3944,#3958));
#17 = ADVANCED_FACE('',(#18),#84,.F.);
#18 = FACE_BOUND('',#19,.F.);
#19 = EDGE_LOOP('',(#20,#30,#38,#46,#54,#62,#70,#78));
#20 = ORIENTED_EDGE('',*,*,#21,.F.);
#21 = EDGE_CURVE('',#22,#24,#26,.T.);
#22 = VERTEX_POINT('',#23);
#23 = CARTESIAN_POINT('',(8.,4.440892080918E-16,0.));
#24 = VERTEX_POINT('',#25);
#25 = CARTESIAN_POINT('',(34.,4.440892098501E-16,0.));
#26 = LINE('',#27,#28);
#27 = CARTESIAN_POINT('',(8.,0.,0.));
#28 = VECTOR('',#29,1.);
#29 = DIRECTION('',(1.,0.,0.));
#30 = ORIENTED_EDGE('',*,*,#31,.T.);
#31 = EDGE_CURVE('',#22,#32,#34,.T.);
#32 = VERTEX_POINT('',#33);
#33 = CARTESIAN_POINT('',(8.,4.440892080918E-16,14.));
#34 = LINE('',#35,#36);
#35 = CARTESIAN_POINT('',(8.,4.440892080918E-16,0.));
#36 = VECTOR('',#37,1.);
#37 = DIRECTION('',(0.,0.,1.));
#38 = ORIENTED_EDGE('',*,*,#39,.T.);
#39 = EDGE_CURVE('',#32,#40,#42,.T.);
#40 = VERTEX_POINT('',#41);
#41 = CARTESIAN_POINT('',(12.2,0.,14.));
#42 = LINE('',#43,#44);
#43 = CARTESIAN_POINT('',(8.,0.,14.));
#44 = VECTOR('',#45,1.);
#45 = DIRECTION('',(1.,0.,0.));
#46 = ORIENTED_EDGE('',*,*,#47,.T.);
#47 = EDGE_CURVE('',#40,#48,#50,.T.);
#48 = VERTEX_POINT('',#49);
#49 = CARTESIAN_POINT('',(12.2,0.,12.2));
#50 = LINE('',#51,#52);
#51 = CARTESIAN_POINT('',(12.2,0.,6.1));
#52 = VECTOR('',#53,1.);
#53 = DIRECTION('',(-0.,0.,-1.));
#54 = ORIENTED_EDGE('',*,*,#55,.T.);
#55 = EDGE_CURVE('',#48,#56,#58,.T.);
#56 = VERTEX_POINT('',#57);
#57 = CARTESIAN_POINT('',(29.8,0.,12.2));
#58 = LINE('',#59,#60);
#59 = CARTESIAN_POINT('',(10.1,0.,12.2));
#60 = VECTOR('',#61,1.);
#61 = DIRECTION('',(1.,0.,0.));
#62 = ORIENTED_EDGE('',*,*,#63,.F.);
#63 = EDGE_CURVE('',#64,#56,#66,.T.);
#64 = VERTEX_POINT('',#65);
#65 = CARTESIAN_POINT('',(29.8,0.,14.));
#66 = LINE('',#67,#68);
#67 = CARTESIAN_POINT('',(29.8,0.,6.1));
#68 = VECTOR('',#69,1.);
#69 = DIRECTION('',(-0.,0.,-1.));
#70 = ORIENTED_EDGE('',*,*,#71,.T.);
#71 = EDGE_CURVE('',#64,#72,#74,.T.);
#72 = VERTEX_POINT('',#73);
#73 = CARTESIAN_POINT('',(34.,4.440892098501E-16,14.));
#74 = LINE('',#75,#76);
#75 = CARTESIAN_POINT('',(8.,0.,14.));
#76 = VECTOR('',#77,1.);
#77 = DIRECTION('',(1.,0.,0.));
#78 = ORIENTED_EDGE('',*,*,#79,.F.);
#79 = EDGE_CURVE('',#24,#72,#80,.T.);
#80 = LINE('',#81,#82);
#81 = CARTESIAN_POINT('',(34.,4.440892098501E-16,0.));
#82 = VECTOR('',#83,1.);
#83 = DIRECTION('',(0.,0.,1.));
#84 = PLANE('',#85);
#85 = AXIS2_PLACEMENT_3D('',#86,#87,#88);
#86 = CARTESIAN_POINT('',(8.,0.,0.));
#87 = DIRECTION('',(0.,1.,0.));
#88 = DIRECTION('',(1.,0.,0.));
#89 = ADVANCED_FACE('',(#90),#117,.T.);
#90 = FACE_BOUND('',#91,.F.);
#91 = EDGE_LOOP('',(#92,#93,#102,#110));
#92 = ORIENTED_EDGE('',*,*,#79,.T.);
#93 = ORIENTED_EDGE('',*,*,#94,.T.);
#94 = EDGE_CURVE('',#72,#95,#97,.T.);
#95 = VERTEX_POINT('',#96);
#96 = CARTESIAN_POINT('',(42.,8.,14.));
#97 = CIRCLE('',#98,8.);
#98 = AXIS2_PLACEMENT_3D('',#99,#100,#101);
#99 = CARTESIAN_POINT('',(34.,8.,14.));
#100 = DIRECTION('',(0.,0.,1.));
#101 = DIRECTION('',(-8.881784197001E-16,-1.,0.));
#102 = ORIENTED_EDGE('',*,*,#103,.F.);
#103 = EDGE_CURVE('',#104,#95,#106,.T.);
#104 = VERTEX_POINT('',#105);
#105 = CARTESIAN_POINT('',(42.,8.,0.));
#106 = LINE('',#107,#108);
#107 = CARTESIAN_POINT('',(42.,8.,0.));
#108 = VECTOR('',#109,1.);
#109 = DIRECTION('',(0.,0.,1.));
#110 = ORIENTED_EDGE('',*,*,#111,.F.);
#111 = EDGE_CURVE('',#24,#104,#112,.T.);
#112 = CIRCLE('',#113,8.);
#113 = AXIS2_PLACEMENT_3D('',#114,#115,#116);
#114 = CARTESIAN_POINT('',(34.,8.,0.));
#115 = DIRECTION('',(0.,0.,1.));
#116 = DIRECTION('',(-8.881784197001E-16,-1.,0.));
#117 = CYLINDRICAL_SURFACE('',#118,8.);
#118 = AXIS2_PLACEMENT_3D('',#119,#120,#121);
#119 = CARTESIAN_POINT('',(34.,8.,0.));
#120 = DIRECTION('',(-0.,-0.,-1.));
#121 = DIRECTION('',(-8.881784197001E-16,-1.,0.));
#122 = ADVANCED_FACE('',(#123),#148,.F.);
#123 = FACE_BOUND('',#124,.F.);
#124 = EDGE_LOOP('',(#125,#126,#134,#142));
#125 = ORIENTED_EDGE('',*,*,#63,.T.);
#126 = ORIENTED_EDGE('',*,*,#127,.T.);
#127 = EDGE_CURVE('',#56,#128,#130,.T.);
#128 = VERTEX_POINT('',#129);
#129 = CARTESIAN_POINT('',(29.8,1.8,12.2));
#130 = LINE('',#131,#132);
#131 = CARTESIAN_POINT('',(29.8,-1.,12.2));
#132 = VECTOR('',#133,1.);
#133 = DIRECTION('',(-0.,1.,0.));
#134 = ORIENTED_EDGE('',*,*,#135,.F.);
#135 = EDGE_CURVE('',#136,#128,#138,.T.);
#136 = VERTEX_POINT('',#137);
#137 = CARTESIAN_POINT('',(29.8,1.8,14.));
#138 = LINE('',#139,#140);
#139 = CARTESIAN_POINT('',(29.8,1.8,7.));
#140 = VECTOR('',#141,1.);
#141 = DIRECTION('',(-0.,0.,-1.));
#142 = ORIENTED_EDGE('',*,*,#143,.F.);
#143 = EDGE_CURVE('',#64,#136,#144,.T.);
#144 = LINE('',#145,#146);
#145 = CARTESIAN_POINT('',(29.8,14.5,14.));
#146 = VECTOR('',#147,1.);
#147 = DIRECTION('',(-0.,1.,0.));
#148 = PLANE('',#149);
#149 = AXIS2_PLACEMENT_3D('',#150,#151,#152);
#150 = CARTESIAN_POINT('',(29.8,-1.,12.2));
#151 = DIRECTION('',(1.,0.,-0.));
#152 = DIRECTION('',(0.,0.,1.));
#153 = ADVANCED_FACE('',(#154),#172,.T.);
#154 = FACE_BOUND('',#155,.T.);
#155 = EDGE_LOOP('',(#156,#164,#165,#166));
#156 = ORIENTED_EDGE('',*,*,#157,.F.);
#157 = EDGE_CURVE('',#48,#158,#160,.T.);
#158 = VERTEX_POINT('',#159);
#159 = CARTESIAN_POINT('',(12.2,1.8,12.2));
#160 = LINE('',#161,#162);
#161 = CARTESIAN_POINT('',(12.2,-1.,12.2));
#162 = VECTOR('',#163,1.);
#163 = DIRECTION('',(-0.,1.,0.));
#164 = ORIENTED_EDGE('',*,*,#55,.T.);
#165 = ORIENTED_EDGE('',*,*,#127,.T.);
#166 = ORIENTED_EDGE('',*,*,#167,.F.);
#167 = EDGE_CURVE('',#158,#128,#168,.T.);
#168 = LINE('',#169,#170);
#169 = CARTESIAN_POINT('',(10.1,1.8,12.2));
#170 = VECTOR('',#171,1.);
#171 = DIRECTION('',(1.,0.,0.));
#172 = PLANE('',#173);
#173 = AXIS2_PLACEMENT_3D('',#174,#175,#176);
#174 = CARTESIAN_POINT('',(12.2,-1.,12.2));
#175 = DIRECTION('',(0.,0.,1.));
#176 = DIRECTION('',(1.,0.,-0.));
#177 = ADVANCED_FACE('',(#178),#196,.T.);
#178 = FACE_BOUND('',#179,.T.);
#179 = EDGE_LOOP('',(#180,#181,#182,#190));
#180 = ORIENTED_EDGE('',*,*,#47,.T.);
#181 = ORIENTED_EDGE('',*,*,#157,.T.);
#182 = ORIENTED_EDGE('',*,*,#183,.F.);
#183 = EDGE_CURVE('',#184,#158,#186,.T.);
#184 = VERTEX_POINT('',#185);
#185 = CARTESIAN_POINT('',(12.2,1.8,14.));
#186 = LINE('',#187,#188);
#187 = CARTESIAN_POINT('',(12.2,1.8,7.));
#188 = VECTOR('',#189,1.);
#189 = DIRECTION('',(-0.,0.,-1.));
#190 = ORIENTED_EDGE('',*,*,#191,.F.);
#191 = EDGE_CURVE('',#40,#184,#192,.T.);
#192 = LINE('',#193,#194);
#193 = CARTESIAN_POINT('',(12.2,14.5,14.));
#194 = VECTOR('',#195,1.);
#195 = DIRECTION('',(-0.,1.,0.));
#196 = PLANE('',#197);
#197 = AXIS2_PLACEMENT_3D('',#198,#199,#200);
#198 = CARTESIAN_POINT('',(12.2,-1.,12.2));
#199 = DIRECTION('',(1.,0.,-0.));
#200 = DIRECTION('',(0.,0.,1.));
#201 = ADVANCED_FACE('',(#202),#229,.T.);
#202 = FACE_BOUND('',#203,.F.);
#203 = EDGE_LOOP('',(#204,#214,#221,#222));
#204 = ORIENTED_EDGE('',*,*,#205,.T.);
#205 = EDGE_CURVE('',#206,#208,#210,.T.);
#206 = VERTEX_POINT('',#207);
#207 = CARTESIAN_POINT('',(4.440892098501E-16,8.,0.));
#208 = VERTEX_POINT('',#209);
#209 = CARTESIAN_POINT('',(4.440892098501E-16,8.,14.));
#210 = LINE('',#211,#212);
#211 = CARTESIAN_POINT('',(4.440892098501E-16,8.,0.));
#212 = VECTOR('',#213,1.);
#213 = DIRECTION('',(0.,0.,1.));
#214 = ORIENTED_EDGE('',*,*,#215,.T.);
#215 = EDGE_CURVE('',#208,#32,#216,.T.);
#216 = CIRCLE('',#217,8.);
#217 = AXIS2_PLACEMENT_3D('',#218,#219,#220);
#218 = CARTESIAN_POINT('',(8.,8.,14.));
#219 = DIRECTION('',(0.,0.,1.));
#220 = DIRECTION('',(-1.,2.22044604925E-16,0.));
#221 = ORIENTED_EDGE('',*,*,#31,.F.);
#222 = ORIENTED_EDGE('',*,*,#223,.F.);
#223 = EDGE_CURVE('',#206,#22,#224,.T.);
#224 = CIRCLE('',#225,8.);
#225 = AXIS2_PLACEMENT_3D('',#226,#227,#228);
#226 = CARTESIAN_POINT('',(8.,8.,0.));
#227 = DIRECTION('',(0.,0.,1.));
#228 = DIRECTION('',(-1.,2.22044604925E-16,0.));
#229 = CYLINDRICAL_SURFACE('',#230,8.);
#230 = AXIS2_PLACEMENT_3D('',#231,#232,#233);
#231 = CARTESIAN_POINT('',(8.,8.,0.));
#232 = DIRECTION('',(-0.,-0.,-1.));
#233 = DIRECTION('',(-1.,2.22044604925E-16,0.));
#234 = ADVANCED_FACE('',(#235),#292,.F.);
#235 = FACE_BOUND('',#236,.F.);
#236 = EDGE_LOOP('',(#237,#245,#253,#261,#269,#277,#285,#291));
#237 = ORIENTED_EDGE('',*,*,#238,.F.);
#238 = EDGE_CURVE('',#239,#206,#241,.T.);
#239 = VERTEX_POINT('',#240);
#240 = CARTESIAN_POINT('',(8.881784197001E-16,52.,0.));
#241 = LINE('',#242,#243);
#242 = CARTESIAN_POINT('',(0.,52.,0.));
#243 = VECTOR('',#244,1.);
#244 = DIRECTION('',(0.,-1.,0.));
#245 = ORIENTED_EDGE('',*,*,#246,.T.);
#246 = EDGE_CURVE('',#239,#247,#249,.T.);
#247 = VERTEX_POINT('',#248);
#248 = CARTESIAN_POINT('',(8.881784197001E-16,52.,1.2));
#249 = LINE('',#250,#251);
#250 = CARTESIAN_POINT('',(8.881784197001E-16,52.,0.));
#251 = VECTOR('',#252,1.);
#252 = DIRECTION('',(0.,0.,1.));
#253 = ORIENTED_EDGE('',*,*,#254,.F.);
#254 = EDGE_CURVE('',#255,#247,#257,.T.);
#255 = VERTEX_POINT('',#256);
#256 = CARTESIAN_POINT('',(0.,11.8,1.2));
#257 = LINE('',#258,#259);
#258 = CARTESIAN_POINT('',(0.,31.9,1.2));
#259 = VECTOR('',#260,1.);
#260 = DIRECTION('',(0.,1.,0.));
#261 = ORIENTED_EDGE('',*,*,#262,.F.);
#262 = EDGE_CURVE('',#263,#255,#265,.T.);
#263 = VERTEX_POINT('',#264);
#264 = CARTESIAN_POINT('',(0.,11.8,2.8));
#265 = LINE('',#266,#267);
#266 = CARTESIAN_POINT('',(0.,11.8,0.959099025767));
#267 = VECTOR('',#268,1.);
#268 = DIRECTION('',(-0.,0.,-1.));
#269 = ORIENTED_EDGE('',*,*,#270,.F.);
#270 = EDGE_CURVE('',#271,#263,#273,.T.);
#271 = VERTEX_POINT('',#272);
#272 = CARTESIAN_POINT('',(8.881784197001E-16,52.,2.8));
#273 = LINE('',#274,#275);
#274 = CARTESIAN_POINT('',(0.,31.9,2.8));
#275 = VECTOR('',#276,1.);
#276 = DIRECTION('',(0.,-1.,-0.));
#277 = ORIENTED_EDGE('',*,*,#278,.T.);
#278 = EDGE_CURVE('',#271,#279,#281,.T.);
#279 = VERTEX_POINT('',#280);
#280 = CARTESIAN_POINT('',(8.881784197001E-16,52.,14.));
#281 = LINE('',#282,#283);
#282 = CARTESIAN_POINT('',(8.881784197001E-16,52.,0.));
#283 = VECTOR('',#284,1.);
#284 = DIRECTION('',(0.,0.,1.));
#285 = ORIENTED_EDGE('',*,*,#286,.T.);
#286 = EDGE_CURVE('',#279,#208,#287,.T.);
#287 = LINE('',#288,#289);
#288 = CARTESIAN_POINT('',(0.,52.,14.));
#289 = VECTOR('',#290,1.);
#290 = DIRECTION('',(0.,-1.,0.));
#291 = ORIENTED_EDGE('',*,*,#205,.F.);
#292 = PLANE('',#293);
#293 = AXIS2_PLACEMENT_3D('',#294,#295,#296);
#294 = CARTESIAN_POINT('',(0.,52.,0.));
#295 = DIRECTION('',(1.,0.,-0.));
#296 = DIRECTION('',(0.,-1.,0.));
#297 = ADVANCED_FACE('',(#298),#384,.T.);
#298 = FACE_BOUND('',#299,.F.);
#299 = EDGE_LOOP('',(#300,#311,#319,#326,#327,#336,#344,#351,#352,#361,
    #369,#378));
#300 = ORIENTED_EDGE('',*,*,#301,.F.);
#301 = EDGE_CURVE('',#302,#304,#306,.T.);
#302 = VERTEX_POINT('',#303);
#303 = CARTESIAN_POINT('',(8.,60.,0.));
#304 = VERTEX_POINT('',#305);
#305 = CARTESIAN_POINT('',(5.1,59.455870170543,0.));
#306 = CIRCLE('',#307,8.);
#307 = AXIS2_PLACEMENT_3D('',#308,#309,#310);
#308 = CARTESIAN_POINT('',(8.,52.,0.));
#309 = DIRECTION('',(0.,0.,1.));
#310 = DIRECTION('',(6.661338147751E-16,1.,-0.));
#311 = ORIENTED_EDGE('',*,*,#312,.T.);
#312 = EDGE_CURVE('',#302,#313,#315,.T.);
#313 = VERTEX_POINT('',#314);
#314 = CARTESIAN_POINT('',(8.,60.,14.));
#315 = LINE('',#316,#317);
#316 = CARTESIAN_POINT('',(8.,60.,0.));
#317 = VECTOR('',#318,1.);
#318 = DIRECTION('',(0.,0.,1.));
#319 = ORIENTED_EDGE('',*,*,#320,.T.);
#320 = EDGE_CURVE('',#313,#279,#321,.T.);
#321 = CIRCLE('',#322,8.);
#322 = AXIS2_PLACEMENT_3D('',#323,#324,#325);
#323 = CARTESIAN_POINT('',(8.,52.,14.));
#324 = DIRECTION('',(0.,0.,1.));
#325 = DIRECTION('',(6.661338147751E-16,1.,-0.));
#326 = ORIENTED_EDGE('',*,*,#278,.F.);
#327 = ORIENTED_EDGE('',*,*,#328,.F.);
#328 = EDGE_CURVE('',#329,#271,#331,.T.);
#329 = VERTEX_POINT('',#330);
#330 = CARTESIAN_POINT('',(0.8,55.487119154832,2.));
#331 = ELLIPSE('',#332,11.313708498985,8.);
#332 = AXIS2_PLACEMENT_3D('',#333,#334,#335);
#333 = CARTESIAN_POINT('',(8.,52.,-5.2));
#334 = DIRECTION('',(0.707106781187,-0.,0.707106781187));
#335 = DIRECTION('',(0.707106781187,-0.,-0.707106781187));
#336 = ORIENTED_EDGE('',*,*,#337,.T.);
#337 = EDGE_CURVE('',#329,#338,#340,.T.);
#338 = VERTEX_POINT('',#339);
#339 = CARTESIAN_POINT('',(0.8,55.487119154832,1.2));
#340 = LINE('',#341,#342);
#341 = CARTESIAN_POINT('',(0.8,55.487119154833,0.));
#342 = VECTOR('',#343,1.);
#343 = DIRECTION('',(-0.,-0.,-1.));
#344 = ORIENTED_EDGE('',*,*,#345,.F.);
#345 = EDGE_CURVE('',#247,#338,#346,.T.);
#346 = CIRCLE('',#347,8.);
#347 = AXIS2_PLACEMENT_3D('',#348,#349,#350);
#348 = CARTESIAN_POINT('',(8.,52.,1.2));
#349 = DIRECTION('',(0.,-0.,-1.));
#350 = DIRECTION('',(6.661338147751E-16,1.,-0.));
#351 = ORIENTED_EDGE('',*,*,#246,.F.);
#352 = ORIENTED_EDGE('',*,*,#353,.F.);
#353 = EDGE_CURVE('',#354,#239,#356,.T.);
#354 = VERTEX_POINT('',#355);
#355 = CARTESIAN_POINT('',(1.9,57.175905717843,0.));
#356 = CIRCLE('',#357,8.);
#357 = AXIS2_PLACEMENT_3D('',#358,#359,#360);
#358 = CARTESIAN_POINT('',(8.,52.,0.));
#359 = DIRECTION('',(0.,0.,1.));
#360 = DIRECTION('',(6.661338147751E-16,1.,-0.));
#361 = ORIENTED_EDGE('',*,*,#362,.F.);
#362 = EDGE_CURVE('',#363,#354,#365,.T.);
#363 = VERTEX_POINT('',#364);
#364 = CARTESIAN_POINT('',(1.9,57.175905717843,1.));
#365 = LINE('',#366,#367);
#366 = CARTESIAN_POINT('',(1.9,57.175905717843,0.));
#367 = VECTOR('',#368,1.);
#368 = DIRECTION('',(-0.,-0.,-1.));
#369 = ORIENTED_EDGE('',*,*,#370,.T.);
#370 = EDGE_CURVE('',#363,#371,#373,.T.);
#371 = VERTEX_POINT('',#372);
#372 = CARTESIAN_POINT('',(5.1,59.455870170543,1.));
#373 = CIRCLE('',#374,8.);
#374 = AXIS2_PLACEMENT_3D('',#375,#376,#377);
#375 = CARTESIAN_POINT('',(8.,52.,1.));
#376 = DIRECTION('',(0.,-0.,-1.));
#377 = DIRECTION('',(6.661338147751E-16,1.,-0.));
#378 = ORIENTED_EDGE('',*,*,#379,.T.);
#379 = EDGE_CURVE('',#371,#304,#380,.T.);
#380 = LINE('',#381,#382);
#381 = CARTESIAN_POINT('',(5.1,59.455870170543,0.));
#382 = VECTOR('',#383,1.);
#383 = DIRECTION('',(-0.,-0.,-1.));
#384 = CYLINDRICAL_SURFACE('',#385,8.);
#385 = AXIS2_PLACEMENT_3D('',#386,#387,#388);
#386 = CARTESIAN_POINT('',(8.,52.,0.));
#387 = DIRECTION('',(-0.,-0.,-1.));
#388 = DIRECTION('',(6.661338147751E-16,1.,-0.));
#389 = ADVANCED_FACE('',(#390),#415,.T.);
#390 = FACE_BOUND('',#391,.T.);
#391 = EDGE_LOOP('',(#392,#402,#408,#409));
#392 = ORIENTED_EDGE('',*,*,#393,.F.);
#393 = EDGE_CURVE('',#394,#396,#398,.T.);
#394 = VERTEX_POINT('',#395);
#395 = CARTESIAN_POINT('',(1.9,46.,0.));
#396 = VERTEX_POINT('',#397);
#397 = CARTESIAN_POINT('',(1.9,46.,1.));
#398 = LINE('',#399,#400);
#399 = CARTESIAN_POINT('',(1.9,46.,-0.1));
#400 = VECTOR('',#401,1.);
#401 = DIRECTION('',(0.,0.,1.));
#402 = ORIENTED_EDGE('',*,*,#403,.T.);
#403 = EDGE_CURVE('',#394,#354,#404,.T.);
#404 = LINE('',#405,#406);
#405 = CARTESIAN_POINT('',(1.9,38.,0.));
#406 = VECTOR('',#407,1.);
#407 = DIRECTION('',(-0.,1.,0.));
#408 = ORIENTED_EDGE('',*,*,#362,.F.);
#409 = ORIENTED_EDGE('',*,*,#410,.F.);
#410 = EDGE_CURVE('',#396,#363,#411,.T.);
#411 = LINE('',#412,#413);
#412 = CARTESIAN_POINT('',(1.9,46.,1.));
#413 = VECTOR('',#414,1.);
#414 = DIRECTION('',(-0.,1.,0.));
#415 = PLANE('',#416);
#416 = AXIS2_PLACEMENT_3D('',#417,#418,#419);
#417 = CARTESIAN_POINT('',(1.9,46.,-0.1));
#418 = DIRECTION('',(1.,0.,-0.));
#419 = DIRECTION('',(0.,0.,1.));
#420 = ADVANCED_FACE('',(#421),#446,.T.);
#421 = FACE_BOUND('',#422,.T.);
#422 = EDGE_LOOP('',(#423,#433,#439,#440));
#423 = ORIENTED_EDGE('',*,*,#424,.F.);
#424 = EDGE_CURVE('',#425,#427,#429,.T.);
#425 = VERTEX_POINT('',#426);
#426 = CARTESIAN_POINT('',(5.1,46.,0.));
#427 = VERTEX_POINT('',#428);
#428 = CARTESIAN_POINT('',(5.1,46.,1.));
#429 = LINE('',#430,#431);
#430 = CARTESIAN_POINT('',(5.1,46.,-0.1));
#431 = VECTOR('',#432,1.);
#432 = DIRECTION('',(0.,0.,1.));
#433 = ORIENTED_EDGE('',*,*,#434,.T.);
#434 = EDGE_CURVE('',#425,#394,#435,.T.);
#435 = LINE('',#436,#437);
#436 = CARTESIAN_POINT('',(11.45,46.,0.));
#437 = VECTOR('',#438,1.);
#438 = DIRECTION('',(-1.,-0.,0.));
#439 = ORIENTED_EDGE('',*,*,#393,.T.);
#440 = ORIENTED_EDGE('',*,*,#441,.T.);
#441 = EDGE_CURVE('',#396,#427,#442,.T.);
#442 = LINE('',#443,#444);
#443 = CARTESIAN_POINT('',(1.9,46.,1.));
#444 = VECTOR('',#445,1.);
#445 = DIRECTION('',(1.,0.,-0.));
#446 = PLANE('',#447);
#447 = AXIS2_PLACEMENT_3D('',#448,#449,#450);
#448 = CARTESIAN_POINT('',(1.9,46.,-0.1));
#449 = DIRECTION('',(-0.,1.,0.));
#450 = DIRECTION('',(0.,0.,1.));
#451 = ADVANCED_FACE('',(#452),#468,.F.);
#452 = FACE_BOUND('',#453,.F.);
#453 = EDGE_LOOP('',(#454,#455,#461,#462));
#454 = ORIENTED_EDGE('',*,*,#424,.F.);
#455 = ORIENTED_EDGE('',*,*,#456,.T.);
#456 = EDGE_CURVE('',#425,#304,#457,.T.);
#457 = LINE('',#458,#459);
#458 = CARTESIAN_POINT('',(5.1,38.,0.));
#459 = VECTOR('',#460,1.);
#460 = DIRECTION('',(-0.,1.,0.));
#461 = ORIENTED_EDGE('',*,*,#379,.F.);
#462 = ORIENTED_EDGE('',*,*,#463,.F.);
#463 = EDGE_CURVE('',#427,#371,#464,.T.);
#464 = LINE('',#465,#466);
#465 = CARTESIAN_POINT('',(5.1,46.,1.));
#466 = VECTOR('',#467,1.);
#467 = DIRECTION('',(-0.,1.,0.));
#468 = PLANE('',#469);
#469 = AXIS2_PLACEMENT_3D('',#470,#471,#472);
#470 = CARTESIAN_POINT('',(5.1,46.,-0.1));
#471 = DIRECTION('',(1.,0.,-0.));
#472 = DIRECTION('',(0.,0.,1.));
#473 = ADVANCED_FACE('',(#474),#499,.F.);
#474 = FACE_BOUND('',#475,.F.);
#475 = EDGE_LOOP('',(#476,#486,#492,#493));
#476 = ORIENTED_EDGE('',*,*,#477,.T.);
#477 = EDGE_CURVE('',#478,#480,#482,.T.);
#478 = VERTEX_POINT('',#479);
#479 = CARTESIAN_POINT('',(34.,60.,0.));
#480 = VERTEX_POINT('',#481);
#481 = CARTESIAN_POINT('',(34.,60.,14.));
#482 = LINE('',#483,#484);
#483 = CARTESIAN_POINT('',(34.,60.,0.));
#484 = VECTOR('',#485,1.);
#485 = DIRECTION('',(0.,0.,1.));
#486 = ORIENTED_EDGE('',*,*,#487,.T.);
#487 = EDGE_CURVE('',#480,#313,#488,.T.);
#488 = LINE('',#489,#490);
#489 = CARTESIAN_POINT('',(34.,60.,14.));
#490 = VECTOR('',#491,1.);
#491 = DIRECTION('',(-1.,0.,0.));
#492 = ORIENTED_EDGE('',*,*,#312,.F.);
#493 = ORIENTED_EDGE('',*,*,#494,.F.);
#494 = EDGE_CURVE('',#478,#302,#495,.T.);
#495 = LINE('',#496,#497);
#496 = CARTESIAN_POINT('',(34.,60.,0.));
#497 = VECTOR('',#498,1.);
#498 = DIRECTION('',(-1.,0.,0.));
#499 = PLANE('',#500);
#500 = AXIS2_PLACEMENT_3D('',#501,#502,#503);
#501 = CARTESIAN_POINT('',(34.,60.,0.));
#502 = DIRECTION('',(0.,-1.,0.));
#503 = DIRECTION('',(-1.,0.,0.));
#504 = ADVANCED_FACE('',(#505),#566,.T.);
#505 = FACE_BOUND('',#506,.F.);
#506 = EDGE_LOOP('',(#507,#516,#524,#533,#541,#550,#558,#565));
#507 = ORIENTED_EDGE('',*,*,#508,.F.);
#508 = EDGE_CURVE('',#509,#478,#511,.T.);
#509 = VERTEX_POINT('',#510);
#510 = CARTESIAN_POINT('',(42.,52.,0.));
#511 = CIRCLE('',#512,8.);
#512 = AXIS2_PLACEMENT_3D('',#513,#514,#515);
#513 = CARTESIAN_POINT('',(34.,52.,0.));
#514 = DIRECTION('',(0.,0.,1.));
#515 = DIRECTION('',(1.,-1.7763568394E-15,0.));
#516 = ORIENTED_EDGE('',*,*,#517,.T.);
#517 = EDGE_CURVE('',#509,#518,#520,.T.);
#518 = VERTEX_POINT('',#519);
#519 = CARTESIAN_POINT('',(42.,52.,1.2));
#520 = LINE('',#521,#522);
#521 = CARTESIAN_POINT('',(42.,52.,0.));
#522 = VECTOR('',#523,1.);
#523 = DIRECTION('',(0.,0.,1.));
#524 = ORIENTED_EDGE('',*,*,#525,.F.);
#525 = EDGE_CURVE('',#526,#518,#528,.T.);
#526 = VERTEX_POINT('',#527);
#527 = CARTESIAN_POINT('',(41.2,55.487119154833,1.2));
#528 = CIRCLE('',#529,8.);
#529 = AXIS2_PLACEMENT_3D('',#530,#531,#532);
#530 = CARTESIAN_POINT('',(34.,52.,1.2));
#531 = DIRECTION('',(0.,-0.,-1.));
#532 = DIRECTION('',(1.,-1.7763568394E-15,0.));
#533 = ORIENTED_EDGE('',*,*,#534,.F.);
#534 = EDGE_CURVE('',#535,#526,#537,.T.);
#535 = VERTEX_POINT('',#536);
#536 = CARTESIAN_POINT('',(41.2,55.487119154833,2.));
#537 = LINE('',#538,#539);
#538 = CARTESIAN_POINT('',(41.2,55.487119154833,0.));
#539 = VECTOR('',#540,1.);
#540 = DIRECTION('',(-0.,-0.,-1.));
#541 = ORIENTED_EDGE('',*,*,#542,.F.);
#542 = EDGE_CURVE('',#543,#535,#545,.T.);
#543 = VERTEX_POINT('',#544);
#544 = CARTESIAN_POINT('',(42.,52.,2.8));
#545 = ELLIPSE('',#546,11.313708498985,8.);
#546 = AXIS2_PLACEMENT_3D('',#547,#548,#549);
#547 = CARTESIAN_POINT('',(34.,52.,-5.2));
#548 = DIRECTION('',(-0.707106781187,0.,0.707106781187));
#549 = DIRECTION('',(-0.707106781187,0.,-0.707106781187));
#550 = ORIENTED_EDGE('',*,*,#551,.T.);
#551 = EDGE_CURVE('',#543,#552,#554,.T.);
#552 = VERTEX_POINT('',#553);
#553 = CARTESIAN_POINT('',(42.,52.,14.));
#554 = LINE('',#555,#556);
#555 = CARTESIAN_POINT('',(42.,52.,0.));
#556 = VECTOR('',#557,1.);
#557 = DIRECTION('',(0.,0.,1.));
#558 = ORIENTED_EDGE('',*,*,#559,.T.);
#559 = EDGE_CURVE('',#552,#480,#560,.T.);
#560 = CIRCLE('',#561,8.);
#561 = AXIS2_PLACEMENT_3D('',#562,#563,#564);
#562 = CARTESIAN_POINT('',(34.,52.,14.));
#563 = DIRECTION('',(0.,0.,1.));
#564 = DIRECTION('',(1.,-1.7763568394E-15,0.));
#565 = ORIENTED_EDGE('',*,*,#477,.F.);
#566 = CYLINDRICAL_SURFACE('',#567,8.);
#567 = AXIS2_PLACEMENT_3D('',#568,#569,#570);
#568 = CARTESIAN_POINT('',(34.,52.,0.));
#569 = DIRECTION('',(-0.,-0.,-1.));
#570 = DIRECTION('',(1.,-1.7763568394E-15,0.));
#571 = ADVANCED_FACE('',(#572),#611,.F.);
#572 = FACE_BOUND('',#573,.F.);
#573 = EDGE_LOOP('',(#574,#580,#581,#587,#588,#596,#604,#610));
#574 = ORIENTED_EDGE('',*,*,#575,.F.);
#575 = EDGE_CURVE('',#104,#509,#576,.T.);
#576 = LINE('',#577,#578);
#577 = CARTESIAN_POINT('',(42.,8.,0.));
#578 = VECTOR('',#579,1.);
#579 = DIRECTION('',(0.,1.,0.));
#580 = ORIENTED_EDGE('',*,*,#103,.T.);
#581 = ORIENTED_EDGE('',*,*,#582,.T.);
#582 = EDGE_CURVE('',#95,#552,#583,.T.);
#583 = LINE('',#584,#585);
#584 = CARTESIAN_POINT('',(42.,8.,14.));
#585 = VECTOR('',#586,1.);
#586 = DIRECTION('',(0.,1.,0.));
#587 = ORIENTED_EDGE('',*,*,#551,.F.);
#588 = ORIENTED_EDGE('',*,*,#589,.F.);
#589 = EDGE_CURVE('',#590,#543,#592,.T.);
#590 = VERTEX_POINT('',#591);
#591 = CARTESIAN_POINT('',(42.,11.8,2.8));
#592 = LINE('',#593,#594);
#593 = CARTESIAN_POINT('',(42.,9.9,2.8));
#594 = VECTOR('',#595,1.);
#595 = DIRECTION('',(0.,1.,0.));
#596 = ORIENTED_EDGE('',*,*,#597,.F.);
#597 = EDGE_CURVE('',#598,#590,#600,.T.);
#598 = VERTEX_POINT('',#599);
#599 = CARTESIAN_POINT('',(42.,11.8,1.2));
#600 = LINE('',#601,#602);
#601 = CARTESIAN_POINT('',(42.,11.8,0.959099025767));
#602 = VECTOR('',#603,1.);
#603 = DIRECTION('',(0.,-0.,1.));
#604 = ORIENTED_EDGE('',*,*,#605,.F.);
#605 = EDGE_CURVE('',#518,#598,#606,.T.);
#606 = LINE('',#607,#608);
#607 = CARTESIAN_POINT('',(42.,9.9,1.2));
#608 = VECTOR('',#609,1.);
#609 = DIRECTION('',(-0.,-1.,-0.));
#610 = ORIENTED_EDGE('',*,*,#517,.F.);
#611 = PLANE('',#612);
#612 = AXIS2_PLACEMENT_3D('',#613,#614,#615);
#613 = CARTESIAN_POINT('',(42.,8.,0.));
#614 = DIRECTION('',(-1.,0.,0.));
#615 = DIRECTION('',(0.,1.,0.));
#616 = ADVANCED_FACE('',(#617),#724,.T.);
#617 = FACE_BOUND('',#618,.T.);
#618 = EDGE_LOOP('',(#619,#629,#637,#645,#653,#661,#669,#675,#676,#677,
    #678,#686,#694,#702,#710,#718));
#619 = ORIENTED_EDGE('',*,*,#620,.F.);
#620 = EDGE_CURVE('',#621,#623,#625,.T.);
#621 = VERTEX_POINT('',#622);
#622 = CARTESIAN_POINT('',(8.,1.8,1.8));
#623 = VERTEX_POINT('',#624);
#624 = CARTESIAN_POINT('',(34.,1.8,1.8));
#625 = LINE('',#626,#627);
#626 = CARTESIAN_POINT('',(8.,1.8,1.8));
#627 = VECTOR('',#628,1.);
#628 = DIRECTION('',(1.,0.,0.));
#629 = ORIENTED_EDGE('',*,*,#630,.T.);
#630 = EDGE_CURVE('',#621,#631,#633,.T.);
#631 = VERTEX_POINT('',#632);
#632 = CARTESIAN_POINT('',(8.,1.8,10.8));
#633 = LINE('',#634,#635);
#634 = CARTESIAN_POINT('',(8.,1.8,1.8));
#635 = VECTOR('',#636,1.);
#636 = DIRECTION('',(0.,0.,1.));
#637 = ORIENTED_EDGE('',*,*,#638,.T.);
#638 = EDGE_CURVE('',#631,#639,#641,.T.);
#639 = VERTEX_POINT('',#640);
#640 = CARTESIAN_POINT('',(12.,1.8,10.8));
#641 = LINE('',#642,#643);
#642 = CARTESIAN_POINT('',(7.,1.8,10.8));
#643 = VECTOR('',#644,1.);
#644 = DIRECTION('',(1.,0.,-0.));
#645 = ORIENTED_EDGE('',*,*,#646,.T.);
#646 = EDGE_CURVE('',#639,#647,#649,.T.);
#647 = VERTEX_POINT('',#648);
#648 = CARTESIAN_POINT('',(12.,1.8,11.8));
#649 = LINE('',#650,#651);
#650 = CARTESIAN_POINT('',(12.,1.8,10.8));
#651 = VECTOR('',#652,1.);
#652 = DIRECTION('',(0.,0.,1.));
#653 = ORIENTED_EDGE('',*,*,#654,.F.);
#654 = EDGE_CURVE('',#655,#647,#657,.T.);
#655 = VERTEX_POINT('',#656);
#656 = CARTESIAN_POINT('',(8.,1.8,11.8));
#657 = LINE('',#658,#659);
#658 = CARTESIAN_POINT('',(7.,1.8,11.8));
#659 = VECTOR('',#660,1.);
#660 = DIRECTION('',(1.,0.,-0.));
#661 = ORIENTED_EDGE('',*,*,#662,.T.);
#662 = EDGE_CURVE('',#655,#663,#665,.T.);
#663 = VERTEX_POINT('',#664);
#664 = CARTESIAN_POINT('',(8.,1.8,14.));
#665 = LINE('',#666,#667);
#666 = CARTESIAN_POINT('',(8.,1.8,1.8));
#667 = VECTOR('',#668,1.);
#668 = DIRECTION('',(0.,0.,1.));
#669 = ORIENTED_EDGE('',*,*,#670,.F.);
#670 = EDGE_CURVE('',#184,#663,#671,.T.);
#671 = LINE('',#672,#673);
#672 = CARTESIAN_POINT('',(14.5,1.8,14.));
#673 = VECTOR('',#674,1.);
#674 = DIRECTION('',(-1.,0.,0.));
#675 = ORIENTED_EDGE('',*,*,#183,.T.);
#676 = ORIENTED_EDGE('',*,*,#167,.T.);
#677 = ORIENTED_EDGE('',*,*,#135,.F.);
#678 = ORIENTED_EDGE('',*,*,#679,.F.);
#679 = EDGE_CURVE('',#680,#136,#682,.T.);
#680 = VERTEX_POINT('',#681);
#681 = CARTESIAN_POINT('',(34.,1.8,14.));
#682 = LINE('',#683,#684);
#683 = CARTESIAN_POINT('',(14.5,1.8,14.));
#684 = VECTOR('',#685,1.);
#685 = DIRECTION('',(-1.,0.,0.));
#686 = ORIENTED_EDGE('',*,*,#687,.F.);
#687 = EDGE_CURVE('',#688,#680,#690,.T.);
#688 = VERTEX_POINT('',#689);
#689 = CARTESIAN_POINT('',(34.,1.8,11.8));
#690 = LINE('',#691,#692);
#691 = CARTESIAN_POINT('',(34.,1.8,1.8));
#692 = VECTOR('',#693,1.);
#693 = DIRECTION('',(0.,0.,1.));
#694 = ORIENTED_EDGE('',*,*,#695,.F.);
#695 = EDGE_CURVE('',#696,#688,#698,.T.);
#696 = VERTEX_POINT('',#697);
#697 = CARTESIAN_POINT('',(30.,1.8,11.8));
#698 = LINE('',#699,#700);
#699 = CARTESIAN_POINT('',(30.,1.8,11.8));
#700 = VECTOR('',#701,1.);
#701 = DIRECTION('',(1.,0.,-0.));
#702 = ORIENTED_EDGE('',*,*,#703,.F.);
#703 = EDGE_CURVE('',#704,#696,#706,.T.);
#704 = VERTEX_POINT('',#705);
#705 = CARTESIAN_POINT('',(30.,1.8,10.8));
#706 = LINE('',#707,#708);
#707 = CARTESIAN_POINT('',(30.,1.8,10.8));
#708 = VECTOR('',#709,1.);
#709 = DIRECTION('',(0.,0.,1.));
#710 = ORIENTED_EDGE('',*,*,#711,.T.);
#711 = EDGE_CURVE('',#704,#712,#714,.T.);
#712 = VERTEX_POINT('',#713);
#713 = CARTESIAN_POINT('',(34.,1.8,10.8));
#714 = LINE('',#715,#716);
#715 = CARTESIAN_POINT('',(30.,1.8,10.8));
#716 = VECTOR('',#717,1.);
#717 = DIRECTION('',(1.,0.,-0.));
#718 = ORIENTED_EDGE('',*,*,#719,.F.);
#719 = EDGE_CURVE('',#623,#712,#720,.T.);
#720 = LINE('',#721,#722);
#721 = CARTESIAN_POINT('',(34.,1.8,1.8));
#722 = VECTOR('',#723,1.);
#723 = DIRECTION('',(0.,0.,1.));
#724 = PLANE('',#725);
#725 = AXIS2_PLACEMENT_3D('',#726,#727,#728);
#726 = CARTESIAN_POINT('',(8.,1.8,1.8));
#727 = DIRECTION('',(0.,1.,0.));
#728 = DIRECTION('',(1.,0.,0.));
#729 = ADVANCED_FACE('',(#730),#782,.F.);
#730 = FACE_BOUND('',#731,.T.);
#731 = EDGE_LOOP('',(#732,#741,#742,#751,#759,#766,#767,#776));
#732 = ORIENTED_EDGE('',*,*,#733,.F.);
#733 = EDGE_CURVE('',#623,#734,#736,.T.);
#734 = VERTEX_POINT('',#735);
#735 = CARTESIAN_POINT('',(40.142402614136,7.156856995606,1.8));
#736 = CIRCLE('',#737,6.2);
#737 = AXIS2_PLACEMENT_3D('',#738,#739,#740);
#738 = CARTESIAN_POINT('',(34.,8.,1.8));
#739 = DIRECTION('',(0.,0.,1.));
#740 = DIRECTION('',(1.146036670581E-15,-1.,0.));
#741 = ORIENTED_EDGE('',*,*,#719,.T.);
#742 = ORIENTED_EDGE('',*,*,#743,.F.);
#743 = EDGE_CURVE('',#744,#712,#746,.T.);
#744 = VERTEX_POINT('',#745);
#745 = CARTESIAN_POINT('',(35.,1.881176583689,10.8));
#746 = CIRCLE('',#747,6.2);
#747 = AXIS2_PLACEMENT_3D('',#748,#749,#750);
#748 = CARTESIAN_POINT('',(34.,8.,10.8));
#749 = DIRECTION('',(0.,-0.,-1.));
#750 = DIRECTION('',(1.146036670581E-15,-1.,0.));
#751 = ORIENTED_EDGE('',*,*,#752,.F.);
#752 = EDGE_CURVE('',#753,#744,#755,.T.);
#753 = VERTEX_POINT('',#754);
#754 = CARTESIAN_POINT('',(35.,1.881176583689,11.8));
#755 = LINE('',#756,#757);
#756 = CARTESIAN_POINT('',(35.,1.881176583689,1.8));
#757 = VECTOR('',#758,1.);
#758 = DIRECTION('',(-0.,-0.,-1.));
#759 = ORIENTED_EDGE('',*,*,#760,.T.);
#760 = EDGE_CURVE('',#753,#688,#761,.T.);
#761 = CIRCLE('',#762,6.2);
#762 = AXIS2_PLACEMENT_3D('',#763,#764,#765);
#763 = CARTESIAN_POINT('',(34.,8.,11.8));
#764 = DIRECTION('',(0.,-0.,-1.));
#765 = DIRECTION('',(1.146036670581E-15,-1.,0.));
#766 = ORIENTED_EDGE('',*,*,#687,.T.);
#767 = ORIENTED_EDGE('',*,*,#768,.F.);
#768 = EDGE_CURVE('',#769,#680,#771,.T.);
#769 = VERTEX_POINT('',#770);
#770 = CARTESIAN_POINT('',(40.142402614136,7.156856995606,14.));
#771 = CIRCLE('',#772,6.2);
#772 = AXIS2_PLACEMENT_3D('',#773,#774,#775);
#773 = CARTESIAN_POINT('',(34.,8.,14.));
#774 = DIRECTION('',(0.,-0.,-1.));
#775 = DIRECTION('',(1.146036670581E-15,-1.,0.));
#776 = ORIENTED_EDGE('',*,*,#777,.T.);
#777 = EDGE_CURVE('',#769,#734,#778,.T.);
#778 = LINE('',#779,#780);
#779 = CARTESIAN_POINT('',(40.142402614136,7.156856995606,1.8));
#780 = VECTOR('',#781,1.);
#781 = DIRECTION('',(-0.,-0.,-1.));
#782 = CYLINDRICAL_SURFACE('',#783,6.2);
#783 = AXIS2_PLACEMENT_3D('',#784,#785,#786);
#784 = CARTESIAN_POINT('',(34.,8.,1.8));
#785 = DIRECTION('',(-0.,-0.,-1.));
#786 = DIRECTION('',(1.146036670581E-15,-1.,0.));
#787 = ADVANCED_FACE('',(#788),#840,.F.);
#788 = FACE_BOUND('',#789,.T.);
#789 = EDGE_LOOP('',(#790,#799,#807,#814,#815,#824,#832,#839));
#790 = ORIENTED_EDGE('',*,*,#791,.F.);
#791 = EDGE_CURVE('',#792,#621,#794,.T.);
#792 = VERTEX_POINT('',#793);
#793 = CARTESIAN_POINT('',(1.857597385864,7.156856995606,1.8));
#794 = CIRCLE('',#795,6.2);
#795 = AXIS2_PLACEMENT_3D('',#796,#797,#798);
#796 = CARTESIAN_POINT('',(8.,8.,1.8));
#797 = DIRECTION('',(0.,0.,1.));
#798 = DIRECTION('',(-1.,0.,0.));
#799 = ORIENTED_EDGE('',*,*,#800,.F.);
#800 = EDGE_CURVE('',#801,#792,#803,.T.);
#801 = VERTEX_POINT('',#802);
#802 = CARTESIAN_POINT('',(1.857597385864,7.156856995606,14.));
#803 = LINE('',#804,#805);
#804 = CARTESIAN_POINT('',(1.857597385864,7.156856995606,1.8));
#805 = VECTOR('',#806,1.);
#806 = DIRECTION('',(-0.,-0.,-1.));
#807 = ORIENTED_EDGE('',*,*,#808,.F.);
#808 = EDGE_CURVE('',#663,#801,#809,.T.);
#809 = CIRCLE('',#810,6.2);
#810 = AXIS2_PLACEMENT_3D('',#811,#812,#813);
#811 = CARTESIAN_POINT('',(8.,8.,14.));
#812 = DIRECTION('',(-0.,0.,-1.));
#813 = DIRECTION('',(-1.,0.,0.));
#814 = ORIENTED_EDGE('',*,*,#662,.F.);
#815 = ORIENTED_EDGE('',*,*,#816,.T.);
#816 = EDGE_CURVE('',#655,#817,#819,.T.);
#817 = VERTEX_POINT('',#818);
#818 = CARTESIAN_POINT('',(7.,1.881176583689,11.8));
#819 = CIRCLE('',#820,6.2);
#820 = AXIS2_PLACEMENT_3D('',#821,#822,#823);
#821 = CARTESIAN_POINT('',(8.,8.,11.8));
#822 = DIRECTION('',(-0.,0.,-1.));
#823 = DIRECTION('',(-1.,0.,0.));
#824 = ORIENTED_EDGE('',*,*,#825,.T.);
#825 = EDGE_CURVE('',#817,#826,#828,.T.);
#826 = VERTEX_POINT('',#827);
#827 = CARTESIAN_POINT('',(7.,1.881176583689,10.8));
#828 = LINE('',#829,#830);
#829 = CARTESIAN_POINT('',(7.,1.881176583689,1.8));
#830 = VECTOR('',#831,1.);
#831 = DIRECTION('',(-0.,-0.,-1.));
#832 = ORIENTED_EDGE('',*,*,#833,.F.);
#833 = EDGE_CURVE('',#631,#826,#834,.T.);
#834 = CIRCLE('',#835,6.2);
#835 = AXIS2_PLACEMENT_3D('',#836,#837,#838);
#836 = CARTESIAN_POINT('',(8.,8.,10.8));
#837 = DIRECTION('',(-0.,0.,-1.));
#838 = DIRECTION('',(-1.,0.,0.));
#839 = ORIENTED_EDGE('',*,*,#630,.F.);
#840 = CYLINDRICAL_SURFACE('',#841,6.2);
#841 = AXIS2_PLACEMENT_3D('',#842,#843,#844);
#842 = CARTESIAN_POINT('',(8.,8.,1.8));
#843 = DIRECTION('',(-0.,-0.,-1.));
#844 = DIRECTION('',(-1.,0.,0.));
#845 = ADVANCED_FACE('',(#846),#864,.F.);
#846 = FACE_BOUND('',#847,.F.);
#847 = EDGE_LOOP('',(#848,#856,#862,#863));
#848 = ORIENTED_EDGE('',*,*,#849,.F.);
#849 = EDGE_CURVE('',#850,#263,#852,.T.);
#850 = VERTEX_POINT('',#851);
#851 = CARTESIAN_POINT('',(0.8,11.8,2.));
#852 = LINE('',#853,#854);
#853 = CARTESIAN_POINT('',(0.8,11.8,2.));
#854 = VECTOR('',#855,1.);
#855 = DIRECTION('',(-0.707106781187,0.,0.707106781187));
#856 = ORIENTED_EDGE('',*,*,#857,.T.);
#857 = EDGE_CURVE('',#850,#329,#858,.T.);
#858 = LINE('',#859,#860);
#859 = CARTESIAN_POINT('',(0.8,11.8,2.));
#860 = VECTOR('',#861,1.);
#861 = DIRECTION('',(0.,1.,0.));
#862 = ORIENTED_EDGE('',*,*,#328,.T.);
#863 = ORIENTED_EDGE('',*,*,#270,.T.);
#864 = PLANE('',#865);
#865 = AXIS2_PLACEMENT_3D('',#866,#867,#868);
#866 = CARTESIAN_POINT('',(0.8,11.8,2.));
#867 = DIRECTION('',(0.707106781187,-0.,0.707106781187));
#868 = DIRECTION('',(-0.707106781187,0.,0.707106781187));
#869 = ADVANCED_FACE('',(#870),#888,.F.);
#870 = FACE_BOUND('',#871,.F.);
#871 = EDGE_LOOP('',(#872,#873,#881,#887));
#872 = ORIENTED_EDGE('',*,*,#262,.T.);
#873 = ORIENTED_EDGE('',*,*,#874,.T.);
#874 = EDGE_CURVE('',#255,#875,#877,.T.);
#875 = VERTEX_POINT('',#876);
#876 = CARTESIAN_POINT('',(0.8,11.8,1.2));
#877 = LINE('',#878,#879);
#878 = CARTESIAN_POINT('',(-0.1,11.8,1.2));
#879 = VECTOR('',#880,1.);
#880 = DIRECTION('',(1.,0.,0.));
#881 = ORIENTED_EDGE('',*,*,#882,.T.);
#882 = EDGE_CURVE('',#875,#850,#883,.T.);
#883 = LINE('',#884,#885);
#884 = CARTESIAN_POINT('',(0.8,11.8,1.2));
#885 = VECTOR('',#886,1.);
#886 = DIRECTION('',(0.,0.,1.));
#887 = ORIENTED_EDGE('',*,*,#849,.T.);
#888 = PLANE('',#889);
#889 = AXIS2_PLACEMENT_3D('',#890,#891,#892);
#890 = CARTESIAN_POINT('',(0.263328052664,11.8,1.918198051534));
#891 = DIRECTION('',(-0.,-1.,-0.));
#892 = DIRECTION('',(0.,0.,-1.));
#893 = ADVANCED_FACE('',(#894),#905,.F.);
#894 = FACE_BOUND('',#895,.F.);
#895 = EDGE_LOOP('',(#896,#897,#898,#899));
#896 = ORIENTED_EDGE('',*,*,#874,.F.);
#897 = ORIENTED_EDGE('',*,*,#254,.T.);
#898 = ORIENTED_EDGE('',*,*,#345,.T.);
#899 = ORIENTED_EDGE('',*,*,#900,.F.);
#900 = EDGE_CURVE('',#875,#338,#901,.T.);
#901 = LINE('',#902,#903);
#902 = CARTESIAN_POINT('',(0.8,11.8,1.2));
#903 = VECTOR('',#904,1.);
#904 = DIRECTION('',(0.,1.,0.));
#905 = PLANE('',#906);
#906 = AXIS2_PLACEMENT_3D('',#907,#908,#909);
#907 = CARTESIAN_POINT('',(-0.1,11.8,1.2));
#908 = DIRECTION('',(0.,0.,-1.));
#909 = DIRECTION('',(1.,0.,0.));
#910 = ADVANCED_FACE('',(#911),#917,.F.);
#911 = FACE_BOUND('',#912,.F.);
#912 = EDGE_LOOP('',(#913,#914,#915,#916));
#913 = ORIENTED_EDGE('',*,*,#410,.F.);
#914 = ORIENTED_EDGE('',*,*,#441,.T.);
#915 = ORIENTED_EDGE('',*,*,#463,.T.);
#916 = ORIENTED_EDGE('',*,*,#370,.F.);
#917 = PLANE('',#918);
#918 = AXIS2_PLACEMENT_3D('',#919,#920,#921);
#919 = CARTESIAN_POINT('',(1.9,46.,1.));
#920 = DIRECTION('',(0.,0.,1.));
#921 = DIRECTION('',(1.,0.,-0.));
#922 = ADVANCED_FACE('',(#923),#929,.F.);
#923 = FACE_BOUND('',#924,.F.);
#924 = EDGE_LOOP('',(#925,#926,#927,#928));
#925 = ORIENTED_EDGE('',*,*,#882,.F.);
#926 = ORIENTED_EDGE('',*,*,#900,.T.);
#927 = ORIENTED_EDGE('',*,*,#337,.F.);
#928 = ORIENTED_EDGE('',*,*,#857,.F.);
#929 = PLANE('',#930);
#930 = AXIS2_PLACEMENT_3D('',#931,#932,#933);
#931 = CARTESIAN_POINT('',(0.8,11.8,1.2));
#932 = DIRECTION('',(1.,0.,0.));
#933 = DIRECTION('',(0.,0.,1.));
#934 = ADVANCED_FACE('',(#935),#953,.F.);
#935 = FACE_BOUND('',#936,.F.);
#936 = EDGE_LOOP('',(#937,#945,#946,#947));
#937 = ORIENTED_EDGE('',*,*,#938,.F.);
#938 = EDGE_CURVE('',#590,#939,#941,.T.);
#939 = VERTEX_POINT('',#940);
#940 = CARTESIAN_POINT('',(41.2,11.8,2.));
#941 = LINE('',#942,#943);
#942 = CARTESIAN_POINT('',(42.1,11.8,2.9));
#943 = VECTOR('',#944,1.);
#944 = DIRECTION('',(-0.707106781187,0.,-0.707106781187));
#945 = ORIENTED_EDGE('',*,*,#589,.T.);
#946 = ORIENTED_EDGE('',*,*,#542,.T.);
#947 = ORIENTED_EDGE('',*,*,#948,.F.);
#948 = EDGE_CURVE('',#939,#535,#949,.T.);
#949 = LINE('',#950,#951);
#950 = CARTESIAN_POINT('',(41.2,11.8,2.));
#951 = VECTOR('',#952,1.);
#952 = DIRECTION('',(0.,1.,0.));
#953 = PLANE('',#954);
#954 = AXIS2_PLACEMENT_3D('',#955,#956,#957);
#955 = CARTESIAN_POINT('',(42.1,11.8,2.9));
#956 = DIRECTION('',(-0.707106781187,0.,0.707106781187));
#957 = DIRECTION('',(-0.707106781187,0.,-0.707106781187));
#958 = ADVANCED_FACE('',(#959),#977,.F.);
#959 = FACE_BOUND('',#960,.F.);
#960 = EDGE_LOOP('',(#961,#969,#970,#971));
#961 = ORIENTED_EDGE('',*,*,#962,.F.);
#962 = EDGE_CURVE('',#939,#963,#965,.T.);
#963 = VERTEX_POINT('',#964);
#964 = CARTESIAN_POINT('',(41.2,11.8,1.2));
#965 = LINE('',#966,#967);
#966 = CARTESIAN_POINT('',(41.2,11.8,2.));
#967 = VECTOR('',#968,1.);
#968 = DIRECTION('',(0.,0.,-1.));
#969 = ORIENTED_EDGE('',*,*,#948,.T.);
#970 = ORIENTED_EDGE('',*,*,#534,.T.);
#971 = ORIENTED_EDGE('',*,*,#972,.F.);
#972 = EDGE_CURVE('',#963,#526,#973,.T.);
#973 = LINE('',#974,#975);
#974 = CARTESIAN_POINT('',(41.2,11.8,1.2));
#975 = VECTOR('',#976,1.);
#976 = DIRECTION('',(0.,1.,0.));
#977 = PLANE('',#978);
#978 = AXIS2_PLACEMENT_3D('',#979,#980,#981);
#979 = CARTESIAN_POINT('',(41.2,11.8,2.));
#980 = DIRECTION('',(-1.,0.,0.));
#981 = DIRECTION('',(0.,0.,-1.));
#982 = ADVANCED_FACE('',(#983),#994,.F.);
#983 = FACE_BOUND('',#984,.F.);
#984 = EDGE_LOOP('',(#985,#991,#992,#993));
#985 = ORIENTED_EDGE('',*,*,#986,.F.);
#986 = EDGE_CURVE('',#963,#598,#987,.T.);
#987 = LINE('',#988,#989);
#988 = CARTESIAN_POINT('',(41.2,11.8,1.2));
#989 = VECTOR('',#990,1.);
#990 = DIRECTION('',(1.,0.,0.));
#991 = ORIENTED_EDGE('',*,*,#972,.T.);
#992 = ORIENTED_EDGE('',*,*,#525,.T.);
#993 = ORIENTED_EDGE('',*,*,#605,.T.);
#994 = PLANE('',#995);
#995 = AXIS2_PLACEMENT_3D('',#996,#997,#998);
#996 = CARTESIAN_POINT('',(41.2,11.8,1.2));
#997 = DIRECTION('',(0.,0.,-1.));
#998 = DIRECTION('',(1.,0.,0.));
#999 = ADVANCED_FACE('',(#1000),#1006,.F.);
#1000 = FACE_BOUND('',#1001,.F.);
#1001 = EDGE_LOOP('',(#1002,#1003,#1004,#1005));
#1002 = ORIENTED_EDGE('',*,*,#597,.T.);
#1003 = ORIENTED_EDGE('',*,*,#938,.T.);
#1004 = ORIENTED_EDGE('',*,*,#962,.T.);
#1005 = ORIENTED_EDGE('',*,*,#986,.T.);
#1006 = PLANE('',#1007);
#1007 = AXIS2_PLACEMENT_3D('',#1008,#1009,#1010);
#1008 = CARTESIAN_POINT('',(41.736671947336,11.8,1.918198051534));
#1009 = DIRECTION('',(-0.,-1.,-0.));
#1010 = DIRECTION('',(0.,0.,-1.));
#1011 = ADVANCED_FACE('',(#1012),#1075,.T.);
#1012 = FACE_BOUND('',#1013,.T.);
#1013 = EDGE_LOOP('',(#1014,#1023,#1024,#1025,#1026,#1035,#1043,#1052,
    #1060,#1069));
#1014 = ORIENTED_EDGE('',*,*,#1015,.F.);
#1015 = EDGE_CURVE('',#792,#1016,#1018,.T.);
#1016 = VERTEX_POINT('',#1017);
#1017 = CARTESIAN_POINT('',(5.5,7.390946349359,1.8));
#1018 = CIRCLE('',#1019,2.2);
#1019 = AXIS2_PLACEMENT_3D('',#1020,#1021,#1022);
#1020 = CARTESIAN_POINT('',(3.6,8.5,1.8));
#1021 = DIRECTION('',(0.,0.,1.));
#1022 = DIRECTION('',(1.,0.,-0.));
#1023 = ORIENTED_EDGE('',*,*,#791,.T.);
#1024 = ORIENTED_EDGE('',*,*,#620,.T.);
#1025 = ORIENTED_EDGE('',*,*,#733,.T.);
#1026 = ORIENTED_EDGE('',*,*,#1027,.F.);
#1027 = EDGE_CURVE('',#1028,#734,#1030,.T.);
#1028 = VERTEX_POINT('',#1029);
#1029 = CARTESIAN_POINT('',(36.5,7.390946349359,1.8));
#1030 = CIRCLE('',#1031,2.2);
#1031 = AXIS2_PLACEMENT_3D('',#1032,#1033,#1034);
#1032 = CARTESIAN_POINT('',(38.4,8.5,1.8));
#1033 = DIRECTION('',(0.,0.,1.));
#1034 = DIRECTION('',(1.,0.,-0.));
#1035 = ORIENTED_EDGE('',*,*,#1036,.T.);
#1036 = EDGE_CURVE('',#1028,#1037,#1039,.T.);
#1037 = VERTEX_POINT('',#1038);
#1038 = CARTESIAN_POINT('',(36.5,6.5,1.8));
#1039 = LINE('',#1040,#1041);
#1040 = CARTESIAN_POINT('',(36.5,18.25,1.8));
#1041 = VECTOR('',#1042,1.);
#1042 = DIRECTION('',(0.,-1.,0.));
#1043 = ORIENTED_EDGE('',*,*,#1044,.T.);
#1044 = EDGE_CURVE('',#1037,#1045,#1047,.T.);
#1045 = VERTEX_POINT('',#1046);
#1046 = CARTESIAN_POINT('',(33.5,3.5,1.8));
#1047 = CIRCLE('',#1048,3.);
#1048 = AXIS2_PLACEMENT_3D('',#1049,#1050,#1051);
#1049 = CARTESIAN_POINT('',(33.5,6.5,1.8));
#1050 = DIRECTION('',(-0.,0.,-1.));
#1051 = DIRECTION('',(-2.368475785867E-15,-1.,0.));
#1052 = ORIENTED_EDGE('',*,*,#1053,.T.);
#1053 = EDGE_CURVE('',#1045,#1054,#1056,.T.);
#1054 = VERTEX_POINT('',#1055);
#1055 = CARTESIAN_POINT('',(8.5,3.5,1.8));
#1056 = LINE('',#1057,#1058);
#1057 = CARTESIAN_POINT('',(14.75,3.5,1.8));
#1058 = VECTOR('',#1059,1.);
#1059 = DIRECTION('',(-1.,0.,0.));
#1060 = ORIENTED_EDGE('',*,*,#1061,.T.);
#1061 = EDGE_CURVE('',#1054,#1062,#1064,.T.);
#1062 = VERTEX_POINT('',#1063);
#1063 = CARTESIAN_POINT('',(5.5,6.5,1.8));
#1064 = CIRCLE('',#1065,3.);
#1065 = AXIS2_PLACEMENT_3D('',#1066,#1067,#1068);
#1066 = CARTESIAN_POINT('',(8.5,6.5,1.8));
#1067 = DIRECTION('',(-0.,0.,-1.));
#1068 = DIRECTION('',(-1.,0.,0.));
#1069 = ORIENTED_EDGE('',*,*,#1070,.T.);
#1070 = EDGE_CURVE('',#1062,#1016,#1071,.T.);
#1071 = LINE('',#1072,#1073);
#1072 = CARTESIAN_POINT('',(5.5,33.75,1.8));
#1073 = VECTOR('',#1074,1.);
#1074 = DIRECTION('',(-0.,1.,0.));
#1075 = PLANE('',#1076);
#1076 = AXIS2_PLACEMENT_3D('',#1077,#1078,#1079);
#1077 = CARTESIAN_POINT('',(21.,30.,1.8));
#1078 = DIRECTION('',(0.,0.,1.));
#1079 = DIRECTION('',(1.,0.,-0.));
#1080 = ADVANCED_FACE('',(#1081),#1116,.F.);
#1081 = FACE_BOUND('',#1082,.F.);
#1082 = EDGE_LOOP('',(#1083,#1091,#1092,#1093,#1101,#1110));
#1083 = ORIENTED_EDGE('',*,*,#1084,.F.);
#1084 = EDGE_CURVE('',#704,#1085,#1087,.T.);
#1085 = VERTEX_POINT('',#1086);
#1086 = CARTESIAN_POINT('',(30.,3.5,10.8));
#1087 = LINE('',#1088,#1089);
#1088 = CARTESIAN_POINT('',(30.,1.8,10.8));
#1089 = VECTOR('',#1090,1.);
#1090 = DIRECTION('',(-0.,1.,0.));
#1091 = ORIENTED_EDGE('',*,*,#711,.T.);
#1092 = ORIENTED_EDGE('',*,*,#743,.F.);
#1093 = ORIENTED_EDGE('',*,*,#1094,.T.);
#1094 = EDGE_CURVE('',#744,#1095,#1097,.T.);
#1095 = VERTEX_POINT('',#1096);
#1096 = CARTESIAN_POINT('',(35.,3.901923788647,10.8));
#1097 = LINE('',#1098,#1099);
#1098 = CARTESIAN_POINT('',(35.,1.8,10.8));
#1099 = VECTOR('',#1100,1.);
#1100 = DIRECTION('',(-0.,1.,0.));
#1101 = ORIENTED_EDGE('',*,*,#1102,.F.);
#1102 = EDGE_CURVE('',#1103,#1095,#1105,.T.);
#1103 = VERTEX_POINT('',#1104);
#1104 = CARTESIAN_POINT('',(33.5,3.5,10.8));
#1105 = CIRCLE('',#1106,3.);
#1106 = AXIS2_PLACEMENT_3D('',#1107,#1108,#1109);
#1107 = CARTESIAN_POINT('',(33.5,6.5,10.8));
#1108 = DIRECTION('',(0.,0.,1.));
#1109 = DIRECTION('',(-2.368475785867E-15,-1.,0.));
#1110 = ORIENTED_EDGE('',*,*,#1111,.F.);
#1111 = EDGE_CURVE('',#1085,#1103,#1112,.T.);
#1112 = LINE('',#1113,#1114);
#1113 = CARTESIAN_POINT('',(8.5,3.5,10.8));
#1114 = VECTOR('',#1115,1.);
#1115 = DIRECTION('',(1.,0.,0.));
#1116 = PLANE('',#1117);
#1117 = AXIS2_PLACEMENT_3D('',#1118,#1119,#1120);
#1118 = CARTESIAN_POINT('',(30.,1.8,10.8));
#1119 = DIRECTION('',(0.,0.,1.));
#1120 = DIRECTION('',(1.,0.,-0.));
#1121 = ADVANCED_FACE('',(#1122),#1148,.F.);
#1122 = FACE_BOUND('',#1123,.F.);
#1123 = EDGE_LOOP('',(#1124,#1125,#1126,#1134,#1142));
#1124 = ORIENTED_EDGE('',*,*,#703,.F.);
#1125 = ORIENTED_EDGE('',*,*,#1084,.T.);
#1126 = ORIENTED_EDGE('',*,*,#1127,.T.);
#1127 = EDGE_CURVE('',#1085,#1128,#1130,.T.);
#1128 = VERTEX_POINT('',#1129);
#1129 = CARTESIAN_POINT('',(30.,6.6,10.8));
#1130 = LINE('',#1131,#1132);
#1131 = CARTESIAN_POINT('',(30.,1.8,10.8));
#1132 = VECTOR('',#1133,1.);
#1133 = DIRECTION('',(-0.,1.,0.));
#1134 = ORIENTED_EDGE('',*,*,#1135,.T.);
#1135 = EDGE_CURVE('',#1128,#1136,#1138,.T.);
#1136 = VERTEX_POINT('',#1137);
#1137 = CARTESIAN_POINT('',(30.,6.6,11.8));
#1138 = LINE('',#1139,#1140);
#1139 = CARTESIAN_POINT('',(30.,6.6,10.8));
#1140 = VECTOR('',#1141,1.);
#1141 = DIRECTION('',(0.,0.,1.));
#1142 = ORIENTED_EDGE('',*,*,#1143,.F.);
#1143 = EDGE_CURVE('',#696,#1136,#1144,.T.);
#1144 = LINE('',#1145,#1146);
#1145 = CARTESIAN_POINT('',(30.,1.8,11.8));
#1146 = VECTOR('',#1147,1.);
#1147 = DIRECTION('',(-0.,1.,0.));
#1148 = PLANE('',#1149);
#1149 = AXIS2_PLACEMENT_3D('',#1150,#1151,#1152);
#1150 = CARTESIAN_POINT('',(30.,1.8,10.8));
#1151 = DIRECTION('',(1.,0.,-0.));
#1152 = DIRECTION('',(0.,0.,1.));
#1153 = ADVANCED_FACE('',(#1154),#1173,.T.);
#1154 = FACE_BOUND('',#1155,.T.);
#1155 = EDGE_LOOP('',(#1156,#1157,#1158,#1159,#1167));
#1156 = ORIENTED_EDGE('',*,*,#1143,.F.);
#1157 = ORIENTED_EDGE('',*,*,#695,.T.);
#1158 = ORIENTED_EDGE('',*,*,#760,.F.);
#1159 = ORIENTED_EDGE('',*,*,#1160,.T.);
#1160 = EDGE_CURVE('',#753,#1161,#1163,.T.);
#1161 = VERTEX_POINT('',#1162);
#1162 = CARTESIAN_POINT('',(35.,6.6,11.8));
#1163 = LINE('',#1164,#1165);
#1164 = CARTESIAN_POINT('',(35.,1.8,11.8));
#1165 = VECTOR('',#1166,1.);
#1166 = DIRECTION('',(-0.,1.,0.));
#1167 = ORIENTED_EDGE('',*,*,#1168,.F.);
#1168 = EDGE_CURVE('',#1136,#1161,#1169,.T.);
#1169 = LINE('',#1170,#1171);
#1170 = CARTESIAN_POINT('',(30.,6.6,11.8));
#1171 = VECTOR('',#1172,1.);
#1172 = DIRECTION('',(1.,0.,-0.));
#1173 = PLANE('',#1174);
#1174 = AXIS2_PLACEMENT_3D('',#1175,#1176,#1177);
#1175 = CARTESIAN_POINT('',(30.,1.8,11.8));
#1176 = DIRECTION('',(0.,0.,1.));
#1177 = DIRECTION('',(1.,0.,-0.));
#1178 = ADVANCED_FACE('',(#1179),#1205,.T.);
#1179 = FACE_BOUND('',#1180,.T.);
#1180 = EDGE_LOOP('',(#1181,#1189,#1190,#1191,#1199));
#1181 = ORIENTED_EDGE('',*,*,#1182,.F.);
#1182 = EDGE_CURVE('',#817,#1183,#1185,.T.);
#1183 = VERTEX_POINT('',#1184);
#1184 = CARTESIAN_POINT('',(7.,6.6,11.8));
#1185 = LINE('',#1186,#1187);
#1186 = CARTESIAN_POINT('',(7.,1.8,11.8));
#1187 = VECTOR('',#1188,1.);
#1188 = DIRECTION('',(-0.,1.,0.));
#1189 = ORIENTED_EDGE('',*,*,#816,.F.);
#1190 = ORIENTED_EDGE('',*,*,#654,.T.);
#1191 = ORIENTED_EDGE('',*,*,#1192,.T.);
#1192 = EDGE_CURVE('',#647,#1193,#1195,.T.);
#1193 = VERTEX_POINT('',#1194);
#1194 = CARTESIAN_POINT('',(12.,6.6,11.8));
#1195 = LINE('',#1196,#1197);
#1196 = CARTESIAN_POINT('',(12.,1.8,11.8));
#1197 = VECTOR('',#1198,1.);
#1198 = DIRECTION('',(-0.,1.,0.));
#1199 = ORIENTED_EDGE('',*,*,#1200,.F.);
#1200 = EDGE_CURVE('',#1183,#1193,#1201,.T.);
#1201 = LINE('',#1202,#1203);
#1202 = CARTESIAN_POINT('',(7.,6.6,11.8));
#1203 = VECTOR('',#1204,1.);
#1204 = DIRECTION('',(1.,0.,-0.));
#1205 = PLANE('',#1206);
#1206 = AXIS2_PLACEMENT_3D('',#1207,#1208,#1209);
#1207 = CARTESIAN_POINT('',(7.,1.8,11.8));
#1208 = DIRECTION('',(0.,0.,1.));
#1209 = DIRECTION('',(1.,0.,-0.));
#1210 = ADVANCED_FACE('',(#1211),#1237,.T.);
#1211 = FACE_BOUND('',#1212,.T.);
#1212 = EDGE_LOOP('',(#1213,#1214,#1222,#1230,#1236));
#1213 = ORIENTED_EDGE('',*,*,#646,.F.);
#1214 = ORIENTED_EDGE('',*,*,#1215,.T.);
#1215 = EDGE_CURVE('',#639,#1216,#1218,.T.);
#1216 = VERTEX_POINT('',#1217);
#1217 = CARTESIAN_POINT('',(12.,3.5,10.8));
#1218 = LINE('',#1219,#1220);
#1219 = CARTESIAN_POINT('',(12.,1.8,10.8));
#1220 = VECTOR('',#1221,1.);
#1221 = DIRECTION('',(-0.,1.,0.));
#1222 = ORIENTED_EDGE('',*,*,#1223,.T.);
#1223 = EDGE_CURVE('',#1216,#1224,#1226,.T.);
#1224 = VERTEX_POINT('',#1225);
#1225 = CARTESIAN_POINT('',(12.,6.6,10.8));
#1226 = LINE('',#1227,#1228);
#1227 = CARTESIAN_POINT('',(12.,1.8,10.8));
#1228 = VECTOR('',#1229,1.);
#1229 = DIRECTION('',(-0.,1.,0.));
#1230 = ORIENTED_EDGE('',*,*,#1231,.T.);
#1231 = EDGE_CURVE('',#1224,#1193,#1232,.T.);
#1232 = LINE('',#1233,#1234);
#1233 = CARTESIAN_POINT('',(12.,6.6,10.8));
#1234 = VECTOR('',#1235,1.);
#1235 = DIRECTION('',(0.,0.,1.));
#1236 = ORIENTED_EDGE('',*,*,#1192,.F.);
#1237 = PLANE('',#1238);
#1238 = AXIS2_PLACEMENT_3D('',#1239,#1240,#1241);
#1239 = CARTESIAN_POINT('',(12.,1.8,10.8));
#1240 = DIRECTION('',(1.,0.,-0.));
#1241 = DIRECTION('',(0.,0.,1.));
#1242 = ADVANCED_FACE('',(#1243),#1271,.F.);
#1243 = FACE_BOUND('',#1244,.F.);
#1244 = EDGE_LOOP('',(#1245,#1256,#1262,#1263,#1264,#1265));
#1245 = ORIENTED_EDGE('',*,*,#1246,.F.);
#1246 = EDGE_CURVE('',#1247,#1249,#1251,.T.);
#1247 = VERTEX_POINT('',#1248);
#1248 = CARTESIAN_POINT('',(7.,3.901923788647,10.8));
#1249 = VERTEX_POINT('',#1250);
#1250 = CARTESIAN_POINT('',(8.5,3.5,10.8));
#1251 = CIRCLE('',#1252,3.);
#1252 = AXIS2_PLACEMENT_3D('',#1253,#1254,#1255);
#1253 = CARTESIAN_POINT('',(8.5,6.5,10.8));
#1254 = DIRECTION('',(0.,0.,1.));
#1255 = DIRECTION('',(-1.,0.,0.));
#1256 = ORIENTED_EDGE('',*,*,#1257,.F.);
#1257 = EDGE_CURVE('',#826,#1247,#1258,.T.);
#1258 = LINE('',#1259,#1260);
#1259 = CARTESIAN_POINT('',(7.,1.8,10.8));
#1260 = VECTOR('',#1261,1.);
#1261 = DIRECTION('',(-0.,1.,0.));
#1262 = ORIENTED_EDGE('',*,*,#833,.F.);
#1263 = ORIENTED_EDGE('',*,*,#638,.T.);
#1264 = ORIENTED_EDGE('',*,*,#1215,.T.);
#1265 = ORIENTED_EDGE('',*,*,#1266,.F.);
#1266 = EDGE_CURVE('',#1249,#1216,#1267,.T.);
#1267 = LINE('',#1268,#1269);
#1268 = CARTESIAN_POINT('',(8.5,3.5,10.8));
#1269 = VECTOR('',#1270,1.);
#1270 = DIRECTION('',(1.,0.,0.));
#1271 = PLANE('',#1272);
#1272 = AXIS2_PLACEMENT_3D('',#1273,#1274,#1275);
#1273 = CARTESIAN_POINT('',(7.,1.8,10.8));
#1274 = DIRECTION('',(0.,0.,1.));
#1275 = DIRECTION('',(1.,0.,-0.));
#1276 = ADVANCED_FACE('',(#1277),#1330,.T.);
#1277 = FACE_BOUND('',#1278,.T.);
#1278 = EDGE_LOOP('',(#1279,#1288,#1296,#1305,#1313,#1322,#1328,#1329));
#1279 = ORIENTED_EDGE('',*,*,#1280,.F.);
#1280 = EDGE_CURVE('',#1281,#769,#1283,.T.);
#1281 = VERTEX_POINT('',#1282);
#1282 = CARTESIAN_POINT('',(40.2,9.764911064067,14.));
#1283 = CIRCLE('',#1284,2.2);
#1284 = AXIS2_PLACEMENT_3D('',#1285,#1286,#1287);
#1285 = CARTESIAN_POINT('',(38.4,8.5,14.));
#1286 = DIRECTION('',(0.,0.,1.));
#1287 = DIRECTION('',(1.,0.,-0.));
#1288 = ORIENTED_EDGE('',*,*,#1289,.F.);
#1289 = EDGE_CURVE('',#1290,#1281,#1292,.T.);
#1290 = VERTEX_POINT('',#1291);
#1291 = CARTESIAN_POINT('',(40.2,9.764911064067,1.8));
#1292 = LINE('',#1293,#1294);
#1293 = CARTESIAN_POINT('',(40.2,9.764911064067,1.8));
#1294 = VECTOR('',#1295,1.);
#1295 = DIRECTION('',(0.,0.,1.));
#1296 = ORIENTED_EDGE('',*,*,#1297,.T.);
#1297 = EDGE_CURVE('',#1290,#1298,#1300,.T.);
#1298 = VERTEX_POINT('',#1299);
#1299 = CARTESIAN_POINT('',(36.5,9.609053650641,1.8));
#1300 = CIRCLE('',#1301,2.2);
#1301 = AXIS2_PLACEMENT_3D('',#1302,#1303,#1304);
#1302 = CARTESIAN_POINT('',(38.4,8.5,1.8));
#1303 = DIRECTION('',(0.,0.,1.));
#1304 = DIRECTION('',(1.,0.,-0.));
#1305 = ORIENTED_EDGE('',*,*,#1306,.T.);
#1306 = EDGE_CURVE('',#1298,#1307,#1309,.T.);
#1307 = VERTEX_POINT('',#1308);
#1308 = CARTESIAN_POINT('',(36.5,9.609053650641,10.8));
#1309 = LINE('',#1310,#1311);
#1310 = CARTESIAN_POINT('',(36.5,9.609053650641,1.8));
#1311 = VECTOR('',#1312,1.);
#1312 = DIRECTION('',(0.,0.,1.));
#1313 = ORIENTED_EDGE('',*,*,#1314,.T.);
#1314 = EDGE_CURVE('',#1307,#1315,#1317,.T.);
#1315 = VERTEX_POINT('',#1316);
#1316 = CARTESIAN_POINT('',(36.5,7.390946349359,10.8));
#1317 = CIRCLE('',#1318,2.2);
#1318 = AXIS2_PLACEMENT_3D('',#1319,#1320,#1321);
#1319 = CARTESIAN_POINT('',(38.4,8.5,10.8));
#1320 = DIRECTION('',(0.,0.,1.));
#1321 = DIRECTION('',(1.,0.,-0.));
#1322 = ORIENTED_EDGE('',*,*,#1323,.F.);
#1323 = EDGE_CURVE('',#1028,#1315,#1324,.T.);
#1324 = LINE('',#1325,#1326);
#1325 = CARTESIAN_POINT('',(36.5,7.390946349359,1.8));
#1326 = VECTOR('',#1327,1.);
#1327 = DIRECTION('',(0.,0.,1.));
#1328 = ORIENTED_EDGE('',*,*,#1027,.T.);
#1329 = ORIENTED_EDGE('',*,*,#777,.F.);
#1330 = CYLINDRICAL_SURFACE('',#1331,2.2);
#1331 = AXIS2_PLACEMENT_3D('',#1332,#1333,#1334);
#1332 = CARTESIAN_POINT('',(38.4,8.5,1.8));
#1333 = DIRECTION('',(0.,0.,1.));
#1334 = DIRECTION('',(1.,0.,-0.));
#1335 = ADVANCED_FACE('',(#1336,#1361),#1395,.T.);
#1336 = FACE_BOUND('',#1337,.T.);
#1337 = EDGE_LOOP('',(#1338,#1346,#1347,#1355));
#1338 = ORIENTED_EDGE('',*,*,#1339,.F.);
#1339 = EDGE_CURVE('',#1290,#1340,#1342,.T.);
#1340 = VERTEX_POINT('',#1341);
#1341 = CARTESIAN_POINT('',(40.2,50.235088935933,1.8));
#1342 = LINE('',#1343,#1344);
#1343 = CARTESIAN_POINT('',(40.2,8.,1.8));
#1344 = VECTOR('',#1345,1.);
#1345 = DIRECTION('',(0.,1.,0.));
#1346 = ORIENTED_EDGE('',*,*,#1289,.T.);
#1347 = ORIENTED_EDGE('',*,*,#1348,.F.);
#1348 = EDGE_CURVE('',#1349,#1281,#1351,.T.);
#1349 = VERTEX_POINT('',#1350);
#1350 = CARTESIAN_POINT('',(40.2,50.235088935933,14.));
#1351 = LINE('',#1352,#1353);
#1352 = CARTESIAN_POINT('',(40.2,19.,14.));
#1353 = VECTOR('',#1354,1.);
#1354 = DIRECTION('',(0.,-1.,0.));
#1355 = ORIENTED_EDGE('',*,*,#1356,.F.);
#1356 = EDGE_CURVE('',#1340,#1349,#1357,.T.);
#1357 = LINE('',#1358,#1359);
#1358 = CARTESIAN_POINT('',(40.2,50.235088935933,1.8));
#1359 = VECTOR('',#1360,1.);
#1360 = DIRECTION('',(0.,0.,1.));
#1361 = FACE_BOUND('',#1362,.T.);
#1362 = EDGE_LOOP('',(#1363,#1373,#1381,#1389));
#1363 = ORIENTED_EDGE('',*,*,#1364,.F.);
#1364 = EDGE_CURVE('',#1365,#1367,#1369,.T.);
#1365 = VERTEX_POINT('',#1366);
#1366 = CARTESIAN_POINT('',(40.2,14.,11.8));
#1367 = VERTEX_POINT('',#1368);
#1368 = CARTESIAN_POINT('',(40.2,40.,11.8));
#1369 = LINE('',#1370,#1371);
#1370 = CARTESIAN_POINT('',(40.2,14.,11.8));
#1371 = VECTOR('',#1372,1.);
#1372 = DIRECTION('',(0.,1.,0.));
#1373 = ORIENTED_EDGE('',*,*,#1374,.T.);
#1374 = EDGE_CURVE('',#1365,#1375,#1377,.T.);
#1375 = VERTEX_POINT('',#1376);
#1376 = CARTESIAN_POINT('',(40.2,14.,8.));
#1377 = LINE('',#1378,#1379);
#1378 = CARTESIAN_POINT('',(40.2,14.,11.8));
#1379 = VECTOR('',#1380,1.);
#1380 = DIRECTION('',(0.,0.,-1.));
#1381 = ORIENTED_EDGE('',*,*,#1382,.T.);
#1382 = EDGE_CURVE('',#1375,#1383,#1385,.T.);
#1383 = VERTEX_POINT('',#1384);
#1384 = CARTESIAN_POINT('',(40.2,40.,8.));
#1385 = LINE('',#1386,#1387);
#1386 = CARTESIAN_POINT('',(40.2,14.,8.));
#1387 = VECTOR('',#1388,1.);
#1388 = DIRECTION('',(0.,1.,0.));
#1389 = ORIENTED_EDGE('',*,*,#1390,.F.);
#1390 = EDGE_CURVE('',#1367,#1383,#1391,.T.);
#1391 = LINE('',#1392,#1393);
#1392 = CARTESIAN_POINT('',(40.2,40.,11.8));
#1393 = VECTOR('',#1394,1.);
#1394 = DIRECTION('',(0.,0.,-1.));
#1395 = PLANE('',#1396);
#1396 = AXIS2_PLACEMENT_3D('',#1397,#1398,#1399);
#1397 = CARTESIAN_POINT('',(40.2,8.,1.8));
#1398 = DIRECTION('',(-1.,0.,0.));
#1399 = DIRECTION('',(0.,1.,0.));
#1400 = ADVANCED_FACE('',(#1401),#1420,.T.);
#1401 = FACE_BOUND('',#1402,.T.);
#1402 = EDGE_LOOP('',(#1403,#1404,#1405,#1406,#1414));
#1403 = ORIENTED_EDGE('',*,*,#1160,.F.);
#1404 = ORIENTED_EDGE('',*,*,#752,.T.);
#1405 = ORIENTED_EDGE('',*,*,#1094,.T.);
#1406 = ORIENTED_EDGE('',*,*,#1407,.T.);
#1407 = EDGE_CURVE('',#1095,#1408,#1410,.T.);
#1408 = VERTEX_POINT('',#1409);
#1409 = CARTESIAN_POINT('',(35.,6.6,10.8));
#1410 = LINE('',#1411,#1412);
#1411 = CARTESIAN_POINT('',(35.,1.8,10.8));
#1412 = VECTOR('',#1413,1.);
#1413 = DIRECTION('',(-0.,1.,0.));
#1414 = ORIENTED_EDGE('',*,*,#1415,.T.);
#1415 = EDGE_CURVE('',#1408,#1161,#1416,.T.);
#1416 = LINE('',#1417,#1418);
#1417 = CARTESIAN_POINT('',(35.,6.6,10.8));
#1418 = VECTOR('',#1419,1.);
#1419 = DIRECTION('',(0.,0.,1.));
#1420 = PLANE('',#1421);
#1421 = AXIS2_PLACEMENT_3D('',#1422,#1423,#1424);
#1422 = CARTESIAN_POINT('',(35.,1.8,10.8));
#1423 = DIRECTION('',(1.,0.,-0.));
#1424 = DIRECTION('',(0.,0.,1.));
#1425 = ADVANCED_FACE('',(#1426,#1572,#1583),#1594,.T.);
#1426 = FACE_BOUND('',#1427,.T.);
#1427 = EDGE_LOOP('',(#1428,#1429,#1430,#1439,#1448,#1456,#1465,#1474,
    #1483,#1491,#1500,#1508,#1517,#1525,#1533,#1541,#1549,#1557,#1566));
#1428 = ORIENTED_EDGE('',*,*,#1297,.F.);
#1429 = ORIENTED_EDGE('',*,*,#1339,.T.);
#1430 = ORIENTED_EDGE('',*,*,#1431,.F.);
#1431 = EDGE_CURVE('',#1432,#1340,#1434,.T.);
#1432 = VERTEX_POINT('',#1433);
#1433 = CARTESIAN_POINT('',(40.142402614136,52.843143004394,1.8));
#1434 = CIRCLE('',#1435,2.2);
#1435 = AXIS2_PLACEMENT_3D('',#1436,#1437,#1438);
#1436 = CARTESIAN_POINT('',(38.4,51.5,1.8));
#1437 = DIRECTION('',(0.,0.,1.));
#1438 = DIRECTION('',(1.,0.,-0.));
#1439 = ORIENTED_EDGE('',*,*,#1440,.T.);
#1440 = EDGE_CURVE('',#1432,#1441,#1443,.T.);
#1441 = VERTEX_POINT('',#1442);
#1442 = CARTESIAN_POINT('',(34.,58.2,1.8));
#1443 = CIRCLE('',#1444,6.2);
#1444 = AXIS2_PLACEMENT_3D('',#1445,#1446,#1447);
#1445 = CARTESIAN_POINT('',(34.,52.,1.8));
#1446 = DIRECTION('',(0.,0.,1.));
#1447 = DIRECTION('',(1.,1.146036670581E-15,-0.));
#1448 = ORIENTED_EDGE('',*,*,#1449,.T.);
#1449 = EDGE_CURVE('',#1441,#1450,#1452,.T.);
#1450 = VERTEX_POINT('',#1451);
#1451 = CARTESIAN_POINT('',(8.,58.2,1.8));
#1452 = LINE('',#1453,#1454);
#1453 = CARTESIAN_POINT('',(34.,58.2,1.8));
#1454 = VECTOR('',#1455,1.);
#1455 = DIRECTION('',(-1.,0.,0.));
#1456 = ORIENTED_EDGE('',*,*,#1457,.T.);
#1457 = EDGE_CURVE('',#1450,#1458,#1460,.T.);
#1458 = VERTEX_POINT('',#1459);
#1459 = CARTESIAN_POINT('',(1.857597385864,52.843143004394,1.8));
#1460 = CIRCLE('',#1461,6.2);
#1461 = AXIS2_PLACEMENT_3D('',#1462,#1463,#1464);
#1462 = CARTESIAN_POINT('',(8.,52.,1.8));
#1463 = DIRECTION('',(0.,0.,1.));
#1464 = DIRECTION('',(-1.146036670581E-15,1.,0.));
#1465 = ORIENTED_EDGE('',*,*,#1466,.F.);
#1466 = EDGE_CURVE('',#1467,#1458,#1469,.T.);
#1467 = VERTEX_POINT('',#1468);
#1468 = CARTESIAN_POINT('',(5.8,51.5,1.8));
#1469 = CIRCLE('',#1470,2.2);
#1470 = AXIS2_PLACEMENT_3D('',#1471,#1472,#1473);
#1471 = CARTESIAN_POINT('',(3.6,51.5,1.8));
#1472 = DIRECTION('',(0.,0.,1.));
#1473 = DIRECTION('',(1.,0.,-0.));
#1474 = ORIENTED_EDGE('',*,*,#1475,.F.);
#1475 = EDGE_CURVE('',#1476,#1467,#1478,.T.);
#1476 = VERTEX_POINT('',#1477);
#1477 = CARTESIAN_POINT('',(1.8,50.235088935933,1.8));
#1478 = CIRCLE('',#1479,2.2);
#1479 = AXIS2_PLACEMENT_3D('',#1480,#1481,#1482);
#1480 = CARTESIAN_POINT('',(3.6,51.5,1.8));
#1481 = DIRECTION('',(0.,0.,1.));
#1482 = DIRECTION('',(1.,0.,-0.));
#1483 = ORIENTED_EDGE('',*,*,#1484,.T.);
#1484 = EDGE_CURVE('',#1476,#1485,#1487,.T.);
#1485 = VERTEX_POINT('',#1486);
#1486 = CARTESIAN_POINT('',(1.8,9.764911064067,1.8));
#1487 = LINE('',#1488,#1489);
#1488 = CARTESIAN_POINT('',(1.8,52.,1.8));
#1489 = VECTOR('',#1490,1.);
#1490 = DIRECTION('',(0.,-1.,0.));
#1491 = ORIENTED_EDGE('',*,*,#1492,.F.);
#1492 = EDGE_CURVE('',#1493,#1485,#1495,.T.);
#1493 = VERTEX_POINT('',#1494);
#1494 = CARTESIAN_POINT('',(5.5,9.609053650641,1.8));
#1495 = CIRCLE('',#1496,2.2);
#1496 = AXIS2_PLACEMENT_3D('',#1497,#1498,#1499);
#1497 = CARTESIAN_POINT('',(3.6,8.5,1.8));
#1498 = DIRECTION('',(0.,0.,1.));
#1499 = DIRECTION('',(1.,0.,-0.));
#1500 = ORIENTED_EDGE('',*,*,#1501,.T.);
#1501 = EDGE_CURVE('',#1493,#1502,#1504,.T.);
#1502 = VERTEX_POINT('',#1503);
#1503 = CARTESIAN_POINT('',(5.5,37.5,1.8));
#1504 = LINE('',#1505,#1506);
#1505 = CARTESIAN_POINT('',(5.5,33.75,1.8));
#1506 = VECTOR('',#1507,1.);
#1507 = DIRECTION('',(-0.,1.,0.));
#1508 = ORIENTED_EDGE('',*,*,#1509,.T.);
#1509 = EDGE_CURVE('',#1502,#1510,#1512,.T.);
#1510 = VERTEX_POINT('',#1511);
#1511 = CARTESIAN_POINT('',(8.5,40.5,1.8));
#1512 = CIRCLE('',#1513,3.);
#1513 = AXIS2_PLACEMENT_3D('',#1514,#1515,#1516);
#1514 = CARTESIAN_POINT('',(8.5,37.5,1.8));
#1515 = DIRECTION('',(0.,-0.,-1.));
#1516 = DIRECTION('',(1.184237892934E-15,1.,-0.));
#1517 = ORIENTED_EDGE('',*,*,#1518,.T.);
#1518 = EDGE_CURVE('',#1510,#1519,#1521,.T.);
#1519 = VERTEX_POINT('',#1520);
#1520 = CARTESIAN_POINT('',(17.,40.5,1.8));
#1521 = LINE('',#1522,#1523);
#1522 = CARTESIAN_POINT('',(27.25,40.5,1.8));
#1523 = VECTOR('',#1524,1.);
#1524 = DIRECTION('',(1.,0.,-0.));
#1525 = ORIENTED_EDGE('',*,*,#1526,.T.);
#1526 = EDGE_CURVE('',#1519,#1527,#1529,.T.);
#1527 = VERTEX_POINT('',#1528);
#1528 = CARTESIAN_POINT('',(17.,44.4,1.8));
#1529 = LINE('',#1530,#1531);
#1530 = CARTESIAN_POINT('',(17.,34.7,1.8));
#1531 = VECTOR('',#1532,1.);
#1532 = DIRECTION('',(-0.,1.,0.));
#1533 = ORIENTED_EDGE('',*,*,#1534,.F.);
#1534 = EDGE_CURVE('',#1535,#1527,#1537,.T.);
#1535 = VERTEX_POINT('',#1536);
#1536 = CARTESIAN_POINT('',(25.,44.4,1.8));
#1537 = LINE('',#1538,#1539);
#1538 = CARTESIAN_POINT('',(19.,44.4,1.8));
#1539 = VECTOR('',#1540,1.);
#1540 = DIRECTION('',(-1.,-0.,0.));
#1541 = ORIENTED_EDGE('',*,*,#1542,.F.);
#1542 = EDGE_CURVE('',#1543,#1535,#1545,.T.);
#1543 = VERTEX_POINT('',#1544);
#1544 = CARTESIAN_POINT('',(25.,40.5,1.8));
#1545 = LINE('',#1546,#1547);
#1546 = CARTESIAN_POINT('',(25.,34.7,1.8));
#1547 = VECTOR('',#1548,1.);
#1548 = DIRECTION('',(-0.,1.,0.));
#1549 = ORIENTED_EDGE('',*,*,#1550,.T.);
#1550 = EDGE_CURVE('',#1543,#1551,#1553,.T.);
#1551 = VERTEX_POINT('',#1552);
#1552 = CARTESIAN_POINT('',(33.5,40.5,1.8));
#1553 = LINE('',#1554,#1555);
#1554 = CARTESIAN_POINT('',(27.25,40.5,1.8));
#1555 = VECTOR('',#1556,1.);
#1556 = DIRECTION('',(1.,0.,-0.));
#1557 = ORIENTED_EDGE('',*,*,#1558,.T.);
#1558 = EDGE_CURVE('',#1551,#1559,#1561,.T.);
#1559 = VERTEX_POINT('',#1560);
#1560 = CARTESIAN_POINT('',(36.5,37.5,1.8));
#1561 = CIRCLE('',#1562,3.);
#1562 = AXIS2_PLACEMENT_3D('',#1563,#1564,#1565);
#1563 = CARTESIAN_POINT('',(33.5,37.5,1.8));
#1564 = DIRECTION('',(0.,-0.,-1.));
#1565 = DIRECTION('',(1.,-4.736951571734E-15,0.));
#1566 = ORIENTED_EDGE('',*,*,#1567,.T.);
#1567 = EDGE_CURVE('',#1559,#1298,#1568,.T.);
#1568 = LINE('',#1569,#1570);
#1569 = CARTESIAN_POINT('',(36.5,18.25,1.8));
#1570 = VECTOR('',#1571,1.);
#1571 = DIRECTION('',(0.,-1.,0.));
#1572 = FACE_BOUND('',#1573,.T.);
#1573 = EDGE_LOOP('',(#1574));
#1574 = ORIENTED_EDGE('',*,*,#1575,.F.);
#1575 = EDGE_CURVE('',#1576,#1576,#1578,.T.);
#1576 = VERTEX_POINT('',#1577);
#1577 = CARTESIAN_POINT('',(11.4,49.,1.8));
#1578 = CIRCLE('',#1579,2.4);
#1579 = AXIS2_PLACEMENT_3D('',#1580,#1581,#1582);
#1580 = CARTESIAN_POINT('',(9.,49.,1.8));
#1581 = DIRECTION('',(0.,0.,1.));
#1582 = DIRECTION('',(1.,0.,-0.));
#1583 = FACE_BOUND('',#1584,.T.);
#1584 = EDGE_LOOP('',(#1585));
#1585 = ORIENTED_EDGE('',*,*,#1586,.F.);
#1586 = EDGE_CURVE('',#1587,#1587,#1589,.T.);
#1587 = VERTEX_POINT('',#1588);
#1588 = CARTESIAN_POINT('',(35.4,49.,1.8));
#1589 = CIRCLE('',#1590,2.4);
#1590 = AXIS2_PLACEMENT_3D('',#1591,#1592,#1593);
#1591 = CARTESIAN_POINT('',(33.,49.,1.8));
#1592 = DIRECTION('',(0.,0.,1.));
#1593 = DIRECTION('',(1.,0.,-0.));
#1594 = PLANE('',#1595);
#1595 = AXIS2_PLACEMENT_3D('',#1596,#1597,#1598);
#1596 = CARTESIAN_POINT('',(21.,30.,1.8));
#1597 = DIRECTION('',(0.,0.,1.));
#1598 = DIRECTION('',(1.,0.,-0.));
#1599 = ADVANCED_FACE('',(#1600),#1626,.F.);
#1600 = FACE_BOUND('',#1601,.T.);
#1601 = EDGE_LOOP('',(#1602,#1603,#1611,#1620));
#1602 = ORIENTED_EDGE('',*,*,#1440,.F.);
#1603 = ORIENTED_EDGE('',*,*,#1604,.F.);
#1604 = EDGE_CURVE('',#1605,#1432,#1607,.T.);
#1605 = VERTEX_POINT('',#1606);
#1606 = CARTESIAN_POINT('',(40.142402614136,52.843143004394,14.));
#1607 = LINE('',#1608,#1609);
#1608 = CARTESIAN_POINT('',(40.142402614136,52.843143004394,1.8));
#1609 = VECTOR('',#1610,1.);
#1610 = DIRECTION('',(-0.,-0.,-1.));
#1611 = ORIENTED_EDGE('',*,*,#1612,.F.);
#1612 = EDGE_CURVE('',#1613,#1605,#1615,.T.);
#1613 = VERTEX_POINT('',#1614);
#1614 = CARTESIAN_POINT('',(34.,58.2,14.));
#1615 = CIRCLE('',#1616,6.2);
#1616 = AXIS2_PLACEMENT_3D('',#1617,#1618,#1619);
#1617 = CARTESIAN_POINT('',(34.,52.,14.));
#1618 = DIRECTION('',(0.,-0.,-1.));
#1619 = DIRECTION('',(1.,1.146036670581E-15,-0.));
#1620 = ORIENTED_EDGE('',*,*,#1621,.F.);
#1621 = EDGE_CURVE('',#1441,#1613,#1622,.T.);
#1622 = LINE('',#1623,#1624);
#1623 = CARTESIAN_POINT('',(34.,58.2,1.8));
#1624 = VECTOR('',#1625,1.);
#1625 = DIRECTION('',(0.,0.,1.));
#1626 = CYLINDRICAL_SURFACE('',#1627,6.2);
#1627 = AXIS2_PLACEMENT_3D('',#1628,#1629,#1630);
#1628 = CARTESIAN_POINT('',(34.,52.,1.8));
#1629 = DIRECTION('',(-0.,-0.,-1.));
#1630 = DIRECTION('',(1.,1.146036670581E-15,-0.));
#1631 = ADVANCED_FACE('',(#1632),#1650,.T.);
#1632 = FACE_BOUND('',#1633,.T.);
#1633 = EDGE_LOOP('',(#1634,#1635,#1636,#1644));
#1634 = ORIENTED_EDGE('',*,*,#1449,.F.);
#1635 = ORIENTED_EDGE('',*,*,#1621,.T.);
#1636 = ORIENTED_EDGE('',*,*,#1637,.F.);
#1637 = EDGE_CURVE('',#1638,#1613,#1640,.T.);
#1638 = VERTEX_POINT('',#1639);
#1639 = CARTESIAN_POINT('',(8.,58.2,14.));
#1640 = LINE('',#1641,#1642);
#1641 = CARTESIAN_POINT('',(27.5,58.2,14.));
#1642 = VECTOR('',#1643,1.);
#1643 = DIRECTION('',(1.,0.,-0.));
#1644 = ORIENTED_EDGE('',*,*,#1645,.F.);
#1645 = EDGE_CURVE('',#1450,#1638,#1646,.T.);
#1646 = LINE('',#1647,#1648);
#1647 = CARTESIAN_POINT('',(8.,58.2,1.8));
#1648 = VECTOR('',#1649,1.);
#1649 = DIRECTION('',(0.,0.,1.));
#1650 = PLANE('',#1651);
#1651 = AXIS2_PLACEMENT_3D('',#1652,#1653,#1654);
#1652 = CARTESIAN_POINT('',(34.,58.2,1.8));
#1653 = DIRECTION('',(0.,-1.,0.));
#1654 = DIRECTION('',(-1.,0.,0.));
#1655 = ADVANCED_FACE('',(#1656),#1675,.F.);
#1656 = FACE_BOUND('',#1657,.T.);
#1657 = EDGE_LOOP('',(#1658,#1659,#1660,#1669));
#1658 = ORIENTED_EDGE('',*,*,#1457,.F.);
#1659 = ORIENTED_EDGE('',*,*,#1645,.T.);
#1660 = ORIENTED_EDGE('',*,*,#1661,.F.);
#1661 = EDGE_CURVE('',#1662,#1638,#1664,.T.);
#1662 = VERTEX_POINT('',#1663);
#1663 = CARTESIAN_POINT('',(1.857597385864,52.843143004394,14.));
#1664 = CIRCLE('',#1665,6.2);
#1665 = AXIS2_PLACEMENT_3D('',#1666,#1667,#1668);
#1666 = CARTESIAN_POINT('',(8.,52.,14.));
#1667 = DIRECTION('',(-0.,0.,-1.));
#1668 = DIRECTION('',(-1.146036670581E-15,1.,0.));
#1669 = ORIENTED_EDGE('',*,*,#1670,.T.);
#1670 = EDGE_CURVE('',#1662,#1458,#1671,.T.);
#1671 = LINE('',#1672,#1673);
#1672 = CARTESIAN_POINT('',(1.857597385864,52.843143004394,1.8));
#1673 = VECTOR('',#1674,1.);
#1674 = DIRECTION('',(-0.,-0.,-1.));
#1675 = CYLINDRICAL_SURFACE('',#1676,6.2);
#1676 = AXIS2_PLACEMENT_3D('',#1677,#1678,#1679);
#1677 = CARTESIAN_POINT('',(8.,52.,1.8));
#1678 = DIRECTION('',(-0.,-0.,-1.));
#1679 = DIRECTION('',(-1.146036670581E-15,1.,0.));
#1680 = ADVANCED_FACE('',(#1681,#1706),#1740,.T.);
#1681 = FACE_BOUND('',#1682,.T.);
#1682 = EDGE_LOOP('',(#1683,#1684,#1692,#1700));
#1683 = ORIENTED_EDGE('',*,*,#1484,.F.);
#1684 = ORIENTED_EDGE('',*,*,#1685,.T.);
#1685 = EDGE_CURVE('',#1476,#1686,#1688,.T.);
#1686 = VERTEX_POINT('',#1687);
#1687 = CARTESIAN_POINT('',(1.8,50.235088935933,14.));
#1688 = LINE('',#1689,#1690);
#1689 = CARTESIAN_POINT('',(1.8,50.235088935933,1.8));
#1690 = VECTOR('',#1691,1.);
#1691 = DIRECTION('',(0.,0.,1.));
#1692 = ORIENTED_EDGE('',*,*,#1693,.F.);
#1693 = EDGE_CURVE('',#1694,#1686,#1696,.T.);
#1694 = VERTEX_POINT('',#1695);
#1695 = CARTESIAN_POINT('',(1.8,9.764911064067,14.));
#1696 = LINE('',#1697,#1698);
#1697 = CARTESIAN_POINT('',(1.8,41.,14.));
#1698 = VECTOR('',#1699,1.);
#1699 = DIRECTION('',(-0.,1.,0.));
#1700 = ORIENTED_EDGE('',*,*,#1701,.F.);
#1701 = EDGE_CURVE('',#1485,#1694,#1702,.T.);
#1702 = LINE('',#1703,#1704);
#1703 = CARTESIAN_POINT('',(1.8,9.764911064067,1.8));
#1704 = VECTOR('',#1705,1.);
#1705 = DIRECTION('',(0.,0.,1.));
#1706 = FACE_BOUND('',#1707,.T.);
#1707 = EDGE_LOOP('',(#1708,#1718,#1726,#1734));
#1708 = ORIENTED_EDGE('',*,*,#1709,.F.);
#1709 = EDGE_CURVE('',#1710,#1712,#1714,.T.);
#1710 = VERTEX_POINT('',#1711);
#1711 = CARTESIAN_POINT('',(1.8,14.,8.));
#1712 = VERTEX_POINT('',#1713);
#1713 = CARTESIAN_POINT('',(1.8,40.,8.));
#1714 = LINE('',#1715,#1716);
#1715 = CARTESIAN_POINT('',(1.8,14.,8.));
#1716 = VECTOR('',#1717,1.);
#1717 = DIRECTION('',(0.,1.,0.));
#1718 = ORIENTED_EDGE('',*,*,#1719,.T.);
#1719 = EDGE_CURVE('',#1710,#1720,#1722,.T.);
#1720 = VERTEX_POINT('',#1721);
#1721 = CARTESIAN_POINT('',(1.8,14.,11.8));
#1722 = LINE('',#1723,#1724);
#1723 = CARTESIAN_POINT('',(1.8,14.,8.));
#1724 = VECTOR('',#1725,1.);
#1725 = DIRECTION('',(0.,0.,1.));
#1726 = ORIENTED_EDGE('',*,*,#1727,.T.);
#1727 = EDGE_CURVE('',#1720,#1728,#1730,.T.);
#1728 = VERTEX_POINT('',#1729);
#1729 = CARTESIAN_POINT('',(1.8,40.,11.8));
#1730 = LINE('',#1731,#1732);
#1731 = CARTESIAN_POINT('',(1.8,14.,11.8));
#1732 = VECTOR('',#1733,1.);
#1733 = DIRECTION('',(0.,1.,0.));
#1734 = ORIENTED_EDGE('',*,*,#1735,.F.);
#1735 = EDGE_CURVE('',#1712,#1728,#1736,.T.);
#1736 = LINE('',#1737,#1738);
#1737 = CARTESIAN_POINT('',(1.8,40.,8.));
#1738 = VECTOR('',#1739,1.);
#1739 = DIRECTION('',(0.,0.,1.));
#1740 = PLANE('',#1741);
#1741 = AXIS2_PLACEMENT_3D('',#1742,#1743,#1744);
#1742 = CARTESIAN_POINT('',(1.8,52.,1.8));
#1743 = DIRECTION('',(1.,0.,-0.));
#1744 = DIRECTION('',(0.,-1.,0.));
#1745 = ADVANCED_FACE('',(#1746),#1758,.T.);
#1746 = FACE_BOUND('',#1747,.T.);
#1747 = EDGE_LOOP('',(#1748,#1755,#1756,#1757));
#1748 = ORIENTED_EDGE('',*,*,#1749,.F.);
#1749 = EDGE_CURVE('',#1605,#1349,#1750,.T.);
#1750 = CIRCLE('',#1751,2.2);
#1751 = AXIS2_PLACEMENT_3D('',#1752,#1753,#1754);
#1752 = CARTESIAN_POINT('',(38.4,51.5,14.));
#1753 = DIRECTION('',(0.,0.,1.));
#1754 = DIRECTION('',(1.,0.,-0.));
#1755 = ORIENTED_EDGE('',*,*,#1604,.T.);
#1756 = ORIENTED_EDGE('',*,*,#1431,.T.);
#1757 = ORIENTED_EDGE('',*,*,#1356,.T.);
#1758 = CYLINDRICAL_SURFACE('',#1759,2.2);
#1759 = AXIS2_PLACEMENT_3D('',#1760,#1761,#1762);
#1760 = CARTESIAN_POINT('',(38.4,51.5,1.8));
#1761 = DIRECTION('',(0.,0.,1.));
#1762 = DIRECTION('',(1.,0.,-0.));
#1763 = ADVANCED_FACE('',(#1764),#1789,.F.);
#1764 = FACE_BOUND('',#1765,.F.);
#1765 = EDGE_LOOP('',(#1766,#1776,#1782,#1783));
#1766 = ORIENTED_EDGE('',*,*,#1767,.T.);
#1767 = EDGE_CURVE('',#1768,#1770,#1772,.T.);
#1768 = VERTEX_POINT('',#1769);
#1769 = CARTESIAN_POINT('',(37.4,14.,11.8));
#1770 = VERTEX_POINT('',#1771);
#1771 = CARTESIAN_POINT('',(37.4,40.,11.8));
#1772 = LINE('',#1773,#1774);
#1773 = CARTESIAN_POINT('',(37.4,14.,11.8));
#1774 = VECTOR('',#1775,1.);
#1775 = DIRECTION('',(0.,1.,0.));
#1776 = ORIENTED_EDGE('',*,*,#1777,.T.);
#1777 = EDGE_CURVE('',#1770,#1367,#1778,.T.);
#1778 = LINE('',#1779,#1780);
#1779 = CARTESIAN_POINT('',(37.4,40.,11.8));
#1780 = VECTOR('',#1781,1.);
#1781 = DIRECTION('',(1.,0.,0.));
#1782 = ORIENTED_EDGE('',*,*,#1364,.F.);
#1783 = ORIENTED_EDGE('',*,*,#1784,.F.);
#1784 = EDGE_CURVE('',#1768,#1365,#1785,.T.);
#1785 = LINE('',#1786,#1787);
#1786 = CARTESIAN_POINT('',(37.4,14.,11.8));
#1787 = VECTOR('',#1788,1.);
#1788 = DIRECTION('',(1.,0.,0.));
#1789 = PLANE('',#1790);
#1790 = AXIS2_PLACEMENT_3D('',#1791,#1792,#1793);
#1791 = CARTESIAN_POINT('',(37.4,14.,11.8));
#1792 = DIRECTION('',(0.,0.,-1.));
#1793 = DIRECTION('',(1.,0.,0.));
#1794 = ADVANCED_FACE('',(#1795),#1813,.T.);
#1795 = FACE_BOUND('',#1796,.T.);
#1796 = EDGE_LOOP('',(#1797,#1805,#1806,#1807));
#1797 = ORIENTED_EDGE('',*,*,#1798,.T.);
#1798 = EDGE_CURVE('',#1799,#1770,#1801,.T.);
#1799 = VERTEX_POINT('',#1800);
#1800 = CARTESIAN_POINT('',(37.4,40.,10.8));
#1801 = LINE('',#1802,#1803);
#1802 = CARTESIAN_POINT('',(37.4,40.,10.8));
#1803 = VECTOR('',#1804,1.);
#1804 = DIRECTION('',(0.,0.,1.));
#1805 = ORIENTED_EDGE('',*,*,#1777,.T.);
#1806 = ORIENTED_EDGE('',*,*,#1390,.T.);
#1807 = ORIENTED_EDGE('',*,*,#1808,.T.);
#1808 = EDGE_CURVE('',#1383,#1799,#1809,.T.);
#1809 = LINE('',#1810,#1811);
#1810 = CARTESIAN_POINT('',(40.2,40.,8.));
#1811 = VECTOR('',#1812,1.);
#1812 = DIRECTION('',(-0.707106781187,0.,0.707106781187));
#1813 = PLANE('',#1814);
#1814 = AXIS2_PLACEMENT_3D('',#1815,#1816,#1817);
#1815 = CARTESIAN_POINT('',(39.139106272324,40.,10.310050506339));
#1816 = DIRECTION('',(0.,1.,0.));
#1817 = DIRECTION('',(0.,-0.,1.));
#1818 = ADVANCED_FACE('',(#1819),#1837,.F.);
#1819 = FACE_BOUND('',#1820,.F.);
#1820 = EDGE_LOOP('',(#1821,#1822,#1823,#1831));
#1821 = ORIENTED_EDGE('',*,*,#1382,.T.);
#1822 = ORIENTED_EDGE('',*,*,#1808,.T.);
#1823 = ORIENTED_EDGE('',*,*,#1824,.F.);
#1824 = EDGE_CURVE('',#1825,#1799,#1827,.T.);
#1825 = VERTEX_POINT('',#1826);
#1826 = CARTESIAN_POINT('',(37.4,14.,10.8));
#1827 = LINE('',#1828,#1829);
#1828 = CARTESIAN_POINT('',(37.4,14.,10.8));
#1829 = VECTOR('',#1830,1.);
#1830 = DIRECTION('',(0.,1.,0.));
#1831 = ORIENTED_EDGE('',*,*,#1832,.F.);
#1832 = EDGE_CURVE('',#1375,#1825,#1833,.T.);
#1833 = LINE('',#1834,#1835);
#1834 = CARTESIAN_POINT('',(40.2,14.,8.));
#1835 = VECTOR('',#1836,1.);
#1836 = DIRECTION('',(-0.707106781187,0.,0.707106781187));
#1837 = PLANE('',#1838);
#1838 = AXIS2_PLACEMENT_3D('',#1839,#1840,#1841);
#1839 = CARTESIAN_POINT('',(40.2,14.,8.));
#1840 = DIRECTION('',(0.707106781187,-0.,0.707106781187));
#1841 = DIRECTION('',(-0.707106781187,0.,0.707106781187));
#1842 = ADVANCED_FACE('',(#1843),#1854,.F.);
#1843 = FACE_BOUND('',#1844,.F.);
#1844 = EDGE_LOOP('',(#1845,#1851,#1852,#1853));
#1845 = ORIENTED_EDGE('',*,*,#1846,.T.);
#1846 = EDGE_CURVE('',#1825,#1768,#1847,.T.);
#1847 = LINE('',#1848,#1849);
#1848 = CARTESIAN_POINT('',(37.4,14.,10.8));
#1849 = VECTOR('',#1850,1.);
#1850 = DIRECTION('',(0.,0.,1.));
#1851 = ORIENTED_EDGE('',*,*,#1784,.T.);
#1852 = ORIENTED_EDGE('',*,*,#1374,.T.);
#1853 = ORIENTED_EDGE('',*,*,#1832,.T.);
#1854 = PLANE('',#1855);
#1855 = AXIS2_PLACEMENT_3D('',#1856,#1857,#1858);
#1856 = CARTESIAN_POINT('',(39.139106272324,14.,10.310050506339));
#1857 = DIRECTION('',(0.,1.,0.));
#1858 = DIRECTION('',(0.,-0.,1.));
#1859 = ADVANCED_FACE('',(#1860),#1885,.F.);
#1860 = FACE_BOUND('',#1861,.F.);
#1861 = EDGE_LOOP('',(#1862,#1872,#1878,#1879));
#1862 = ORIENTED_EDGE('',*,*,#1863,.T.);
#1863 = EDGE_CURVE('',#1864,#1866,#1868,.T.);
#1864 = VERTEX_POINT('',#1865);
#1865 = CARTESIAN_POINT('',(4.6,14.,10.8));
#1866 = VERTEX_POINT('',#1867);
#1867 = CARTESIAN_POINT('',(4.6,40.,10.8));
#1868 = LINE('',#1869,#1870);
#1869 = CARTESIAN_POINT('',(4.6,14.,10.8));
#1870 = VECTOR('',#1871,1.);
#1871 = DIRECTION('',(0.,1.,0.));
#1872 = ORIENTED_EDGE('',*,*,#1873,.T.);
#1873 = EDGE_CURVE('',#1866,#1712,#1874,.T.);
#1874 = LINE('',#1875,#1876);
#1875 = CARTESIAN_POINT('',(4.6,40.,10.8));
#1876 = VECTOR('',#1877,1.);
#1877 = DIRECTION('',(-0.707106781187,0.,-0.707106781187));
#1878 = ORIENTED_EDGE('',*,*,#1709,.F.);
#1879 = ORIENTED_EDGE('',*,*,#1880,.F.);
#1880 = EDGE_CURVE('',#1864,#1710,#1881,.T.);
#1881 = LINE('',#1882,#1883);
#1882 = CARTESIAN_POINT('',(4.6,14.,10.8));
#1883 = VECTOR('',#1884,1.);
#1884 = DIRECTION('',(-0.707106781187,0.,-0.707106781187));
#1885 = PLANE('',#1886);
#1886 = AXIS2_PLACEMENT_3D('',#1887,#1888,#1889);
#1887 = CARTESIAN_POINT('',(4.6,14.,10.8));
#1888 = DIRECTION('',(-0.707106781187,0.,0.707106781187));
#1889 = DIRECTION('',(-0.707106781187,0.,-0.707106781187));
#1890 = ADVANCED_FACE('',(#1891),#1909,.T.);
#1891 = FACE_BOUND('',#1892,.T.);
#1892 = EDGE_LOOP('',(#1893,#1894,#1902,#1908));
#1893 = ORIENTED_EDGE('',*,*,#1735,.T.);
#1894 = ORIENTED_EDGE('',*,*,#1895,.T.);
#1895 = EDGE_CURVE('',#1728,#1896,#1898,.T.);
#1896 = VERTEX_POINT('',#1897);
#1897 = CARTESIAN_POINT('',(4.6,40.,11.8));
#1898 = LINE('',#1899,#1900);
#1899 = CARTESIAN_POINT('',(1.8,40.,11.8));
#1900 = VECTOR('',#1901,1.);
#1901 = DIRECTION('',(1.,0.,0.));
#1902 = ORIENTED_EDGE('',*,*,#1903,.T.);
#1903 = EDGE_CURVE('',#1896,#1866,#1904,.T.);
#1904 = LINE('',#1905,#1906);
#1905 = CARTESIAN_POINT('',(4.6,40.,11.8));
#1906 = VECTOR('',#1907,1.);
#1907 = DIRECTION('',(0.,0.,-1.));
#1908 = ORIENTED_EDGE('',*,*,#1873,.T.);
#1909 = PLANE('',#1910);
#1910 = AXIS2_PLACEMENT_3D('',#1911,#1912,#1913);
#1911 = CARTESIAN_POINT('',(2.860893727676,40.,10.310050506339));
#1912 = DIRECTION('',(0.,1.,0.));
#1913 = DIRECTION('',(0.,-0.,1.));
#1914 = ADVANCED_FACE('',(#1915),#1933,.F.);
#1915 = FACE_BOUND('',#1916,.F.);
#1916 = EDGE_LOOP('',(#1917,#1918,#1919,#1927));
#1917 = ORIENTED_EDGE('',*,*,#1727,.T.);
#1918 = ORIENTED_EDGE('',*,*,#1895,.T.);
#1919 = ORIENTED_EDGE('',*,*,#1920,.F.);
#1920 = EDGE_CURVE('',#1921,#1896,#1923,.T.);
#1921 = VERTEX_POINT('',#1922);
#1922 = CARTESIAN_POINT('',(4.6,14.,11.8));
#1923 = LINE('',#1924,#1925);
#1924 = CARTESIAN_POINT('',(4.6,14.,11.8));
#1925 = VECTOR('',#1926,1.);
#1926 = DIRECTION('',(0.,1.,0.));
#1927 = ORIENTED_EDGE('',*,*,#1928,.F.);
#1928 = EDGE_CURVE('',#1720,#1921,#1929,.T.);
#1929 = LINE('',#1930,#1931);
#1930 = CARTESIAN_POINT('',(1.8,14.,11.8));
#1931 = VECTOR('',#1932,1.);
#1932 = DIRECTION('',(1.,0.,0.));
#1933 = PLANE('',#1934);
#1934 = AXIS2_PLACEMENT_3D('',#1935,#1936,#1937);
#1935 = CARTESIAN_POINT('',(1.8,14.,11.8));
#1936 = DIRECTION('',(0.,0.,-1.));
#1937 = DIRECTION('',(1.,0.,0.));
#1938 = ADVANCED_FACE('',(#1939),#1950,.F.);
#1939 = FACE_BOUND('',#1940,.F.);
#1940 = EDGE_LOOP('',(#1941,#1942,#1943,#1949));
#1941 = ORIENTED_EDGE('',*,*,#1719,.T.);
#1942 = ORIENTED_EDGE('',*,*,#1928,.T.);
#1943 = ORIENTED_EDGE('',*,*,#1944,.T.);
#1944 = EDGE_CURVE('',#1921,#1864,#1945,.T.);
#1945 = LINE('',#1946,#1947);
#1946 = CARTESIAN_POINT('',(4.6,14.,11.8));
#1947 = VECTOR('',#1948,1.);
#1948 = DIRECTION('',(0.,0.,-1.));
#1949 = ORIENTED_EDGE('',*,*,#1880,.T.);
#1950 = PLANE('',#1951);
#1951 = AXIS2_PLACEMENT_3D('',#1952,#1953,#1954);
#1952 = CARTESIAN_POINT('',(2.860893727676,14.,10.310050506339));
#1953 = DIRECTION('',(0.,1.,0.));
#1954 = DIRECTION('',(0.,-0.,1.));
#1955 = ADVANCED_FACE('',(#1956),#1975,.F.);
#1956 = FACE_BOUND('',#1957,.F.);
#1957 = EDGE_LOOP('',(#1958,#1959,#1960,#1961,#1969));
#1958 = ORIENTED_EDGE('',*,*,#1182,.F.);
#1959 = ORIENTED_EDGE('',*,*,#825,.T.);
#1960 = ORIENTED_EDGE('',*,*,#1257,.T.);
#1961 = ORIENTED_EDGE('',*,*,#1962,.T.);
#1962 = EDGE_CURVE('',#1247,#1963,#1965,.T.);
#1963 = VERTEX_POINT('',#1964);
#1964 = CARTESIAN_POINT('',(7.,6.6,10.8));
#1965 = LINE('',#1966,#1967);
#1966 = CARTESIAN_POINT('',(7.,1.8,10.8));
#1967 = VECTOR('',#1968,1.);
#1968 = DIRECTION('',(-0.,1.,0.));
#1969 = ORIENTED_EDGE('',*,*,#1970,.T.);
#1970 = EDGE_CURVE('',#1963,#1183,#1971,.T.);
#1971 = LINE('',#1972,#1973);
#1972 = CARTESIAN_POINT('',(7.,6.6,10.8));
#1973 = VECTOR('',#1974,1.);
#1974 = DIRECTION('',(0.,0.,1.));
#1975 = PLANE('',#1976);
#1976 = AXIS2_PLACEMENT_3D('',#1977,#1978,#1979);
#1977 = CARTESIAN_POINT('',(7.,1.8,10.8));
#1978 = DIRECTION('',(1.,0.,-0.));
#1979 = DIRECTION('',(0.,0.,1.));
#1980 = ADVANCED_FACE('',(#1981),#2006,.F.);
#1981 = FACE_BOUND('',#1982,.F.);
#1982 = EDGE_LOOP('',(#1983,#1991,#1992,#2000));
#1983 = ORIENTED_EDGE('',*,*,#1984,.F.);
#1984 = EDGE_CURVE('',#1062,#1985,#1987,.T.);
#1985 = VERTEX_POINT('',#1986);
#1986 = CARTESIAN_POINT('',(5.5,6.5,10.8));
#1987 = LINE('',#1988,#1989);
#1988 = CARTESIAN_POINT('',(5.5,6.5,0.));
#1989 = VECTOR('',#1990,1.);
#1990 = DIRECTION('',(0.,0.,1.));
#1991 = ORIENTED_EDGE('',*,*,#1070,.T.);
#1992 = ORIENTED_EDGE('',*,*,#1993,.T.);
#1993 = EDGE_CURVE('',#1016,#1994,#1996,.T.);
#1994 = VERTEX_POINT('',#1995);
#1995 = CARTESIAN_POINT('',(5.5,7.390946349359,10.8));
#1996 = LINE('',#1997,#1998);
#1997 = CARTESIAN_POINT('',(5.5,7.390946349359,1.8));
#1998 = VECTOR('',#1999,1.);
#1999 = DIRECTION('',(0.,0.,1.));
#2000 = ORIENTED_EDGE('',*,*,#2001,.T.);
#2001 = EDGE_CURVE('',#1994,#1985,#2002,.T.);
#2002 = LINE('',#2003,#2004);
#2003 = CARTESIAN_POINT('',(5.5,37.5,10.8));
#2004 = VECTOR('',#2005,1.);
#2005 = DIRECTION('',(0.,-1.,0.));
#2006 = PLANE('',#2007);
#2007 = AXIS2_PLACEMENT_3D('',#2008,#2009,#2010);
#2008 = CARTESIAN_POINT('',(5.5,37.5,0.));
#2009 = DIRECTION('',(1.,0.,-0.));
#2010 = DIRECTION('',(0.,-1.,0.));
#2011 = ADVANCED_FACE('',(#2012),#2030,.T.);
#2012 = FACE_BOUND('',#2013,.F.);
#2013 = EDGE_LOOP('',(#2014,#2015,#2016,#2023,#2024));
#2014 = ORIENTED_EDGE('',*,*,#1061,.T.);
#2015 = ORIENTED_EDGE('',*,*,#1984,.T.);
#2016 = ORIENTED_EDGE('',*,*,#2017,.T.);
#2017 = EDGE_CURVE('',#1985,#1247,#2018,.T.);
#2018 = CIRCLE('',#2019,3.);
#2019 = AXIS2_PLACEMENT_3D('',#2020,#2021,#2022);
#2020 = CARTESIAN_POINT('',(8.5,6.5,10.8));
#2021 = DIRECTION('',(0.,0.,1.));
#2022 = DIRECTION('',(-1.,0.,0.));
#2023 = ORIENTED_EDGE('',*,*,#1246,.T.);
#2024 = ORIENTED_EDGE('',*,*,#2025,.F.);
#2025 = EDGE_CURVE('',#1054,#1249,#2026,.T.);
#2026 = LINE('',#2027,#2028);
#2027 = CARTESIAN_POINT('',(8.5,3.5,0.));
#2028 = VECTOR('',#2029,1.);
#2029 = DIRECTION('',(0.,0.,1.));
#2030 = CYLINDRICAL_SURFACE('',#2031,3.);
#2031 = AXIS2_PLACEMENT_3D('',#2032,#2033,#2034);
#2032 = CARTESIAN_POINT('',(8.5,6.5,0.));
#2033 = DIRECTION('',(-0.,-0.,-1.));
#2034 = DIRECTION('',(-1.,0.,0.));
#2035 = ADVANCED_FACE('',(#2036),#2054,.F.);
#2036 = FACE_BOUND('',#2037,.F.);
#2037 = EDGE_LOOP('',(#2038,#2039,#2040,#2041,#2047,#2048));
#2038 = ORIENTED_EDGE('',*,*,#1053,.T.);
#2039 = ORIENTED_EDGE('',*,*,#2025,.T.);
#2040 = ORIENTED_EDGE('',*,*,#1266,.T.);
#2041 = ORIENTED_EDGE('',*,*,#2042,.T.);
#2042 = EDGE_CURVE('',#1216,#1085,#2043,.T.);
#2043 = LINE('',#2044,#2045);
#2044 = CARTESIAN_POINT('',(8.5,3.5,10.8));
#2045 = VECTOR('',#2046,1.);
#2046 = DIRECTION('',(1.,0.,0.));
#2047 = ORIENTED_EDGE('',*,*,#1111,.T.);
#2048 = ORIENTED_EDGE('',*,*,#2049,.F.);
#2049 = EDGE_CURVE('',#1045,#1103,#2050,.T.);
#2050 = LINE('',#2051,#2052);
#2051 = CARTESIAN_POINT('',(33.5,3.5,0.));
#2052 = VECTOR('',#2053,1.);
#2053 = DIRECTION('',(0.,0.,1.));
#2054 = PLANE('',#2055);
#2055 = AXIS2_PLACEMENT_3D('',#2056,#2057,#2058);
#2056 = CARTESIAN_POINT('',(8.5,3.5,0.));
#2057 = DIRECTION('',(0.,1.,0.));
#2058 = DIRECTION('',(1.,0.,0.));
#2059 = ADVANCED_FACE('',(#2060),#2080,.T.);
#2060 = FACE_BOUND('',#2061,.F.);
#2061 = EDGE_LOOP('',(#2062,#2063,#2064,#2065,#2074));
#2062 = ORIENTED_EDGE('',*,*,#1044,.T.);
#2063 = ORIENTED_EDGE('',*,*,#2049,.T.);
#2064 = ORIENTED_EDGE('',*,*,#1102,.T.);
#2065 = ORIENTED_EDGE('',*,*,#2066,.T.);
#2066 = EDGE_CURVE('',#1095,#2067,#2069,.T.);
#2067 = VERTEX_POINT('',#2068);
#2068 = CARTESIAN_POINT('',(36.5,6.5,10.8));
#2069 = CIRCLE('',#2070,3.);
#2070 = AXIS2_PLACEMENT_3D('',#2071,#2072,#2073);
#2071 = CARTESIAN_POINT('',(33.5,6.5,10.8));
#2072 = DIRECTION('',(0.,0.,1.));
#2073 = DIRECTION('',(-2.368475785867E-15,-1.,0.));
#2074 = ORIENTED_EDGE('',*,*,#2075,.F.);
#2075 = EDGE_CURVE('',#1037,#2067,#2076,.T.);
#2076 = LINE('',#2077,#2078);
#2077 = CARTESIAN_POINT('',(36.5,6.5,0.));
#2078 = VECTOR('',#2079,1.);
#2079 = DIRECTION('',(0.,0.,1.));
#2080 = CYLINDRICAL_SURFACE('',#2081,3.);
#2081 = AXIS2_PLACEMENT_3D('',#2082,#2083,#2084);
#2082 = CARTESIAN_POINT('',(33.5,6.5,0.));
#2083 = DIRECTION('',(-0.,-0.,-1.));
#2084 = DIRECTION('',(-2.368475785867E-15,-1.,0.));
#2085 = ADVANCED_FACE('',(#2086),#2097,.F.);
#2086 = FACE_BOUND('',#2087,.F.);
#2087 = EDGE_LOOP('',(#2088,#2089,#2090,#2091));
#2088 = ORIENTED_EDGE('',*,*,#1323,.F.);
#2089 = ORIENTED_EDGE('',*,*,#1036,.T.);
#2090 = ORIENTED_EDGE('',*,*,#2075,.T.);
#2091 = ORIENTED_EDGE('',*,*,#2092,.T.);
#2092 = EDGE_CURVE('',#2067,#1315,#2093,.T.);
#2093 = LINE('',#2094,#2095);
#2094 = CARTESIAN_POINT('',(36.5,6.5,10.8));
#2095 = VECTOR('',#2096,1.);
#2096 = DIRECTION('',(0.,1.,0.));
#2097 = PLANE('',#2098);
#2098 = AXIS2_PLACEMENT_3D('',#2099,#2100,#2101);
#2099 = CARTESIAN_POINT('',(36.5,6.5,0.));
#2100 = DIRECTION('',(-1.,0.,0.));
#2101 = DIRECTION('',(0.,1.,0.));
#2102 = ADVANCED_FACE('',(#2103),#2114,.T.);
#2103 = FACE_BOUND('',#2104,.T.);
#2104 = EDGE_LOOP('',(#2105,#2111,#2112,#2113));
#2105 = ORIENTED_EDGE('',*,*,#2106,.F.);
#2106 = EDGE_CURVE('',#1128,#1408,#2107,.T.);
#2107 = LINE('',#2108,#2109);
#2108 = CARTESIAN_POINT('',(30.,6.6,10.8));
#2109 = VECTOR('',#2110,1.);
#2110 = DIRECTION('',(1.,0.,-0.));
#2111 = ORIENTED_EDGE('',*,*,#1135,.T.);
#2112 = ORIENTED_EDGE('',*,*,#1168,.T.);
#2113 = ORIENTED_EDGE('',*,*,#1415,.F.);
#2114 = PLANE('',#2115);
#2115 = AXIS2_PLACEMENT_3D('',#2116,#2117,#2118);
#2116 = CARTESIAN_POINT('',(30.,6.6,10.8));
#2117 = DIRECTION('',(-0.,1.,0.));
#2118 = DIRECTION('',(0.,0.,1.));
#2119 = ADVANCED_FACE('',(#2120,#2197,#2231),#2265,.T.);
#2120 = FACE_BOUND('',#2121,.T.);
#2121 = EDGE_LOOP('',(#2122,#2131,#2132,#2133,#2134,#2140,#2141,#2142,
    #2143,#2144,#2145,#2146,#2147,#2148,#2156,#2165,#2173,#2182,#2190));
#2122 = ORIENTED_EDGE('',*,*,#2123,.F.);
#2123 = EDGE_CURVE('',#1994,#2124,#2126,.T.);
#2124 = VERTEX_POINT('',#2125);
#2125 = CARTESIAN_POINT('',(5.8,8.5,10.8));
#2126 = CIRCLE('',#2127,2.2);
#2127 = AXIS2_PLACEMENT_3D('',#2128,#2129,#2130);
#2128 = CARTESIAN_POINT('',(3.6,8.5,10.8));
#2129 = DIRECTION('',(0.,0.,1.));
#2130 = DIRECTION('',(1.,0.,-0.));
#2131 = ORIENTED_EDGE('',*,*,#2001,.T.);
#2132 = ORIENTED_EDGE('',*,*,#2017,.T.);
#2133 = ORIENTED_EDGE('',*,*,#1962,.T.);
#2134 = ORIENTED_EDGE('',*,*,#2135,.T.);
#2135 = EDGE_CURVE('',#1963,#1224,#2136,.T.);
#2136 = LINE('',#2137,#2138);
#2137 = CARTESIAN_POINT('',(7.,6.6,10.8));
#2138 = VECTOR('',#2139,1.);
#2139 = DIRECTION('',(1.,0.,-0.));
#2140 = ORIENTED_EDGE('',*,*,#1223,.F.);
#2141 = ORIENTED_EDGE('',*,*,#2042,.T.);
#2142 = ORIENTED_EDGE('',*,*,#1127,.T.);
#2143 = ORIENTED_EDGE('',*,*,#2106,.T.);
#2144 = ORIENTED_EDGE('',*,*,#1407,.F.);
#2145 = ORIENTED_EDGE('',*,*,#2066,.T.);
#2146 = ORIENTED_EDGE('',*,*,#2092,.T.);
#2147 = ORIENTED_EDGE('',*,*,#1314,.F.);
#2148 = ORIENTED_EDGE('',*,*,#2149,.T.);
#2149 = EDGE_CURVE('',#1307,#2150,#2152,.T.);
#2150 = VERTEX_POINT('',#2151);
#2151 = CARTESIAN_POINT('',(36.5,37.5,10.8));
#2152 = LINE('',#2153,#2154);
#2153 = CARTESIAN_POINT('',(36.5,6.5,10.8));
#2154 = VECTOR('',#2155,1.);
#2155 = DIRECTION('',(0.,1.,0.));
#2156 = ORIENTED_EDGE('',*,*,#2157,.T.);
#2157 = EDGE_CURVE('',#2150,#2158,#2160,.T.);
#2158 = VERTEX_POINT('',#2159);
#2159 = CARTESIAN_POINT('',(33.5,40.5,10.8));
#2160 = CIRCLE('',#2161,3.);
#2161 = AXIS2_PLACEMENT_3D('',#2162,#2163,#2164);
#2162 = CARTESIAN_POINT('',(33.5,37.5,10.8));
#2163 = DIRECTION('',(0.,0.,1.));
#2164 = DIRECTION('',(1.,-4.736951571734E-15,0.));
#2165 = ORIENTED_EDGE('',*,*,#2166,.T.);
#2166 = EDGE_CURVE('',#2158,#2167,#2169,.T.);
#2167 = VERTEX_POINT('',#2168);
#2168 = CARTESIAN_POINT('',(8.5,40.5,10.8));
#2169 = LINE('',#2170,#2171);
#2170 = CARTESIAN_POINT('',(33.5,40.5,10.8));
#2171 = VECTOR('',#2172,1.);
#2172 = DIRECTION('',(-1.,0.,0.));
#2173 = ORIENTED_EDGE('',*,*,#2174,.T.);
#2174 = EDGE_CURVE('',#2167,#2175,#2177,.T.);
#2175 = VERTEX_POINT('',#2176);
#2176 = CARTESIAN_POINT('',(5.5,37.5,10.8));
#2177 = CIRCLE('',#2178,3.);
#2178 = AXIS2_PLACEMENT_3D('',#2179,#2180,#2181);
#2179 = CARTESIAN_POINT('',(8.5,37.5,10.8));
#2180 = DIRECTION('',(0.,0.,1.));
#2181 = DIRECTION('',(1.184237892934E-15,1.,-0.));
#2182 = ORIENTED_EDGE('',*,*,#2183,.T.);
#2183 = EDGE_CURVE('',#2175,#2184,#2186,.T.);
#2184 = VERTEX_POINT('',#2185);
#2185 = CARTESIAN_POINT('',(5.5,9.609053650641,10.8));
#2186 = LINE('',#2187,#2188);
#2187 = CARTESIAN_POINT('',(5.5,37.5,10.8));
#2188 = VECTOR('',#2189,1.);
#2189 = DIRECTION('',(0.,-1.,0.));
#2190 = ORIENTED_EDGE('',*,*,#2191,.F.);
#2191 = EDGE_CURVE('',#2124,#2184,#2192,.T.);
#2192 = CIRCLE('',#2193,2.2);
#2193 = AXIS2_PLACEMENT_3D('',#2194,#2195,#2196);
#2194 = CARTESIAN_POINT('',(3.6,8.5,10.8));
#2195 = DIRECTION('',(0.,0.,1.));
#2196 = DIRECTION('',(1.,0.,-0.));
#2197 = FACE_BOUND('',#2198,.T.);
#2198 = EDGE_LOOP('',(#2199,#2209,#2217,#2225));
#2199 = ORIENTED_EDGE('',*,*,#2200,.T.);
#2200 = EDGE_CURVE('',#2201,#2203,#2205,.T.);
#2201 = VERTEX_POINT('',#2202);
#2202 = CARTESIAN_POINT('',(35.2,19.3,10.8));
#2203 = VERTEX_POINT('',#2204);
#2204 = CARTESIAN_POINT('',(22.8,19.3,10.8));
#2205 = LINE('',#2206,#2207);
#2206 = CARTESIAN_POINT('',(21.9,19.3,10.8));
#2207 = VECTOR('',#2208,1.);
#2208 = DIRECTION('',(-1.,-0.,0.));
#2209 = ORIENTED_EDGE('',*,*,#2210,.T.);
#2210 = EDGE_CURVE('',#2203,#2211,#2213,.T.);
#2211 = VERTEX_POINT('',#2212);
#2212 = CARTESIAN_POINT('',(22.8,23.7,10.8));
#2213 = LINE('',#2214,#2215);
#2214 = CARTESIAN_POINT('',(22.8,20.65,10.8));
#2215 = VECTOR('',#2216,1.);
#2216 = DIRECTION('',(-0.,1.,0.));
#2217 = ORIENTED_EDGE('',*,*,#2218,.F.);
#2218 = EDGE_CURVE('',#2219,#2211,#2221,.T.);
#2219 = VERTEX_POINT('',#2220);
#2220 = CARTESIAN_POINT('',(35.2,23.7,10.8));
#2221 = LINE('',#2222,#2223);
#2222 = CARTESIAN_POINT('',(21.9,23.7,10.8));
#2223 = VECTOR('',#2224,1.);
#2224 = DIRECTION('',(-1.,-0.,0.));
#2225 = ORIENTED_EDGE('',*,*,#2226,.F.);
#2226 = EDGE_CURVE('',#2201,#2219,#2227,.T.);
#2227 = LINE('',#2228,#2229);
#2228 = CARTESIAN_POINT('',(35.2,20.65,10.8));
#2229 = VECTOR('',#2230,1.);
#2230 = DIRECTION('',(-0.,1.,0.));
#2231 = FACE_BOUND('',#2232,.T.);
#2232 = EDGE_LOOP('',(#2233,#2243,#2251,#2259));
#2233 = ORIENTED_EDGE('',*,*,#2234,.T.);
#2234 = EDGE_CURVE('',#2235,#2237,#2239,.T.);
#2235 = VERTEX_POINT('',#2236);
#2236 = CARTESIAN_POINT('',(25.5,25.,10.8));
#2237 = VERTEX_POINT('',#2238);
#2238 = CARTESIAN_POINT('',(16.5,25.,10.8));
#2239 = LINE('',#2240,#2241);
#2240 = CARTESIAN_POINT('',(18.75,25.,10.8));
#2241 = VECTOR('',#2242,1.);
#2242 = DIRECTION('',(-1.,-0.,0.));
#2243 = ORIENTED_EDGE('',*,*,#2244,.T.);
#2244 = EDGE_CURVE('',#2237,#2245,#2247,.T.);
#2245 = VERTEX_POINT('',#2246);
#2246 = CARTESIAN_POINT('',(16.5,31.,10.8));
#2247 = LINE('',#2248,#2249);
#2248 = CARTESIAN_POINT('',(16.5,23.5,10.8));
#2249 = VECTOR('',#2250,1.);
#2250 = DIRECTION('',(-0.,1.,0.));
#2251 = ORIENTED_EDGE('',*,*,#2252,.F.);
#2252 = EDGE_CURVE('',#2253,#2245,#2255,.T.);
#2253 = VERTEX_POINT('',#2254);
#2254 = CARTESIAN_POINT('',(25.5,31.,10.8));
#2255 = LINE('',#2256,#2257);
#2256 = CARTESIAN_POINT('',(18.75,31.,10.8));
#2257 = VECTOR('',#2258,1.);
#2258 = DIRECTION('',(-1.,-0.,0.));
#2259 = ORIENTED_EDGE('',*,*,#2260,.F.);
#2260 = EDGE_CURVE('',#2235,#2253,#2261,.T.);
#2261 = LINE('',#2262,#2263);
#2262 = CARTESIAN_POINT('',(25.5,23.5,10.8));
#2263 = VECTOR('',#2264,1.);
#2264 = DIRECTION('',(-0.,1.,0.));
#2265 = PLANE('',#2266);
#2266 = AXIS2_PLACEMENT_3D('',#2267,#2268,#2269);
#2267 = CARTESIAN_POINT('',(21.,22.,10.8));
#2268 = DIRECTION('',(0.,0.,1.));
#2269 = DIRECTION('',(1.,0.,-0.));
#2270 = ADVANCED_FACE('',(#2271),#2277,.T.);
#2271 = FACE_BOUND('',#2272,.T.);
#2272 = EDGE_LOOP('',(#2273,#2274,#2275,#2276));
#2273 = ORIENTED_EDGE('',*,*,#2135,.F.);
#2274 = ORIENTED_EDGE('',*,*,#1970,.T.);
#2275 = ORIENTED_EDGE('',*,*,#1200,.T.);
#2276 = ORIENTED_EDGE('',*,*,#1231,.F.);
#2277 = PLANE('',#2278);
#2278 = AXIS2_PLACEMENT_3D('',#2279,#2280,#2281);
#2279 = CARTESIAN_POINT('',(7.,6.6,10.8));
#2280 = DIRECTION('',(-0.,1.,0.));
#2281 = DIRECTION('',(0.,0.,1.));
#2282 = ADVANCED_FACE('',(#2283),#2294,.F.);
#2283 = FACE_BOUND('',#2284,.F.);
#2284 = EDGE_LOOP('',(#2285,#2291,#2292,#2293));
#2285 = ORIENTED_EDGE('',*,*,#2286,.F.);
#2286 = EDGE_CURVE('',#1559,#2150,#2287,.T.);
#2287 = LINE('',#2288,#2289);
#2288 = CARTESIAN_POINT('',(36.5,37.5,0.));
#2289 = VECTOR('',#2290,1.);
#2290 = DIRECTION('',(0.,0.,1.));
#2291 = ORIENTED_EDGE('',*,*,#1567,.T.);
#2292 = ORIENTED_EDGE('',*,*,#1306,.T.);
#2293 = ORIENTED_EDGE('',*,*,#2149,.T.);
#2294 = PLANE('',#2295);
#2295 = AXIS2_PLACEMENT_3D('',#2296,#2297,#2298);
#2296 = CARTESIAN_POINT('',(36.5,6.5,0.));
#2297 = DIRECTION('',(-1.,0.,0.));
#2298 = DIRECTION('',(0.,1.,0.));
#2299 = ADVANCED_FACE('',(#2300),#2311,.T.);
#2300 = FACE_BOUND('',#2301,.F.);
#2301 = EDGE_LOOP('',(#2302,#2303,#2304,#2305));
#2302 = ORIENTED_EDGE('',*,*,#1558,.T.);
#2303 = ORIENTED_EDGE('',*,*,#2286,.T.);
#2304 = ORIENTED_EDGE('',*,*,#2157,.T.);
#2305 = ORIENTED_EDGE('',*,*,#2306,.F.);
#2306 = EDGE_CURVE('',#1551,#2158,#2307,.T.);
#2307 = LINE('',#2308,#2309);
#2308 = CARTESIAN_POINT('',(33.5,40.5,0.));
#2309 = VECTOR('',#2310,1.);
#2310 = DIRECTION('',(0.,0.,1.));
#2311 = CYLINDRICAL_SURFACE('',#2312,3.);
#2312 = AXIS2_PLACEMENT_3D('',#2313,#2314,#2315);
#2313 = CARTESIAN_POINT('',(33.5,37.5,0.));
#2314 = DIRECTION('',(-0.,-0.,-1.));
#2315 = DIRECTION('',(1.,-4.736951571734E-15,0.));
#2316 = ADVANCED_FACE('',(#2317),#2351,.F.);
#2317 = FACE_BOUND('',#2318,.F.);
#2318 = EDGE_LOOP('',(#2319,#2325,#2326,#2334,#2342,#2348,#2349,#2350));
#2319 = ORIENTED_EDGE('',*,*,#2320,.F.);
#2320 = EDGE_CURVE('',#1510,#2167,#2321,.T.);
#2321 = LINE('',#2322,#2323);
#2322 = CARTESIAN_POINT('',(8.5,40.5,0.));
#2323 = VECTOR('',#2324,1.);
#2324 = DIRECTION('',(0.,0.,1.));
#2325 = ORIENTED_EDGE('',*,*,#1518,.T.);
#2326 = ORIENTED_EDGE('',*,*,#2327,.T.);
#2327 = EDGE_CURVE('',#1519,#2328,#2330,.T.);
#2328 = VERTEX_POINT('',#2329);
#2329 = CARTESIAN_POINT('',(17.,40.5,9.));
#2330 = LINE('',#2331,#2332);
#2331 = CARTESIAN_POINT('',(17.,40.5,0.));
#2332 = VECTOR('',#2333,1.);
#2333 = DIRECTION('',(0.,0.,1.));
#2334 = ORIENTED_EDGE('',*,*,#2335,.F.);
#2335 = EDGE_CURVE('',#2336,#2328,#2338,.T.);
#2336 = VERTEX_POINT('',#2337);
#2337 = CARTESIAN_POINT('',(25.,40.5,9.));
#2338 = LINE('',#2339,#2340);
#2339 = CARTESIAN_POINT('',(25.25,40.5,9.));
#2340 = VECTOR('',#2341,1.);
#2341 = DIRECTION('',(-1.,0.,0.));
#2342 = ORIENTED_EDGE('',*,*,#2343,.F.);
#2343 = EDGE_CURVE('',#1543,#2336,#2344,.T.);
#2344 = LINE('',#2345,#2346);
#2345 = CARTESIAN_POINT('',(25.,40.5,0.));
#2346 = VECTOR('',#2347,1.);
#2347 = DIRECTION('',(0.,0.,1.));
#2348 = ORIENTED_EDGE('',*,*,#1550,.T.);
#2349 = ORIENTED_EDGE('',*,*,#2306,.T.);
#2350 = ORIENTED_EDGE('',*,*,#2166,.T.);
#2351 = PLANE('',#2352);
#2352 = AXIS2_PLACEMENT_3D('',#2353,#2354,#2355);
#2353 = CARTESIAN_POINT('',(33.5,40.5,0.));
#2354 = DIRECTION('',(0.,-1.,0.));
#2355 = DIRECTION('',(-1.,0.,0.));
#2356 = ADVANCED_FACE('',(#2357),#2375,.T.);
#2357 = FACE_BOUND('',#2358,.T.);
#2358 = EDGE_LOOP('',(#2359,#2367,#2368,#2369));
#2359 = ORIENTED_EDGE('',*,*,#2360,.F.);
#2360 = EDGE_CURVE('',#2336,#2361,#2363,.T.);
#2361 = VERTEX_POINT('',#2362);
#2362 = CARTESIAN_POINT('',(25.,44.4,9.));
#2363 = LINE('',#2364,#2365);
#2364 = CARTESIAN_POINT('',(25.,39.4,9.));
#2365 = VECTOR('',#2366,1.);
#2366 = DIRECTION('',(-0.,1.,0.));
#2367 = ORIENTED_EDGE('',*,*,#2343,.F.);
#2368 = ORIENTED_EDGE('',*,*,#1542,.T.);
#2369 = ORIENTED_EDGE('',*,*,#2370,.T.);
#2370 = EDGE_CURVE('',#1535,#2361,#2371,.T.);
#2371 = LINE('',#2372,#2373);
#2372 = CARTESIAN_POINT('',(25.,44.4,0.));
#2373 = VECTOR('',#2374,1.);
#2374 = DIRECTION('',(0.,0.,1.));
#2375 = PLANE('',#2376);
#2376 = AXIS2_PLACEMENT_3D('',#2377,#2378,#2379);
#2377 = CARTESIAN_POINT('',(25.,39.4,0.));
#2378 = DIRECTION('',(1.,0.,-0.));
#2379 = DIRECTION('',(0.,0.,1.));
#2380 = ADVANCED_FACE('',(#2381),#2399,.T.);
#2381 = FACE_BOUND('',#2382,.T.);
#2382 = EDGE_LOOP('',(#2383,#2384,#2392,#2398));
#2383 = ORIENTED_EDGE('',*,*,#1534,.T.);
#2384 = ORIENTED_EDGE('',*,*,#2385,.T.);
#2385 = EDGE_CURVE('',#1527,#2386,#2388,.T.);
#2386 = VERTEX_POINT('',#2387);
#2387 = CARTESIAN_POINT('',(17.,44.4,9.));
#2388 = LINE('',#2389,#2390);
#2389 = CARTESIAN_POINT('',(17.,44.4,0.));
#2390 = VECTOR('',#2391,1.);
#2391 = DIRECTION('',(0.,0.,1.));
#2392 = ORIENTED_EDGE('',*,*,#2393,.T.);
#2393 = EDGE_CURVE('',#2386,#2361,#2394,.T.);
#2394 = LINE('',#2395,#2396);
#2395 = CARTESIAN_POINT('',(17.,44.4,9.));
#2396 = VECTOR('',#2397,1.);
#2397 = DIRECTION('',(1.,0.,-0.));
#2398 = ORIENTED_EDGE('',*,*,#2370,.F.);
#2399 = PLANE('',#2400);
#2400 = AXIS2_PLACEMENT_3D('',#2401,#2402,#2403);
#2401 = CARTESIAN_POINT('',(17.,44.4,0.));
#2402 = DIRECTION('',(-0.,1.,0.));
#2403 = DIRECTION('',(0.,0.,1.));
#2404 = ADVANCED_FACE('',(#2405),#2416,.F.);
#2405 = FACE_BOUND('',#2406,.F.);
#2406 = EDGE_LOOP('',(#2407,#2413,#2414,#2415));
#2407 = ORIENTED_EDGE('',*,*,#2408,.F.);
#2408 = EDGE_CURVE('',#2328,#2386,#2409,.T.);
#2409 = LINE('',#2410,#2411);
#2410 = CARTESIAN_POINT('',(17.,39.4,9.));
#2411 = VECTOR('',#2412,1.);
#2412 = DIRECTION('',(-0.,1.,0.));
#2413 = ORIENTED_EDGE('',*,*,#2327,.F.);
#2414 = ORIENTED_EDGE('',*,*,#1526,.T.);
#2415 = ORIENTED_EDGE('',*,*,#2385,.T.);
#2416 = PLANE('',#2417);
#2417 = AXIS2_PLACEMENT_3D('',#2418,#2419,#2420);
#2418 = CARTESIAN_POINT('',(17.,39.4,0.));
#2419 = DIRECTION('',(1.,0.,-0.));
#2420 = DIRECTION('',(0.,0.,1.));
#2421 = ADVANCED_FACE('',(#2422),#2433,.T.);
#2422 = FACE_BOUND('',#2423,.F.);
#2423 = EDGE_LOOP('',(#2424,#2425,#2426,#2427));
#2424 = ORIENTED_EDGE('',*,*,#1509,.T.);
#2425 = ORIENTED_EDGE('',*,*,#2320,.T.);
#2426 = ORIENTED_EDGE('',*,*,#2174,.T.);
#2427 = ORIENTED_EDGE('',*,*,#2428,.F.);
#2428 = EDGE_CURVE('',#1502,#2175,#2429,.T.);
#2429 = LINE('',#2430,#2431);
#2430 = CARTESIAN_POINT('',(5.5,37.5,0.));
#2431 = VECTOR('',#2432,1.);
#2432 = DIRECTION('',(0.,0.,1.));
#2433 = CYLINDRICAL_SURFACE('',#2434,3.);
#2434 = AXIS2_PLACEMENT_3D('',#2435,#2436,#2437);
#2435 = CARTESIAN_POINT('',(8.5,37.5,0.));
#2436 = DIRECTION('',(-0.,-0.,-1.));
#2437 = DIRECTION('',(1.184237892934E-15,1.,-0.));
#2438 = ADVANCED_FACE('',(#2439),#2450,.F.);
#2439 = FACE_BOUND('',#2440,.F.);
#2440 = EDGE_LOOP('',(#2441,#2447,#2448,#2449));
#2441 = ORIENTED_EDGE('',*,*,#2442,.F.);
#2442 = EDGE_CURVE('',#1493,#2184,#2443,.T.);
#2443 = LINE('',#2444,#2445);
#2444 = CARTESIAN_POINT('',(5.5,9.609053650641,1.8));
#2445 = VECTOR('',#2446,1.);
#2446 = DIRECTION('',(0.,0.,1.));
#2447 = ORIENTED_EDGE('',*,*,#1501,.T.);
#2448 = ORIENTED_EDGE('',*,*,#2428,.T.);
#2449 = ORIENTED_EDGE('',*,*,#2183,.T.);
#2450 = PLANE('',#2451);
#2451 = AXIS2_PLACEMENT_3D('',#2452,#2453,#2454);
#2452 = CARTESIAN_POINT('',(5.5,37.5,0.));
#2453 = DIRECTION('',(1.,0.,-0.));
#2454 = DIRECTION('',(0.,-1.,0.));
#2455 = ADVANCED_FACE('',(#2456),#2475,.T.);
#2456 = FACE_BOUND('',#2457,.T.);
#2457 = EDGE_LOOP('',(#2458,#2467,#2473,#2474));
#2458 = ORIENTED_EDGE('',*,*,#2459,.F.);
#2459 = EDGE_CURVE('',#2460,#2460,#2462,.T.);
#2460 = VERTEX_POINT('',#2461);
#2461 = CARTESIAN_POINT('',(11.4,49.,11.8));
#2462 = CIRCLE('',#2463,2.4);
#2463 = AXIS2_PLACEMENT_3D('',#2464,#2465,#2466);
#2464 = CARTESIAN_POINT('',(9.,49.,11.8));
#2465 = DIRECTION('',(0.,0.,1.));
#2466 = DIRECTION('',(1.,0.,-0.));
#2467 = ORIENTED_EDGE('',*,*,#2468,.F.);
#2468 = EDGE_CURVE('',#1576,#2460,#2469,.T.);
#2469 = LINE('',#2470,#2471);
#2470 = CARTESIAN_POINT('',(11.4,49.,1.8));
#2471 = VECTOR('',#2472,1.);
#2472 = DIRECTION('',(0.,0.,1.));
#2473 = ORIENTED_EDGE('',*,*,#1575,.T.);
#2474 = ORIENTED_EDGE('',*,*,#2468,.T.);
#2475 = CYLINDRICAL_SURFACE('',#2476,2.4);
#2476 = AXIS2_PLACEMENT_3D('',#2477,#2478,#2479);
#2477 = CARTESIAN_POINT('',(9.,49.,1.8));
#2478 = DIRECTION('',(0.,0.,1.));
#2479 = DIRECTION('',(1.,0.,-0.));
#2480 = ADVANCED_FACE('',(#2481),#2500,.T.);
#2481 = FACE_BOUND('',#2482,.T.);
#2482 = EDGE_LOOP('',(#2483,#2492,#2498,#2499));
#2483 = ORIENTED_EDGE('',*,*,#2484,.F.);
#2484 = EDGE_CURVE('',#2485,#2485,#2487,.T.);
#2485 = VERTEX_POINT('',#2486);
#2486 = CARTESIAN_POINT('',(35.4,49.,11.8));
#2487 = CIRCLE('',#2488,2.4);
#2488 = AXIS2_PLACEMENT_3D('',#2489,#2490,#2491);
#2489 = CARTESIAN_POINT('',(33.,49.,11.8));
#2490 = DIRECTION('',(0.,0.,1.));
#2491 = DIRECTION('',(1.,0.,-0.));
#2492 = ORIENTED_EDGE('',*,*,#2493,.F.);
#2493 = EDGE_CURVE('',#1587,#2485,#2494,.T.);
#2494 = LINE('',#2495,#2496);
#2495 = CARTESIAN_POINT('',(35.4,49.,1.8));
#2496 = VECTOR('',#2497,1.);
#2497 = DIRECTION('',(0.,0.,1.));
#2498 = ORIENTED_EDGE('',*,*,#1586,.T.);
#2499 = ORIENTED_EDGE('',*,*,#2493,.T.);
#2500 = CYLINDRICAL_SURFACE('',#2501,2.4);
#2501 = AXIS2_PLACEMENT_3D('',#2502,#2503,#2504);
#2502 = CARTESIAN_POINT('',(33.,49.,1.8));
#2503 = DIRECTION('',(0.,0.,1.));
#2504 = DIRECTION('',(1.,0.,-0.));
#2505 = ADVANCED_FACE('',(#2506),#2512,.F.);
#2506 = FACE_BOUND('',#2507,.F.);
#2507 = EDGE_LOOP('',(#2508,#2509,#2510,#2511));
#2508 = ORIENTED_EDGE('',*,*,#1824,.T.);
#2509 = ORIENTED_EDGE('',*,*,#1798,.T.);
#2510 = ORIENTED_EDGE('',*,*,#1767,.F.);
#2511 = ORIENTED_EDGE('',*,*,#1846,.F.);
#2512 = PLANE('',#2513);
#2513 = AXIS2_PLACEMENT_3D('',#2514,#2515,#2516);
#2514 = CARTESIAN_POINT('',(37.4,14.,10.8));
#2515 = DIRECTION('',(1.,0.,0.));
#2516 = DIRECTION('',(0.,0.,1.));
#2517 = ADVANCED_FACE('',(#2518),#2524,.F.);
#2518 = FACE_BOUND('',#2519,.F.);
#2519 = EDGE_LOOP('',(#2520,#2521,#2522,#2523));
#2520 = ORIENTED_EDGE('',*,*,#1920,.T.);
#2521 = ORIENTED_EDGE('',*,*,#1903,.T.);
#2522 = ORIENTED_EDGE('',*,*,#1863,.F.);
#2523 = ORIENTED_EDGE('',*,*,#1944,.F.);
#2524 = PLANE('',#2525);
#2525 = AXIS2_PLACEMENT_3D('',#2526,#2527,#2528);
#2526 = CARTESIAN_POINT('',(4.6,14.,11.8));
#2527 = DIRECTION('',(-1.,0.,0.));
#2528 = DIRECTION('',(0.,0.,-1.));
#2529 = ADVANCED_FACE('',(#2530),#2555,.T.);
#2530 = FACE_BOUND('',#2531,.T.);
#2531 = EDGE_LOOP('',(#2532,#2540,#2548,#2554));
#2532 = ORIENTED_EDGE('',*,*,#2533,.F.);
#2533 = EDGE_CURVE('',#2534,#2201,#2536,.T.);
#2534 = VERTEX_POINT('',#2535);
#2535 = CARTESIAN_POINT('',(35.2,19.3,10.));
#2536 = LINE('',#2537,#2538);
#2537 = CARTESIAN_POINT('',(35.2,19.3,9.9));
#2538 = VECTOR('',#2539,1.);
#2539 = DIRECTION('',(0.,0.,1.));
#2540 = ORIENTED_EDGE('',*,*,#2541,.T.);
#2541 = EDGE_CURVE('',#2534,#2542,#2544,.T.);
#2542 = VERTEX_POINT('',#2543);
#2543 = CARTESIAN_POINT('',(22.8,19.3,10.));
#2544 = LINE('',#2545,#2546);
#2545 = CARTESIAN_POINT('',(21.9,19.3,10.));
#2546 = VECTOR('',#2547,1.);
#2547 = DIRECTION('',(-1.,-0.,0.));
#2548 = ORIENTED_EDGE('',*,*,#2549,.T.);
#2549 = EDGE_CURVE('',#2542,#2203,#2550,.T.);
#2550 = LINE('',#2551,#2552);
#2551 = CARTESIAN_POINT('',(22.8,19.3,9.9));
#2552 = VECTOR('',#2553,1.);
#2553 = DIRECTION('',(0.,0.,1.));
#2554 = ORIENTED_EDGE('',*,*,#2200,.F.);
#2555 = PLANE('',#2556);
#2556 = AXIS2_PLACEMENT_3D('',#2557,#2558,#2559);
#2557 = CARTESIAN_POINT('',(22.8,19.3,9.9));
#2558 = DIRECTION('',(-0.,1.,0.));
#2559 = DIRECTION('',(0.,0.,1.));
#2560 = ADVANCED_FACE('',(#2561),#2597,.F.);
#2561 = FACE_BOUND('',#2562,.T.);
#2562 = EDGE_LOOP('',(#2563,#2574,#2582,#2591));
#2563 = ORIENTED_EDGE('',*,*,#2564,.T.);
#2564 = EDGE_CURVE('',#2565,#2567,#2569,.T.);
#2565 = VERTEX_POINT('',#2566);
#2566 = CARTESIAN_POINT('',(6.6,37.4,0.));
#2567 = VERTEX_POINT('',#2568);
#2568 = CARTESIAN_POINT('',(8.6,39.4,0.));
#2569 = CIRCLE('',#2570,2.);
#2570 = AXIS2_PLACEMENT_3D('',#2571,#2572,#2573);
#2571 = CARTESIAN_POINT('',(8.6,37.4,0.));
#2572 = DIRECTION('',(-0.,0.,-1.));
#2573 = DIRECTION('',(-2.6645352591E-15,1.,0.));
#2574 = ORIENTED_EDGE('',*,*,#2575,.T.);
#2575 = EDGE_CURVE('',#2567,#2576,#2578,.T.);
#2576 = VERTEX_POINT('',#2577);
#2577 = CARTESIAN_POINT('',(8.6,39.4,10.));
#2578 = LINE('',#2579,#2580);
#2579 = CARTESIAN_POINT('',(8.6,39.4,-0.5));
#2580 = VECTOR('',#2581,1.);
#2581 = DIRECTION('',(0.,0.,1.));
#2582 = ORIENTED_EDGE('',*,*,#2583,.T.);
#2583 = EDGE_CURVE('',#2576,#2584,#2586,.T.);
#2584 = VERTEX_POINT('',#2585);
#2585 = CARTESIAN_POINT('',(6.6,37.4,10.));
#2586 = CIRCLE('',#2587,2.);
#2587 = AXIS2_PLACEMENT_3D('',#2588,#2589,#2590);
#2588 = CARTESIAN_POINT('',(8.6,37.4,10.));
#2589 = DIRECTION('',(0.,0.,1.));
#2590 = DIRECTION('',(-2.6645352591E-15,1.,0.));
#2591 = ORIENTED_EDGE('',*,*,#2592,.F.);
#2592 = EDGE_CURVE('',#2565,#2584,#2593,.T.);
#2593 = LINE('',#2594,#2595);
#2594 = CARTESIAN_POINT('',(6.6,37.4,-0.5));
#2595 = VECTOR('',#2596,1.);
#2596 = DIRECTION('',(0.,0.,1.));
#2597 = CYLINDRICAL_SURFACE('',#2598,2.);
#2598 = AXIS2_PLACEMENT_3D('',#2599,#2600,#2601);
#2599 = CARTESIAN_POINT('',(8.6,37.4,-0.5));
#2600 = DIRECTION('',(-0.,-0.,-1.));
#2601 = DIRECTION('',(-2.6645352591E-15,1.,0.));
#2602 = ADVANCED_FACE('',(#2603),#2628,.T.);
#2603 = FACE_BOUND('',#2604,.T.);
#2604 = EDGE_LOOP('',(#2605,#2613,#2614,#2622));
#2605 = ORIENTED_EDGE('',*,*,#2606,.T.);
#2606 = EDGE_CURVE('',#2607,#2565,#2609,.T.);
#2607 = VERTEX_POINT('',#2608);
#2608 = CARTESIAN_POINT('',(6.6,6.6,0.));
#2609 = LINE('',#2610,#2611);
#2610 = CARTESIAN_POINT('',(6.6,33.7,0.));
#2611 = VECTOR('',#2612,1.);
#2612 = DIRECTION('',(-0.,1.,0.));
#2613 = ORIENTED_EDGE('',*,*,#2592,.T.);
#2614 = ORIENTED_EDGE('',*,*,#2615,.T.);
#2615 = EDGE_CURVE('',#2584,#2616,#2618,.T.);
#2616 = VERTEX_POINT('',#2617);
#2617 = CARTESIAN_POINT('',(6.6,6.6,10.));
#2618 = LINE('',#2619,#2620);
#2619 = CARTESIAN_POINT('',(6.6,37.4,10.));
#2620 = VECTOR('',#2621,1.);
#2621 = DIRECTION('',(0.,-1.,0.));
#2622 = ORIENTED_EDGE('',*,*,#2623,.F.);
#2623 = EDGE_CURVE('',#2607,#2616,#2624,.T.);
#2624 = LINE('',#2625,#2626);
#2625 = CARTESIAN_POINT('',(6.6,6.6,-0.5));
#2626 = VECTOR('',#2627,1.);
#2627 = DIRECTION('',(0.,0.,1.));
#2628 = PLANE('',#2629);
#2629 = AXIS2_PLACEMENT_3D('',#2630,#2631,#2632);
#2630 = CARTESIAN_POINT('',(6.6,37.4,-0.5));
#2631 = DIRECTION('',(1.,0.,-0.));
#2632 = DIRECTION('',(0.,-1.,0.));
#2633 = ADVANCED_FACE('',(#2634),#2661,.F.);
#2634 = FACE_BOUND('',#2635,.T.);
#2635 = EDGE_LOOP('',(#2636,#2645,#2646,#2655));
#2636 = ORIENTED_EDGE('',*,*,#2637,.T.);
#2637 = EDGE_CURVE('',#2638,#2607,#2640,.T.);
#2638 = VERTEX_POINT('',#2639);
#2639 = CARTESIAN_POINT('',(8.6,4.6,0.));
#2640 = CIRCLE('',#2641,2.);
#2641 = AXIS2_PLACEMENT_3D('',#2642,#2643,#2644);
#2642 = CARTESIAN_POINT('',(8.6,6.6,0.));
#2643 = DIRECTION('',(-0.,0.,-1.));
#2644 = DIRECTION('',(-1.,0.,0.));
#2645 = ORIENTED_EDGE('',*,*,#2623,.T.);
#2646 = ORIENTED_EDGE('',*,*,#2647,.T.);
#2647 = EDGE_CURVE('',#2616,#2648,#2650,.T.);
#2648 = VERTEX_POINT('',#2649);
#2649 = CARTESIAN_POINT('',(8.6,4.6,10.));
#2650 = CIRCLE('',#2651,2.);
#2651 = AXIS2_PLACEMENT_3D('',#2652,#2653,#2654);
#2652 = CARTESIAN_POINT('',(8.6,6.6,10.));
#2653 = DIRECTION('',(0.,0.,1.));
#2654 = DIRECTION('',(-1.,0.,0.));
#2655 = ORIENTED_EDGE('',*,*,#2656,.F.);
#2656 = EDGE_CURVE('',#2638,#2648,#2657,.T.);
#2657 = LINE('',#2658,#2659);
#2658 = CARTESIAN_POINT('',(8.6,4.6,-0.5));
#2659 = VECTOR('',#2660,1.);
#2660 = DIRECTION('',(0.,0.,1.));
#2661 = CYLINDRICAL_SURFACE('',#2662,2.);
#2662 = AXIS2_PLACEMENT_3D('',#2663,#2664,#2665);
#2663 = CARTESIAN_POINT('',(8.6,6.6,-0.5));
#2664 = DIRECTION('',(-0.,-0.,-1.));
#2665 = DIRECTION('',(-1.,0.,0.));
#2666 = ADVANCED_FACE('',(#2667),#2692,.T.);
#2667 = FACE_BOUND('',#2668,.T.);
#2668 = EDGE_LOOP('',(#2669,#2677,#2678,#2686));
#2669 = ORIENTED_EDGE('',*,*,#2670,.T.);
#2670 = EDGE_CURVE('',#2671,#2638,#2673,.T.);
#2671 = VERTEX_POINT('',#2672);
#2672 = CARTESIAN_POINT('',(33.4,4.6,0.));
#2673 = LINE('',#2674,#2675);
#2674 = CARTESIAN_POINT('',(14.8,4.6,0.));
#2675 = VECTOR('',#2676,1.);
#2676 = DIRECTION('',(-1.,0.,0.));
#2677 = ORIENTED_EDGE('',*,*,#2656,.T.);
#2678 = ORIENTED_EDGE('',*,*,#2679,.T.);
#2679 = EDGE_CURVE('',#2648,#2680,#2682,.T.);
#2680 = VERTEX_POINT('',#2681);
#2681 = CARTESIAN_POINT('',(33.4,4.6,10.));
#2682 = LINE('',#2683,#2684);
#2683 = CARTESIAN_POINT('',(8.6,4.6,10.));
#2684 = VECTOR('',#2685,1.);
#2685 = DIRECTION('',(1.,0.,0.));
#2686 = ORIENTED_EDGE('',*,*,#2687,.F.);
#2687 = EDGE_CURVE('',#2671,#2680,#2688,.T.);
#2688 = LINE('',#2689,#2690);
#2689 = CARTESIAN_POINT('',(33.4,4.6,-0.5));
#2690 = VECTOR('',#2691,1.);
#2691 = DIRECTION('',(0.,0.,1.));
#2692 = PLANE('',#2693);
#2693 = AXIS2_PLACEMENT_3D('',#2694,#2695,#2696);
#2694 = CARTESIAN_POINT('',(8.6,4.6,-0.5));
#2695 = DIRECTION('',(0.,1.,0.));
#2696 = DIRECTION('',(1.,0.,0.));
#2697 = ADVANCED_FACE('',(#2698),#2725,.F.);
#2698 = FACE_BOUND('',#2699,.T.);
#2699 = EDGE_LOOP('',(#2700,#2709,#2710,#2719));
#2700 = ORIENTED_EDGE('',*,*,#2701,.T.);
#2701 = EDGE_CURVE('',#2702,#2671,#2704,.T.);
#2702 = VERTEX_POINT('',#2703);
#2703 = CARTESIAN_POINT('',(35.4,6.6,0.));
#2704 = CIRCLE('',#2705,2.);
#2705 = AXIS2_PLACEMENT_3D('',#2706,#2707,#2708);
#2706 = CARTESIAN_POINT('',(33.4,6.6,0.));
#2707 = DIRECTION('',(0.,-0.,-1.));
#2708 = DIRECTION('',(3.5527136788E-15,-1.,0.));
#2709 = ORIENTED_EDGE('',*,*,#2687,.T.);
#2710 = ORIENTED_EDGE('',*,*,#2711,.T.);
#2711 = EDGE_CURVE('',#2680,#2712,#2714,.T.);
#2712 = VERTEX_POINT('',#2713);
#2713 = CARTESIAN_POINT('',(35.4,6.6,10.));
#2714 = CIRCLE('',#2715,2.);
#2715 = AXIS2_PLACEMENT_3D('',#2716,#2717,#2718);
#2716 = CARTESIAN_POINT('',(33.4,6.6,10.));
#2717 = DIRECTION('',(0.,0.,1.));
#2718 = DIRECTION('',(3.5527136788E-15,-1.,0.));
#2719 = ORIENTED_EDGE('',*,*,#2720,.F.);
#2720 = EDGE_CURVE('',#2702,#2712,#2721,.T.);
#2721 = LINE('',#2722,#2723);
#2722 = CARTESIAN_POINT('',(35.4,6.6,-0.5));
#2723 = VECTOR('',#2724,1.);
#2724 = DIRECTION('',(0.,0.,1.));
#2725 = CYLINDRICAL_SURFACE('',#2726,2.);
#2726 = AXIS2_PLACEMENT_3D('',#2727,#2728,#2729);
#2727 = CARTESIAN_POINT('',(33.4,6.6,-0.5));
#2728 = DIRECTION('',(-0.,-0.,-1.));
#2729 = DIRECTION('',(3.5527136788E-15,-1.,0.));
#2730 = ADVANCED_FACE('',(#2731),#2756,.T.);
#2731 = FACE_BOUND('',#2732,.T.);
#2732 = EDGE_LOOP('',(#2733,#2741,#2742,#2750));
#2733 = ORIENTED_EDGE('',*,*,#2734,.T.);
#2734 = EDGE_CURVE('',#2735,#2702,#2737,.T.);
#2735 = VERTEX_POINT('',#2736);
#2736 = CARTESIAN_POINT('',(35.4,37.4,0.));
#2737 = LINE('',#2738,#2739);
#2738 = CARTESIAN_POINT('',(35.4,18.3,0.));
#2739 = VECTOR('',#2740,1.);
#2740 = DIRECTION('',(0.,-1.,0.));
#2741 = ORIENTED_EDGE('',*,*,#2720,.T.);
#2742 = ORIENTED_EDGE('',*,*,#2743,.T.);
#2743 = EDGE_CURVE('',#2712,#2744,#2746,.T.);
#2744 = VERTEX_POINT('',#2745);
#2745 = CARTESIAN_POINT('',(35.4,37.4,10.));
#2746 = LINE('',#2747,#2748);
#2747 = CARTESIAN_POINT('',(35.4,6.6,10.));
#2748 = VECTOR('',#2749,1.);
#2749 = DIRECTION('',(0.,1.,0.));
#2750 = ORIENTED_EDGE('',*,*,#2751,.F.);
#2751 = EDGE_CURVE('',#2735,#2744,#2752,.T.);
#2752 = LINE('',#2753,#2754);
#2753 = CARTESIAN_POINT('',(35.4,37.4,-0.5));
#2754 = VECTOR('',#2755,1.);
#2755 = DIRECTION('',(0.,0.,1.));
#2756 = PLANE('',#2757);
#2757 = AXIS2_PLACEMENT_3D('',#2758,#2759,#2760);
#2758 = CARTESIAN_POINT('',(35.4,6.6,-0.5));
#2759 = DIRECTION('',(-1.,0.,0.));
#2760 = DIRECTION('',(0.,1.,0.));
#2761 = ADVANCED_FACE('',(#2762),#2789,.F.);
#2762 = FACE_BOUND('',#2763,.T.);
#2763 = EDGE_LOOP('',(#2764,#2773,#2774,#2783));
#2764 = ORIENTED_EDGE('',*,*,#2765,.T.);
#2765 = EDGE_CURVE('',#2766,#2735,#2768,.T.);
#2766 = VERTEX_POINT('',#2767);
#2767 = CARTESIAN_POINT('',(33.4,39.4,0.));
#2768 = CIRCLE('',#2769,2.);
#2769 = AXIS2_PLACEMENT_3D('',#2770,#2771,#2772);
#2770 = CARTESIAN_POINT('',(33.4,37.4,0.));
#2771 = DIRECTION('',(0.,-0.,-1.));
#2772 = DIRECTION('',(1.,3.5527136788E-15,-0.));
#2773 = ORIENTED_EDGE('',*,*,#2751,.T.);
#2774 = ORIENTED_EDGE('',*,*,#2775,.T.);
#2775 = EDGE_CURVE('',#2744,#2776,#2778,.T.);
#2776 = VERTEX_POINT('',#2777);
#2777 = CARTESIAN_POINT('',(33.4,39.4,10.));
#2778 = CIRCLE('',#2779,2.);
#2779 = AXIS2_PLACEMENT_3D('',#2780,#2781,#2782);
#2780 = CARTESIAN_POINT('',(33.4,37.4,10.));
#2781 = DIRECTION('',(0.,0.,1.));
#2782 = DIRECTION('',(1.,3.5527136788E-15,-0.));
#2783 = ORIENTED_EDGE('',*,*,#2784,.F.);
#2784 = EDGE_CURVE('',#2766,#2776,#2785,.T.);
#2785 = LINE('',#2786,#2787);
#2786 = CARTESIAN_POINT('',(33.4,39.4,-0.5));
#2787 = VECTOR('',#2788,1.);
#2788 = DIRECTION('',(0.,0.,1.));
#2789 = CYLINDRICAL_SURFACE('',#2790,2.);
#2790 = AXIS2_PLACEMENT_3D('',#2791,#2792,#2793);
#2791 = CARTESIAN_POINT('',(33.4,37.4,-0.5));
#2792 = DIRECTION('',(-0.,-0.,-1.));
#2793 = DIRECTION('',(1.,3.5527136788E-15,-0.));
#2794 = ADVANCED_FACE('',(#2795,#2810,#2835),#2869,.F.);
#2795 = FACE_BOUND('',#2796,.F.);
#2796 = EDGE_LOOP('',(#2797,#2798,#2799,#2800,#2801,#2807,#2808,#2809));
#2797 = ORIENTED_EDGE('',*,*,#2679,.T.);
#2798 = ORIENTED_EDGE('',*,*,#2711,.T.);
#2799 = ORIENTED_EDGE('',*,*,#2743,.T.);
#2800 = ORIENTED_EDGE('',*,*,#2775,.T.);
#2801 = ORIENTED_EDGE('',*,*,#2802,.T.);
#2802 = EDGE_CURVE('',#2776,#2576,#2803,.T.);
#2803 = LINE('',#2804,#2805);
#2804 = CARTESIAN_POINT('',(33.4,39.4,10.));
#2805 = VECTOR('',#2806,1.);
#2806 = DIRECTION('',(-1.,0.,0.));
#2807 = ORIENTED_EDGE('',*,*,#2583,.T.);
#2808 = ORIENTED_EDGE('',*,*,#2615,.T.);
#2809 = ORIENTED_EDGE('',*,*,#2647,.T.);
#2810 = FACE_BOUND('',#2811,.F.);
#2811 = EDGE_LOOP('',(#2812,#2813,#2821,#2829));
#2812 = ORIENTED_EDGE('',*,*,#2541,.T.);
#2813 = ORIENTED_EDGE('',*,*,#2814,.T.);
#2814 = EDGE_CURVE('',#2542,#2815,#2817,.T.);
#2815 = VERTEX_POINT('',#2816);
#2816 = CARTESIAN_POINT('',(22.8,23.7,10.));
#2817 = LINE('',#2818,#2819);
#2818 = CARTESIAN_POINT('',(22.8,20.65,10.));
#2819 = VECTOR('',#2820,1.);
#2820 = DIRECTION('',(-0.,1.,0.));
#2821 = ORIENTED_EDGE('',*,*,#2822,.F.);
#2822 = EDGE_CURVE('',#2823,#2815,#2825,.T.);
#2823 = VERTEX_POINT('',#2824);
#2824 = CARTESIAN_POINT('',(35.2,23.7,10.));
#2825 = LINE('',#2826,#2827);
#2826 = CARTESIAN_POINT('',(21.9,23.7,10.));
#2827 = VECTOR('',#2828,1.);
#2828 = DIRECTION('',(-1.,-0.,0.));
#2829 = ORIENTED_EDGE('',*,*,#2830,.F.);
#2830 = EDGE_CURVE('',#2534,#2823,#2831,.T.);
#2831 = LINE('',#2832,#2833);
#2832 = CARTESIAN_POINT('',(35.2,20.65,10.));
#2833 = VECTOR('',#2834,1.);
#2834 = DIRECTION('',(-0.,1.,0.));
#2835 = FACE_BOUND('',#2836,.F.);
#2836 = EDGE_LOOP('',(#2837,#2847,#2855,#2863));
#2837 = ORIENTED_EDGE('',*,*,#2838,.T.);
#2838 = EDGE_CURVE('',#2839,#2841,#2843,.T.);
#2839 = VERTEX_POINT('',#2840);
#2840 = CARTESIAN_POINT('',(25.5,25.,10.));
#2841 = VERTEX_POINT('',#2842);
#2842 = CARTESIAN_POINT('',(16.5,25.,10.));
#2843 = LINE('',#2844,#2845);
#2844 = CARTESIAN_POINT('',(18.75,25.,10.));
#2845 = VECTOR('',#2846,1.);
#2846 = DIRECTION('',(-1.,-0.,0.));
#2847 = ORIENTED_EDGE('',*,*,#2848,.T.);
#2848 = EDGE_CURVE('',#2841,#2849,#2851,.T.);
#2849 = VERTEX_POINT('',#2850);
#2850 = CARTESIAN_POINT('',(16.5,31.,10.));
#2851 = LINE('',#2852,#2853);
#2852 = CARTESIAN_POINT('',(16.5,23.5,10.));
#2853 = VECTOR('',#2854,1.);
#2854 = DIRECTION('',(-0.,1.,0.));
#2855 = ORIENTED_EDGE('',*,*,#2856,.F.);
#2856 = EDGE_CURVE('',#2857,#2849,#2859,.T.);
#2857 = VERTEX_POINT('',#2858);
#2858 = CARTESIAN_POINT('',(25.5,31.,10.));
#2859 = LINE('',#2860,#2861);
#2860 = CARTESIAN_POINT('',(18.75,31.,10.));
#2861 = VECTOR('',#2862,1.);
#2862 = DIRECTION('',(-1.,-0.,0.));
#2863 = ORIENTED_EDGE('',*,*,#2864,.F.);
#2864 = EDGE_CURVE('',#2839,#2857,#2865,.T.);
#2865 = LINE('',#2866,#2867);
#2866 = CARTESIAN_POINT('',(25.5,23.5,10.));
#2867 = VECTOR('',#2868,1.);
#2868 = DIRECTION('',(-0.,1.,0.));
#2869 = PLANE('',#2870);
#2870 = AXIS2_PLACEMENT_3D('',#2871,#2872,#2873);
#2871 = CARTESIAN_POINT('',(21.,22.,10.));
#2872 = DIRECTION('',(0.,0.,1.));
#2873 = DIRECTION('',(1.,0.,-0.));
#2874 = ADVANCED_FACE('',(#2875),#2886,.F.);
#2875 = FACE_BOUND('',#2876,.F.);
#2876 = EDGE_LOOP('',(#2877,#2878,#2879,#2885));
#2877 = ORIENTED_EDGE('',*,*,#2533,.F.);
#2878 = ORIENTED_EDGE('',*,*,#2830,.T.);
#2879 = ORIENTED_EDGE('',*,*,#2880,.T.);
#2880 = EDGE_CURVE('',#2823,#2219,#2881,.T.);
#2881 = LINE('',#2882,#2883);
#2882 = CARTESIAN_POINT('',(35.2,23.7,9.9));
#2883 = VECTOR('',#2884,1.);
#2884 = DIRECTION('',(0.,0.,1.));
#2885 = ORIENTED_EDGE('',*,*,#2226,.F.);
#2886 = PLANE('',#2887);
#2887 = AXIS2_PLACEMENT_3D('',#2888,#2889,#2890);
#2888 = CARTESIAN_POINT('',(35.2,19.3,9.9));
#2889 = DIRECTION('',(1.,0.,-0.));
#2890 = DIRECTION('',(0.,0.,1.));
#2891 = ADVANCED_FACE('',(#2892),#2903,.T.);
#2892 = FACE_BOUND('',#2893,.T.);
#2893 = EDGE_LOOP('',(#2894,#2895,#2896,#2902));
#2894 = ORIENTED_EDGE('',*,*,#2549,.F.);
#2895 = ORIENTED_EDGE('',*,*,#2814,.T.);
#2896 = ORIENTED_EDGE('',*,*,#2897,.T.);
#2897 = EDGE_CURVE('',#2815,#2211,#2898,.T.);
#2898 = LINE('',#2899,#2900);
#2899 = CARTESIAN_POINT('',(22.8,23.7,9.9));
#2900 = VECTOR('',#2901,1.);
#2901 = DIRECTION('',(0.,0.,1.));
#2902 = ORIENTED_EDGE('',*,*,#2210,.F.);
#2903 = PLANE('',#2904);
#2904 = AXIS2_PLACEMENT_3D('',#2905,#2906,#2907);
#2905 = CARTESIAN_POINT('',(22.8,19.3,9.9));
#2906 = DIRECTION('',(1.,0.,-0.));
#2907 = DIRECTION('',(0.,0.,1.));
#2908 = ADVANCED_FACE('',(#2909),#2915,.F.);
#2909 = FACE_BOUND('',#2910,.F.);
#2910 = EDGE_LOOP('',(#2911,#2912,#2913,#2914));
#2911 = ORIENTED_EDGE('',*,*,#2880,.F.);
#2912 = ORIENTED_EDGE('',*,*,#2822,.T.);
#2913 = ORIENTED_EDGE('',*,*,#2897,.T.);
#2914 = ORIENTED_EDGE('',*,*,#2218,.F.);
#2915 = PLANE('',#2916);
#2916 = AXIS2_PLACEMENT_3D('',#2917,#2918,#2919);
#2917 = CARTESIAN_POINT('',(22.8,23.7,9.9));
#2918 = DIRECTION('',(-0.,1.,0.));
#2919 = DIRECTION('',(0.,0.,1.));
#2920 = ADVANCED_FACE('',(#2921),#2937,.T.);
#2921 = FACE_BOUND('',#2922,.T.);
#2922 = EDGE_LOOP('',(#2923,#2929,#2930,#2936));
#2923 = ORIENTED_EDGE('',*,*,#2924,.F.);
#2924 = EDGE_CURVE('',#2839,#2235,#2925,.T.);
#2925 = LINE('',#2926,#2927);
#2926 = CARTESIAN_POINT('',(25.5,25.,9.9));
#2927 = VECTOR('',#2928,1.);
#2928 = DIRECTION('',(0.,0.,1.));
#2929 = ORIENTED_EDGE('',*,*,#2838,.T.);
#2930 = ORIENTED_EDGE('',*,*,#2931,.T.);
#2931 = EDGE_CURVE('',#2841,#2237,#2932,.T.);
#2932 = LINE('',#2933,#2934);
#2933 = CARTESIAN_POINT('',(16.5,25.,9.9));
#2934 = VECTOR('',#2935,1.);
#2935 = DIRECTION('',(0.,0.,1.));
#2936 = ORIENTED_EDGE('',*,*,#2234,.F.);
#2937 = PLANE('',#2938);
#2938 = AXIS2_PLACEMENT_3D('',#2939,#2940,#2941);
#2939 = CARTESIAN_POINT('',(16.5,25.,9.9));
#2940 = DIRECTION('',(-0.,1.,0.));
#2941 = DIRECTION('',(0.,0.,1.));
#2942 = ADVANCED_FACE('',(#2943),#2954,.F.);
#2943 = FACE_BOUND('',#2944,.F.);
#2944 = EDGE_LOOP('',(#2945,#2946,#2947,#2953));
#2945 = ORIENTED_EDGE('',*,*,#2924,.F.);
#2946 = ORIENTED_EDGE('',*,*,#2864,.T.);
#2947 = ORIENTED_EDGE('',*,*,#2948,.T.);
#2948 = EDGE_CURVE('',#2857,#2253,#2949,.T.);
#2949 = LINE('',#2950,#2951);
#2950 = CARTESIAN_POINT('',(25.5,31.,9.9));
#2951 = VECTOR('',#2952,1.);
#2952 = DIRECTION('',(0.,0.,1.));
#2953 = ORIENTED_EDGE('',*,*,#2260,.F.);
#2954 = PLANE('',#2955);
#2955 = AXIS2_PLACEMENT_3D('',#2956,#2957,#2958);
#2956 = CARTESIAN_POINT('',(25.5,25.,9.9));
#2957 = DIRECTION('',(1.,0.,-0.));
#2958 = DIRECTION('',(0.,0.,1.));
#2959 = ADVANCED_FACE('',(#2960),#2971,.F.);
#2960 = FACE_BOUND('',#2961,.F.);
#2961 = EDGE_LOOP('',(#2962,#2963,#2964,#2970));
#2962 = ORIENTED_EDGE('',*,*,#2948,.F.);
#2963 = ORIENTED_EDGE('',*,*,#2856,.T.);
#2964 = ORIENTED_EDGE('',*,*,#2965,.T.);
#2965 = EDGE_CURVE('',#2849,#2245,#2966,.T.);
#2966 = LINE('',#2967,#2968);
#2967 = CARTESIAN_POINT('',(16.5,31.,9.9));
#2968 = VECTOR('',#2969,1.);
#2969 = DIRECTION('',(0.,0.,1.));
#2970 = ORIENTED_EDGE('',*,*,#2252,.F.);
#2971 = PLANE('',#2972);
#2972 = AXIS2_PLACEMENT_3D('',#2973,#2974,#2975);
#2973 = CARTESIAN_POINT('',(16.5,31.,9.9));
#2974 = DIRECTION('',(-0.,1.,0.));
#2975 = DIRECTION('',(0.,0.,1.));
#2976 = ADVANCED_FACE('',(#2977),#2983,.T.);
#2977 = FACE_BOUND('',#2978,.T.);
#2978 = EDGE_LOOP('',(#2979,#2980,#2981,#2982));
#2979 = ORIENTED_EDGE('',*,*,#2931,.F.);
#2980 = ORIENTED_EDGE('',*,*,#2848,.T.);
#2981 = ORIENTED_EDGE('',*,*,#2965,.T.);
#2982 = ORIENTED_EDGE('',*,*,#2244,.F.);
#2983 = PLANE('',#2984);
#2984 = AXIS2_PLACEMENT_3D('',#2985,#2986,#2987);
#2985 = CARTESIAN_POINT('',(16.5,25.,9.9));
#2986 = DIRECTION('',(1.,0.,-0.));
#2987 = DIRECTION('',(0.,0.,1.));
#2988 = ADVANCED_FACE('',(#2989),#2995,.T.);
#2989 = FACE_BOUND('',#2990,.T.);
#2990 = EDGE_LOOP('',(#2991,#2992,#2993,#2994));
#2991 = ORIENTED_EDGE('',*,*,#2408,.F.);
#2992 = ORIENTED_EDGE('',*,*,#2335,.F.);
#2993 = ORIENTED_EDGE('',*,*,#2360,.T.);
#2994 = ORIENTED_EDGE('',*,*,#2393,.F.);
#2995 = PLANE('',#2996);
#2996 = AXIS2_PLACEMENT_3D('',#2997,#2998,#2999);
#2997 = CARTESIAN_POINT('',(17.,39.4,9.));
#2998 = DIRECTION('',(0.,0.,1.));
#2999 = DIRECTION('',(1.,0.,-0.));
#3000 = ADVANCED_FACE('',(#3001,#3004),#3015,.T.);
#3001 = FACE_BOUND('',#3002,.T.);
#3002 = EDGE_LOOP('',(#3003));
#3003 = ORIENTED_EDGE('',*,*,#2459,.T.);
#3004 = FACE_BOUND('',#3005,.T.);
#3005 = EDGE_LOOP('',(#3006));
#3006 = ORIENTED_EDGE('',*,*,#3007,.F.);
#3007 = EDGE_CURVE('',#3008,#3008,#3010,.T.);
#3008 = VERTEX_POINT('',#3009);
#3009 = CARTESIAN_POINT('',(9.8,49.,11.8));
#3010 = CIRCLE('',#3011,0.8);
#3011 = AXIS2_PLACEMENT_3D('',#3012,#3013,#3014);
#3012 = CARTESIAN_POINT('',(9.,49.,11.8));
#3013 = DIRECTION('',(0.,0.,1.));
#3014 = DIRECTION('',(1.,0.,-0.));
#3015 = PLANE('',#3016);
#3016 = AXIS2_PLACEMENT_3D('',#3017,#3018,#3019);
#3017 = CARTESIAN_POINT('',(9.,49.,11.8));
#3018 = DIRECTION('',(0.,0.,1.));
#3019 = DIRECTION('',(1.,0.,-0.));
#3020 = ADVANCED_FACE('',(#3021,#3024),#3035,.T.);
#3021 = FACE_BOUND('',#3022,.T.);
#3022 = EDGE_LOOP('',(#3023));
#3023 = ORIENTED_EDGE('',*,*,#2484,.T.);
#3024 = FACE_BOUND('',#3025,.T.);
#3025 = EDGE_LOOP('',(#3026));
#3026 = ORIENTED_EDGE('',*,*,#3027,.F.);
#3027 = EDGE_CURVE('',#3028,#3028,#3030,.T.);
#3028 = VERTEX_POINT('',#3029);
#3029 = CARTESIAN_POINT('',(33.8,49.,11.8));
#3030 = CIRCLE('',#3031,0.8);
#3031 = AXIS2_PLACEMENT_3D('',#3032,#3033,#3034);
#3032 = CARTESIAN_POINT('',(33.,49.,11.8));
#3033 = DIRECTION('',(0.,0.,1.));
#3034 = DIRECTION('',(1.,0.,-0.));
#3035 = PLANE('',#3036);
#3036 = AXIS2_PLACEMENT_3D('',#3037,#3038,#3039);
#3037 = CARTESIAN_POINT('',(33.,49.,11.8));
#3038 = DIRECTION('',(0.,0.,1.));
#3039 = DIRECTION('',(1.,0.,-0.));
#3040 = ADVANCED_FACE('',(#3041),#3060,.F.);
#3041 = FACE_BOUND('',#3042,.F.);
#3042 = EDGE_LOOP('',(#3043,#3044,#3052,#3059));
#3043 = ORIENTED_EDGE('',*,*,#3007,.F.);
#3044 = ORIENTED_EDGE('',*,*,#3045,.F.);
#3045 = EDGE_CURVE('',#3046,#3008,#3048,.T.);
#3046 = VERTEX_POINT('',#3047);
#3047 = CARTESIAN_POINT('',(9.8,49.,5.));
#3048 = LINE('',#3049,#3050);
#3049 = CARTESIAN_POINT('',(9.8,49.,5.));
#3050 = VECTOR('',#3051,1.);
#3051 = DIRECTION('',(0.,0.,1.));
#3052 = ORIENTED_EDGE('',*,*,#3053,.T.);
#3053 = EDGE_CURVE('',#3046,#3046,#3054,.T.);
#3054 = CIRCLE('',#3055,0.8);
#3055 = AXIS2_PLACEMENT_3D('',#3056,#3057,#3058);
#3056 = CARTESIAN_POINT('',(9.,49.,5.));
#3057 = DIRECTION('',(0.,0.,1.));
#3058 = DIRECTION('',(1.,0.,-0.));
#3059 = ORIENTED_EDGE('',*,*,#3045,.T.);
#3060 = CYLINDRICAL_SURFACE('',#3061,0.8);
#3061 = AXIS2_PLACEMENT_3D('',#3062,#3063,#3064);
#3062 = CARTESIAN_POINT('',(9.,49.,5.));
#3063 = DIRECTION('',(0.,0.,1.));
#3064 = DIRECTION('',(1.,0.,-0.));
#3065 = ADVANCED_FACE('',(#3066),#3085,.F.);
#3066 = FACE_BOUND('',#3067,.F.);
#3067 = EDGE_LOOP('',(#3068,#3069,#3077,#3084));
#3068 = ORIENTED_EDGE('',*,*,#3027,.F.);
#3069 = ORIENTED_EDGE('',*,*,#3070,.F.);
#3070 = EDGE_CURVE('',#3071,#3028,#3073,.T.);
#3071 = VERTEX_POINT('',#3072);
#3072 = CARTESIAN_POINT('',(33.8,49.,5.));
#3073 = LINE('',#3074,#3075);
#3074 = CARTESIAN_POINT('',(33.8,49.,5.));
#3075 = VECTOR('',#3076,1.);
#3076 = DIRECTION('',(0.,0.,1.));
#3077 = ORIENTED_EDGE('',*,*,#3078,.T.);
#3078 = EDGE_CURVE('',#3071,#3071,#3079,.T.);
#3079 = CIRCLE('',#3080,0.8);
#3080 = AXIS2_PLACEMENT_3D('',#3081,#3082,#3083);
#3081 = CARTESIAN_POINT('',(33.,49.,5.));
#3082 = DIRECTION('',(0.,0.,1.));
#3083 = DIRECTION('',(1.,0.,-0.));
#3084 = ORIENTED_EDGE('',*,*,#3070,.T.);
#3085 = CYLINDRICAL_SURFACE('',#3086,0.8);
#3086 = AXIS2_PLACEMENT_3D('',#3087,#3088,#3089);
#3087 = CARTESIAN_POINT('',(33.,49.,5.));
#3088 = DIRECTION('',(0.,0.,1.));
#3089 = DIRECTION('',(1.,0.,-0.));
#3090 = ADVANCED_FACE('',(#3091),#3094,.T.);
#3091 = FACE_BOUND('',#3092,.F.);
#3092 = EDGE_LOOP('',(#3093));
#3093 = ORIENTED_EDGE('',*,*,#3053,.F.);
#3094 = PLANE('',#3095);
#3095 = AXIS2_PLACEMENT_3D('',#3096,#3097,#3098);
#3096 = CARTESIAN_POINT('',(9.,49.,5.));
#3097 = DIRECTION('',(0.,0.,1.));
#3098 = DIRECTION('',(1.,0.,-0.));
#3099 = ADVANCED_FACE('',(#3100),#3103,.T.);
#3100 = FACE_BOUND('',#3101,.F.);
#3101 = EDGE_LOOP('',(#3102));
#3102 = ORIENTED_EDGE('',*,*,#3078,.F.);
#3103 = PLANE('',#3104);
#3104 = AXIS2_PLACEMENT_3D('',#3105,#3106,#3107);
#3105 = CARTESIAN_POINT('',(33.,49.,5.));
#3106 = DIRECTION('',(0.,0.,1.));
#3107 = DIRECTION('',(1.,0.,-0.));
#3108 = ADVANCED_FACE('',(#3109,#3123),#3224,.T.);
#3109 = FACE_BOUND('',#3110,.T.);
#3110 = EDGE_LOOP('',(#3111,#3112,#3113,#3114,#3115,#3116,#3117,#3118,
    #3119,#3120,#3121,#3122));
#3111 = ORIENTED_EDGE('',*,*,#223,.F.);
#3112 = ORIENTED_EDGE('',*,*,#238,.F.);
#3113 = ORIENTED_EDGE('',*,*,#353,.F.);
#3114 = ORIENTED_EDGE('',*,*,#403,.F.);
#3115 = ORIENTED_EDGE('',*,*,#434,.F.);
#3116 = ORIENTED_EDGE('',*,*,#456,.T.);
#3117 = ORIENTED_EDGE('',*,*,#301,.F.);
#3118 = ORIENTED_EDGE('',*,*,#494,.F.);
#3119 = ORIENTED_EDGE('',*,*,#508,.F.);
#3120 = ORIENTED_EDGE('',*,*,#575,.F.);
#3121 = ORIENTED_EDGE('',*,*,#111,.F.);
#3122 = ORIENTED_EDGE('',*,*,#21,.F.);
#3123 = FACE_BOUND('',#3124,.T.);
#3124 = EDGE_LOOP('',(#3125,#3135,#3141,#3142,#3143,#3144,#3145,#3146,
    #3147,#3148,#3156,#3164,#3173,#3182,#3191,#3199,#3208,#3217));
#3125 = ORIENTED_EDGE('',*,*,#3126,.F.);
#3126 = EDGE_CURVE('',#3127,#3129,#3131,.T.);
#3127 = VERTEX_POINT('',#3128);
#3128 = CARTESIAN_POINT('',(16.6,39.4,0.));
#3129 = VERTEX_POINT('',#3130);
#3130 = CARTESIAN_POINT('',(16.6,43.5,0.));
#3131 = LINE('',#3132,#3133);
#3132 = CARTESIAN_POINT('',(16.6,36.75,0.));
#3133 = VECTOR('',#3134,1.);
#3134 = DIRECTION('',(-0.,1.,0.));
#3135 = ORIENTED_EDGE('',*,*,#3136,.F.);
#3136 = EDGE_CURVE('',#2567,#3127,#3137,.T.);
#3137 = LINE('',#3138,#3139);
#3138 = CARTESIAN_POINT('',(27.2,39.4,0.));
#3139 = VECTOR('',#3140,1.);
#3140 = DIRECTION('',(1.,0.,-0.));
#3141 = ORIENTED_EDGE('',*,*,#2564,.F.);
#3142 = ORIENTED_EDGE('',*,*,#2606,.F.);
#3143 = ORIENTED_EDGE('',*,*,#2637,.F.);
#3144 = ORIENTED_EDGE('',*,*,#2670,.F.);
#3145 = ORIENTED_EDGE('',*,*,#2701,.F.);
#3146 = ORIENTED_EDGE('',*,*,#2734,.F.);
#3147 = ORIENTED_EDGE('',*,*,#2765,.F.);
#3148 = ORIENTED_EDGE('',*,*,#3149,.F.);
#3149 = EDGE_CURVE('',#3150,#2766,#3152,.T.);
#3150 = VERTEX_POINT('',#3151);
#3151 = CARTESIAN_POINT('',(25.4,39.4,0.));
#3152 = LINE('',#3153,#3154);
#3153 = CARTESIAN_POINT('',(27.2,39.4,0.));
#3154 = VECTOR('',#3155,1.);
#3155 = DIRECTION('',(1.,0.,-0.));
#3156 = ORIENTED_EDGE('',*,*,#3157,.F.);
#3157 = EDGE_CURVE('',#3158,#3150,#3160,.T.);
#3158 = VERTEX_POINT('',#3159);
#3159 = CARTESIAN_POINT('',(25.4,43.5,0.));
#3160 = LINE('',#3161,#3162);
#3161 = CARTESIAN_POINT('',(25.4,34.35,0.));
#3162 = VECTOR('',#3163,1.);
#3163 = DIRECTION('',(0.,-1.,0.));
#3164 = ORIENTED_EDGE('',*,*,#3165,.F.);
#3165 = EDGE_CURVE('',#3166,#3158,#3168,.T.);
#3166 = VERTEX_POINT('',#3167);
#3167 = CARTESIAN_POINT('',(25.,44.3,0.));
#3168 = CIRCLE('',#3169,1.);
#3169 = AXIS2_PLACEMENT_3D('',#3170,#3171,#3172);
#3170 = CARTESIAN_POINT('',(24.4,43.5,0.));
#3171 = DIRECTION('',(0.,-0.,-1.));
#3172 = DIRECTION('',(1.,0.,-0.));
#3173 = ORIENTED_EDGE('',*,*,#3174,.F.);
#3174 = EDGE_CURVE('',#3175,#3166,#3177,.T.);
#3175 = VERTEX_POINT('',#3176);
#3176 = CARTESIAN_POINT('',(24.835889894354,44.4,0.));
#3177 = CIRCLE('',#3178,1.);
#3178 = AXIS2_PLACEMENT_3D('',#3179,#3180,#3181);
#3179 = CARTESIAN_POINT('',(24.4,43.5,0.));
#3180 = DIRECTION('',(0.,-0.,-1.));
#3181 = DIRECTION('',(1.,0.,-0.));
#3182 = ORIENTED_EDGE('',*,*,#3183,.F.);
#3183 = EDGE_CURVE('',#3184,#3175,#3186,.T.);
#3184 = VERTEX_POINT('',#3185);
#3185 = CARTESIAN_POINT('',(24.4,44.5,0.));
#3186 = CIRCLE('',#3187,1.);
#3187 = AXIS2_PLACEMENT_3D('',#3188,#3189,#3190);
#3188 = CARTESIAN_POINT('',(24.4,43.5,0.));
#3189 = DIRECTION('',(0.,-0.,-1.));
#3190 = DIRECTION('',(1.,0.,-0.));
#3191 = ORIENTED_EDGE('',*,*,#3192,.F.);
#3192 = EDGE_CURVE('',#3193,#3184,#3195,.T.);
#3193 = VERTEX_POINT('',#3194);
#3194 = CARTESIAN_POINT('',(17.6,44.5,0.));
#3195 = LINE('',#3196,#3197);
#3196 = CARTESIAN_POINT('',(22.7,44.5,0.));
#3197 = VECTOR('',#3198,1.);
#3198 = DIRECTION('',(1.,0.,-0.));
#3199 = ORIENTED_EDGE('',*,*,#3200,.F.);
#3200 = EDGE_CURVE('',#3201,#3193,#3203,.T.);
#3201 = VERTEX_POINT('',#3202);
#3202 = CARTESIAN_POINT('',(17.164110105646,44.4,0.));
#3203 = CIRCLE('',#3204,1.);
#3204 = AXIS2_PLACEMENT_3D('',#3205,#3206,#3207);
#3205 = CARTESIAN_POINT('',(17.6,43.5,0.));
#3206 = DIRECTION('',(-0.,0.,-1.));
#3207 = DIRECTION('',(-3.552713678801E-15,1.,0.));
#3208 = ORIENTED_EDGE('',*,*,#3209,.F.);
#3209 = EDGE_CURVE('',#3210,#3201,#3212,.T.);
#3210 = VERTEX_POINT('',#3211);
#3211 = CARTESIAN_POINT('',(17.,44.3,0.));
#3212 = CIRCLE('',#3213,1.);
#3213 = AXIS2_PLACEMENT_3D('',#3214,#3215,#3216);
#3214 = CARTESIAN_POINT('',(17.6,43.5,0.));
#3215 = DIRECTION('',(-0.,0.,-1.));
#3216 = DIRECTION('',(-3.552713678801E-15,1.,0.));
#3217 = ORIENTED_EDGE('',*,*,#3218,.F.);
#3218 = EDGE_CURVE('',#3129,#3210,#3219,.T.);
#3219 = CIRCLE('',#3220,1.);
#3220 = AXIS2_PLACEMENT_3D('',#3221,#3222,#3223);
#3221 = CARTESIAN_POINT('',(17.6,43.5,0.));
#3222 = DIRECTION('',(-0.,0.,-1.));
#3223 = DIRECTION('',(-3.552713678801E-15,1.,0.));
#3224 = PLANE('',#3225);
#3225 = AXIS2_PLACEMENT_3D('',#3226,#3227,#3228);
#3226 = CARTESIAN_POINT('',(19.04796779504,32.294086136659,0.));
#3227 = DIRECTION('',(-0.,-0.,-1.));
#3228 = DIRECTION('',(-1.,0.,0.));
#3229 = ADVANCED_FACE('',(#3230),#3255,.T.);
#3230 = FACE_BOUND('',#3231,.T.);
#3231 = EDGE_LOOP('',(#3232,#3233,#3241,#3249));
#3232 = ORIENTED_EDGE('',*,*,#3126,.T.);
#3233 = ORIENTED_EDGE('',*,*,#3234,.T.);
#3234 = EDGE_CURVE('',#3129,#3235,#3237,.T.);
#3235 = VERTEX_POINT('',#3236);
#3236 = CARTESIAN_POINT('',(16.6,43.5,1.6));
#3237 = LINE('',#3238,#3239);
#3238 = CARTESIAN_POINT('',(16.6,43.5,-0.1));
#3239 = VECTOR('',#3240,1.);
#3240 = DIRECTION('',(0.,0.,1.));
#3241 = ORIENTED_EDGE('',*,*,#3242,.T.);
#3242 = EDGE_CURVE('',#3235,#3243,#3245,.T.);
#3243 = VERTEX_POINT('',#3244);
#3244 = CARTESIAN_POINT('',(16.6,39.4,1.6));
#3245 = LINE('',#3246,#3247);
#3246 = CARTESIAN_POINT('',(16.6,43.5,1.6));
#3247 = VECTOR('',#3248,1.);
#3248 = DIRECTION('',(0.,-1.,0.));
#3249 = ORIENTED_EDGE('',*,*,#3250,.F.);
#3250 = EDGE_CURVE('',#3127,#3243,#3251,.T.);
#3251 = LINE('',#3252,#3253);
#3252 = CARTESIAN_POINT('',(16.6,39.4,-0.3));
#3253 = VECTOR('',#3254,1.);
#3254 = DIRECTION('',(0.,0.,1.));
#3255 = PLANE('',#3256);
#3256 = AXIS2_PLACEMENT_3D('',#3257,#3258,#3259);
#3257 = CARTESIAN_POINT('',(16.6,43.5,-0.1));
#3258 = DIRECTION('',(1.,0.,-0.));
#3259 = DIRECTION('',(0.,-1.,0.));
#3260 = ADVANCED_FACE('',(#3261),#3282,.F.);
#3261 = FACE_BOUND('',#3262,.T.);
#3262 = EDGE_LOOP('',(#3263,#3264,#3272,#3279,#3280,#3281));
#3263 = ORIENTED_EDGE('',*,*,#3200,.T.);
#3264 = ORIENTED_EDGE('',*,*,#3265,.T.);
#3265 = EDGE_CURVE('',#3193,#3266,#3268,.T.);
#3266 = VERTEX_POINT('',#3267);
#3267 = CARTESIAN_POINT('',(17.6,44.5,1.6));
#3268 = LINE('',#3269,#3270);
#3269 = CARTESIAN_POINT('',(17.6,44.5,-0.1));
#3270 = VECTOR('',#3271,1.);
#3271 = DIRECTION('',(0.,0.,1.));
#3272 = ORIENTED_EDGE('',*,*,#3273,.T.);
#3273 = EDGE_CURVE('',#3266,#3235,#3274,.T.);
#3274 = CIRCLE('',#3275,1.);
#3275 = AXIS2_PLACEMENT_3D('',#3276,#3277,#3278);
#3276 = CARTESIAN_POINT('',(17.6,43.5,1.6));
#3277 = DIRECTION('',(0.,0.,1.));
#3278 = DIRECTION('',(-3.552713678801E-15,1.,0.));
#3279 = ORIENTED_EDGE('',*,*,#3234,.F.);
#3280 = ORIENTED_EDGE('',*,*,#3218,.T.);
#3281 = ORIENTED_EDGE('',*,*,#3209,.T.);
#3282 = CYLINDRICAL_SURFACE('',#3283,1.);
#3283 = AXIS2_PLACEMENT_3D('',#3284,#3285,#3286);
#3284 = CARTESIAN_POINT('',(17.6,43.5,-0.1));
#3285 = DIRECTION('',(-0.,-0.,-1.));
#3286 = DIRECTION('',(-3.552713678801E-15,1.,0.));
#3287 = ADVANCED_FACE('',(#3288),#3306,.T.);
#3288 = FACE_BOUND('',#3289,.T.);
#3289 = EDGE_LOOP('',(#3290,#3291,#3299,#3305));
#3290 = ORIENTED_EDGE('',*,*,#3192,.T.);
#3291 = ORIENTED_EDGE('',*,*,#3292,.T.);
#3292 = EDGE_CURVE('',#3184,#3293,#3295,.T.);
#3293 = VERTEX_POINT('',#3294);
#3294 = CARTESIAN_POINT('',(24.4,44.5,1.6));
#3295 = LINE('',#3296,#3297);
#3296 = CARTESIAN_POINT('',(24.4,44.5,-0.1));
#3297 = VECTOR('',#3298,1.);
#3298 = DIRECTION('',(0.,0.,1.));
#3299 = ORIENTED_EDGE('',*,*,#3300,.T.);
#3300 = EDGE_CURVE('',#3293,#3266,#3301,.T.);
#3301 = LINE('',#3302,#3303);
#3302 = CARTESIAN_POINT('',(24.4,44.5,1.6));
#3303 = VECTOR('',#3304,1.);
#3304 = DIRECTION('',(-1.,0.,0.));
#3305 = ORIENTED_EDGE('',*,*,#3265,.F.);
#3306 = PLANE('',#3307);
#3307 = AXIS2_PLACEMENT_3D('',#3308,#3309,#3310);
#3308 = CARTESIAN_POINT('',(24.4,44.5,-0.1));
#3309 = DIRECTION('',(0.,-1.,0.));
#3310 = DIRECTION('',(-1.,0.,0.));
#3311 = ADVANCED_FACE('',(#3312),#3337,.T.);
#3312 = FACE_BOUND('',#3313,.T.);
#3313 = EDGE_LOOP('',(#3314,#3322,#3330,#3336));
#3314 = ORIENTED_EDGE('',*,*,#3315,.F.);
#3315 = EDGE_CURVE('',#3316,#3150,#3318,.T.);
#3316 = VERTEX_POINT('',#3317);
#3317 = CARTESIAN_POINT('',(25.4,39.4,1.6));
#3318 = LINE('',#3319,#3320);
#3319 = CARTESIAN_POINT('',(25.4,39.4,-0.3));
#3320 = VECTOR('',#3321,1.);
#3321 = DIRECTION('',(-0.,-0.,-1.));
#3322 = ORIENTED_EDGE('',*,*,#3323,.T.);
#3323 = EDGE_CURVE('',#3316,#3324,#3326,.T.);
#3324 = VERTEX_POINT('',#3325);
#3325 = CARTESIAN_POINT('',(25.4,43.5,1.6));
#3326 = LINE('',#3327,#3328);
#3327 = CARTESIAN_POINT('',(25.4,38.7,1.6));
#3328 = VECTOR('',#3329,1.);
#3329 = DIRECTION('',(0.,1.,0.));
#3330 = ORIENTED_EDGE('',*,*,#3331,.F.);
#3331 = EDGE_CURVE('',#3158,#3324,#3332,.T.);
#3332 = LINE('',#3333,#3334);
#3333 = CARTESIAN_POINT('',(25.4,43.5,-0.1));
#3334 = VECTOR('',#3335,1.);
#3335 = DIRECTION('',(0.,0.,1.));
#3336 = ORIENTED_EDGE('',*,*,#3157,.T.);
#3337 = PLANE('',#3338);
#3338 = AXIS2_PLACEMENT_3D('',#3339,#3340,#3341);
#3339 = CARTESIAN_POINT('',(25.4,38.7,-0.1));
#3340 = DIRECTION('',(-1.,0.,0.));
#3341 = DIRECTION('',(0.,1.,0.));
#3342 = ADVANCED_FACE('',(#3343),#3357,.F.);
#3343 = FACE_BOUND('',#3344,.T.);
#3344 = EDGE_LOOP('',(#3345,#3346,#3347,#3354,#3355,#3356));
#3345 = ORIENTED_EDGE('',*,*,#3165,.T.);
#3346 = ORIENTED_EDGE('',*,*,#3331,.T.);
#3347 = ORIENTED_EDGE('',*,*,#3348,.T.);
#3348 = EDGE_CURVE('',#3324,#3293,#3349,.T.);
#3349 = CIRCLE('',#3350,1.);
#3350 = AXIS2_PLACEMENT_3D('',#3351,#3352,#3353);
#3351 = CARTESIAN_POINT('',(24.4,43.5,1.6));
#3352 = DIRECTION('',(0.,0.,1.));
#3353 = DIRECTION('',(1.,0.,-0.));
#3354 = ORIENTED_EDGE('',*,*,#3292,.F.);
#3355 = ORIENTED_EDGE('',*,*,#3183,.T.);
#3356 = ORIENTED_EDGE('',*,*,#3174,.T.);
#3357 = CYLINDRICAL_SURFACE('',#3358,1.);
#3358 = AXIS2_PLACEMENT_3D('',#3359,#3360,#3361);
#3359 = CARTESIAN_POINT('',(24.4,43.5,-0.1));
#3360 = DIRECTION('',(-0.,-0.,-1.));
#3361 = DIRECTION('',(1.,0.,-0.));
#3362 = ADVANCED_FACE('',(#3363,#3376),#3387,.F.);
#3363 = FACE_BOUND('',#3364,.F.);
#3364 = EDGE_LOOP('',(#3365,#3366,#3372,#3373,#3374,#3375));
#3365 = ORIENTED_EDGE('',*,*,#3242,.T.);
#3366 = ORIENTED_EDGE('',*,*,#3367,.F.);
#3367 = EDGE_CURVE('',#3316,#3243,#3368,.T.);
#3368 = LINE('',#3369,#3370);
#3369 = CARTESIAN_POINT('',(27.2,39.4,1.6));
#3370 = VECTOR('',#3371,1.);
#3371 = DIRECTION('',(-1.,0.,0.));
#3372 = ORIENTED_EDGE('',*,*,#3323,.T.);
#3373 = ORIENTED_EDGE('',*,*,#3348,.T.);
#3374 = ORIENTED_EDGE('',*,*,#3300,.T.);
#3375 = ORIENTED_EDGE('',*,*,#3273,.T.);
#3376 = FACE_BOUND('',#3377,.F.);
#3377 = EDGE_LOOP('',(#3378));
#3378 = ORIENTED_EDGE('',*,*,#3379,.F.);
#3379 = EDGE_CURVE('',#3380,#3380,#3382,.T.);
#3380 = VERTEX_POINT('',#3381);
#3381 = CARTESIAN_POINT('',(21.8,42.,1.6));
#3382 = CIRCLE('',#3383,0.8);
#3383 = AXIS2_PLACEMENT_3D('',#3384,#3385,#3386);
#3384 = CARTESIAN_POINT('',(21.,42.,1.6));
#3385 = DIRECTION('',(0.,0.,1.));
#3386 = DIRECTION('',(1.,0.,-0.));
#3387 = PLANE('',#3388);
#3388 = AXIS2_PLACEMENT_3D('',#3389,#3390,#3391);
#3389 = CARTESIAN_POINT('',(21.,41.1,1.6));
#3390 = DIRECTION('',(0.,0.,1.));
#3391 = DIRECTION('',(1.,0.,-0.));
#3392 = ADVANCED_FACE('',(#3393),#3412,.F.);
#3393 = FACE_BOUND('',#3394,.F.);
#3394 = EDGE_LOOP('',(#3395,#3403,#3410,#3411));
#3395 = ORIENTED_EDGE('',*,*,#3396,.T.);
#3396 = EDGE_CURVE('',#3380,#3397,#3399,.T.);
#3397 = VERTEX_POINT('',#3398);
#3398 = CARTESIAN_POINT('',(21.8,42.,7.));
#3399 = LINE('',#3400,#3401);
#3400 = CARTESIAN_POINT('',(21.8,42.,-0.2));
#3401 = VECTOR('',#3402,1.);
#3402 = DIRECTION('',(0.,0.,1.));
#3403 = ORIENTED_EDGE('',*,*,#3404,.F.);
#3404 = EDGE_CURVE('',#3397,#3397,#3405,.T.);
#3405 = CIRCLE('',#3406,0.8);
#3406 = AXIS2_PLACEMENT_3D('',#3407,#3408,#3409);
#3407 = CARTESIAN_POINT('',(21.,42.,7.));
#3408 = DIRECTION('',(0.,0.,1.));
#3409 = DIRECTION('',(1.,0.,-0.));
#3410 = ORIENTED_EDGE('',*,*,#3396,.F.);
#3411 = ORIENTED_EDGE('',*,*,#3379,.T.);
#3412 = CYLINDRICAL_SURFACE('',#3413,0.8);
#3413 = AXIS2_PLACEMENT_3D('',#3414,#3415,#3416);
#3414 = CARTESIAN_POINT('',(21.,42.,-0.2));
#3415 = DIRECTION('',(0.,0.,1.));
#3416 = DIRECTION('',(1.,0.,-0.));
#3417 = ADVANCED_FACE('',(#3418),#3421,.F.);
#3418 = FACE_BOUND('',#3419,.F.);
#3419 = EDGE_LOOP('',(#3420));
#3420 = ORIENTED_EDGE('',*,*,#3404,.T.);
#3421 = PLANE('',#3422);
#3422 = AXIS2_PLACEMENT_3D('',#3423,#3424,#3425);
#3423 = CARTESIAN_POINT('',(21.,42.,7.));
#3424 = DIRECTION('',(0.,0.,1.));
#3425 = DIRECTION('',(1.,0.,-0.));
#3426 = ADVANCED_FACE('',(#3427,#3483,#3512,#3541,#3570),#3599,.T.);
#3427 = FACE_BOUND('',#3428,.T.);
#3428 = EDGE_LOOP('',(#3429,#3430,#3431,#3432,#3433,#3434,#3443,#3450,
    #3451,#3460,#3467,#3468,#3469,#3470,#3471,#3472,#3473,#3474,#3475,
    #3476,#3477,#3478,#3479,#3480,#3481,#3482));
#3429 = ORIENTED_EDGE('',*,*,#215,.T.);
#3430 = ORIENTED_EDGE('',*,*,#39,.T.);
#3431 = ORIENTED_EDGE('',*,*,#191,.T.);
#3432 = ORIENTED_EDGE('',*,*,#670,.T.);
#3433 = ORIENTED_EDGE('',*,*,#808,.T.);
#3434 = ORIENTED_EDGE('',*,*,#3435,.T.);
#3435 = EDGE_CURVE('',#801,#3436,#3438,.T.);
#3436 = VERTEX_POINT('',#3437);
#3437 = CARTESIAN_POINT('',(5.8,8.5,14.));
#3438 = CIRCLE('',#3439,2.2);
#3439 = AXIS2_PLACEMENT_3D('',#3440,#3441,#3442);
#3440 = CARTESIAN_POINT('',(3.6,8.5,14.));
#3441 = DIRECTION('',(0.,0.,1.));
#3442 = DIRECTION('',(1.,0.,-0.));
#3443 = ORIENTED_EDGE('',*,*,#3444,.T.);
#3444 = EDGE_CURVE('',#3436,#1694,#3445,.T.);
#3445 = CIRCLE('',#3446,2.2);
#3446 = AXIS2_PLACEMENT_3D('',#3447,#3448,#3449);
#3447 = CARTESIAN_POINT('',(3.6,8.5,14.));
#3448 = DIRECTION('',(0.,0.,1.));
#3449 = DIRECTION('',(1.,0.,-0.));
#3450 = ORIENTED_EDGE('',*,*,#1693,.T.);
#3451 = ORIENTED_EDGE('',*,*,#3452,.T.);
#3452 = EDGE_CURVE('',#1686,#3453,#3455,.T.);
#3453 = VERTEX_POINT('',#3454);
#3454 = CARTESIAN_POINT('',(5.8,51.5,14.));
#3455 = CIRCLE('',#3456,2.2);
#3456 = AXIS2_PLACEMENT_3D('',#3457,#3458,#3459);
#3457 = CARTESIAN_POINT('',(3.6,51.5,14.));
#3458 = DIRECTION('',(0.,0.,1.));
#3459 = DIRECTION('',(1.,0.,-0.));
#3460 = ORIENTED_EDGE('',*,*,#3461,.T.);
#3461 = EDGE_CURVE('',#3453,#1662,#3462,.T.);
#3462 = CIRCLE('',#3463,2.2);
#3463 = AXIS2_PLACEMENT_3D('',#3464,#3465,#3466);
#3464 = CARTESIAN_POINT('',(3.6,51.5,14.));
#3465 = DIRECTION('',(0.,0.,1.));
#3466 = DIRECTION('',(1.,0.,-0.));
#3467 = ORIENTED_EDGE('',*,*,#1661,.T.);
#3468 = ORIENTED_EDGE('',*,*,#1637,.T.);
#3469 = ORIENTED_EDGE('',*,*,#1612,.T.);
#3470 = ORIENTED_EDGE('',*,*,#1749,.T.);
#3471 = ORIENTED_EDGE('',*,*,#1348,.T.);
#3472 = ORIENTED_EDGE('',*,*,#1280,.T.);
#3473 = ORIENTED_EDGE('',*,*,#768,.T.);
#3474 = ORIENTED_EDGE('',*,*,#679,.T.);
#3475 = ORIENTED_EDGE('',*,*,#143,.F.);
#3476 = ORIENTED_EDGE('',*,*,#71,.T.);
#3477 = ORIENTED_EDGE('',*,*,#94,.T.);
#3478 = ORIENTED_EDGE('',*,*,#582,.T.);
#3479 = ORIENTED_EDGE('',*,*,#559,.T.);
#3480 = ORIENTED_EDGE('',*,*,#487,.T.);
#3481 = ORIENTED_EDGE('',*,*,#320,.T.);
#3482 = ORIENTED_EDGE('',*,*,#286,.T.);
#3483 = FACE_BOUND('',#3484,.T.);
#3484 = EDGE_LOOP('',(#3485,#3496,#3505));
#3485 = ORIENTED_EDGE('',*,*,#3486,.F.);
#3486 = EDGE_CURVE('',#3487,#3489,#3491,.T.);
#3487 = VERTEX_POINT('',#3488);
#3488 = CARTESIAN_POINT('',(1.8,9.10827625303,14.));
#3489 = VERTEX_POINT('',#3490);
#3490 = CARTESIAN_POINT('',(1.800997662188,7.888779427255,14.));
#3491 = CIRCLE('',#3492,1.9);
#3492 = AXIS2_PLACEMENT_3D('',#3493,#3494,#3495);
#3493 = CARTESIAN_POINT('',(3.6,8.5,14.));
#3494 = DIRECTION('',(0.,0.,1.));
#3495 = DIRECTION('',(1.,0.,-0.));
#3496 = ORIENTED_EDGE('',*,*,#3497,.F.);
#3497 = EDGE_CURVE('',#3498,#3487,#3500,.T.);
#3498 = VERTEX_POINT('',#3499);
#3499 = CARTESIAN_POINT('',(5.5,8.5,14.));
#3500 = CIRCLE('',#3501,1.9);
#3501 = AXIS2_PLACEMENT_3D('',#3502,#3503,#3504);
#3502 = CARTESIAN_POINT('',(3.6,8.5,14.));
#3503 = DIRECTION('',(0.,0.,1.));
#3504 = DIRECTION('',(1.,0.,-0.));
#3505 = ORIENTED_EDGE('',*,*,#3506,.F.);
#3506 = EDGE_CURVE('',#3489,#3498,#3507,.T.);
#3507 = CIRCLE('',#3508,1.9);
#3508 = AXIS2_PLACEMENT_3D('',#3509,#3510,#3511);
#3509 = CARTESIAN_POINT('',(3.6,8.5,14.));
#3510 = DIRECTION('',(0.,0.,1.));
#3511 = DIRECTION('',(1.,0.,-0.));
#3512 = FACE_BOUND('',#3513,.T.);
#3513 = EDGE_LOOP('',(#3514,#3525,#3534));
#3514 = ORIENTED_EDGE('',*,*,#3515,.F.);
#3515 = EDGE_CURVE('',#3516,#3518,#3520,.T.);
#3516 = VERTEX_POINT('',#3517);
#3517 = CARTESIAN_POINT('',(40.199002337812,7.888779427255,14.));
#3518 = VERTEX_POINT('',#3519);
#3519 = CARTESIAN_POINT('',(40.3,8.5,14.));
#3520 = CIRCLE('',#3521,1.9);
#3521 = AXIS2_PLACEMENT_3D('',#3522,#3523,#3524);
#3522 = CARTESIAN_POINT('',(38.4,8.5,14.));
#3523 = DIRECTION('',(0.,0.,1.));
#3524 = DIRECTION('',(1.,0.,-0.));
#3525 = ORIENTED_EDGE('',*,*,#3526,.F.);
#3526 = EDGE_CURVE('',#3527,#3516,#3529,.T.);
#3527 = VERTEX_POINT('',#3528);
#3528 = CARTESIAN_POINT('',(40.2,9.10827625303,14.));
#3529 = CIRCLE('',#3530,1.9);
#3530 = AXIS2_PLACEMENT_3D('',#3531,#3532,#3533);
#3531 = CARTESIAN_POINT('',(38.4,8.5,14.));
#3532 = DIRECTION('',(0.,0.,1.));
#3533 = DIRECTION('',(1.,0.,-0.));
#3534 = ORIENTED_EDGE('',*,*,#3535,.F.);
#3535 = EDGE_CURVE('',#3518,#3527,#3536,.T.);
#3536 = CIRCLE('',#3537,1.9);
#3537 = AXIS2_PLACEMENT_3D('',#3538,#3539,#3540);
#3538 = CARTESIAN_POINT('',(38.4,8.5,14.));
#3539 = DIRECTION('',(0.,0.,1.));
#3540 = DIRECTION('',(1.,0.,-0.));
#3541 = FACE_BOUND('',#3542,.T.);
#3542 = EDGE_LOOP('',(#3543,#3554,#3563));
#3543 = ORIENTED_EDGE('',*,*,#3544,.F.);
#3544 = EDGE_CURVE('',#3545,#3547,#3549,.T.);
#3545 = VERTEX_POINT('',#3546);
#3546 = CARTESIAN_POINT('',(1.800997662188,52.111220572745,14.));
#3547 = VERTEX_POINT('',#3548);
#3548 = CARTESIAN_POINT('',(1.8,50.89172374697,14.));
#3549 = CIRCLE('',#3550,1.9);
#3550 = AXIS2_PLACEMENT_3D('',#3551,#3552,#3553);
#3551 = CARTESIAN_POINT('',(3.6,51.5,14.));
#3552 = DIRECTION('',(0.,0.,1.));
#3553 = DIRECTION('',(1.,0.,-0.));
#3554 = ORIENTED_EDGE('',*,*,#3555,.F.);
#3555 = EDGE_CURVE('',#3556,#3545,#3558,.T.);
#3556 = VERTEX_POINT('',#3557);
#3557 = CARTESIAN_POINT('',(5.5,51.5,14.));
#3558 = CIRCLE('',#3559,1.9);
#3559 = AXIS2_PLACEMENT_3D('',#3560,#3561,#3562);
#3560 = CARTESIAN_POINT('',(3.6,51.5,14.));
#3561 = DIRECTION('',(0.,0.,1.));
#3562 = DIRECTION('',(1.,0.,-0.));
#3563 = ORIENTED_EDGE('',*,*,#3564,.F.);
#3564 = EDGE_CURVE('',#3547,#3556,#3565,.T.);
#3565 = CIRCLE('',#3566,1.9);
#3566 = AXIS2_PLACEMENT_3D('',#3567,#3568,#3569);
#3567 = CARTESIAN_POINT('',(3.6,51.5,14.));
#3568 = DIRECTION('',(0.,0.,1.));
#3569 = DIRECTION('',(1.,0.,-0.));
#3570 = FACE_BOUND('',#3571,.T.);
#3571 = EDGE_LOOP('',(#3572,#3583,#3592));
#3572 = ORIENTED_EDGE('',*,*,#3573,.F.);
#3573 = EDGE_CURVE('',#3574,#3576,#3578,.T.);
#3574 = VERTEX_POINT('',#3575);
#3575 = CARTESIAN_POINT('',(40.2,50.89172374697,14.));
#3576 = VERTEX_POINT('',#3577);
#3577 = CARTESIAN_POINT('',(40.3,51.5,14.));
#3578 = CIRCLE('',#3579,1.9);
#3579 = AXIS2_PLACEMENT_3D('',#3580,#3581,#3582);
#3580 = CARTESIAN_POINT('',(38.4,51.5,14.));
#3581 = DIRECTION('',(0.,0.,1.));
#3582 = DIRECTION('',(1.,0.,-0.));
#3583 = ORIENTED_EDGE('',*,*,#3584,.F.);
#3584 = EDGE_CURVE('',#3585,#3574,#3587,.T.);
#3585 = VERTEX_POINT('',#3586);
#3586 = CARTESIAN_POINT('',(40.199002337812,52.111220572745,14.));
#3587 = CIRCLE('',#3588,1.9);
#3588 = AXIS2_PLACEMENT_3D('',#3589,#3590,#3591);
#3589 = CARTESIAN_POINT('',(38.4,51.5,14.));
#3590 = DIRECTION('',(0.,0.,1.));
#3591 = DIRECTION('',(1.,0.,-0.));
#3592 = ORIENTED_EDGE('',*,*,#3593,.F.);
#3593 = EDGE_CURVE('',#3576,#3585,#3594,.T.);
#3594 = CIRCLE('',#3595,1.9);
#3595 = AXIS2_PLACEMENT_3D('',#3596,#3597,#3598);
#3596 = CARTESIAN_POINT('',(38.4,51.5,14.));
#3597 = DIRECTION('',(0.,0.,1.));
#3598 = DIRECTION('',(1.,0.,-0.));
#3599 = PLANE('',#3600);
#3600 = AXIS2_PLACEMENT_3D('',#3601,#3602,#3603);
#3601 = CARTESIAN_POINT('',(20.920289930097,32.50373717589,14.));
#3602 = DIRECTION('',(0.,0.,1.));
#3603 = DIRECTION('',(1.,0.,-0.));
#3604 = ADVANCED_FACE('',(#3605),#3626,.T.);
#3605 = FACE_BOUND('',#3606,.T.);
#3606 = EDGE_LOOP('',(#3607,#3615,#3622,#3623,#3624,#3625));
#3607 = ORIENTED_EDGE('',*,*,#3608,.T.);
#3608 = EDGE_CURVE('',#3498,#3609,#3611,.T.);
#3609 = VERTEX_POINT('',#3610);
#3610 = CARTESIAN_POINT('',(5.5,8.5,14.35));
#3611 = LINE('',#3612,#3613);
#3612 = CARTESIAN_POINT('',(5.5,8.5,14.));
#3613 = VECTOR('',#3614,1.);
#3614 = DIRECTION('',(0.,0.,1.));
#3615 = ORIENTED_EDGE('',*,*,#3616,.F.);
#3616 = EDGE_CURVE('',#3609,#3609,#3617,.T.);
#3617 = CIRCLE('',#3618,1.9);
#3618 = AXIS2_PLACEMENT_3D('',#3619,#3620,#3621);
#3619 = CARTESIAN_POINT('',(3.6,8.5,14.35));
#3620 = DIRECTION('',(0.,0.,1.));
#3621 = DIRECTION('',(1.,0.,-0.));
#3622 = ORIENTED_EDGE('',*,*,#3608,.F.);
#3623 = ORIENTED_EDGE('',*,*,#3497,.T.);
#3624 = ORIENTED_EDGE('',*,*,#3486,.T.);
#3625 = ORIENTED_EDGE('',*,*,#3506,.T.);
#3626 = CYLINDRICAL_SURFACE('',#3627,1.9);
#3627 = AXIS2_PLACEMENT_3D('',#3628,#3629,#3630);
#3628 = CARTESIAN_POINT('',(3.6,8.5,14.));
#3629 = DIRECTION('',(0.,0.,1.));
#3630 = DIRECTION('',(1.,0.,-0.));
#3631 = ADVANCED_FACE('',(#3632,#3635),#3646,.T.);
#3632 = FACE_BOUND('',#3633,.T.);
#3633 = EDGE_LOOP('',(#3634));
#3634 = ORIENTED_EDGE('',*,*,#3616,.T.);
#3635 = FACE_BOUND('',#3636,.T.);
#3636 = EDGE_LOOP('',(#3637));
#3637 = ORIENTED_EDGE('',*,*,#3638,.F.);
#3638 = EDGE_CURVE('',#3639,#3639,#3641,.T.);
#3639 = VERTEX_POINT('',#3640);
#3640 = CARTESIAN_POINT('',(4.4,8.5,14.35));
#3641 = CIRCLE('',#3642,0.8);
#3642 = AXIS2_PLACEMENT_3D('',#3643,#3644,#3645);
#3643 = CARTESIAN_POINT('',(3.6,8.5,14.35));
#3644 = DIRECTION('',(0.,0.,1.));
#3645 = DIRECTION('',(1.,0.,-0.));
#3646 = PLANE('',#3647);
#3647 = AXIS2_PLACEMENT_3D('',#3648,#3649,#3650);
#3648 = CARTESIAN_POINT('',(3.6,8.5,14.35));
#3649 = DIRECTION('',(0.,0.,1.));
#3650 = DIRECTION('',(1.,0.,-0.));
#3651 = ADVANCED_FACE('',(#3652),#3671,.F.);
#3652 = FACE_BOUND('',#3653,.F.);
#3653 = EDGE_LOOP('',(#3654,#3655,#3663,#3670));
#3654 = ORIENTED_EDGE('',*,*,#3638,.F.);
#3655 = ORIENTED_EDGE('',*,*,#3656,.F.);
#3656 = EDGE_CURVE('',#3657,#3639,#3659,.T.);
#3657 = VERTEX_POINT('',#3658);
#3658 = CARTESIAN_POINT('',(4.4,8.5,4.));
#3659 = LINE('',#3660,#3661);
#3660 = CARTESIAN_POINT('',(4.4,8.5,4.));
#3661 = VECTOR('',#3662,1.);
#3662 = DIRECTION('',(0.,0.,1.));
#3663 = ORIENTED_EDGE('',*,*,#3664,.T.);
#3664 = EDGE_CURVE('',#3657,#3657,#3665,.T.);
#3665 = CIRCLE('',#3666,0.8);
#3666 = AXIS2_PLACEMENT_3D('',#3667,#3668,#3669);
#3667 = CARTESIAN_POINT('',(3.6,8.5,4.));
#3668 = DIRECTION('',(0.,0.,1.));
#3669 = DIRECTION('',(1.,0.,-0.));
#3670 = ORIENTED_EDGE('',*,*,#3656,.T.);
#3671 = CYLINDRICAL_SURFACE('',#3672,0.8);
#3672 = AXIS2_PLACEMENT_3D('',#3673,#3674,#3675);
#3673 = CARTESIAN_POINT('',(3.6,8.5,4.));
#3674 = DIRECTION('',(0.,0.,1.));
#3675 = DIRECTION('',(1.,0.,-0.));
#3676 = ADVANCED_FACE('',(#3677),#3680,.T.);
#3677 = FACE_BOUND('',#3678,.F.);
#3678 = EDGE_LOOP('',(#3679));
#3679 = ORIENTED_EDGE('',*,*,#3664,.F.);
#3680 = PLANE('',#3681);
#3681 = AXIS2_PLACEMENT_3D('',#3682,#3683,#3684);
#3682 = CARTESIAN_POINT('',(3.6,8.5,4.));
#3683 = DIRECTION('',(0.,0.,1.));
#3684 = DIRECTION('',(1.,0.,-0.));
#3685 = ADVANCED_FACE('',(#3686),#3707,.T.);
#3686 = FACE_BOUND('',#3687,.T.);
#3687 = EDGE_LOOP('',(#3688,#3696,#3703,#3704,#3705,#3706));
#3688 = ORIENTED_EDGE('',*,*,#3689,.T.);
#3689 = EDGE_CURVE('',#3518,#3690,#3692,.T.);
#3690 = VERTEX_POINT('',#3691);
#3691 = CARTESIAN_POINT('',(40.3,8.5,14.35));
#3692 = LINE('',#3693,#3694);
#3693 = CARTESIAN_POINT('',(40.3,8.5,14.));
#3694 = VECTOR('',#3695,1.);
#3695 = DIRECTION('',(0.,0.,1.));
#3696 = ORIENTED_EDGE('',*,*,#3697,.F.);
#3697 = EDGE_CURVE('',#3690,#3690,#3698,.T.);
#3698 = CIRCLE('',#3699,1.9);
#3699 = AXIS2_PLACEMENT_3D('',#3700,#3701,#3702);
#3700 = CARTESIAN_POINT('',(38.4,8.5,14.35));
#3701 = DIRECTION('',(0.,0.,1.));
#3702 = DIRECTION('',(1.,0.,-0.));
#3703 = ORIENTED_EDGE('',*,*,#3689,.F.);
#3704 = ORIENTED_EDGE('',*,*,#3535,.T.);
#3705 = ORIENTED_EDGE('',*,*,#3526,.T.);
#3706 = ORIENTED_EDGE('',*,*,#3515,.T.);
#3707 = CYLINDRICAL_SURFACE('',#3708,1.9);
#3708 = AXIS2_PLACEMENT_3D('',#3709,#3710,#3711);
#3709 = CARTESIAN_POINT('',(38.4,8.5,14.));
#3710 = DIRECTION('',(0.,0.,1.));
#3711 = DIRECTION('',(1.,0.,-0.));
#3712 = ADVANCED_FACE('',(#3713,#3716),#3727,.T.);
#3713 = FACE_BOUND('',#3714,.T.);
#3714 = EDGE_LOOP('',(#3715));
#3715 = ORIENTED_EDGE('',*,*,#3697,.T.);
#3716 = FACE_BOUND('',#3717,.T.);
#3717 = EDGE_LOOP('',(#3718));
#3718 = ORIENTED_EDGE('',*,*,#3719,.F.);
#3719 = EDGE_CURVE('',#3720,#3720,#3722,.T.);
#3720 = VERTEX_POINT('',#3721);
#3721 = CARTESIAN_POINT('',(39.2,8.5,14.35));
#3722 = CIRCLE('',#3723,0.8);
#3723 = AXIS2_PLACEMENT_3D('',#3724,#3725,#3726);
#3724 = CARTESIAN_POINT('',(38.4,8.5,14.35));
#3725 = DIRECTION('',(0.,0.,1.));
#3726 = DIRECTION('',(1.,0.,-0.));
#3727 = PLANE('',#3728);
#3728 = AXIS2_PLACEMENT_3D('',#3729,#3730,#3731);
#3729 = CARTESIAN_POINT('',(38.4,8.5,14.35));
#3730 = DIRECTION('',(0.,0.,1.));
#3731 = DIRECTION('',(1.,0.,-0.));
#3732 = ADVANCED_FACE('',(#3733),#3752,.F.);
#3733 = FACE_BOUND('',#3734,.F.);
#3734 = EDGE_LOOP('',(#3735,#3736,#3744,#3751));
#3735 = ORIENTED_EDGE('',*,*,#3719,.F.);
#3736 = ORIENTED_EDGE('',*,*,#3737,.F.);
#3737 = EDGE_CURVE('',#3738,#3720,#3740,.T.);
#3738 = VERTEX_POINT('',#3739);
#3739 = CARTESIAN_POINT('',(39.2,8.5,4.));
#3740 = LINE('',#3741,#3742);
#3741 = CARTESIAN_POINT('',(39.2,8.5,4.));
#3742 = VECTOR('',#3743,1.);
#3743 = DIRECTION('',(0.,0.,1.));
#3744 = ORIENTED_EDGE('',*,*,#3745,.T.);
#3745 = EDGE_CURVE('',#3738,#3738,#3746,.T.);
#3746 = CIRCLE('',#3747,0.8);
#3747 = AXIS2_PLACEMENT_3D('',#3748,#3749,#3750);
#3748 = CARTESIAN_POINT('',(38.4,8.5,4.));
#3749 = DIRECTION('',(0.,0.,1.));
#3750 = DIRECTION('',(1.,0.,-0.));
#3751 = ORIENTED_EDGE('',*,*,#3737,.T.);
#3752 = CYLINDRICAL_SURFACE('',#3753,0.8);
#3753 = AXIS2_PLACEMENT_3D('',#3754,#3755,#3756);
#3754 = CARTESIAN_POINT('',(38.4,8.5,4.));
#3755 = DIRECTION('',(0.,0.,1.));
#3756 = DIRECTION('',(1.,0.,-0.));
#3757 = ADVANCED_FACE('',(#3758),#3761,.T.);
#3758 = FACE_BOUND('',#3759,.F.);
#3759 = EDGE_LOOP('',(#3760));
#3760 = ORIENTED_EDGE('',*,*,#3745,.F.);
#3761 = PLANE('',#3762);
#3762 = AXIS2_PLACEMENT_3D('',#3763,#3764,#3765);
#3763 = CARTESIAN_POINT('',(38.4,8.5,4.));
#3764 = DIRECTION('',(0.,0.,1.));
#3765 = DIRECTION('',(1.,0.,-0.));
#3766 = ADVANCED_FACE('',(#3767),#3788,.T.);
#3767 = FACE_BOUND('',#3768,.T.);
#3768 = EDGE_LOOP('',(#3769,#3777,#3784,#3785,#3786,#3787));
#3769 = ORIENTED_EDGE('',*,*,#3770,.T.);
#3770 = EDGE_CURVE('',#3556,#3771,#3773,.T.);
#3771 = VERTEX_POINT('',#3772);
#3772 = CARTESIAN_POINT('',(5.5,51.5,14.35));
#3773 = LINE('',#3774,#3775);
#3774 = CARTESIAN_POINT('',(5.5,51.5,14.));
#3775 = VECTOR('',#3776,1.);
#3776 = DIRECTION('',(0.,0.,1.));
#3777 = ORIENTED_EDGE('',*,*,#3778,.F.);
#3778 = EDGE_CURVE('',#3771,#3771,#3779,.T.);
#3779 = CIRCLE('',#3780,1.9);
#3780 = AXIS2_PLACEMENT_3D('',#3781,#3782,#3783);
#3781 = CARTESIAN_POINT('',(3.6,51.5,14.35));
#3782 = DIRECTION('',(0.,0.,1.));
#3783 = DIRECTION('',(1.,0.,-0.));
#3784 = ORIENTED_EDGE('',*,*,#3770,.F.);
#3785 = ORIENTED_EDGE('',*,*,#3555,.T.);
#3786 = ORIENTED_EDGE('',*,*,#3544,.T.);
#3787 = ORIENTED_EDGE('',*,*,#3564,.T.);
#3788 = CYLINDRICAL_SURFACE('',#3789,1.9);
#3789 = AXIS2_PLACEMENT_3D('',#3790,#3791,#3792);
#3790 = CARTESIAN_POINT('',(3.6,51.5,14.));
#3791 = DIRECTION('',(0.,0.,1.));
#3792 = DIRECTION('',(1.,0.,-0.));
#3793 = ADVANCED_FACE('',(#3794,#3797),#3808,.T.);
#3794 = FACE_BOUND('',#3795,.T.);
#3795 = EDGE_LOOP('',(#3796));
#3796 = ORIENTED_EDGE('',*,*,#3778,.T.);
#3797 = FACE_BOUND('',#3798,.T.);
#3798 = EDGE_LOOP('',(#3799));
#3799 = ORIENTED_EDGE('',*,*,#3800,.F.);
#3800 = EDGE_CURVE('',#3801,#3801,#3803,.T.);
#3801 = VERTEX_POINT('',#3802);
#3802 = CARTESIAN_POINT('',(4.4,51.5,14.35));
#3803 = CIRCLE('',#3804,0.8);
#3804 = AXIS2_PLACEMENT_3D('',#3805,#3806,#3807);
#3805 = CARTESIAN_POINT('',(3.6,51.5,14.35));
#3806 = DIRECTION('',(0.,0.,1.));
#3807 = DIRECTION('',(1.,0.,-0.));
#3808 = PLANE('',#3809);
#3809 = AXIS2_PLACEMENT_3D('',#3810,#3811,#3812);
#3810 = CARTESIAN_POINT('',(3.6,51.5,14.35));
#3811 = DIRECTION('',(0.,0.,1.));
#3812 = DIRECTION('',(1.,0.,-0.));
#3813 = ADVANCED_FACE('',(#3814),#3833,.F.);
#3814 = FACE_BOUND('',#3815,.F.);
#3815 = EDGE_LOOP('',(#3816,#3817,#3825,#3832));
#3816 = ORIENTED_EDGE('',*,*,#3800,.F.);
#3817 = ORIENTED_EDGE('',*,*,#3818,.F.);
#3818 = EDGE_CURVE('',#3819,#3801,#3821,.T.);
#3819 = VERTEX_POINT('',#3820);
#3820 = CARTESIAN_POINT('',(4.4,51.5,4.));
#3821 = LINE('',#3822,#3823);
#3822 = CARTESIAN_POINT('',(4.4,51.5,4.));
#3823 = VECTOR('',#3824,1.);
#3824 = DIRECTION('',(0.,0.,1.));
#3825 = ORIENTED_EDGE('',*,*,#3826,.T.);
#3826 = EDGE_CURVE('',#3819,#3819,#3827,.T.);
#3827 = CIRCLE('',#3828,0.8);
#3828 = AXIS2_PLACEMENT_3D('',#3829,#3830,#3831);
#3829 = CARTESIAN_POINT('',(3.6,51.5,4.));
#3830 = DIRECTION('',(0.,0.,1.));
#3831 = DIRECTION('',(1.,0.,-0.));
#3832 = ORIENTED_EDGE('',*,*,#3818,.T.);
#3833 = CYLINDRICAL_SURFACE('',#3834,0.8);
#3834 = AXIS2_PLACEMENT_3D('',#3835,#3836,#3837);
#3835 = CARTESIAN_POINT('',(3.6,51.5,4.));
#3836 = DIRECTION('',(0.,0.,1.));
#3837 = DIRECTION('',(1.,0.,-0.));
#3838 = ADVANCED_FACE('',(#3839),#3842,.T.);
#3839 = FACE_BOUND('',#3840,.F.);
#3840 = EDGE_LOOP('',(#3841));
#3841 = ORIENTED_EDGE('',*,*,#3826,.F.);
#3842 = PLANE('',#3843);
#3843 = AXIS2_PLACEMENT_3D('',#3844,#3845,#3846);
#3844 = CARTESIAN_POINT('',(3.6,51.5,4.));
#3845 = DIRECTION('',(0.,0.,1.));
#3846 = DIRECTION('',(1.,0.,-0.));
#3847 = ADVANCED_FACE('',(#3848),#3869,.T.);
#3848 = FACE_BOUND('',#3849,.T.);
#3849 = EDGE_LOOP('',(#3850,#3858,#3865,#3866,#3867,#3868));
#3850 = ORIENTED_EDGE('',*,*,#3851,.T.);
#3851 = EDGE_CURVE('',#3576,#3852,#3854,.T.);
#3852 = VERTEX_POINT('',#3853);
#3853 = CARTESIAN_POINT('',(40.3,51.5,14.35));
#3854 = LINE('',#3855,#3856);
#3855 = CARTESIAN_POINT('',(40.3,51.5,14.));
#3856 = VECTOR('',#3857,1.);
#3857 = DIRECTION('',(0.,0.,1.));
#3858 = ORIENTED_EDGE('',*,*,#3859,.F.);
#3859 = EDGE_CURVE('',#3852,#3852,#3860,.T.);
#3860 = CIRCLE('',#3861,1.9);
#3861 = AXIS2_PLACEMENT_3D('',#3862,#3863,#3864);
#3862 = CARTESIAN_POINT('',(38.4,51.5,14.35));
#3863 = DIRECTION('',(0.,0.,1.));
#3864 = DIRECTION('',(1.,0.,-0.));
#3865 = ORIENTED_EDGE('',*,*,#3851,.F.);
#3866 = ORIENTED_EDGE('',*,*,#3593,.T.);
#3867 = ORIENTED_EDGE('',*,*,#3584,.T.);
#3868 = ORIENTED_EDGE('',*,*,#3573,.T.);
#3869 = CYLINDRICAL_SURFACE('',#3870,1.9);
#3870 = AXIS2_PLACEMENT_3D('',#3871,#3872,#3873);
#3871 = CARTESIAN_POINT('',(38.4,51.5,14.));
#3872 = DIRECTION('',(0.,0.,1.));
#3873 = DIRECTION('',(1.,0.,-0.));
#3874 = ADVANCED_FACE('',(#3875,#3878),#3889,.T.);
#3875 = FACE_BOUND('',#3876,.T.);
#3876 = EDGE_LOOP('',(#3877));
#3877 = ORIENTED_EDGE('',*,*,#3859,.T.);
#3878 = FACE_BOUND('',#3879,.T.);
#3879 = EDGE_LOOP('',(#3880));
#3880 = ORIENTED_EDGE('',*,*,#3881,.F.);
#3881 = EDGE_CURVE('',#3882,#3882,#3884,.T.);
#3882 = VERTEX_POINT('',#3883);
#3883 = CARTESIAN_POINT('',(39.2,51.5,14.35));
#3884 = CIRCLE('',#3885,0.8);
#3885 = AXIS2_PLACEMENT_3D('',#3886,#3887,#3888);
#3886 = CARTESIAN_POINT('',(38.4,51.5,14.35));
#3887 = DIRECTION('',(0.,0.,1.));
#3888 = DIRECTION('',(1.,0.,-0.));
#3889 = PLANE('',#3890);
#3890 = AXIS2_PLACEMENT_3D('',#3891,#3892,#3893);
#3891 = CARTESIAN_POINT('',(38.4,51.5,14.35));
#3892 = DIRECTION('',(0.,0.,1.));
#3893 = DIRECTION('',(1.,0.,-0.));
#3894 = ADVANCED_FACE('',(#3895),#3914,.F.);
#3895 = FACE_BOUND('',#3896,.F.);
#3896 = EDGE_LOOP('',(#3897,#3898,#3906,#3913));
#3897 = ORIENTED_EDGE('',*,*,#3881,.F.);
#3898 = ORIENTED_EDGE('',*,*,#3899,.F.);
#3899 = EDGE_CURVE('',#3900,#3882,#3902,.T.);
#3900 = VERTEX_POINT('',#3901);
#3901 = CARTESIAN_POINT('',(39.2,51.5,4.));
#3902 = LINE('',#3903,#3904);
#3903 = CARTESIAN_POINT('',(39.2,51.5,4.));
#3904 = VECTOR('',#3905,1.);
#3905 = DIRECTION('',(0.,0.,1.));
#3906 = ORIENTED_EDGE('',*,*,#3907,.T.);
#3907 = EDGE_CURVE('',#3900,#3900,#3908,.T.);
#3908 = CIRCLE('',#3909,0.8);
#3909 = AXIS2_PLACEMENT_3D('',#3910,#3911,#3912);
#3910 = CARTESIAN_POINT('',(38.4,51.5,4.));
#3911 = DIRECTION('',(0.,0.,1.));
#3912 = DIRECTION('',(1.,0.,-0.));
#3913 = ORIENTED_EDGE('',*,*,#3899,.T.);
#3914 = CYLINDRICAL_SURFACE('',#3915,0.8);
#3915 = AXIS2_PLACEMENT_3D('',#3916,#3917,#3918);
#3916 = CARTESIAN_POINT('',(38.4,51.5,4.));
#3917 = DIRECTION('',(0.,0.,1.));
#3918 = DIRECTION('',(1.,0.,-0.));
#3919 = ADVANCED_FACE('',(#3920),#3923,.T.);
#3920 = FACE_BOUND('',#3921,.F.);
#3921 = EDGE_LOOP('',(#3922));
#3922 = ORIENTED_EDGE('',*,*,#3907,.F.);
#3923 = PLANE('',#3924);
#3924 = AXIS2_PLACEMENT_3D('',#3925,#3926,#3927);
#3925 = CARTESIAN_POINT('',(38.4,51.5,4.));
#3926 = DIRECTION('',(0.,0.,1.));
#3927 = DIRECTION('',(1.,0.,-0.));
#3928 = ADVANCED_FACE('',(#3929),#3939,.T.);
#3929 = FACE_BOUND('',#3930,.T.);
#3930 = EDGE_LOOP('',(#3931,#3932,#3933,#3934,#3935,#3936,#3937,#3938));
#3931 = ORIENTED_EDGE('',*,*,#2575,.F.);
#3932 = ORIENTED_EDGE('',*,*,#3136,.T.);
#3933 = ORIENTED_EDGE('',*,*,#3250,.T.);
#3934 = ORIENTED_EDGE('',*,*,#3367,.F.);
#3935 = ORIENTED_EDGE('',*,*,#3315,.T.);
#3936 = ORIENTED_EDGE('',*,*,#3149,.T.);
#3937 = ORIENTED_EDGE('',*,*,#2784,.T.);
#3938 = ORIENTED_EDGE('',*,*,#2802,.T.);
#3939 = PLANE('',#3940);
#3940 = AXIS2_PLACEMENT_3D('',#3941,#3942,#3943);
#3941 = CARTESIAN_POINT('',(21.,39.4,5.008791208791));
#3942 = DIRECTION('',(-0.,-1.,-0.));
#3943 = DIRECTION('',(0.,0.,-1.));
#3944 = ADVANCED_FACE('',(#3945),#3953,.T.);
#3945 = FACE_BOUND('',#3946,.T.);
#3946 = EDGE_LOOP('',(#3947,#3948,#3949,#3950,#3951,#3952));
#3947 = ORIENTED_EDGE('',*,*,#3452,.F.);
#3948 = ORIENTED_EDGE('',*,*,#1685,.F.);
#3949 = ORIENTED_EDGE('',*,*,#1475,.T.);
#3950 = ORIENTED_EDGE('',*,*,#1466,.T.);
#3951 = ORIENTED_EDGE('',*,*,#1670,.F.);
#3952 = ORIENTED_EDGE('',*,*,#3461,.F.);
#3953 = CYLINDRICAL_SURFACE('',#3954,2.2);
#3954 = AXIS2_PLACEMENT_3D('',#3955,#3956,#3957);
#3955 = CARTESIAN_POINT('',(3.6,51.5,1.8));
#3956 = DIRECTION('',(0.,0.,1.));
#3957 = DIRECTION('',(1.,0.,-0.));
#3958 = ADVANCED_FACE('',(#3959),#3971,.T.);
#3959 = FACE_BOUND('',#3960,.T.);
#3960 = EDGE_LOOP('',(#3961,#3962,#3963,#3964,#3965,#3966,#3967,#3968,
    #3969,#3970));
#3961 = ORIENTED_EDGE('',*,*,#3435,.F.);
#3962 = ORIENTED_EDGE('',*,*,#800,.T.);
#3963 = ORIENTED_EDGE('',*,*,#1015,.T.);
#3964 = ORIENTED_EDGE('',*,*,#1993,.T.);
#3965 = ORIENTED_EDGE('',*,*,#2123,.T.);
#3966 = ORIENTED_EDGE('',*,*,#2191,.T.);
#3967 = ORIENTED_EDGE('',*,*,#2442,.F.);
#3968 = ORIENTED_EDGE('',*,*,#1492,.T.);
#3969 = ORIENTED_EDGE('',*,*,#1701,.T.);
#3970 = ORIENTED_EDGE('',*,*,#3444,.F.);
#3971 = CYLINDRICAL_SURFACE('',#3972,2.2);
#3972 = AXIS2_PLACEMENT_3D('',#3973,#3974,#3975);
#3973 = CARTESIAN_POINT('',(3.6,8.5,1.8));
#3974 = DIRECTION('',(0.,0.,1.));
#3975 = DIRECTION('',(1.,0.,-0.));
#3976 = ( GEOMETRIC_REPRESENTATION_CONTEXT(3) 
GLOBAL_UNCERTAINTY_ASSIGNED_CONTEXT((#3980)) 
GLOBAL_UNIT_ASSIGNED_CONTEXT((#3977,#3978,#3979)) REPRESENTATION_CONTEXT
('Context #1','3D Context with UNIT and UNCERTAINTY') );
#3977 = ( LENGTH_UNIT() NAMED_UNIT(*) SI_UNIT(.MILLI.,.METRE.) );
#3978 = ( NAMED_UNIT(*) PLANE_ANGLE_UNIT() SI_UNIT($,.RADIAN.) );
#3979 = ( NAMED_UNIT(*) SI_UNIT($,.STERADIAN.) SOLID_ANGLE_UNIT() );
#3980 = UNCERTAINTY_MEASURE_WITH_UNIT(LENGTH_MEASURE(1.E-07),#3977,
  'distance_accuracy_value','confusion accuracy');
#3981 = PRODUCT_RELATED_PRODUCT_CATEGORY('part',$,(#7));
ENDSEC;
END-ISO-10303-21;
