ISO-10303-21;
HEADER;
FILE_DESCRIPTION(('FreeCAD Model'),'2;1');
FILE_NAME('Open CASCADE Shape Model','2026-09-28T04:10:26',('FreeCAD'),(
    'FreeCAD'),'Open CASCADE STEP processor 7.9','FreeCAD','Unknown');
FILE_SCHEMA(('AUTOMOTIVE_DESIGN { 1 0 10303 214 1 1 1 1 }'));
ENDSEC;
DATA;
#1 = APPLICATION_PROTOCOL_DEFINITION('international standard',
  'automotive_design',2000,#2);
#2 = APPLICATION_CONTEXT(
  'core data for automotive mechanical design processes');
#3 = SHAPE_DEFINITION_REPRESENTATION(#4,#10);
#4 = PRODUCT_DEFINITION_SHAPE('','',#5);
#5 = PRODUCT_DEFINITION('design','',#6,#9);
#6 = PRODUCT_DEFINITION_FORMATION('','',#7);
#7 = PRODUCT('Open CASCADE STEP translator 7.9 2',
  'Open CASCADE STEP translator 7.9 2','',(#8));
#8 = PRODUCT_CONTEXT('',#2,'mechanical');
#9 = PRODUCT_DEFINITION_CONTEXT('part definition',#2,'design');
#10 = ADVANCED_BREP_SHAPE_REPRESENTATION('',(#11,#15),#5275);
#11 = AXIS2_PLACEMENT_3D('',#12,#13,#14);
#12 = CARTESIAN_POINT('',(0.,0.,0.));
#13 = DIRECTION('',(0.,0.,1.));
#14 = DIRECTION('',(1.,0.,-0.));
#15 = MANIFOLD_SOLID_BREP('',#16);
#16 = CLOSED_SHELL('',(#17,#105,#136,#160,#184,#208,#241,#861,#886,#910,
    #935,#959,#984,#1001,#1091,#1141,#1191,#1216,#1247,#1271,#1297,#1323
    ,#1347,#1371,#1395,#1421,#1447,#1473,#1499,#1525,#1551,#1575,#1599,
    #1616,#1641,#1666,#1691,#1722,#1746,#1770,#1794,#1818,#1842,#1866,
    #1890,#1914,#1931,#1962,#1986,#2010,#2027,#2059,#2083,#2107,#2132,
    #2157,#2181,#2205,#2223,#2254,#2278,#2302,#2326,#2350,#2374,#2391,
    #2422,#2446,#2470,#2494,#2518,#2542,#2566,#2583,#2608,#2794,#2857,
    #2920,#2969,#3018,#3065,#3112,#3130,#3189,#3207,#3266,#3325,#3342,
    #3401,#3460,#3519,#3578,#3637,#3657,#3739,#3759,#3779,#3797,#3809,
    #3824,#3866,#3886,#3917,#3941,#3965,#3982,#4013,#4037,#4061,#4078,
    #4109,#4142,#4166,#4197,#4230,#4254,#4272,#4290,#4315,#4337,#4359,
    #4371,#4396,#4429,#4479,#4504,#4528,#4546,#4571,#4596,#4618,#4640,
    #4652,#4677,#4695,#4713,#4755,#4788,#4821,#4856,#4880,#4904,#4921,
    #4952,#4976,#4993,#5005,#5017,#5034,#5049,#5060,#5159,#5171,#5186,
    #5201,#5215,#5233,#5247,#5261));
#17 = ADVANCED_FACE('',(#18),#100,.F.);
#18 = FACE_BOUND('',#19,.F.);
#19 = EDGE_LOOP('',(#20,#30,#38,#46,#54,#62,#70,#78,#86,#94));
#20 = ORIENTED_EDGE('',*,*,#21,.F.);
#21 = EDGE_CURVE('',#22,#24,#26,.T.);
#22 = VERTEX_POINT('',#23);
#23 = CARTESIAN_POINT('',(8.,4.440892080918E-16,14.35));
#24 = VERTEX_POINT('',#25);
#25 = CARTESIAN_POINT('',(12.2,0.,14.35));
#26 = LINE('',#27,#28);
#27 = CARTESIAN_POINT('',(8.,0.,14.35));
#28 = VECTOR('',#29,1.);
#29 = DIRECTION('',(1.,0.,0.));
#30 = ORIENTED_EDGE('',*,*,#31,.T.);
#31 = EDGE_CURVE('',#22,#32,#34,.T.);
#32 = VERTEX_POINT('',#33);
#33 = CARTESIAN_POINT('',(8.,4.440892080918E-16,20.));
#34 = LINE('',#35,#36);
#35 = CARTESIAN_POINT('',(8.,4.440892080918E-16,14.35));
#36 = VECTOR('',#37,1.);
#37 = DIRECTION('',(0.,0.,1.));
#38 = ORIENTED_EDGE('',*,*,#39,.T.);
#39 = EDGE_CURVE('',#32,#40,#42,.T.);
#40 = VERTEX_POINT('',#41);
#41 = CARTESIAN_POINT('',(34.,4.440892098501E-16,20.));
#42 = LINE('',#43,#44);
#43 = CARTESIAN_POINT('',(8.,0.,20.));
#44 = VECTOR('',#45,1.);
#45 = DIRECTION('',(1.,0.,0.));
#46 = ORIENTED_EDGE('',*,*,#47,.F.);
#47 = EDGE_CURVE('',#48,#40,#50,.T.);
#48 = VERTEX_POINT('',#49);
#49 = CARTESIAN_POINT('',(34.,4.440892098501E-16,14.35));
#50 = LINE('',#51,#52);
#51 = CARTESIAN_POINT('',(34.,4.440892098501E-16,14.35));
#52 = VECTOR('',#53,1.);
#53 = DIRECTION('',(0.,0.,1.));
#54 = ORIENTED_EDGE('',*,*,#55,.F.);
#55 = EDGE_CURVE('',#56,#48,#58,.T.);
#56 = VERTEX_POINT('',#57);
#57 = CARTESIAN_POINT('',(29.8,0.,14.35));
#58 = LINE('',#59,#60);
#59 = CARTESIAN_POINT('',(8.,0.,14.35));
#60 = VECTOR('',#61,1.);
#61 = DIRECTION('',(1.,0.,0.));
#62 = ORIENTED_EDGE('',*,*,#63,.F.);
#63 = EDGE_CURVE('',#64,#56,#66,.T.);
#64 = VERTEX_POINT('',#65);
#65 = CARTESIAN_POINT('',(29.8,0.,17.6));
#66 = LINE('',#67,#68);
#67 = CARTESIAN_POINT('',(29.8,0.,14.3));
#68 = VECTOR('',#69,1.);
#69 = DIRECTION('',(-0.,0.,-1.));
#70 = ORIENTED_EDGE('',*,*,#71,.F.);
#71 = EDGE_CURVE('',#72,#64,#74,.T.);
#72 = VERTEX_POINT('',#73);
#73 = CARTESIAN_POINT('',(15.2,0.,17.6));
#74 = LINE('',#75,#76);
#75 = CARTESIAN_POINT('',(10.1,0.,17.6));
#76 = VECTOR('',#77,1.);
#77 = DIRECTION('',(1.,0.,0.));
#78 = ORIENTED_EDGE('',*,*,#79,.F.);
#79 = EDGE_CURVE('',#80,#72,#82,.T.);
#80 = VERTEX_POINT('',#81);
#81 = CARTESIAN_POINT('',(15.2,0.,18.1));
#82 = LINE('',#83,#84);
#83 = CARTESIAN_POINT('',(15.2,0.,15.925));
#84 = VECTOR('',#85,1.);
#85 = DIRECTION('',(-0.,0.,-1.));
#86 = ORIENTED_EDGE('',*,*,#87,.F.);
#87 = EDGE_CURVE('',#88,#80,#90,.T.);
#88 = VERTEX_POINT('',#89);
#89 = CARTESIAN_POINT('',(12.2,0.,18.1));
#90 = LINE('',#91,#92);
#91 = CARTESIAN_POINT('',(10.1,0.,18.1));
#92 = VECTOR('',#93,1.);
#93 = DIRECTION('',(1.,0.,0.));
#94 = ORIENTED_EDGE('',*,*,#95,.T.);
#95 = EDGE_CURVE('',#88,#24,#96,.T.);
#96 = LINE('',#97,#98);
#97 = CARTESIAN_POINT('',(12.2,0.,14.3));
#98 = VECTOR('',#99,1.);
#99 = DIRECTION('',(-0.,0.,-1.));
#100 = PLANE('',#101);
#101 = AXIS2_PLACEMENT_3D('',#102,#103,#104);
#102 = CARTESIAN_POINT('',(8.,0.,14.35));
#103 = DIRECTION('',(0.,1.,0.));
#104 = DIRECTION('',(1.,0.,0.));
#105 = ADVANCED_FACE('',(#106),#131,.F.);
#106 = FACE_BOUND('',#107,.F.);
#107 = EDGE_LOOP('',(#108,#116,#117,#125));
#108 = ORIENTED_EDGE('',*,*,#109,.F.);
#109 = EDGE_CURVE('',#88,#110,#112,.T.);
#110 = VERTEX_POINT('',#111);
#111 = CARTESIAN_POINT('',(12.2,1.8,18.1));
#112 = LINE('',#113,#114);
#113 = CARTESIAN_POINT('',(12.2,-1.,18.1));
#114 = VECTOR('',#115,1.);
#115 = DIRECTION('',(-0.,1.,0.));
#116 = ORIENTED_EDGE('',*,*,#87,.T.);
#117 = ORIENTED_EDGE('',*,*,#118,.T.);
#118 = EDGE_CURVE('',#80,#119,#121,.T.);
#119 = VERTEX_POINT('',#120);
#120 = CARTESIAN_POINT('',(15.2,1.8,18.1));
#121 = LINE('',#122,#123);
#122 = CARTESIAN_POINT('',(15.2,-1.,18.1));
#123 = VECTOR('',#124,1.);
#124 = DIRECTION('',(-0.,1.,0.));
#125 = ORIENTED_EDGE('',*,*,#126,.F.);
#126 = EDGE_CURVE('',#110,#119,#127,.T.);
#127 = LINE('',#128,#129);
#128 = CARTESIAN_POINT('',(10.1,1.8,18.1));
#129 = VECTOR('',#130,1.);
#130 = DIRECTION('',(1.,0.,0.));
#131 = PLANE('',#132);
#132 = AXIS2_PLACEMENT_3D('',#133,#134,#135);
#133 = CARTESIAN_POINT('',(12.2,-1.,18.1));
#134 = DIRECTION('',(0.,0.,1.));
#135 = DIRECTION('',(1.,0.,-0.));
#136 = ADVANCED_FACE('',(#137),#155,.F.);
#137 = FACE_BOUND('',#138,.F.);
#138 = EDGE_LOOP('',(#139,#140,#141,#149));
#139 = ORIENTED_EDGE('',*,*,#118,.F.);
#140 = ORIENTED_EDGE('',*,*,#79,.T.);
#141 = ORIENTED_EDGE('',*,*,#142,.T.);
#142 = EDGE_CURVE('',#72,#143,#145,.T.);
#143 = VERTEX_POINT('',#144);
#144 = CARTESIAN_POINT('',(15.2,1.8,17.6));
#145 = LINE('',#146,#147);
#146 = CARTESIAN_POINT('',(15.2,-1.,17.6));
#147 = VECTOR('',#148,1.);
#148 = DIRECTION('',(-0.,1.,0.));
#149 = ORIENTED_EDGE('',*,*,#150,.F.);
#150 = EDGE_CURVE('',#119,#143,#151,.T.);
#151 = LINE('',#152,#153);
#152 = CARTESIAN_POINT('',(15.2,1.8,15.875));
#153 = VECTOR('',#154,1.);
#154 = DIRECTION('',(-0.,0.,-1.));
#155 = PLANE('',#156);
#156 = AXIS2_PLACEMENT_3D('',#157,#158,#159);
#157 = CARTESIAN_POINT('',(15.2,-1.,17.5));
#158 = DIRECTION('',(1.,0.,-0.));
#159 = DIRECTION('',(0.,0.,1.));
#160 = ADVANCED_FACE('',(#161),#179,.F.);
#161 = FACE_BOUND('',#162,.F.);
#162 = EDGE_LOOP('',(#163,#164,#165,#173));
#163 = ORIENTED_EDGE('',*,*,#142,.F.);
#164 = ORIENTED_EDGE('',*,*,#71,.T.);
#165 = ORIENTED_EDGE('',*,*,#166,.T.);
#166 = EDGE_CURVE('',#64,#167,#169,.T.);
#167 = VERTEX_POINT('',#168);
#168 = CARTESIAN_POINT('',(29.8,1.8,17.6));
#169 = LINE('',#170,#171);
#170 = CARTESIAN_POINT('',(29.8,-1.,17.6));
#171 = VECTOR('',#172,1.);
#172 = DIRECTION('',(-0.,1.,0.));
#173 = ORIENTED_EDGE('',*,*,#174,.F.);
#174 = EDGE_CURVE('',#143,#167,#175,.T.);
#175 = LINE('',#176,#177);
#176 = CARTESIAN_POINT('',(10.1,1.8,17.6));
#177 = VECTOR('',#178,1.);
#178 = DIRECTION('',(1.,0.,0.));
#179 = PLANE('',#180);
#180 = AXIS2_PLACEMENT_3D('',#181,#182,#183);
#181 = CARTESIAN_POINT('',(12.2,-1.,17.6));
#182 = DIRECTION('',(0.,0.,1.));
#183 = DIRECTION('',(1.,0.,-0.));
#184 = ADVANCED_FACE('',(#185),#203,.F.);
#185 = FACE_BOUND('',#186,.F.);
#186 = EDGE_LOOP('',(#187,#188,#189,#197));
#187 = ORIENTED_EDGE('',*,*,#166,.F.);
#188 = ORIENTED_EDGE('',*,*,#63,.T.);
#189 = ORIENTED_EDGE('',*,*,#190,.T.);
#190 = EDGE_CURVE('',#56,#191,#193,.T.);
#191 = VERTEX_POINT('',#192);
#192 = CARTESIAN_POINT('',(29.8,1.8,14.35));
#193 = LINE('',#194,#195);
#194 = CARTESIAN_POINT('',(29.8,14.5,14.35));
#195 = VECTOR('',#196,1.);
#196 = DIRECTION('',(-0.,1.,0.));
#197 = ORIENTED_EDGE('',*,*,#198,.F.);
#198 = EDGE_CURVE('',#167,#191,#199,.T.);
#199 = LINE('',#200,#201);
#200 = CARTESIAN_POINT('',(29.8,1.8,14.25));
#201 = VECTOR('',#202,1.);
#202 = DIRECTION('',(-0.,0.,-1.));
#203 = PLANE('',#204);
#204 = AXIS2_PLACEMENT_3D('',#205,#206,#207);
#205 = CARTESIAN_POINT('',(29.8,-1.,14.25));
#206 = DIRECTION('',(1.,0.,-0.));
#207 = DIRECTION('',(0.,0.,1.));
#208 = ADVANCED_FACE('',(#209),#236,.T.);
#209 = FACE_BOUND('',#210,.F.);
#210 = EDGE_LOOP('',(#211,#212,#221,#229));
#211 = ORIENTED_EDGE('',*,*,#47,.T.);
#212 = ORIENTED_EDGE('',*,*,#213,.T.);
#213 = EDGE_CURVE('',#40,#214,#216,.T.);
#214 = VERTEX_POINT('',#215);
#215 = CARTESIAN_POINT('',(42.,8.,20.));
#216 = CIRCLE('',#217,8.);
#217 = AXIS2_PLACEMENT_3D('',#218,#219,#220);
#218 = CARTESIAN_POINT('',(34.,8.,20.));
#219 = DIRECTION('',(0.,0.,1.));
#220 = DIRECTION('',(-8.881784197001E-16,-1.,0.));
#221 = ORIENTED_EDGE('',*,*,#222,.F.);
#222 = EDGE_CURVE('',#223,#214,#225,.T.);
#223 = VERTEX_POINT('',#224);
#224 = CARTESIAN_POINT('',(42.,8.,14.35));
#225 = LINE('',#226,#227);
#226 = CARTESIAN_POINT('',(42.,8.,14.35));
#227 = VECTOR('',#228,1.);
#228 = DIRECTION('',(0.,0.,1.));
#229 = ORIENTED_EDGE('',*,*,#230,.F.);
#230 = EDGE_CURVE('',#48,#223,#231,.T.);
#231 = CIRCLE('',#232,8.);
#232 = AXIS2_PLACEMENT_3D('',#233,#234,#235);
#233 = CARTESIAN_POINT('',(34.,8.,14.35));
#234 = DIRECTION('',(0.,0.,1.));
#235 = DIRECTION('',(-8.881784197001E-16,-1.,0.));
#236 = CYLINDRICAL_SURFACE('',#237,8.);
#237 = AXIS2_PLACEMENT_3D('',#238,#239,#240);
#238 = CARTESIAN_POINT('',(34.,8.,14.35));
#239 = DIRECTION('',(-0.,-0.,-1.));
#240 = DIRECTION('',(-8.881784197001E-16,-1.,0.));
#241 = ADVANCED_FACE('',(#242,#295,#306,#502,#513,#524,#535,#617,#651,
    #721,#779,#845),#856,.T.);
#242 = FACE_BOUND('',#243,.T.);
#243 = EDGE_LOOP('',(#244,#245,#246,#254,#263,#271,#280,#288));
#244 = ORIENTED_EDGE('',*,*,#39,.T.);
#245 = ORIENTED_EDGE('',*,*,#213,.T.);
#246 = ORIENTED_EDGE('',*,*,#247,.T.);
#247 = EDGE_CURVE('',#214,#248,#250,.T.);
#248 = VERTEX_POINT('',#249);
#249 = CARTESIAN_POINT('',(42.,52.,20.));
#250 = LINE('',#251,#252);
#251 = CARTESIAN_POINT('',(42.,8.,20.));
#252 = VECTOR('',#253,1.);
#253 = DIRECTION('',(0.,1.,0.));
#254 = ORIENTED_EDGE('',*,*,#255,.T.);
#255 = EDGE_CURVE('',#248,#256,#258,.T.);
#256 = VERTEX_POINT('',#257);
#257 = CARTESIAN_POINT('',(34.,60.,20.));
#258 = CIRCLE('',#259,8.);
#259 = AXIS2_PLACEMENT_3D('',#260,#261,#262);
#260 = CARTESIAN_POINT('',(34.,52.,20.));
#261 = DIRECTION('',(0.,0.,1.));
#262 = DIRECTION('',(1.,-1.7763568394E-15,0.));
#263 = ORIENTED_EDGE('',*,*,#264,.T.);
#264 = EDGE_CURVE('',#256,#265,#267,.T.);
#265 = VERTEX_POINT('',#266);
#266 = CARTESIAN_POINT('',(8.,60.,20.));
#267 = LINE('',#268,#269);
#268 = CARTESIAN_POINT('',(34.,60.,20.));
#269 = VECTOR('',#270,1.);
#270 = DIRECTION('',(-1.,0.,0.));
#271 = ORIENTED_EDGE('',*,*,#272,.T.);
#272 = EDGE_CURVE('',#265,#273,#275,.T.);
#273 = VERTEX_POINT('',#274);
#274 = CARTESIAN_POINT('',(8.881784197001E-16,52.,20.));
#275 = CIRCLE('',#276,8.);
#276 = AXIS2_PLACEMENT_3D('',#277,#278,#279);
#277 = CARTESIAN_POINT('',(8.,52.,20.));
#278 = DIRECTION('',(0.,0.,1.));
#279 = DIRECTION('',(6.661338147751E-16,1.,-0.));
#280 = ORIENTED_EDGE('',*,*,#281,.T.);
#281 = EDGE_CURVE('',#273,#282,#284,.T.);
#282 = VERTEX_POINT('',#283);
#283 = CARTESIAN_POINT('',(4.440892098501E-16,8.,20.));
#284 = LINE('',#285,#286);
#285 = CARTESIAN_POINT('',(0.,52.,20.));
#286 = VECTOR('',#287,1.);
#287 = DIRECTION('',(0.,-1.,0.));
#288 = ORIENTED_EDGE('',*,*,#289,.T.);
#289 = EDGE_CURVE('',#282,#32,#290,.T.);
#290 = CIRCLE('',#291,8.);
#291 = AXIS2_PLACEMENT_3D('',#292,#293,#294);
#292 = CARTESIAN_POINT('',(8.,8.,20.));
#293 = DIRECTION('',(0.,0.,1.));
#294 = DIRECTION('',(-1.,2.22044604925E-16,0.));
#295 = FACE_BOUND('',#296,.T.);
#296 = EDGE_LOOP('',(#297));
#297 = ORIENTED_EDGE('',*,*,#298,.F.);
#298 = EDGE_CURVE('',#299,#299,#301,.T.);
#299 = VERTEX_POINT('',#300);
#300 = CARTESIAN_POINT('',(5.85,8.5,20.));
#301 = CIRCLE('',#302,2.25);
#302 = AXIS2_PLACEMENT_3D('',#303,#304,#305);
#303 = CARTESIAN_POINT('',(3.6,8.5,20.));
#304 = DIRECTION('',(0.,0.,1.));
#305 = DIRECTION('',(1.,0.,-0.));
#306 = FACE_BOUND('',#307,.T.);
#307 = EDGE_LOOP('',(#308,#318,#326,#334,#342,#364,#387,#402,#417,#432,
    #444,#452,#460,#468,#481,#496));
#308 = ORIENTED_EDGE('',*,*,#309,.F.);
#309 = EDGE_CURVE('',#310,#312,#314,.T.);
#310 = VERTEX_POINT('',#311);
#311 = CARTESIAN_POINT('',(19.908976510067,7.681208053691,20.));
#312 = VERTEX_POINT('',#313);
#313 = CARTESIAN_POINT('',(19.908976510067,9.807382550336,20.));
#314 = LINE('',#315,#316);
#315 = CARTESIAN_POINT('',(19.908976510067,19.903691275168,20.));
#316 = VECTOR('',#317,1.);
#317 = DIRECTION('',(-0.,1.,0.));
#318 = ORIENTED_EDGE('',*,*,#319,.F.);
#319 = EDGE_CURVE('',#320,#310,#322,.T.);
#320 = VERTEX_POINT('',#321);
#321 = CARTESIAN_POINT('',(18.455536912752,7.681208053691,20.));
#322 = LINE('',#323,#324);
#323 = CARTESIAN_POINT('',(20.454488255034,7.681208053691,20.));
#324 = VECTOR('',#325,1.);
#325 = DIRECTION('',(1.,0.,-0.));
#326 = ORIENTED_EDGE('',*,*,#327,.F.);
#327 = EDGE_CURVE('',#328,#320,#330,.T.);
#328 = VERTEX_POINT('',#329);
#329 = CARTESIAN_POINT('',(18.455536912752,13.318791946309,20.));
#330 = LINE('',#331,#332);
#331 = CARTESIAN_POINT('',(18.455536912752,18.840604026846,20.));
#332 = VECTOR('',#333,1.);
#333 = DIRECTION('',(0.,-1.,0.));
#334 = ORIENTED_EDGE('',*,*,#335,.F.);
#335 = EDGE_CURVE('',#336,#328,#338,.T.);
#336 = VERTEX_POINT('',#337);
#337 = CARTESIAN_POINT('',(20.67533557047,13.318791946309,20.));
#338 = LINE('',#339,#340);
#339 = CARTESIAN_POINT('',(19.727768456376,13.318791946309,20.));
#340 = VECTOR('',#341,1.);
#341 = DIRECTION('',(-1.,0.,0.));
#342 = ORIENTED_EDGE('',*,*,#343,.F.);
#343 = EDGE_CURVE('',#344,#336,#346,.T.);
#344 = VERTEX_POINT('',#345);
#345 = CARTESIAN_POINT('',(22.307969798658,12.943540268456,20.));
#346 = B_SPLINE_CURVE_WITH_KNOTS('',6,(#347,#348,#349,#350,#351,#352,
    #353,#354,#355,#356,#357,#358,#359,#360,#361,#362,#363),
  .UNSPECIFIED.,.F.,.F.,(7,5,5,7),(0.,0.340388530139,0.891131182096,1.),
  .UNSPECIFIED.);
#347 = CARTESIAN_POINT('',(22.307969798658,12.943540268456,20.));
#348 = CARTESIAN_POINT('',(22.236277457364,12.995379880905,20.));
#349 = CARTESIAN_POINT('',(22.159299360541,13.041820359279,20.));
#350 = CARTESIAN_POINT('',(22.077862261219,13.083000517745,20.));
#351 = CARTESIAN_POINT('',(21.992784471952,13.119275193638,20.));
#352 = CARTESIAN_POINT('',(21.904740347939,13.151043215936,20.));
#353 = CARTESIAN_POINT('',(21.667776148932,13.223455035129,20.));
#354 = CARTESIAN_POINT('',(21.514965540009,13.25741909299,20.));
#355 = CARTESIAN_POINT('',(21.357750625869,13.282354616778,20.));
#356 = CARTESIAN_POINT('',(21.197526740849,13.299677370007,20.));
#357 = CARTESIAN_POINT('',(21.035157822265,13.310522273775,20.));
#358 = CARTESIAN_POINT('',(20.83852566999,13.316786281702,20.));
#359 = CARTESIAN_POINT('',(20.806004994424,13.317600630744,20.));
#360 = CARTESIAN_POINT('',(20.773421951423,13.31820216339,20.));
#361 = CARTESIAN_POINT('',(20.740780400449,13.318597254711,20.));
#362 = CARTESIAN_POINT('',(20.708083872572,13.318791946309,20.));
#363 = CARTESIAN_POINT('',(20.67533557047,13.318791946309,20.));
#364 = ORIENTED_EDGE('',*,*,#365,.F.);
#365 = EDGE_CURVE('',#366,#344,#368,.T.);
#366 = VERTEX_POINT('',#367);
#367 = CARTESIAN_POINT('',(22.827181208054,11.75788590604,20.));
#368 = B_SPLINE_CURVE_WITH_KNOTS('',5,(#369,#370,#371,#372,#373,#374,
    #375,#376,#377,#378,#379,#380,#381,#382,#383,#384,#385,#386),
  .UNSPECIFIED.,.F.,.F.,(6,4,4,4,6),(0.,0.311149968127,0.549804580269,
    0.779255880188,1.),.UNSPECIFIED.);
#369 = CARTESIAN_POINT('',(22.827181208054,11.75788590604,20.));
#370 = CARTESIAN_POINT('',(22.827181208054,11.846829312284,20.));
#371 = CARTESIAN_POINT('',(22.823274375518,11.934866209625,20.));
#372 = CARTESIAN_POINT('',(22.815046595918,12.021714565814,20.));
#373 = CARTESIAN_POINT('',(22.802027475,12.106951983088,20.));
#374 = CARTESIAN_POINT('',(22.769847915744,12.25380072225,20.));
#375 = CARTESIAN_POINT('',(22.75282555094,12.316288230355,20.));
#376 = CARTESIAN_POINT('',(22.732572385425,12.377277541059,20.));
#377 = CARTESIAN_POINT('',(22.708941519844,12.436489614154,20.));
#378 = CARTESIAN_POINT('',(22.655871021899,12.548594851155,20.));
#379 = CARTESIAN_POINT('',(22.626688670226,12.60164787722,20.));
#380 = CARTESIAN_POINT('',(22.594297420835,12.652547160877,20.));
#381 = CARTESIAN_POINT('',(22.55873325796,12.701068748471,20.));
#382 = CARTESIAN_POINT('',(22.483010938655,12.791273248265,20.));
#383 = CARTESIAN_POINT('',(22.443074375221,12.833150508696,20.));
#384 = CARTESIAN_POINT('',(22.400456312032,12.87252370937,20.));
#385 = CARTESIAN_POINT('',(22.355345238129,12.909323397486,20.));
#386 = CARTESIAN_POINT('',(22.307969798658,12.943540268456,20.));
#387 = ORIENTED_EDGE('',*,*,#388,.F.);
#388 = EDGE_CURVE('',#389,#366,#391,.T.);
#389 = VERTEX_POINT('',#390);
#390 = CARTESIAN_POINT('',(22.557130872483,10.836996644295,20.));
#391 = B_SPLINE_CURVE_WITH_KNOTS('',5,(#392,#393,#394,#395,#396,#397,
    #398,#399,#400,#401),.UNSPECIFIED.,.F.,.F.,(6,4,6),(0.,
    0.489731653712,1.),.UNSPECIFIED.);
#392 = CARTESIAN_POINT('',(22.557130872483,10.836996644295,20.));
#393 = CARTESIAN_POINT('',(22.61212214843,10.910335428899,20.));
#394 = CARTESIAN_POINT('',(22.660132007045,10.988895900458,20.));
#395 = CARTESIAN_POINT('',(22.70083241589,11.072259142802,20.));
#396 = CARTESIAN_POINT('',(22.734277117029,11.159839300486,20.));
#397 = CARTESIAN_POINT('',(22.788321791227,11.345945157343,20.));
#398 = CARTESIAN_POINT('',(22.80832759688,11.4447896061,20.));
#399 = CARTESIAN_POINT('',(22.821087817539,11.5468115359,20.));
#400 = CARTESIAN_POINT('',(22.827181208054,11.65134774104,20.));
#401 = CARTESIAN_POINT('',(22.827181208054,11.75788590604,20.));
#402 = ORIENTED_EDGE('',*,*,#403,.F.);
#403 = EDGE_CURVE('',#404,#389,#406,.T.);
#404 = VERTEX_POINT('',#405);
#405 = CARTESIAN_POINT('',(21.743708053691,10.306711409396,20.));
#406 = B_SPLINE_CURVE_WITH_KNOTS('',5,(#407,#408,#409,#410,#411,#412,
    #413,#414,#415,#416),.UNSPECIFIED.,.F.,.F.,(6,4,6),(0.,
    0.515401033071,1.),.UNSPECIFIED.);
#407 = CARTESIAN_POINT('',(21.743708053691,10.306711409396,20.));
#408 = CARTESIAN_POINT('',(21.847657315604,10.33929180306,20.));
#409 = CARTESIAN_POINT('',(21.947870573543,10.376993930733,20.));
#410 = CARTESIAN_POINT('',(22.043688535553,10.420217565488,20.));
#411 = CARTESIAN_POINT('',(22.134290768137,10.469333114163,20.));
#412 = CARTESIAN_POINT('',(22.298405826823,10.576322726988,20.));
#413 = CARTESIAN_POINT('',(22.372625388946,10.633503145851,20.));
#414 = CARTESIAN_POINT('',(22.440842053048,10.69611049802,20.));
#415 = CARTESIAN_POINT('',(22.502459566661,10.764067570297,20.));
#416 = CARTESIAN_POINT('',(22.557130872483,10.836996644295,20.));
#417 = ORIENTED_EDGE('',*,*,#418,.F.);
#418 = EDGE_CURVE('',#419,#404,#421,.T.);
#419 = VERTEX_POINT('',#420);
#420 = CARTESIAN_POINT('',(22.277768456376,10.000419463087,20.));
#421 = B_SPLINE_CURVE_WITH_KNOTS('',5,(#422,#423,#424,#425,#426,#427,
    #428,#429,#430,#431),.UNSPECIFIED.,.F.,.F.,(6,4,6),(0.,
    0.788522843256,1.),.UNSPECIFIED.);
#422 = CARTESIAN_POINT('',(22.277768456376,10.000419463087,20.));
#423 = CARTESIAN_POINT('',(22.204950029784,10.074092748476,20.));
#424 = CARTESIAN_POINT('',(22.127392218363,10.138614066046,20.));
#425 = CARTESIAN_POINT('',(22.045166828753,10.193129610996,20.));
#426 = CARTESIAN_POINT('',(21.958512845628,10.237022663623,20.));
#427 = CARTESIAN_POINT('',(21.84363088318,10.278993418596,20.));
#428 = CARTESIAN_POINT('',(21.819052345932,10.287092843763,20.));
#429 = CARTESIAN_POINT('',(21.794199142345,10.294412579732,20.));
#430 = CARTESIAN_POINT('',(21.769080927952,10.30095165988,20.));
#431 = CARTESIAN_POINT('',(21.743708053691,10.306711409396,20.));
#432 = ORIENTED_EDGE('',*,*,#433,.F.);
#433 = EDGE_CURVE('',#434,#419,#436,.T.);
#434 = VERTEX_POINT('',#435);
#435 = CARTESIAN_POINT('',(22.755453020134,9.276845637584,20.));
#436 = B_SPLINE_CURVE_WITH_KNOTS('',6,(#437,#438,#439,#440,#441,#442,
    #443),.UNSPECIFIED.,.F.,.F.,(7,7),(0.,1.),.PIECEWISE_BEZIER_KNOTS.);
#437 = CARTESIAN_POINT('',(22.755453020134,9.276845637584,20.));
#438 = CARTESIAN_POINT('',(22.682867415901,9.422546116082,20.));
#439 = CARTESIAN_POINT('',(22.607705072426,9.560679097327,20.));
#440 = CARTESIAN_POINT('',(22.529686396712,9.689904322858,20.));
#441 = CARTESIAN_POINT('',(22.448659637291,9.808155611012,20.));
#442 = CARTESIAN_POINT('',(22.364607756744,9.912654370604,20.));
#443 = CARTESIAN_POINT('',(22.277768456376,10.000419463087,20.));
#444 = ORIENTED_EDGE('',*,*,#445,.F.);
#445 = EDGE_CURVE('',#446,#434,#448,.T.);
#446 = VERTEX_POINT('',#447);
#447 = CARTESIAN_POINT('',(23.544463087248,7.681208053691,20.));
#448 = LINE('',#449,#450);
#449 = CARTESIAN_POINT('',(18.466053608446,17.951420524379,20.));
#450 = VECTOR('',#451,1.);
#451 = DIRECTION('',(-0.443250359983,0.89639785719,0.));
#452 = ORIENTED_EDGE('',*,*,#453,.F.);
#453 = EDGE_CURVE('',#454,#446,#456,.T.);
#454 = VERTEX_POINT('',#455);
#455 = CARTESIAN_POINT('',(21.996644295302,7.681208053691,20.));
#456 = LINE('',#457,#458);
#457 = CARTESIAN_POINT('',(22.272231543624,7.681208053691,20.));
#458 = VECTOR('',#459,1.);
#459 = DIRECTION('',(1.,0.,-0.));
#460 = ORIENTED_EDGE('',*,*,#461,.F.);
#461 = EDGE_CURVE('',#462,#454,#464,.T.);
#462 = VERTEX_POINT('',#463);
#463 = CARTESIAN_POINT('',(21.309563758389,9.077265100671,20.));
#464 = LINE('',#465,#466);
#465 = CARTESIAN_POINT('',(17.478208701692,16.862073342247,20.));
#466 = VECTOR('',#467,1.);
#467 = DIRECTION('',(0.441575860289,-0.897223918323,0.));
#468 = ORIENTED_EDGE('',*,*,#469,.F.);
#469 = EDGE_CURVE('',#470,#462,#472,.T.);
#470 = VERTEX_POINT('',#471);
#471 = CARTESIAN_POINT('',(20.888506711409,9.653104026846,20.));
#472 = B_SPLINE_CURVE_WITH_KNOTS('',7,(#473,#474,#475,#476,#477,#478,
    #479,#480),.UNSPECIFIED.,.F.,.F.,(8,8),(0.,1.),
  .PIECEWISE_BEZIER_KNOTS.);
#473 = CARTESIAN_POINT('',(20.888506711409,9.653104026846,20.));
#474 = CARTESIAN_POINT('',(20.955212540723,9.604883893156,20.));
#475 = CARTESIAN_POINT('',(21.020019246683,9.542566893928,20.));
#476 = CARTESIAN_POINT('',(21.082579891837,9.467714812921,20.));
#477 = CARTESIAN_POINT('',(21.142771287966,9.38219901779,20.));
#478 = CARTESIAN_POINT('',(21.200592124783,9.287732578225,20.));
#479 = CARTESIAN_POINT('',(21.256134793548,9.185742089894,20.));
#480 = CARTESIAN_POINT('',(21.309563758389,9.077265100671,20.));
#481 = ORIENTED_EDGE('',*,*,#482,.F.);
#482 = EDGE_CURVE('',#483,#470,#485,.T.);
#483 = VERTEX_POINT('',#484);
#484 = CARTESIAN_POINT('',(20.320469798658,9.807382550336,20.));
#485 = B_SPLINE_CURVE_WITH_KNOTS('',5,(#486,#487,#488,#489,#490,#491,
    #492,#493,#494,#495),.UNSPECIFIED.,.F.,.F.,(6,4,6),(0.,
    0.542188793459,1.),.UNSPECIFIED.);
#486 = CARTESIAN_POINT('',(20.320469798658,9.807382550336,20.));
#487 = CARTESIAN_POINT('',(20.393668233249,9.807382550336,20.));
#488 = CARTESIAN_POINT('',(20.464362185092,9.803279778313,20.));
#489 = CARTESIAN_POINT('',(20.532216551719,9.794791908976,20.));
#490 = CARTESIAN_POINT('',(20.59685998,9.781656578268,20.));
#491 = CARTESIAN_POINT('',(20.709521878208,9.748571142012,20.));
#492 = CARTESIAN_POINT('',(20.758563913971,9.729999252755,20.));
#493 = CARTESIAN_POINT('',(20.80485735166,9.70790959413,20.));
#494 = CARTESIAN_POINT('',(20.848216614409,9.68226321157,20.));
#495 = CARTESIAN_POINT('',(20.888506711409,9.653104026846,20.));
#496 = ORIENTED_EDGE('',*,*,#497,.F.);
#497 = EDGE_CURVE('',#312,#483,#498,.T.);
#498 = LINE('',#499,#500);
#499 = CARTESIAN_POINT('',(20.660234899329,9.807382550336,20.));
#500 = VECTOR('',#501,1.);
#501 = DIRECTION('',(1.,0.,-0.));
#502 = FACE_BOUND('',#503,.T.);
#503 = EDGE_LOOP('',(#504));
#504 = ORIENTED_EDGE('',*,*,#505,.F.);
#505 = EDGE_CURVE('',#506,#506,#508,.T.);
#506 = VERTEX_POINT('',#507);
#507 = CARTESIAN_POINT('',(40.65,8.5,20.));
#508 = CIRCLE('',#509,2.25);
#509 = AXIS2_PLACEMENT_3D('',#510,#511,#512);
#510 = CARTESIAN_POINT('',(38.4,8.5,20.));
#511 = DIRECTION('',(0.,0.,1.));
#512 = DIRECTION('',(1.,0.,-0.));
#513 = FACE_BOUND('',#514,.T.);
#514 = EDGE_LOOP('',(#515));
#515 = ORIENTED_EDGE('',*,*,#516,.F.);
#516 = EDGE_CURVE('',#517,#517,#519,.T.);
#517 = VERTEX_POINT('',#518);
#518 = CARTESIAN_POINT('',(26.15,22.,20.));
#519 = CIRCLE('',#520,5.15);
#520 = AXIS2_PLACEMENT_3D('',#521,#522,#523);
#521 = CARTESIAN_POINT('',(21.,22.,20.));
#522 = DIRECTION('',(0.,0.,1.));
#523 = DIRECTION('',(1.,0.,-0.));
#524 = FACE_BOUND('',#525,.T.);
#525 = EDGE_LOOP('',(#526));
#526 = ORIENTED_EDGE('',*,*,#527,.F.);
#527 = EDGE_CURVE('',#528,#528,#530,.T.);
#528 = VERTEX_POINT('',#529);
#529 = CARTESIAN_POINT('',(5.85,51.5,20.));
#530 = CIRCLE('',#531,2.25);
#531 = AXIS2_PLACEMENT_3D('',#532,#533,#534);
#532 = CARTESIAN_POINT('',(3.6,51.5,20.));
#533 = DIRECTION('',(0.,0.,1.));
#534 = DIRECTION('',(1.,0.,-0.));
#535 = FACE_BOUND('',#536,.T.);
#536 = EDGE_LOOP('',(#537,#547,#555,#563,#571,#579,#587,#595,#603,#611)
  );
#537 = ORIENTED_EDGE('',*,*,#538,.F.);
#538 = EDGE_CURVE('',#539,#541,#543,.T.);
#539 = VERTEX_POINT('',#540);
#540 = CARTESIAN_POINT('',(15.122730704698,55.173154362416,20.));
#541 = VERTEX_POINT('',#542);
#542 = CARTESIAN_POINT('',(13.986405201342,55.173154362416,20.));
#543 = LINE('',#544,#545);
#544 = CARTESIAN_POINT('',(17.493202600671,55.173154362416,20.));
#545 = VECTOR('',#546,1.);
#546 = DIRECTION('',(-1.,0.,0.));
#547 = ORIENTED_EDGE('',*,*,#548,.F.);
#548 = EDGE_CURVE('',#549,#539,#551,.T.);
#549 = VERTEX_POINT('',#550);
#550 = CARTESIAN_POINT('',(16.557671979866,52.46658557047,20.));
#551 = LINE('',#552,#553);
#552 = CARTESIAN_POINT('',(20.976397397446,44.132039396095,20.));
#553 = VECTOR('',#554,1.);
#554 = DIRECTION('',(-0.46841081492,0.88351078571,0.));
#555 = ORIENTED_EDGE('',*,*,#556,.F.);
#556 = EDGE_CURVE('',#557,#549,#559,.T.);
#557 = VERTEX_POINT('',#558);
#558 = CARTESIAN_POINT('',(16.557671979866,55.173154362416,20.));
#559 = LINE('',#560,#561);
#560 = CARTESIAN_POINT('',(16.557671979866,41.233292785235,20.));
#561 = VECTOR('',#562,1.);
#562 = DIRECTION('',(0.,-1.,0.));
#563 = ORIENTED_EDGE('',*,*,#564,.F.);
#564 = EDGE_CURVE('',#565,#557,#567,.T.);
#565 = VERTEX_POINT('',#566);
#566 = CARTESIAN_POINT('',(17.522227348993,55.173154362416,20.));
#567 = LINE('',#568,#569);
#568 = CARTESIAN_POINT('',(18.778835989933,55.173154362416,20.));
#569 = VECTOR('',#570,1.);
#570 = DIRECTION('',(-1.,0.,0.));
#571 = ORIENTED_EDGE('',*,*,#572,.F.);
#572 = EDGE_CURVE('',#573,#565,#575,.T.);
#573 = VERTEX_POINT('',#574);
#574 = CARTESIAN_POINT('',(17.522227348993,51.226845637584,20.));
#575 = LINE('',#576,#577);
#576 = CARTESIAN_POINT('',(17.522227348993,42.586577181208,20.));
#577 = VECTOR('',#578,1.);
#578 = DIRECTION('',(-0.,1.,0.));
#579 = ORIENTED_EDGE('',*,*,#580,.F.);
#580 = EDGE_CURVE('',#581,#573,#583,.T.);
#581 = VERTEX_POINT('',#582);
#582 = CARTESIAN_POINT('',(16.385901845638,51.226845637584,20.));
#583 = LINE('',#584,#585);
#584 = CARTESIAN_POINT('',(19.261113674497,51.226845637584,20.));
#585 = VECTOR('',#586,1.);
#586 = DIRECTION('',(1.,0.,-0.));
#587 = ORIENTED_EDGE('',*,*,#588,.F.);
#588 = EDGE_CURVE('',#589,#581,#591,.T.);
#589 = VERTEX_POINT('',#590);
#590 = CARTESIAN_POINT('',(14.95096057047,53.93341442953,20.));
#591 = LINE('',#592,#593);
#592 = CARTESIAN_POINT('',(21.28441112045,41.987336983324,20.));
#593 = VECTOR('',#594,1.);
#594 = DIRECTION('',(0.46841081492,-0.88351078571,0.));
#595 = ORIENTED_EDGE('',*,*,#596,.F.);
#596 = EDGE_CURVE('',#597,#589,#599,.T.);
#597 = VERTEX_POINT('',#598);
#598 = CARTESIAN_POINT('',(14.95096057047,51.226845637584,20.));
#599 = LINE('',#600,#601);
#600 = CARTESIAN_POINT('',(14.95096057047,41.966707214765,20.));
#601 = VECTOR('',#602,1.);
#602 = DIRECTION('',(-0.,1.,0.));
#603 = ORIENTED_EDGE('',*,*,#604,.F.);
#604 = EDGE_CURVE('',#605,#597,#607,.T.);
#605 = VERTEX_POINT('',#606);
#606 = CARTESIAN_POINT('',(13.986405201342,51.226845637584,20.));
#607 = LINE('',#608,#609);
#608 = CARTESIAN_POINT('',(17.975480285235,51.226845637584,20.));
#609 = VECTOR('',#610,1.);
#610 = DIRECTION('',(1.,0.,-0.));
#611 = ORIENTED_EDGE('',*,*,#612,.F.);
#612 = EDGE_CURVE('',#541,#605,#613,.T.);
#613 = LINE('',#614,#615);
#614 = CARTESIAN_POINT('',(13.986405201342,40.613422818792,20.));
#615 = VECTOR('',#616,1.);
#616 = DIRECTION('',(0.,-1.,0.));
#617 = FACE_BOUND('',#618,.T.);
#618 = EDGE_LOOP('',(#619,#629,#637,#645));
#619 = ORIENTED_EDGE('',*,*,#620,.F.);
#620 = EDGE_CURVE('',#621,#623,#625,.T.);
#621 = VERTEX_POINT('',#622);
#622 = CARTESIAN_POINT('',(19.536430369128,55.173154362416,20.));
#623 = VERTEX_POINT('',#624);
#624 = CARTESIAN_POINT('',(18.519022651007,55.173154362416,20.));
#625 = LINE('',#626,#627);
#626 = CARTESIAN_POINT('',(19.759511325503,55.173154362416,20.));
#627 = VECTOR('',#628,1.);
#628 = DIRECTION('',(-1.,0.,0.));
#629 = ORIENTED_EDGE('',*,*,#630,.F.);
#630 = EDGE_CURVE('',#631,#621,#633,.T.);
#631 = VERTEX_POINT('',#632);
#632 = CARTESIAN_POINT('',(19.536430369128,51.226845637584,20.));
#633 = LINE('',#634,#635);
#634 = CARTESIAN_POINT('',(19.536430369128,42.586577181208,20.));
#635 = VECTOR('',#636,1.);
#636 = DIRECTION('',(-0.,1.,0.));
#637 = ORIENTED_EDGE('',*,*,#638,.F.);
#638 = EDGE_CURVE('',#639,#631,#641,.T.);
#639 = VERTEX_POINT('',#640);
#640 = CARTESIAN_POINT('',(18.519022651007,51.226845637584,20.));
#641 = LINE('',#642,#643);
#642 = CARTESIAN_POINT('',(20.268215184564,51.226845637584,20.));
#643 = VECTOR('',#644,1.);
#644 = DIRECTION('',(1.,0.,-0.));
#645 = ORIENTED_EDGE('',*,*,#646,.F.);
#646 = EDGE_CURVE('',#623,#639,#647,.T.);
#647 = LINE('',#648,#649);
#648 = CARTESIAN_POINT('',(18.519022651007,40.613422818792,20.));
#649 = VECTOR('',#650,1.);
#650 = DIRECTION('',(0.,-1.,0.));
#651 = FACE_BOUND('',#652,.T.);
#652 = EDGE_LOOP('',(#653,#664,#672,#681,#689,#698,#706,#715));
#653 = ORIENTED_EDGE('',*,*,#654,.T.);
#654 = EDGE_CURVE('',#655,#657,#659,.T.);
#655 = VERTEX_POINT('',#656);
#656 = CARTESIAN_POINT('',(25.,31.499,20.));
#657 = VERTEX_POINT('',#658);
#658 = CARTESIAN_POINT('',(23.901,30.4,20.));
#659 = CIRCLE('',#660,1.099);
#660 = AXIS2_PLACEMENT_3D('',#661,#662,#663);
#661 = CARTESIAN_POINT('',(23.901,31.499,20.));
#662 = DIRECTION('',(0.,-0.,-1.));
#663 = DIRECTION('',(3.232678506643E-15,-1.,0.));
#664 = ORIENTED_EDGE('',*,*,#665,.T.);
#665 = EDGE_CURVE('',#657,#666,#668,.T.);
#666 = VERTEX_POINT('',#667);
#667 = CARTESIAN_POINT('',(18.099,30.4,20.));
#668 = LINE('',#669,#670);
#669 = CARTESIAN_POINT('',(19.5495,30.4,20.));
#670 = VECTOR('',#671,1.);
#671 = DIRECTION('',(-1.,0.,0.));
#672 = ORIENTED_EDGE('',*,*,#673,.T.);
#673 = EDGE_CURVE('',#666,#674,#676,.T.);
#674 = VERTEX_POINT('',#675);
#675 = CARTESIAN_POINT('',(17.,31.499,20.));
#676 = CIRCLE('',#677,1.099);
#677 = AXIS2_PLACEMENT_3D('',#678,#679,#680);
#678 = CARTESIAN_POINT('',(18.099,31.499,20.));
#679 = DIRECTION('',(-0.,0.,-1.));
#680 = DIRECTION('',(-1.,-3.232678506643E-15,0.));
#681 = ORIENTED_EDGE('',*,*,#682,.T.);
#682 = EDGE_CURVE('',#674,#683,#685,.T.);
#683 = VERTEX_POINT('',#684);
#684 = CARTESIAN_POINT('',(17.,31.501,20.));
#685 = LINE('',#686,#687);
#686 = CARTESIAN_POINT('',(17.,30.7505,20.));
#687 = VECTOR('',#688,1.);
#688 = DIRECTION('',(-0.,1.,0.));
#689 = ORIENTED_EDGE('',*,*,#690,.T.);
#690 = EDGE_CURVE('',#683,#691,#693,.T.);
#691 = VERTEX_POINT('',#692);
#692 = CARTESIAN_POINT('',(18.099,32.6,20.));
#693 = CIRCLE('',#694,1.099);
#694 = AXIS2_PLACEMENT_3D('',#695,#696,#697);
#695 = CARTESIAN_POINT('',(18.099,31.501,20.));
#696 = DIRECTION('',(-0.,0.,-1.));
#697 = DIRECTION('',(-3.232678506643E-15,1.,0.));
#698 = ORIENTED_EDGE('',*,*,#699,.T.);
#699 = EDGE_CURVE('',#691,#700,#702,.T.);
#700 = VERTEX_POINT('',#701);
#701 = CARTESIAN_POINT('',(23.901,32.6,20.));
#702 = LINE('',#703,#704);
#703 = CARTESIAN_POINT('',(22.4505,32.6,20.));
#704 = VECTOR('',#705,1.);
#705 = DIRECTION('',(1.,0.,-0.));
#706 = ORIENTED_EDGE('',*,*,#707,.T.);
#707 = EDGE_CURVE('',#700,#708,#710,.T.);
#708 = VERTEX_POINT('',#709);
#709 = CARTESIAN_POINT('',(25.,31.501,20.));
#710 = CIRCLE('',#711,1.099);
#711 = AXIS2_PLACEMENT_3D('',#712,#713,#714);
#712 = CARTESIAN_POINT('',(23.901,31.501,20.));
#713 = DIRECTION('',(0.,-0.,-1.));
#714 = DIRECTION('',(1.,3.232678506643E-15,-0.));
#715 = ORIENTED_EDGE('',*,*,#716,.T.);
#716 = EDGE_CURVE('',#708,#655,#717,.T.);
#717 = LINE('',#718,#719);
#718 = CARTESIAN_POINT('',(25.,30.7495,20.));
#719 = VECTOR('',#720,1.);
#720 = DIRECTION('',(0.,-1.,0.));
#721 = FACE_BOUND('',#722,.T.);
#722 = EDGE_LOOP('',(#723,#733,#741,#749,#757,#765,#773));
#723 = ORIENTED_EDGE('',*,*,#724,.F.);
#724 = EDGE_CURVE('',#725,#727,#729,.T.);
#725 = VERTEX_POINT('',#726);
#726 = CARTESIAN_POINT('',(21.089584731544,55.173154362416,20.));
#727 = VERTEX_POINT('',#728);
#728 = CARTESIAN_POINT('',(20.066891778523,55.173154362416,20.));
#729 = LINE('',#730,#731);
#730 = CARTESIAN_POINT('',(20.533445889262,55.173154362416,20.));
#731 = VECTOR('',#732,1.);
#732 = DIRECTION('',(-1.,0.,0.));
#733 = ORIENTED_EDGE('',*,*,#734,.F.);
#734 = EDGE_CURVE('',#735,#725,#737,.T.);
#735 = VERTEX_POINT('',#736);
#736 = CARTESIAN_POINT('',(22.136061241611,52.260285234899,20.));
#737 = LINE('',#738,#739);
#738 = CARTESIAN_POINT('',(25.089406393444,44.039644032809,20.));
#739 = VECTOR('',#740,1.);
#740 = DIRECTION('',(-0.338102631749,0.94110924467,0.));
#741 = ORIENTED_EDGE('',*,*,#742,.F.);
#742 = EDGE_CURVE('',#743,#735,#745,.T.);
#743 = VERTEX_POINT('',#744);
#744 = CARTESIAN_POINT('',(23.179895134228,55.173154362416,20.));
#745 = LINE('',#746,#747);
#746 = CARTESIAN_POINT('',(18.536806209443,42.216389420239,20.));
#747 = VECTOR('',#748,1.);
#748 = DIRECTION('',(-0.337346110053,-0.941380689218,0.));
#749 = ORIENTED_EDGE('',*,*,#750,.F.);
#750 = EDGE_CURVE('',#751,#743,#753,.T.);
#751 = VERTEX_POINT('',#752);
#752 = CARTESIAN_POINT('',(24.202588087248,55.173154362416,20.));
#753 = LINE('',#754,#755);
#754 = CARTESIAN_POINT('',(22.089947567114,55.173154362416,20.));
#755 = VECTOR('',#756,1.);
#756 = DIRECTION('',(-1.,0.,0.));
#757 = ORIENTED_EDGE('',*,*,#758,.F.);
#758 = EDGE_CURVE('',#759,#751,#761,.T.);
#759 = VERTEX_POINT('',#760);
#760 = CARTESIAN_POINT('',(22.741220637584,51.226845637584,20.));
#761 = LINE('',#762,#763);
#762 = CARTESIAN_POINT('',(19.910599758309,43.582974908739,20.));
#763 = VECTOR('',#764,1.);
#764 = DIRECTION('',(0.347266632791,0.93776643454,-0.));
#765 = ORIENTED_EDGE('',*,*,#766,.F.);
#766 = EDGE_CURVE('',#767,#759,#769,.T.);
#767 = VERTEX_POINT('',#768);
#768 = CARTESIAN_POINT('',(21.528259228188,51.226845637584,20.));
#769 = LINE('',#770,#771);
#770 = CARTESIAN_POINT('',(21.870610318792,51.226845637584,20.));
#771 = VECTOR('',#772,1.);
#772 = DIRECTION('',(1.,0.,-0.));
#773 = ORIENTED_EDGE('',*,*,#774,.F.);
#774 = EDGE_CURVE('',#727,#767,#775,.T.);
#775 = LINE('',#776,#777);
#776 = CARTESIAN_POINT('',(24.952720875185,41.979354270165,20.));
#777 = VECTOR('',#778,1.);
#778 = DIRECTION('',(0.347266632791,-0.93776643454,0.));
#779 = FACE_BOUND('',#780,.T.);
#780 = EDGE_LOOP('',(#781,#791,#799,#807,#815,#823,#831,#839));
#781 = ORIENTED_EDGE('',*,*,#782,.F.);
#782 = EDGE_CURVE('',#783,#785,#787,.T.);
#783 = VERTEX_POINT('',#784);
#784 = CARTESIAN_POINT('',(25.151640100671,51.948456375839,20.));
#785 = VERTEX_POINT('',#786);
#786 = CARTESIAN_POINT('',(26.742495805369,51.948456375839,20.));
#787 = LINE('',#788,#789);
#788 = CARTESIAN_POINT('',(23.871247902685,51.948456375839,20.));
#789 = VECTOR('',#790,1.);
#790 = DIRECTION('',(1.,0.,-0.));
#791 = ORIENTED_EDGE('',*,*,#792,.F.);
#792 = EDGE_CURVE('',#793,#783,#795,.T.);
#793 = VERTEX_POINT('',#794);
#794 = CARTESIAN_POINT('',(24.900591442953,51.226845637584,20.));
#795 = LINE('',#796,#797);
#796 = CARTESIAN_POINT('',(21.52179299717,41.514874806758,20.));
#797 = VECTOR('',#798,1.);
#798 = DIRECTION('',(0.328583228166,0.944475019346,-0.));
#799 = ORIENTED_EDGE('',*,*,#800,.F.);
#800 = EDGE_CURVE('',#801,#793,#803,.T.);
#801 = VERTEX_POINT('',#802);
#802 = CARTESIAN_POINT('',(23.877898489933,51.226845637584,20.));
#803 = LINE('',#804,#805);
#804 = CARTESIAN_POINT('',(22.950295721477,51.226845637584,20.));
#805 = VECTOR('',#806,1.);
#806 = DIRECTION('',(1.,0.,-0.));
#807 = ORIENTED_EDGE('',*,*,#808,.F.);
#808 = EDGE_CURVE('',#809,#801,#811,.T.);
#809 = VERTEX_POINT('',#810);
#810 = CARTESIAN_POINT('',(25.339265939597,55.173154362416,20.));
#811 = LINE('',#812,#813);
#812 = CARTESIAN_POINT('',(20.24805555643,41.424738137828,20.));
#813 = VECTOR('',#814,1.);
#814 = DIRECTION('',(-0.347266632791,-0.93776643454,0.));
#815 = ORIENTED_EDGE('',*,*,#816,.F.);
#816 = EDGE_CURVE('',#817,#809,#819,.T.);
#817 = VERTEX_POINT('',#818);
#818 = CARTESIAN_POINT('',(26.552227348993,55.173154362416,20.));
#819 = LINE('',#820,#821);
#820 = CARTESIAN_POINT('',(23.169632969799,55.173154362416,20.));
#821 = VECTOR('',#822,1.);
#822 = DIRECTION('',(-1.,0.,0.));
#823 = ORIENTED_EDGE('',*,*,#824,.F.);
#824 = EDGE_CURVE('',#825,#817,#827,.T.);
#825 = VERTEX_POINT('',#826);
#826 = CARTESIAN_POINT('',(28.013594798658,51.226845637584,20.));
#827 = LINE('',#828,#829);
#828 = CARTESIAN_POINT('',(30.316326071456,45.008499584457,20.));
#829 = VECTOR('',#830,1.);
#830 = DIRECTION('',(-0.347266632791,0.93776643454,0.));
#831 = ORIENTED_EDGE('',*,*,#832,.F.);
#832 = EDGE_CURVE('',#833,#825,#835,.T.);
#833 = VERTEX_POINT('',#834);
#834 = CARTESIAN_POINT('',(26.990901845638,51.226845637584,20.));
#835 = LINE('',#836,#837);
#836 = CARTESIAN_POINT('',(24.506797399329,51.226845637584,20.));
#837 = VECTOR('',#838,1.);
#838 = DIRECTION('',(1.,0.,-0.));
#839 = ORIENTED_EDGE('',*,*,#840,.F.);
#840 = EDGE_CURVE('',#785,#833,#841,.T.);
#841 = LINE('',#842,#843);
#842 = CARTESIAN_POINT('',(29.940017204584,42.659770098403,20.));
#843 = VECTOR('',#844,1.);
#844 = DIRECTION('',(0.325492639086,-0.945544574254,0.));
#845 = FACE_BOUND('',#846,.T.);
#846 = EDGE_LOOP('',(#847));
#847 = ORIENTED_EDGE('',*,*,#848,.F.);
#848 = EDGE_CURVE('',#849,#849,#851,.T.);
#849 = VERTEX_POINT('',#850);
#850 = CARTESIAN_POINT('',(40.65,51.5,20.));
#851 = CIRCLE('',#852,2.25);
#852 = AXIS2_PLACEMENT_3D('',#853,#854,#855);
#853 = CARTESIAN_POINT('',(38.4,51.5,20.));
#854 = DIRECTION('',(0.,0.,1.));
#855 = DIRECTION('',(1.,0.,-0.));
#856 = PLANE('',#857);
#857 = AXIS2_PLACEMENT_3D('',#858,#859,#860);
#858 = CARTESIAN_POINT('',(21.,30.,20.));
#859 = DIRECTION('',(0.,0.,1.));
#860 = DIRECTION('',(1.,0.,-0.));
#861 = ADVANCED_FACE('',(#862),#881,.T.);
#862 = FACE_BOUND('',#863,.F.);
#863 = EDGE_LOOP('',(#864,#872,#873,#874));
#864 = ORIENTED_EDGE('',*,*,#865,.T.);
#865 = EDGE_CURVE('',#866,#282,#868,.T.);
#866 = VERTEX_POINT('',#867);
#867 = CARTESIAN_POINT('',(4.440892098501E-16,8.,14.35));
#868 = LINE('',#869,#870);
#869 = CARTESIAN_POINT('',(4.440892098501E-16,8.,14.35));
#870 = VECTOR('',#871,1.);
#871 = DIRECTION('',(0.,0.,1.));
#872 = ORIENTED_EDGE('',*,*,#289,.T.);
#873 = ORIENTED_EDGE('',*,*,#31,.F.);
#874 = ORIENTED_EDGE('',*,*,#875,.F.);
#875 = EDGE_CURVE('',#866,#22,#876,.T.);
#876 = CIRCLE('',#877,8.);
#877 = AXIS2_PLACEMENT_3D('',#878,#879,#880);
#878 = CARTESIAN_POINT('',(8.,8.,14.35));
#879 = DIRECTION('',(0.,0.,1.));
#880 = DIRECTION('',(-1.,2.22044604925E-16,0.));
#881 = CYLINDRICAL_SURFACE('',#882,8.);
#882 = AXIS2_PLACEMENT_3D('',#883,#884,#885);
#883 = CARTESIAN_POINT('',(8.,8.,14.35));
#884 = DIRECTION('',(-0.,-0.,-1.));
#885 = DIRECTION('',(-1.,2.22044604925E-16,0.));
#886 = ADVANCED_FACE('',(#887),#905,.F.);
#887 = FACE_BOUND('',#888,.F.);
#888 = EDGE_LOOP('',(#889,#897,#898,#899));
#889 = ORIENTED_EDGE('',*,*,#890,.T.);
#890 = EDGE_CURVE('',#891,#273,#893,.T.);
#891 = VERTEX_POINT('',#892);
#892 = CARTESIAN_POINT('',(8.881784197001E-16,52.,14.35));
#893 = LINE('',#894,#895);
#894 = CARTESIAN_POINT('',(8.881784197001E-16,52.,14.35));
#895 = VECTOR('',#896,1.);
#896 = DIRECTION('',(0.,0.,1.));
#897 = ORIENTED_EDGE('',*,*,#281,.T.);
#898 = ORIENTED_EDGE('',*,*,#865,.F.);
#899 = ORIENTED_EDGE('',*,*,#900,.F.);
#900 = EDGE_CURVE('',#891,#866,#901,.T.);
#901 = LINE('',#902,#903);
#902 = CARTESIAN_POINT('',(0.,52.,14.35));
#903 = VECTOR('',#904,1.);
#904 = DIRECTION('',(0.,-1.,0.));
#905 = PLANE('',#906);
#906 = AXIS2_PLACEMENT_3D('',#907,#908,#909);
#907 = CARTESIAN_POINT('',(0.,52.,14.35));
#908 = DIRECTION('',(1.,0.,-0.));
#909 = DIRECTION('',(0.,-1.,0.));
#910 = ADVANCED_FACE('',(#911),#930,.T.);
#911 = FACE_BOUND('',#912,.F.);
#912 = EDGE_LOOP('',(#913,#921,#922,#923));
#913 = ORIENTED_EDGE('',*,*,#914,.T.);
#914 = EDGE_CURVE('',#915,#265,#917,.T.);
#915 = VERTEX_POINT('',#916);
#916 = CARTESIAN_POINT('',(8.,60.,14.35));
#917 = LINE('',#918,#919);
#918 = CARTESIAN_POINT('',(8.,60.,14.35));
#919 = VECTOR('',#920,1.);
#920 = DIRECTION('',(0.,0.,1.));
#921 = ORIENTED_EDGE('',*,*,#272,.T.);
#922 = ORIENTED_EDGE('',*,*,#890,.F.);
#923 = ORIENTED_EDGE('',*,*,#924,.F.);
#924 = EDGE_CURVE('',#915,#891,#925,.T.);
#925 = CIRCLE('',#926,8.);
#926 = AXIS2_PLACEMENT_3D('',#927,#928,#929);
#927 = CARTESIAN_POINT('',(8.,52.,14.35));
#928 = DIRECTION('',(0.,0.,1.));
#929 = DIRECTION('',(6.661338147751E-16,1.,-0.));
#930 = CYLINDRICAL_SURFACE('',#931,8.);
#931 = AXIS2_PLACEMENT_3D('',#932,#933,#934);
#932 = CARTESIAN_POINT('',(8.,52.,14.35));
#933 = DIRECTION('',(-0.,-0.,-1.));
#934 = DIRECTION('',(6.661338147751E-16,1.,-0.));
#935 = ADVANCED_FACE('',(#936),#954,.F.);
#936 = FACE_BOUND('',#937,.F.);
#937 = EDGE_LOOP('',(#938,#946,#947,#948));
#938 = ORIENTED_EDGE('',*,*,#939,.T.);
#939 = EDGE_CURVE('',#940,#256,#942,.T.);
#940 = VERTEX_POINT('',#941);
#941 = CARTESIAN_POINT('',(34.,60.,14.35));
#942 = LINE('',#943,#944);
#943 = CARTESIAN_POINT('',(34.,60.,14.35));
#944 = VECTOR('',#945,1.);
#945 = DIRECTION('',(0.,0.,1.));
#946 = ORIENTED_EDGE('',*,*,#264,.T.);
#947 = ORIENTED_EDGE('',*,*,#914,.F.);
#948 = ORIENTED_EDGE('',*,*,#949,.F.);
#949 = EDGE_CURVE('',#940,#915,#950,.T.);
#950 = LINE('',#951,#952);
#951 = CARTESIAN_POINT('',(34.,60.,14.35));
#952 = VECTOR('',#953,1.);
#953 = DIRECTION('',(-1.,0.,0.));
#954 = PLANE('',#955);
#955 = AXIS2_PLACEMENT_3D('',#956,#957,#958);
#956 = CARTESIAN_POINT('',(34.,60.,14.35));
#957 = DIRECTION('',(0.,-1.,0.));
#958 = DIRECTION('',(-1.,0.,0.));
#959 = ADVANCED_FACE('',(#960),#979,.T.);
#960 = FACE_BOUND('',#961,.F.);
#961 = EDGE_LOOP('',(#962,#970,#971,#972));
#962 = ORIENTED_EDGE('',*,*,#963,.T.);
#963 = EDGE_CURVE('',#964,#248,#966,.T.);
#964 = VERTEX_POINT('',#965);
#965 = CARTESIAN_POINT('',(42.,52.,14.35));
#966 = LINE('',#967,#968);
#967 = CARTESIAN_POINT('',(42.,52.,14.35));
#968 = VECTOR('',#969,1.);
#969 = DIRECTION('',(0.,0.,1.));
#970 = ORIENTED_EDGE('',*,*,#255,.T.);
#971 = ORIENTED_EDGE('',*,*,#939,.F.);
#972 = ORIENTED_EDGE('',*,*,#973,.F.);
#973 = EDGE_CURVE('',#964,#940,#974,.T.);
#974 = CIRCLE('',#975,8.);
#975 = AXIS2_PLACEMENT_3D('',#976,#977,#978);
#976 = CARTESIAN_POINT('',(34.,52.,14.35));
#977 = DIRECTION('',(0.,0.,1.));
#978 = DIRECTION('',(1.,-1.7763568394E-15,0.));
#979 = CYLINDRICAL_SURFACE('',#980,8.);
#980 = AXIS2_PLACEMENT_3D('',#981,#982,#983);
#981 = CARTESIAN_POINT('',(34.,52.,14.35));
#982 = DIRECTION('',(-0.,-0.,-1.));
#983 = DIRECTION('',(1.,-1.7763568394E-15,0.));
#984 = ADVANCED_FACE('',(#985),#996,.F.);
#985 = FACE_BOUND('',#986,.F.);
#986 = EDGE_LOOP('',(#987,#988,#989,#990));
#987 = ORIENTED_EDGE('',*,*,#222,.T.);
#988 = ORIENTED_EDGE('',*,*,#247,.T.);
#989 = ORIENTED_EDGE('',*,*,#963,.F.);
#990 = ORIENTED_EDGE('',*,*,#991,.F.);
#991 = EDGE_CURVE('',#223,#964,#992,.T.);
#992 = LINE('',#993,#994);
#993 = CARTESIAN_POINT('',(42.,8.,14.35));
#994 = VECTOR('',#995,1.);
#995 = DIRECTION('',(0.,1.,0.));
#996 = PLANE('',#997);
#997 = AXIS2_PLACEMENT_3D('',#998,#999,#1000);
#998 = CARTESIAN_POINT('',(42.,8.,14.35));
#999 = DIRECTION('',(-1.,0.,0.));
#1000 = DIRECTION('',(0.,1.,0.));
#1001 = ADVANCED_FACE('',(#1002),#1086,.T.);
#1002 = FACE_BOUND('',#1003,.T.);
#1003 = EDGE_LOOP('',(#1004,#1014,#1022,#1028,#1029,#1030,#1031,#1032,
    #1040,#1048,#1056,#1064,#1072,#1080));
#1004 = ORIENTED_EDGE('',*,*,#1005,.F.);
#1005 = EDGE_CURVE('',#1006,#1008,#1010,.T.);
#1006 = VERTEX_POINT('',#1007);
#1007 = CARTESIAN_POINT('',(30.1,1.8,14.75));
#1008 = VERTEX_POINT('',#1009);
#1009 = CARTESIAN_POINT('',(34.,1.8,14.75));
#1010 = LINE('',#1011,#1012);
#1011 = CARTESIAN_POINT('',(14.5,1.8,14.75));
#1012 = VECTOR('',#1013,1.);
#1013 = DIRECTION('',(1.,0.,0.));
#1014 = ORIENTED_EDGE('',*,*,#1015,.T.);
#1015 = EDGE_CURVE('',#1006,#1016,#1018,.T.);
#1016 = VERTEX_POINT('',#1017);
#1017 = CARTESIAN_POINT('',(30.1,1.8,14.35));
#1018 = LINE('',#1019,#1020);
#1019 = CARTESIAN_POINT('',(30.1,1.8,13.625));
#1020 = VECTOR('',#1021,1.);
#1021 = DIRECTION('',(-0.,0.,-1.));
#1022 = ORIENTED_EDGE('',*,*,#1023,.T.);
#1023 = EDGE_CURVE('',#1016,#191,#1024,.T.);
#1024 = LINE('',#1025,#1026);
#1025 = CARTESIAN_POINT('',(14.5,1.8,14.35));
#1026 = VECTOR('',#1027,1.);
#1027 = DIRECTION('',(-1.,0.,0.));
#1028 = ORIENTED_EDGE('',*,*,#198,.F.);
#1029 = ORIENTED_EDGE('',*,*,#174,.F.);
#1030 = ORIENTED_EDGE('',*,*,#150,.F.);
#1031 = ORIENTED_EDGE('',*,*,#126,.F.);
#1032 = ORIENTED_EDGE('',*,*,#1033,.T.);
#1033 = EDGE_CURVE('',#110,#1034,#1036,.T.);
#1034 = VERTEX_POINT('',#1035);
#1035 = CARTESIAN_POINT('',(12.2,1.8,14.35));
#1036 = LINE('',#1037,#1038);
#1037 = CARTESIAN_POINT('',(12.2,1.8,15.875));
#1038 = VECTOR('',#1039,1.);
#1039 = DIRECTION('',(-0.,0.,-1.));
#1040 = ORIENTED_EDGE('',*,*,#1041,.T.);
#1041 = EDGE_CURVE('',#1034,#1042,#1044,.T.);
#1042 = VERTEX_POINT('',#1043);
#1043 = CARTESIAN_POINT('',(11.9,1.8,14.35));
#1044 = LINE('',#1045,#1046);
#1045 = CARTESIAN_POINT('',(14.5,1.8,14.35));
#1046 = VECTOR('',#1047,1.);
#1047 = DIRECTION('',(-1.,0.,0.));
#1048 = ORIENTED_EDGE('',*,*,#1049,.F.);
#1049 = EDGE_CURVE('',#1050,#1042,#1052,.T.);
#1050 = VERTEX_POINT('',#1051);
#1051 = CARTESIAN_POINT('',(11.9,1.8,14.75));
#1052 = LINE('',#1053,#1054);
#1053 = CARTESIAN_POINT('',(11.9,1.8,13.625));
#1054 = VECTOR('',#1055,1.);
#1055 = DIRECTION('',(-0.,0.,-1.));
#1056 = ORIENTED_EDGE('',*,*,#1057,.F.);
#1057 = EDGE_CURVE('',#1058,#1050,#1060,.T.);
#1058 = VERTEX_POINT('',#1059);
#1059 = CARTESIAN_POINT('',(8.,1.8,14.75));
#1060 = LINE('',#1061,#1062);
#1061 = CARTESIAN_POINT('',(14.5,1.8,14.75));
#1062 = VECTOR('',#1063,1.);
#1063 = DIRECTION('',(1.,0.,0.));
#1064 = ORIENTED_EDGE('',*,*,#1065,.T.);
#1065 = EDGE_CURVE('',#1058,#1066,#1068,.T.);
#1066 = VERTEX_POINT('',#1067);
#1067 = CARTESIAN_POINT('',(8.,1.8,18.2));
#1068 = LINE('',#1069,#1070);
#1069 = CARTESIAN_POINT('',(8.,1.8,14.25));
#1070 = VECTOR('',#1071,1.);
#1071 = DIRECTION('',(0.,0.,1.));
#1072 = ORIENTED_EDGE('',*,*,#1073,.T.);
#1073 = EDGE_CURVE('',#1066,#1074,#1076,.T.);
#1074 = VERTEX_POINT('',#1075);
#1075 = CARTESIAN_POINT('',(34.,1.8,18.2));
#1076 = LINE('',#1077,#1078);
#1077 = CARTESIAN_POINT('',(8.,1.8,18.2));
#1078 = VECTOR('',#1079,1.);
#1079 = DIRECTION('',(1.,0.,0.));
#1080 = ORIENTED_EDGE('',*,*,#1081,.F.);
#1081 = EDGE_CURVE('',#1008,#1074,#1082,.T.);
#1082 = LINE('',#1083,#1084);
#1083 = CARTESIAN_POINT('',(34.,1.8,14.25));
#1084 = VECTOR('',#1085,1.);
#1085 = DIRECTION('',(0.,0.,1.));
#1086 = PLANE('',#1087);
#1087 = AXIS2_PLACEMENT_3D('',#1088,#1089,#1090);
#1088 = CARTESIAN_POINT('',(8.,1.8,14.25));
#1089 = DIRECTION('',(0.,1.,0.));
#1090 = DIRECTION('',(1.,0.,0.));
#1091 = ADVANCED_FACE('',(#1092),#1136,.F.);
#1092 = FACE_BOUND('',#1093,.T.);
#1093 = EDGE_LOOP('',(#1094,#1104,#1113,#1121,#1128,#1129));
#1094 = ORIENTED_EDGE('',*,*,#1095,.T.);
#1095 = EDGE_CURVE('',#1096,#1098,#1100,.T.);
#1096 = VERTEX_POINT('',#1097);
#1097 = CARTESIAN_POINT('',(40.142402614136,7.156856995606,18.2));
#1098 = VERTEX_POINT('',#1099);
#1099 = CARTESIAN_POINT('',(40.142402614136,7.156856995606,14.35));
#1100 = LINE('',#1101,#1102);
#1101 = CARTESIAN_POINT('',(40.142402614136,7.156856995606,14.25));
#1102 = VECTOR('',#1103,1.);
#1103 = DIRECTION('',(-0.,-0.,-1.));
#1104 = ORIENTED_EDGE('',*,*,#1105,.T.);
#1105 = EDGE_CURVE('',#1098,#1106,#1108,.T.);
#1106 = VERTEX_POINT('',#1107);
#1107 = CARTESIAN_POINT('',(40.043609020074,6.616240623346,14.35));
#1108 = CIRCLE('',#1109,6.2);
#1109 = AXIS2_PLACEMENT_3D('',#1110,#1111,#1112);
#1110 = CARTESIAN_POINT('',(34.,8.,14.35));
#1111 = DIRECTION('',(0.,-0.,-1.));
#1112 = DIRECTION('',(1.146036670581E-15,-1.,0.));
#1113 = ORIENTED_EDGE('',*,*,#1114,.F.);
#1114 = EDGE_CURVE('',#1115,#1106,#1117,.T.);
#1115 = VERTEX_POINT('',#1116);
#1116 = CARTESIAN_POINT('',(40.043609020074,6.616240623346,14.75));
#1117 = LINE('',#1118,#1119);
#1118 = CARTESIAN_POINT('',(40.043609020074,6.616240623346,14.25));
#1119 = VECTOR('',#1120,1.);
#1120 = DIRECTION('',(-0.,-0.,-1.));
#1121 = ORIENTED_EDGE('',*,*,#1122,.T.);
#1122 = EDGE_CURVE('',#1115,#1008,#1123,.T.);
#1123 = CIRCLE('',#1124,6.2);
#1124 = AXIS2_PLACEMENT_3D('',#1125,#1126,#1127);
#1125 = CARTESIAN_POINT('',(34.,8.,14.75));
#1126 = DIRECTION('',(0.,-0.,-1.));
#1127 = DIRECTION('',(1.146036670581E-15,-1.,0.));
#1128 = ORIENTED_EDGE('',*,*,#1081,.T.);
#1129 = ORIENTED_EDGE('',*,*,#1130,.T.);
#1130 = EDGE_CURVE('',#1074,#1096,#1131,.T.);
#1131 = CIRCLE('',#1132,6.2);
#1132 = AXIS2_PLACEMENT_3D('',#1133,#1134,#1135);
#1133 = CARTESIAN_POINT('',(34.,8.,18.2));
#1134 = DIRECTION('',(0.,0.,1.));
#1135 = DIRECTION('',(1.146036670581E-15,-1.,0.));
#1136 = CYLINDRICAL_SURFACE('',#1137,6.2);
#1137 = AXIS2_PLACEMENT_3D('',#1138,#1139,#1140);
#1138 = CARTESIAN_POINT('',(34.,8.,14.25));
#1139 = DIRECTION('',(-0.,-0.,-1.));
#1140 = DIRECTION('',(1.146036670581E-15,-1.,0.));
#1141 = ADVANCED_FACE('',(#1142),#1186,.F.);
#1142 = FACE_BOUND('',#1143,.T.);
#1143 = EDGE_LOOP('',(#1144,#1153,#1161,#1170,#1178,#1185));
#1144 = ORIENTED_EDGE('',*,*,#1145,.T.);
#1145 = EDGE_CURVE('',#1058,#1146,#1148,.T.);
#1146 = VERTEX_POINT('',#1147);
#1147 = CARTESIAN_POINT('',(1.956390979926,6.616240623346,14.75));
#1148 = CIRCLE('',#1149,6.2);
#1149 = AXIS2_PLACEMENT_3D('',#1150,#1151,#1152);
#1150 = CARTESIAN_POINT('',(8.,8.,14.75));
#1151 = DIRECTION('',(-0.,0.,-1.));
#1152 = DIRECTION('',(-1.,0.,0.));
#1153 = ORIENTED_EDGE('',*,*,#1154,.T.);
#1154 = EDGE_CURVE('',#1146,#1155,#1157,.T.);
#1155 = VERTEX_POINT('',#1156);
#1156 = CARTESIAN_POINT('',(1.956390979926,6.616240623346,14.35));
#1157 = LINE('',#1158,#1159);
#1158 = CARTESIAN_POINT('',(1.956390979926,6.616240623346,14.25));
#1159 = VECTOR('',#1160,1.);
#1160 = DIRECTION('',(-0.,-0.,-1.));
#1161 = ORIENTED_EDGE('',*,*,#1162,.T.);
#1162 = EDGE_CURVE('',#1155,#1163,#1165,.T.);
#1163 = VERTEX_POINT('',#1164);
#1164 = CARTESIAN_POINT('',(1.857597385864,7.156856995606,14.35));
#1165 = CIRCLE('',#1166,6.2);
#1166 = AXIS2_PLACEMENT_3D('',#1167,#1168,#1169);
#1167 = CARTESIAN_POINT('',(8.,8.,14.35));
#1168 = DIRECTION('',(-0.,0.,-1.));
#1169 = DIRECTION('',(-1.,0.,0.));
#1170 = ORIENTED_EDGE('',*,*,#1171,.F.);
#1171 = EDGE_CURVE('',#1172,#1163,#1174,.T.);
#1172 = VERTEX_POINT('',#1173);
#1173 = CARTESIAN_POINT('',(1.857597385864,7.156856995606,18.2));
#1174 = LINE('',#1175,#1176);
#1175 = CARTESIAN_POINT('',(1.857597385864,7.156856995606,14.25));
#1176 = VECTOR('',#1177,1.);
#1177 = DIRECTION('',(-0.,-0.,-1.));
#1178 = ORIENTED_EDGE('',*,*,#1179,.T.);
#1179 = EDGE_CURVE('',#1172,#1066,#1180,.T.);
#1180 = CIRCLE('',#1181,6.2);
#1181 = AXIS2_PLACEMENT_3D('',#1182,#1183,#1184);
#1182 = CARTESIAN_POINT('',(8.,8.,18.2));
#1183 = DIRECTION('',(0.,0.,1.));
#1184 = DIRECTION('',(-1.,0.,0.));
#1185 = ORIENTED_EDGE('',*,*,#1065,.F.);
#1186 = CYLINDRICAL_SURFACE('',#1187,6.2);
#1187 = AXIS2_PLACEMENT_3D('',#1188,#1189,#1190);
#1188 = CARTESIAN_POINT('',(8.,8.,14.25));
#1189 = DIRECTION('',(-0.,-0.,-1.));
#1190 = DIRECTION('',(-1.,0.,0.));
#1191 = ADVANCED_FACE('',(#1192),#1211,.F.);
#1192 = FACE_BOUND('',#1193,.F.);
#1193 = EDGE_LOOP('',(#1194,#1195,#1203,#1210));
#1194 = ORIENTED_EDGE('',*,*,#298,.F.);
#1195 = ORIENTED_EDGE('',*,*,#1196,.F.);
#1196 = EDGE_CURVE('',#1197,#299,#1199,.T.);
#1197 = VERTEX_POINT('',#1198);
#1198 = CARTESIAN_POINT('',(5.85,8.5,18.3));
#1199 = LINE('',#1200,#1201);
#1200 = CARTESIAN_POINT('',(5.85,8.5,18.3));
#1201 = VECTOR('',#1202,1.);
#1202 = DIRECTION('',(0.,0.,1.));
#1203 = ORIENTED_EDGE('',*,*,#1204,.T.);
#1204 = EDGE_CURVE('',#1197,#1197,#1205,.T.);
#1205 = CIRCLE('',#1206,2.25);
#1206 = AXIS2_PLACEMENT_3D('',#1207,#1208,#1209);
#1207 = CARTESIAN_POINT('',(3.6,8.5,18.3));
#1208 = DIRECTION('',(0.,0.,1.));
#1209 = DIRECTION('',(1.,0.,-0.));
#1210 = ORIENTED_EDGE('',*,*,#1196,.T.);
#1211 = CYLINDRICAL_SURFACE('',#1212,2.25);
#1212 = AXIS2_PLACEMENT_3D('',#1213,#1214,#1215);
#1213 = CARTESIAN_POINT('',(3.6,8.5,18.3));
#1214 = DIRECTION('',(0.,0.,1.));
#1215 = DIRECTION('',(1.,0.,-0.));
#1216 = ADVANCED_FACE('',(#1217),#1242,.F.);
#1217 = FACE_BOUND('',#1218,.F.);
#1218 = EDGE_LOOP('',(#1219,#1229,#1235,#1236));
#1219 = ORIENTED_EDGE('',*,*,#1220,.F.);
#1220 = EDGE_CURVE('',#1221,#1223,#1225,.T.);
#1221 = VERTEX_POINT('',#1222);
#1222 = CARTESIAN_POINT('',(19.908976510067,9.807382550336,19.5));
#1223 = VERTEX_POINT('',#1224);
#1224 = CARTESIAN_POINT('',(19.908976510067,7.681208053691,19.5));
#1225 = LINE('',#1226,#1227);
#1226 = CARTESIAN_POINT('',(19.908976510067,9.807382550336,19.5));
#1227 = VECTOR('',#1228,1.);
#1228 = DIRECTION('',(0.,-1.,-0.));
#1229 = ORIENTED_EDGE('',*,*,#1230,.T.);
#1230 = EDGE_CURVE('',#1221,#312,#1231,.T.);
#1231 = LINE('',#1232,#1233);
#1232 = CARTESIAN_POINT('',(19.908976510067,9.807382550336,19.5));
#1233 = VECTOR('',#1234,1.);
#1234 = DIRECTION('',(0.,0.,1.));
#1235 = ORIENTED_EDGE('',*,*,#309,.F.);
#1236 = ORIENTED_EDGE('',*,*,#1237,.F.);
#1237 = EDGE_CURVE('',#1223,#310,#1238,.T.);
#1238 = LINE('',#1239,#1240);
#1239 = CARTESIAN_POINT('',(19.908976510067,7.681208053691,19.5));
#1240 = VECTOR('',#1241,1.);
#1241 = DIRECTION('',(0.,0.,1.));
#1242 = PLANE('',#1243);
#1243 = AXIS2_PLACEMENT_3D('',#1244,#1245,#1246);
#1244 = CARTESIAN_POINT('',(19.908976510067,9.807382550336,19.5));
#1245 = DIRECTION('',(1.,0.,-0.));
#1246 = DIRECTION('',(0.,-1.,0.));
#1247 = ADVANCED_FACE('',(#1248),#1266,.F.);
#1248 = FACE_BOUND('',#1249,.F.);
#1249 = EDGE_LOOP('',(#1250,#1258,#1264,#1265));
#1250 = ORIENTED_EDGE('',*,*,#1251,.F.);
#1251 = EDGE_CURVE('',#1252,#1221,#1254,.T.);
#1252 = VERTEX_POINT('',#1253);
#1253 = CARTESIAN_POINT('',(20.320469798658,9.807382550336,19.5));
#1254 = LINE('',#1255,#1256);
#1255 = CARTESIAN_POINT('',(20.320469798658,9.807382550336,19.5));
#1256 = VECTOR('',#1257,1.);
#1257 = DIRECTION('',(-1.,0.,0.));
#1258 = ORIENTED_EDGE('',*,*,#1259,.T.);
#1259 = EDGE_CURVE('',#1252,#483,#1260,.T.);
#1260 = LINE('',#1261,#1262);
#1261 = CARTESIAN_POINT('',(20.320469798658,9.807382550336,19.5));
#1262 = VECTOR('',#1263,1.);
#1263 = DIRECTION('',(0.,0.,1.));
#1264 = ORIENTED_EDGE('',*,*,#497,.F.);
#1265 = ORIENTED_EDGE('',*,*,#1230,.F.);
#1266 = PLANE('',#1267);
#1267 = AXIS2_PLACEMENT_3D('',#1268,#1269,#1270);
#1268 = CARTESIAN_POINT('',(20.320469798658,9.807382550336,19.5));
#1269 = DIRECTION('',(0.,-1.,0.));
#1270 = DIRECTION('',(-1.,0.,0.));
#1271 = ADVANCED_FACE('',(#1272),#1290,.F.);
#1272 = FACE_BOUND('',#1273,.F.);
#1273 = EDGE_LOOP('',(#1274,#1282,#1288,#1289));
#1274 = ORIENTED_EDGE('',*,*,#1275,.F.);
#1275 = EDGE_CURVE('',#1276,#1252,#1278,.T.);
#1276 = VERTEX_POINT('',#1277);
#1277 = CARTESIAN_POINT('',(20.888506711409,9.653104026846,19.5));
#1278 = B_SPLINE_CURVE_WITH_KNOTS('',2,(#1279,#1280,#1281),
  .UNSPECIFIED.,.F.,.F.,(3,3),(0.,1.),.PIECEWISE_BEZIER_KNOTS.);
#1279 = CARTESIAN_POINT('',(20.888506711409,9.653104026846,19.5));
#1280 = CARTESIAN_POINT('',(20.67533557047,9.807382550336,19.5));
#1281 = CARTESIAN_POINT('',(20.320469798658,9.807382550336,19.5));
#1282 = ORIENTED_EDGE('',*,*,#1283,.T.);
#1283 = EDGE_CURVE('',#1276,#470,#1284,.T.);
#1284 = LINE('',#1285,#1286);
#1285 = CARTESIAN_POINT('',(20.888506711409,9.653104026846,19.5));
#1286 = VECTOR('',#1287,1.);
#1287 = DIRECTION('',(0.,0.,1.));
#1288 = ORIENTED_EDGE('',*,*,#482,.F.);
#1289 = ORIENTED_EDGE('',*,*,#1259,.F.);
#1290 = SURFACE_OF_LINEAR_EXTRUSION('',#1291,#1295);
#1291 = B_SPLINE_CURVE_WITH_KNOTS('',2,(#1292,#1293,#1294),
  .UNSPECIFIED.,.F.,.F.,(3,3),(0.,1.),.PIECEWISE_BEZIER_KNOTS.);
#1292 = CARTESIAN_POINT('',(20.888506711409,9.653104026846,19.5));
#1293 = CARTESIAN_POINT('',(20.67533557047,9.807382550336,19.5));
#1294 = CARTESIAN_POINT('',(20.320469798658,9.807382550336,19.5));
#1295 = VECTOR('',#1296,1.);
#1296 = DIRECTION('',(-0.,-0.,-1.));
#1297 = ADVANCED_FACE('',(#1298),#1316,.F.);
#1298 = FACE_BOUND('',#1299,.F.);
#1299 = EDGE_LOOP('',(#1300,#1308,#1314,#1315));
#1300 = ORIENTED_EDGE('',*,*,#1301,.F.);
#1301 = EDGE_CURVE('',#1302,#1276,#1304,.T.);
#1302 = VERTEX_POINT('',#1303);
#1303 = CARTESIAN_POINT('',(21.309563758389,9.077265100671,19.5));
#1304 = B_SPLINE_CURVE_WITH_KNOTS('',2,(#1305,#1306,#1307),
  .UNSPECIFIED.,.F.,.F.,(3,3),(0.,1.),.PIECEWISE_BEZIER_KNOTS.);
#1305 = CARTESIAN_POINT('',(21.309563758389,9.077265100671,19.5));
#1306 = CARTESIAN_POINT('',(21.101929530201,9.498825503356,19.5));
#1307 = CARTESIAN_POINT('',(20.888506711409,9.653104026846,19.5));
#1308 = ORIENTED_EDGE('',*,*,#1309,.T.);
#1309 = EDGE_CURVE('',#1302,#462,#1310,.T.);
#1310 = LINE('',#1311,#1312);
#1311 = CARTESIAN_POINT('',(21.309563758389,9.077265100671,19.5));
#1312 = VECTOR('',#1313,1.);
#1313 = DIRECTION('',(0.,0.,1.));
#1314 = ORIENTED_EDGE('',*,*,#469,.F.);
#1315 = ORIENTED_EDGE('',*,*,#1283,.F.);
#1316 = SURFACE_OF_LINEAR_EXTRUSION('',#1317,#1321);
#1317 = B_SPLINE_CURVE_WITH_KNOTS('',2,(#1318,#1319,#1320),
  .UNSPECIFIED.,.F.,.F.,(3,3),(0.,1.),.PIECEWISE_BEZIER_KNOTS.);
#1318 = CARTESIAN_POINT('',(21.309563758389,9.077265100671,19.5));
#1319 = CARTESIAN_POINT('',(21.101929530201,9.498825503356,19.5));
#1320 = CARTESIAN_POINT('',(20.888506711409,9.653104026846,19.5));
#1321 = VECTOR('',#1322,1.);
#1322 = DIRECTION('',(-0.,-0.,-1.));
#1323 = ADVANCED_FACE('',(#1324),#1342,.F.);
#1324 = FACE_BOUND('',#1325,.F.);
#1325 = EDGE_LOOP('',(#1326,#1334,#1340,#1341));
#1326 = ORIENTED_EDGE('',*,*,#1327,.F.);
#1327 = EDGE_CURVE('',#1328,#1302,#1330,.T.);
#1328 = VERTEX_POINT('',#1329);
#1329 = CARTESIAN_POINT('',(21.996644295302,7.681208053691,19.5));
#1330 = LINE('',#1331,#1332);
#1331 = CARTESIAN_POINT('',(21.996644295302,7.681208053691,19.5));
#1332 = VECTOR('',#1333,1.);
#1333 = DIRECTION('',(-0.441575860289,0.897223918323,0.));
#1334 = ORIENTED_EDGE('',*,*,#1335,.T.);
#1335 = EDGE_CURVE('',#1328,#454,#1336,.T.);
#1336 = LINE('',#1337,#1338);
#1337 = CARTESIAN_POINT('',(21.996644295302,7.681208053691,19.5));
#1338 = VECTOR('',#1339,1.);
#1339 = DIRECTION('',(0.,0.,1.));
#1340 = ORIENTED_EDGE('',*,*,#461,.F.);
#1341 = ORIENTED_EDGE('',*,*,#1309,.F.);
#1342 = PLANE('',#1343);
#1343 = AXIS2_PLACEMENT_3D('',#1344,#1345,#1346);
#1344 = CARTESIAN_POINT('',(21.996644295302,7.681208053691,19.5));
#1345 = DIRECTION('',(-0.897223918323,-0.441575860289,0.));
#1346 = DIRECTION('',(-0.441575860289,0.897223918323,0.));
#1347 = ADVANCED_FACE('',(#1348),#1366,.F.);
#1348 = FACE_BOUND('',#1349,.F.);
#1349 = EDGE_LOOP('',(#1350,#1358,#1364,#1365));
#1350 = ORIENTED_EDGE('',*,*,#1351,.F.);
#1351 = EDGE_CURVE('',#1352,#1328,#1354,.T.);
#1352 = VERTEX_POINT('',#1353);
#1353 = CARTESIAN_POINT('',(23.544463087248,7.681208053691,19.5));
#1354 = LINE('',#1355,#1356);
#1355 = CARTESIAN_POINT('',(23.544463087248,7.681208053691,19.5));
#1356 = VECTOR('',#1357,1.);
#1357 = DIRECTION('',(-1.,0.,0.));
#1358 = ORIENTED_EDGE('',*,*,#1359,.T.);
#1359 = EDGE_CURVE('',#1352,#446,#1360,.T.);
#1360 = LINE('',#1361,#1362);
#1361 = CARTESIAN_POINT('',(23.544463087248,7.681208053691,19.5));
#1362 = VECTOR('',#1363,1.);
#1363 = DIRECTION('',(0.,0.,1.));
#1364 = ORIENTED_EDGE('',*,*,#453,.F.);
#1365 = ORIENTED_EDGE('',*,*,#1335,.F.);
#1366 = PLANE('',#1367);
#1367 = AXIS2_PLACEMENT_3D('',#1368,#1369,#1370);
#1368 = CARTESIAN_POINT('',(23.544463087248,7.681208053691,19.5));
#1369 = DIRECTION('',(0.,-1.,0.));
#1370 = DIRECTION('',(-1.,0.,0.));
#1371 = ADVANCED_FACE('',(#1372),#1390,.F.);
#1372 = FACE_BOUND('',#1373,.F.);
#1373 = EDGE_LOOP('',(#1374,#1382,#1388,#1389));
#1374 = ORIENTED_EDGE('',*,*,#1375,.F.);
#1375 = EDGE_CURVE('',#1376,#1352,#1378,.T.);
#1376 = VERTEX_POINT('',#1377);
#1377 = CARTESIAN_POINT('',(22.755453020134,9.276845637584,19.5));
#1378 = LINE('',#1379,#1380);
#1379 = CARTESIAN_POINT('',(22.755453020134,9.276845637584,19.5));
#1380 = VECTOR('',#1381,1.);
#1381 = DIRECTION('',(0.443250359983,-0.89639785719,-0.));
#1382 = ORIENTED_EDGE('',*,*,#1383,.T.);
#1383 = EDGE_CURVE('',#1376,#434,#1384,.T.);
#1384 = LINE('',#1385,#1386);
#1385 = CARTESIAN_POINT('',(22.755453020134,9.276845637584,19.5));
#1386 = VECTOR('',#1387,1.);
#1387 = DIRECTION('',(0.,0.,1.));
#1388 = ORIENTED_EDGE('',*,*,#445,.F.);
#1389 = ORIENTED_EDGE('',*,*,#1359,.F.);
#1390 = PLANE('',#1391);
#1391 = AXIS2_PLACEMENT_3D('',#1392,#1393,#1394);
#1392 = CARTESIAN_POINT('',(22.755453020134,9.276845637584,19.5));
#1393 = DIRECTION('',(0.89639785719,0.443250359983,-0.));
#1394 = DIRECTION('',(0.443250359983,-0.89639785719,0.));
#1395 = ADVANCED_FACE('',(#1396),#1414,.F.);
#1396 = FACE_BOUND('',#1397,.F.);
#1397 = EDGE_LOOP('',(#1398,#1406,#1412,#1413));
#1398 = ORIENTED_EDGE('',*,*,#1399,.F.);
#1399 = EDGE_CURVE('',#1400,#1376,#1402,.T.);
#1400 = VERTEX_POINT('',#1401);
#1401 = CARTESIAN_POINT('',(22.277768456376,10.000419463087,19.5));
#1402 = B_SPLINE_CURVE_WITH_KNOTS('',2,(#1403,#1404,#1405),
  .UNSPECIFIED.,.F.,.F.,(3,3),(0.,1.),.PIECEWISE_BEZIER_KNOTS.);
#1403 = CARTESIAN_POINT('',(22.277768456376,10.000419463087,19.5));
#1404 = CARTESIAN_POINT('',(22.513842281879,9.76182885906,19.5));
#1405 = CARTESIAN_POINT('',(22.755453020134,9.276845637584,19.5));
#1406 = ORIENTED_EDGE('',*,*,#1407,.T.);
#1407 = EDGE_CURVE('',#1400,#419,#1408,.T.);
#1408 = LINE('',#1409,#1410);
#1409 = CARTESIAN_POINT('',(22.277768456376,10.000419463087,19.5));
#1410 = VECTOR('',#1411,1.);
#1411 = DIRECTION('',(0.,0.,1.));
#1412 = ORIENTED_EDGE('',*,*,#433,.F.);
#1413 = ORIENTED_EDGE('',*,*,#1383,.F.);
#1414 = SURFACE_OF_LINEAR_EXTRUSION('',#1415,#1419);
#1415 = B_SPLINE_CURVE_WITH_KNOTS('',2,(#1416,#1417,#1418),
  .UNSPECIFIED.,.F.,.F.,(3,3),(0.,1.),.PIECEWISE_BEZIER_KNOTS.);
#1416 = CARTESIAN_POINT('',(22.277768456376,10.000419463087,19.5));
#1417 = CARTESIAN_POINT('',(22.513842281879,9.76182885906,19.5));
#1418 = CARTESIAN_POINT('',(22.755453020134,9.276845637584,19.5));
#1419 = VECTOR('',#1420,1.);
#1420 = DIRECTION('',(-0.,-0.,-1.));
#1421 = ADVANCED_FACE('',(#1422),#1440,.F.);
#1422 = FACE_BOUND('',#1423,.F.);
#1423 = EDGE_LOOP('',(#1424,#1432,#1438,#1439));
#1424 = ORIENTED_EDGE('',*,*,#1425,.F.);
#1425 = EDGE_CURVE('',#1426,#1400,#1428,.T.);
#1426 = VERTEX_POINT('',#1427);
#1427 = CARTESIAN_POINT('',(21.743708053691,10.306711409396,19.5));
#1428 = B_SPLINE_CURVE_WITH_KNOTS('',2,(#1429,#1430,#1431),
  .UNSPECIFIED.,.F.,.F.,(3,3),(0.,1.),.PIECEWISE_BEZIER_KNOTS.);
#1429 = CARTESIAN_POINT('',(21.743708053691,10.306711409396,19.5));
#1430 = CARTESIAN_POINT('',(22.041946308725,10.239010067114,19.5));
#1431 = CARTESIAN_POINT('',(22.277768456376,10.000419463087,19.5));
#1432 = ORIENTED_EDGE('',*,*,#1433,.T.);
#1433 = EDGE_CURVE('',#1426,#404,#1434,.T.);
#1434 = LINE('',#1435,#1436);
#1435 = CARTESIAN_POINT('',(21.743708053691,10.306711409396,19.5));
#1436 = VECTOR('',#1437,1.);
#1437 = DIRECTION('',(0.,0.,1.));
#1438 = ORIENTED_EDGE('',*,*,#418,.F.);
#1439 = ORIENTED_EDGE('',*,*,#1407,.F.);
#1440 = SURFACE_OF_LINEAR_EXTRUSION('',#1441,#1445);
#1441 = B_SPLINE_CURVE_WITH_KNOTS('',2,(#1442,#1443,#1444),
  .UNSPECIFIED.,.F.,.F.,(3,3),(0.,1.),.PIECEWISE_BEZIER_KNOTS.);
#1442 = CARTESIAN_POINT('',(21.743708053691,10.306711409396,19.5));
#1443 = CARTESIAN_POINT('',(22.041946308725,10.239010067114,19.5));
#1444 = CARTESIAN_POINT('',(22.277768456376,10.000419463087,19.5));
#1445 = VECTOR('',#1446,1.);
#1446 = DIRECTION('',(-0.,-0.,-1.));
#1447 = ADVANCED_FACE('',(#1448),#1466,.F.);
#1448 = FACE_BOUND('',#1449,.F.);
#1449 = EDGE_LOOP('',(#1450,#1458,#1464,#1465));
#1450 = ORIENTED_EDGE('',*,*,#1451,.F.);
#1451 = EDGE_CURVE('',#1452,#1426,#1454,.T.);
#1452 = VERTEX_POINT('',#1453);
#1453 = CARTESIAN_POINT('',(22.557130872483,10.836996644295,19.5));
#1454 = B_SPLINE_CURVE_WITH_KNOTS('',2,(#1455,#1456,#1457),
  .UNSPECIFIED.,.F.,.F.,(3,3),(0.,1.),.PIECEWISE_BEZIER_KNOTS.);
#1455 = CARTESIAN_POINT('',(22.557130872483,10.836996644295,19.5));
#1456 = CARTESIAN_POINT('',(22.287332214765,10.477097315436,19.5));
#1457 = CARTESIAN_POINT('',(21.743708053691,10.306711409396,19.5));
#1458 = ORIENTED_EDGE('',*,*,#1459,.T.);
#1459 = EDGE_CURVE('',#1452,#389,#1460,.T.);
#1460 = LINE('',#1461,#1462);
#1461 = CARTESIAN_POINT('',(22.557130872483,10.836996644295,19.5));
#1462 = VECTOR('',#1463,1.);
#1463 = DIRECTION('',(0.,0.,1.));
#1464 = ORIENTED_EDGE('',*,*,#403,.F.);
#1465 = ORIENTED_EDGE('',*,*,#1433,.F.);
#1466 = SURFACE_OF_LINEAR_EXTRUSION('',#1467,#1471);
#1467 = B_SPLINE_CURVE_WITH_KNOTS('',2,(#1468,#1469,#1470),
  .UNSPECIFIED.,.F.,.F.,(3,3),(0.,1.),.PIECEWISE_BEZIER_KNOTS.);
#1468 = CARTESIAN_POINT('',(22.557130872483,10.836996644295,19.5));
#1469 = CARTESIAN_POINT('',(22.287332214765,10.477097315436,19.5));
#1470 = CARTESIAN_POINT('',(21.743708053691,10.306711409396,19.5));
#1471 = VECTOR('',#1472,1.);
#1472 = DIRECTION('',(-0.,-0.,-1.));
#1473 = ADVANCED_FACE('',(#1474),#1492,.F.);
#1474 = FACE_BOUND('',#1475,.F.);
#1475 = EDGE_LOOP('',(#1476,#1484,#1490,#1491));
#1476 = ORIENTED_EDGE('',*,*,#1477,.F.);
#1477 = EDGE_CURVE('',#1478,#1452,#1480,.T.);
#1478 = VERTEX_POINT('',#1479);
#1479 = CARTESIAN_POINT('',(22.827181208054,11.75788590604,19.5));
#1480 = B_SPLINE_CURVE_WITH_KNOTS('',2,(#1481,#1482,#1483),
  .UNSPECIFIED.,.F.,.F.,(3,3),(0.,1.),.PIECEWISE_BEZIER_KNOTS.);
#1481 = CARTESIAN_POINT('',(22.827181208054,11.75788590604,19.5));
#1482 = CARTESIAN_POINT('',(22.827181208054,11.197147651007,19.5));
#1483 = CARTESIAN_POINT('',(22.557130872483,10.836996644295,19.5));
#1484 = ORIENTED_EDGE('',*,*,#1485,.T.);
#1485 = EDGE_CURVE('',#1478,#366,#1486,.T.);
#1486 = LINE('',#1487,#1488);
#1487 = CARTESIAN_POINT('',(22.827181208054,11.75788590604,19.5));
#1488 = VECTOR('',#1489,1.);
#1489 = DIRECTION('',(0.,0.,1.));
#1490 = ORIENTED_EDGE('',*,*,#388,.F.);
#1491 = ORIENTED_EDGE('',*,*,#1459,.F.);
#1492 = SURFACE_OF_LINEAR_EXTRUSION('',#1493,#1497);
#1493 = B_SPLINE_CURVE_WITH_KNOTS('',2,(#1494,#1495,#1496),
  .UNSPECIFIED.,.F.,.F.,(3,3),(0.,1.),.PIECEWISE_BEZIER_KNOTS.);
#1494 = CARTESIAN_POINT('',(22.827181208054,11.75788590604,19.5));
#1495 = CARTESIAN_POINT('',(22.827181208054,11.197147651007,19.5));
#1496 = CARTESIAN_POINT('',(22.557130872483,10.836996644295,19.5));
#1497 = VECTOR('',#1498,1.);
#1498 = DIRECTION('',(-0.,-0.,-1.));
#1499 = ADVANCED_FACE('',(#1500),#1518,.F.);
#1500 = FACE_BOUND('',#1501,.F.);
#1501 = EDGE_LOOP('',(#1502,#1510,#1516,#1517));
#1502 = ORIENTED_EDGE('',*,*,#1503,.F.);
#1503 = EDGE_CURVE('',#1504,#1478,#1506,.T.);
#1504 = VERTEX_POINT('',#1505);
#1505 = CARTESIAN_POINT('',(22.307969798658,12.943540268456,19.5));
#1506 = B_SPLINE_CURVE_WITH_KNOTS('',2,(#1507,#1508,#1509),
  .UNSPECIFIED.,.F.,.F.,(3,3),(0.,1.),.PIECEWISE_BEZIER_KNOTS.);
#1507 = CARTESIAN_POINT('',(22.307969798658,12.943540268456,19.5));
#1508 = CARTESIAN_POINT('',(22.827181208054,12.568540268456,19.5));
#1509 = CARTESIAN_POINT('',(22.827181208054,11.75788590604,19.5));
#1510 = ORIENTED_EDGE('',*,*,#1511,.T.);
#1511 = EDGE_CURVE('',#1504,#344,#1512,.T.);
#1512 = LINE('',#1513,#1514);
#1513 = CARTESIAN_POINT('',(22.307969798658,12.943540268456,19.5));
#1514 = VECTOR('',#1515,1.);
#1515 = DIRECTION('',(0.,0.,1.));
#1516 = ORIENTED_EDGE('',*,*,#365,.F.);
#1517 = ORIENTED_EDGE('',*,*,#1485,.F.);
#1518 = SURFACE_OF_LINEAR_EXTRUSION('',#1519,#1523);
#1519 = B_SPLINE_CURVE_WITH_KNOTS('',2,(#1520,#1521,#1522),
  .UNSPECIFIED.,.F.,.F.,(3,3),(0.,1.),.PIECEWISE_BEZIER_KNOTS.);
#1520 = CARTESIAN_POINT('',(22.307969798658,12.943540268456,19.5));
#1521 = CARTESIAN_POINT('',(22.827181208054,12.568540268456,19.5));
#1522 = CARTESIAN_POINT('',(22.827181208054,11.75788590604,19.5));
#1523 = VECTOR('',#1524,1.);
#1524 = DIRECTION('',(-0.,-0.,-1.));
#1525 = ADVANCED_FACE('',(#1526),#1544,.F.);
#1526 = FACE_BOUND('',#1527,.F.);
#1527 = EDGE_LOOP('',(#1528,#1536,#1542,#1543));
#1528 = ORIENTED_EDGE('',*,*,#1529,.F.);
#1529 = EDGE_CURVE('',#1530,#1504,#1532,.T.);
#1530 = VERTEX_POINT('',#1531);
#1531 = CARTESIAN_POINT('',(20.67533557047,13.318791946309,19.5));
#1532 = B_SPLINE_CURVE_WITH_KNOTS('',2,(#1533,#1534,#1535),
  .UNSPECIFIED.,.F.,.F.,(3,3),(0.,1.),.PIECEWISE_BEZIER_KNOTS.);
#1533 = CARTESIAN_POINT('',(20.67533557047,13.318791946309,19.5));
#1534 = CARTESIAN_POINT('',(21.789010067114,13.318791946309,19.5));
#1535 = CARTESIAN_POINT('',(22.307969798658,12.943540268456,19.5));
#1536 = ORIENTED_EDGE('',*,*,#1537,.T.);
#1537 = EDGE_CURVE('',#1530,#336,#1538,.T.);
#1538 = LINE('',#1539,#1540);
#1539 = CARTESIAN_POINT('',(20.67533557047,13.318791946309,19.5));
#1540 = VECTOR('',#1541,1.);
#1541 = DIRECTION('',(0.,0.,1.));
#1542 = ORIENTED_EDGE('',*,*,#343,.F.);
#1543 = ORIENTED_EDGE('',*,*,#1511,.F.);
#1544 = SURFACE_OF_LINEAR_EXTRUSION('',#1545,#1549);
#1545 = B_SPLINE_CURVE_WITH_KNOTS('',2,(#1546,#1547,#1548),
  .UNSPECIFIED.,.F.,.F.,(3,3),(0.,1.),.PIECEWISE_BEZIER_KNOTS.);
#1546 = CARTESIAN_POINT('',(20.67533557047,13.318791946309,19.5));
#1547 = CARTESIAN_POINT('',(21.789010067114,13.318791946309,19.5));
#1548 = CARTESIAN_POINT('',(22.307969798658,12.943540268456,19.5));
#1549 = VECTOR('',#1550,1.);
#1550 = DIRECTION('',(-0.,-0.,-1.));
#1551 = ADVANCED_FACE('',(#1552),#1570,.F.);
#1552 = FACE_BOUND('',#1553,.F.);
#1553 = EDGE_LOOP('',(#1554,#1562,#1568,#1569));
#1554 = ORIENTED_EDGE('',*,*,#1555,.F.);
#1555 = EDGE_CURVE('',#1556,#1530,#1558,.T.);
#1556 = VERTEX_POINT('',#1557);
#1557 = CARTESIAN_POINT('',(18.455536912752,13.318791946309,19.5));
#1558 = LINE('',#1559,#1560);
#1559 = CARTESIAN_POINT('',(18.455536912752,13.318791946309,19.5));
#1560 = VECTOR('',#1561,1.);
#1561 = DIRECTION('',(1.,0.,0.));
#1562 = ORIENTED_EDGE('',*,*,#1563,.T.);
#1563 = EDGE_CURVE('',#1556,#328,#1564,.T.);
#1564 = LINE('',#1565,#1566);
#1565 = CARTESIAN_POINT('',(18.455536912752,13.318791946309,19.5));
#1566 = VECTOR('',#1567,1.);
#1567 = DIRECTION('',(0.,0.,1.));
#1568 = ORIENTED_EDGE('',*,*,#335,.F.);
#1569 = ORIENTED_EDGE('',*,*,#1537,.F.);
#1570 = PLANE('',#1571);
#1571 = AXIS2_PLACEMENT_3D('',#1572,#1573,#1574);
#1572 = CARTESIAN_POINT('',(18.455536912752,13.318791946309,19.5));
#1573 = DIRECTION('',(0.,1.,0.));
#1574 = DIRECTION('',(1.,0.,0.));
#1575 = ADVANCED_FACE('',(#1576),#1594,.F.);
#1576 = FACE_BOUND('',#1577,.F.);
#1577 = EDGE_LOOP('',(#1578,#1586,#1592,#1593));
#1578 = ORIENTED_EDGE('',*,*,#1579,.F.);
#1579 = EDGE_CURVE('',#1580,#1556,#1582,.T.);
#1580 = VERTEX_POINT('',#1581);
#1581 = CARTESIAN_POINT('',(18.455536912752,7.681208053691,19.5));
#1582 = LINE('',#1583,#1584);
#1583 = CARTESIAN_POINT('',(18.455536912752,7.681208053691,19.5));
#1584 = VECTOR('',#1585,1.);
#1585 = DIRECTION('',(0.,1.,0.));
#1586 = ORIENTED_EDGE('',*,*,#1587,.T.);
#1587 = EDGE_CURVE('',#1580,#320,#1588,.T.);
#1588 = LINE('',#1589,#1590);
#1589 = CARTESIAN_POINT('',(18.455536912752,7.681208053691,19.5));
#1590 = VECTOR('',#1591,1.);
#1591 = DIRECTION('',(0.,0.,1.));
#1592 = ORIENTED_EDGE('',*,*,#327,.F.);
#1593 = ORIENTED_EDGE('',*,*,#1563,.F.);
#1594 = PLANE('',#1595);
#1595 = AXIS2_PLACEMENT_3D('',#1596,#1597,#1598);
#1596 = CARTESIAN_POINT('',(18.455536912752,7.681208053691,19.5));
#1597 = DIRECTION('',(-1.,0.,0.));
#1598 = DIRECTION('',(0.,1.,0.));
#1599 = ADVANCED_FACE('',(#1600),#1611,.F.);
#1600 = FACE_BOUND('',#1601,.F.);
#1601 = EDGE_LOOP('',(#1602,#1608,#1609,#1610));
#1602 = ORIENTED_EDGE('',*,*,#1603,.F.);
#1603 = EDGE_CURVE('',#1223,#1580,#1604,.T.);
#1604 = LINE('',#1605,#1606);
#1605 = CARTESIAN_POINT('',(19.908976510067,7.681208053691,19.5));
#1606 = VECTOR('',#1607,1.);
#1607 = DIRECTION('',(-1.,0.,0.));
#1608 = ORIENTED_EDGE('',*,*,#1237,.T.);
#1609 = ORIENTED_EDGE('',*,*,#319,.F.);
#1610 = ORIENTED_EDGE('',*,*,#1587,.F.);
#1611 = PLANE('',#1612);
#1612 = AXIS2_PLACEMENT_3D('',#1613,#1614,#1615);
#1613 = CARTESIAN_POINT('',(19.908976510067,7.681208053691,19.5));
#1614 = DIRECTION('',(0.,-1.,0.));
#1615 = DIRECTION('',(-1.,0.,0.));
#1616 = ADVANCED_FACE('',(#1617),#1636,.F.);
#1617 = FACE_BOUND('',#1618,.F.);
#1618 = EDGE_LOOP('',(#1619,#1620,#1628,#1635));
#1619 = ORIENTED_EDGE('',*,*,#505,.F.);
#1620 = ORIENTED_EDGE('',*,*,#1621,.F.);
#1621 = EDGE_CURVE('',#1622,#506,#1624,.T.);
#1622 = VERTEX_POINT('',#1623);
#1623 = CARTESIAN_POINT('',(40.65,8.5,18.3));
#1624 = LINE('',#1625,#1626);
#1625 = CARTESIAN_POINT('',(40.65,8.5,18.3));
#1626 = VECTOR('',#1627,1.);
#1627 = DIRECTION('',(0.,0.,1.));
#1628 = ORIENTED_EDGE('',*,*,#1629,.T.);
#1629 = EDGE_CURVE('',#1622,#1622,#1630,.T.);
#1630 = CIRCLE('',#1631,2.25);
#1631 = AXIS2_PLACEMENT_3D('',#1632,#1633,#1634);
#1632 = CARTESIAN_POINT('',(38.4,8.5,18.3));
#1633 = DIRECTION('',(0.,0.,1.));
#1634 = DIRECTION('',(1.,0.,-0.));
#1635 = ORIENTED_EDGE('',*,*,#1621,.T.);
#1636 = CYLINDRICAL_SURFACE('',#1637,2.25);
#1637 = AXIS2_PLACEMENT_3D('',#1638,#1639,#1640);
#1638 = CARTESIAN_POINT('',(38.4,8.5,18.3));
#1639 = DIRECTION('',(0.,0.,1.));
#1640 = DIRECTION('',(1.,0.,-0.));
#1641 = ADVANCED_FACE('',(#1642),#1661,.F.);
#1642 = FACE_BOUND('',#1643,.F.);
#1643 = EDGE_LOOP('',(#1644,#1645,#1653,#1660));
#1644 = ORIENTED_EDGE('',*,*,#516,.F.);
#1645 = ORIENTED_EDGE('',*,*,#1646,.F.);
#1646 = EDGE_CURVE('',#1647,#517,#1649,.T.);
#1647 = VERTEX_POINT('',#1648);
#1648 = CARTESIAN_POINT('',(26.15,22.,18.2));
#1649 = LINE('',#1650,#1651);
#1650 = CARTESIAN_POINT('',(26.15,22.,17.9));
#1651 = VECTOR('',#1652,1.);
#1652 = DIRECTION('',(0.,0.,1.));
#1653 = ORIENTED_EDGE('',*,*,#1654,.T.);
#1654 = EDGE_CURVE('',#1647,#1647,#1655,.T.);
#1655 = CIRCLE('',#1656,5.15);
#1656 = AXIS2_PLACEMENT_3D('',#1657,#1658,#1659);
#1657 = CARTESIAN_POINT('',(21.,22.,18.2));
#1658 = DIRECTION('',(0.,0.,1.));
#1659 = DIRECTION('',(1.,0.,-0.));
#1660 = ORIENTED_EDGE('',*,*,#1646,.T.);
#1661 = CYLINDRICAL_SURFACE('',#1662,5.15);
#1662 = AXIS2_PLACEMENT_3D('',#1663,#1664,#1665);
#1663 = CARTESIAN_POINT('',(21.,22.,17.9));
#1664 = DIRECTION('',(0.,0.,1.));
#1665 = DIRECTION('',(1.,0.,-0.));
#1666 = ADVANCED_FACE('',(#1667),#1686,.F.);
#1667 = FACE_BOUND('',#1668,.F.);
#1668 = EDGE_LOOP('',(#1669,#1670,#1678,#1685));
#1669 = ORIENTED_EDGE('',*,*,#527,.F.);
#1670 = ORIENTED_EDGE('',*,*,#1671,.F.);
#1671 = EDGE_CURVE('',#1672,#528,#1674,.T.);
#1672 = VERTEX_POINT('',#1673);
#1673 = CARTESIAN_POINT('',(5.85,51.5,18.3));
#1674 = LINE('',#1675,#1676);
#1675 = CARTESIAN_POINT('',(5.85,51.5,18.3));
#1676 = VECTOR('',#1677,1.);
#1677 = DIRECTION('',(0.,0.,1.));
#1678 = ORIENTED_EDGE('',*,*,#1679,.T.);
#1679 = EDGE_CURVE('',#1672,#1672,#1680,.T.);
#1680 = CIRCLE('',#1681,2.25);
#1681 = AXIS2_PLACEMENT_3D('',#1682,#1683,#1684);
#1682 = CARTESIAN_POINT('',(3.6,51.5,18.3));
#1683 = DIRECTION('',(0.,0.,1.));
#1684 = DIRECTION('',(1.,0.,-0.));
#1685 = ORIENTED_EDGE('',*,*,#1671,.T.);
#1686 = CYLINDRICAL_SURFACE('',#1687,2.25);
#1687 = AXIS2_PLACEMENT_3D('',#1688,#1689,#1690);
#1688 = CARTESIAN_POINT('',(3.6,51.5,18.3));
#1689 = DIRECTION('',(0.,0.,1.));
#1690 = DIRECTION('',(1.,0.,-0.));
#1691 = ADVANCED_FACE('',(#1692),#1717,.F.);
#1692 = FACE_BOUND('',#1693,.F.);
#1693 = EDGE_LOOP('',(#1694,#1704,#1710,#1711));
#1694 = ORIENTED_EDGE('',*,*,#1695,.F.);
#1695 = EDGE_CURVE('',#1696,#1698,#1700,.T.);
#1696 = VERTEX_POINT('',#1697);
#1697 = CARTESIAN_POINT('',(13.986405201342,55.173154362416,19.6));
#1698 = VERTEX_POINT('',#1699);
#1699 = CARTESIAN_POINT('',(15.122730704698,55.173154362416,19.6));
#1700 = LINE('',#1701,#1702);
#1701 = CARTESIAN_POINT('',(13.986405201342,55.173154362416,19.6));
#1702 = VECTOR('',#1703,1.);
#1703 = DIRECTION('',(1.,0.,0.));
#1704 = ORIENTED_EDGE('',*,*,#1705,.T.);
#1705 = EDGE_CURVE('',#1696,#541,#1706,.T.);
#1706 = LINE('',#1707,#1708);
#1707 = CARTESIAN_POINT('',(13.986405201342,55.173154362416,19.6));
#1708 = VECTOR('',#1709,1.);
#1709 = DIRECTION('',(0.,0.,1.));
#1710 = ORIENTED_EDGE('',*,*,#538,.F.);
#1711 = ORIENTED_EDGE('',*,*,#1712,.F.);
#1712 = EDGE_CURVE('',#1698,#539,#1713,.T.);
#1713 = LINE('',#1714,#1715);
#1714 = CARTESIAN_POINT('',(15.122730704698,55.173154362416,19.6));
#1715 = VECTOR('',#1716,1.);
#1716 = DIRECTION('',(0.,0.,1.));
#1717 = PLANE('',#1718);
#1718 = AXIS2_PLACEMENT_3D('',#1719,#1720,#1721);
#1719 = CARTESIAN_POINT('',(13.986405201342,55.173154362416,19.6));
#1720 = DIRECTION('',(0.,1.,0.));
#1721 = DIRECTION('',(1.,0.,0.));
#1722 = ADVANCED_FACE('',(#1723),#1741,.F.);
#1723 = FACE_BOUND('',#1724,.F.);
#1724 = EDGE_LOOP('',(#1725,#1733,#1734,#1735));
#1725 = ORIENTED_EDGE('',*,*,#1726,.F.);
#1726 = EDGE_CURVE('',#1698,#1727,#1729,.T.);
#1727 = VERTEX_POINT('',#1728);
#1728 = CARTESIAN_POINT('',(16.557671979866,52.46658557047,19.6));
#1729 = LINE('',#1730,#1731);
#1730 = CARTESIAN_POINT('',(15.122730704698,55.173154362416,19.6));
#1731 = VECTOR('',#1732,1.);
#1732 = DIRECTION('',(0.46841081492,-0.88351078571,-0.));
#1733 = ORIENTED_EDGE('',*,*,#1712,.T.);
#1734 = ORIENTED_EDGE('',*,*,#548,.F.);
#1735 = ORIENTED_EDGE('',*,*,#1736,.F.);
#1736 = EDGE_CURVE('',#1727,#549,#1737,.T.);
#1737 = LINE('',#1738,#1739);
#1738 = CARTESIAN_POINT('',(16.557671979866,52.46658557047,19.6));
#1739 = VECTOR('',#1740,1.);
#1740 = DIRECTION('',(0.,0.,1.));
#1741 = PLANE('',#1742);
#1742 = AXIS2_PLACEMENT_3D('',#1743,#1744,#1745);
#1743 = CARTESIAN_POINT('',(15.122730704698,55.173154362416,19.6));
#1744 = DIRECTION('',(0.88351078571,0.46841081492,-0.));
#1745 = DIRECTION('',(0.46841081492,-0.88351078571,0.));
#1746 = ADVANCED_FACE('',(#1747),#1765,.F.);
#1747 = FACE_BOUND('',#1748,.F.);
#1748 = EDGE_LOOP('',(#1749,#1757,#1763,#1764));
#1749 = ORIENTED_EDGE('',*,*,#1750,.F.);
#1750 = EDGE_CURVE('',#1751,#1696,#1753,.T.);
#1751 = VERTEX_POINT('',#1752);
#1752 = CARTESIAN_POINT('',(13.986405201342,51.226845637584,19.6));
#1753 = LINE('',#1754,#1755);
#1754 = CARTESIAN_POINT('',(13.986405201342,51.226845637584,19.6));
#1755 = VECTOR('',#1756,1.);
#1756 = DIRECTION('',(0.,1.,0.));
#1757 = ORIENTED_EDGE('',*,*,#1758,.T.);
#1758 = EDGE_CURVE('',#1751,#605,#1759,.T.);
#1759 = LINE('',#1760,#1761);
#1760 = CARTESIAN_POINT('',(13.986405201342,51.226845637584,19.6));
#1761 = VECTOR('',#1762,1.);
#1762 = DIRECTION('',(0.,0.,1.));
#1763 = ORIENTED_EDGE('',*,*,#612,.F.);
#1764 = ORIENTED_EDGE('',*,*,#1705,.F.);
#1765 = PLANE('',#1766);
#1766 = AXIS2_PLACEMENT_3D('',#1767,#1768,#1769);
#1767 = CARTESIAN_POINT('',(13.986405201342,51.226845637584,19.6));
#1768 = DIRECTION('',(-1.,0.,0.));
#1769 = DIRECTION('',(0.,1.,0.));
#1770 = ADVANCED_FACE('',(#1771),#1789,.F.);
#1771 = FACE_BOUND('',#1772,.F.);
#1772 = EDGE_LOOP('',(#1773,#1781,#1782,#1783));
#1773 = ORIENTED_EDGE('',*,*,#1774,.F.);
#1774 = EDGE_CURVE('',#1727,#1775,#1777,.T.);
#1775 = VERTEX_POINT('',#1776);
#1776 = CARTESIAN_POINT('',(16.557671979866,55.173154362416,19.6));
#1777 = LINE('',#1778,#1779);
#1778 = CARTESIAN_POINT('',(16.557671979866,52.46658557047,19.6));
#1779 = VECTOR('',#1780,1.);
#1780 = DIRECTION('',(0.,1.,0.));
#1781 = ORIENTED_EDGE('',*,*,#1736,.T.);
#1782 = ORIENTED_EDGE('',*,*,#556,.F.);
#1783 = ORIENTED_EDGE('',*,*,#1784,.F.);
#1784 = EDGE_CURVE('',#1775,#557,#1785,.T.);
#1785 = LINE('',#1786,#1787);
#1786 = CARTESIAN_POINT('',(16.557671979866,55.173154362416,19.6));
#1787 = VECTOR('',#1788,1.);
#1788 = DIRECTION('',(0.,0.,1.));
#1789 = PLANE('',#1790);
#1790 = AXIS2_PLACEMENT_3D('',#1791,#1792,#1793);
#1791 = CARTESIAN_POINT('',(16.557671979866,52.46658557047,19.6));
#1792 = DIRECTION('',(-1.,0.,0.));
#1793 = DIRECTION('',(0.,1.,0.));
#1794 = ADVANCED_FACE('',(#1795),#1813,.F.);
#1795 = FACE_BOUND('',#1796,.F.);
#1796 = EDGE_LOOP('',(#1797,#1805,#1811,#1812));
#1797 = ORIENTED_EDGE('',*,*,#1798,.F.);
#1798 = EDGE_CURVE('',#1799,#1751,#1801,.T.);
#1799 = VERTEX_POINT('',#1800);
#1800 = CARTESIAN_POINT('',(14.95096057047,51.226845637584,19.6));
#1801 = LINE('',#1802,#1803);
#1802 = CARTESIAN_POINT('',(14.95096057047,51.226845637584,19.6));
#1803 = VECTOR('',#1804,1.);
#1804 = DIRECTION('',(-1.,0.,0.));
#1805 = ORIENTED_EDGE('',*,*,#1806,.T.);
#1806 = EDGE_CURVE('',#1799,#597,#1807,.T.);
#1807 = LINE('',#1808,#1809);
#1808 = CARTESIAN_POINT('',(14.95096057047,51.226845637584,19.6));
#1809 = VECTOR('',#1810,1.);
#1810 = DIRECTION('',(0.,0.,1.));
#1811 = ORIENTED_EDGE('',*,*,#604,.F.);
#1812 = ORIENTED_EDGE('',*,*,#1758,.F.);
#1813 = PLANE('',#1814);
#1814 = AXIS2_PLACEMENT_3D('',#1815,#1816,#1817);
#1815 = CARTESIAN_POINT('',(14.95096057047,51.226845637584,19.6));
#1816 = DIRECTION('',(0.,-1.,0.));
#1817 = DIRECTION('',(-1.,0.,0.));
#1818 = ADVANCED_FACE('',(#1819),#1837,.F.);
#1819 = FACE_BOUND('',#1820,.F.);
#1820 = EDGE_LOOP('',(#1821,#1829,#1830,#1831));
#1821 = ORIENTED_EDGE('',*,*,#1822,.F.);
#1822 = EDGE_CURVE('',#1775,#1823,#1825,.T.);
#1823 = VERTEX_POINT('',#1824);
#1824 = CARTESIAN_POINT('',(17.522227348993,55.173154362416,19.6));
#1825 = LINE('',#1826,#1827);
#1826 = CARTESIAN_POINT('',(16.557671979866,55.173154362416,19.6));
#1827 = VECTOR('',#1828,1.);
#1828 = DIRECTION('',(1.,0.,0.));
#1829 = ORIENTED_EDGE('',*,*,#1784,.T.);
#1830 = ORIENTED_EDGE('',*,*,#564,.F.);
#1831 = ORIENTED_EDGE('',*,*,#1832,.F.);
#1832 = EDGE_CURVE('',#1823,#565,#1833,.T.);
#1833 = LINE('',#1834,#1835);
#1834 = CARTESIAN_POINT('',(17.522227348993,55.173154362416,19.6));
#1835 = VECTOR('',#1836,1.);
#1836 = DIRECTION('',(0.,0.,1.));
#1837 = PLANE('',#1838);
#1838 = AXIS2_PLACEMENT_3D('',#1839,#1840,#1841);
#1839 = CARTESIAN_POINT('',(16.557671979866,55.173154362416,19.6));
#1840 = DIRECTION('',(0.,1.,0.));
#1841 = DIRECTION('',(1.,0.,0.));
#1842 = ADVANCED_FACE('',(#1843),#1861,.F.);
#1843 = FACE_BOUND('',#1844,.F.);
#1844 = EDGE_LOOP('',(#1845,#1853,#1859,#1860));
#1845 = ORIENTED_EDGE('',*,*,#1846,.F.);
#1846 = EDGE_CURVE('',#1847,#1799,#1849,.T.);
#1847 = VERTEX_POINT('',#1848);
#1848 = CARTESIAN_POINT('',(14.95096057047,53.93341442953,19.6));
#1849 = LINE('',#1850,#1851);
#1850 = CARTESIAN_POINT('',(14.95096057047,53.93341442953,19.6));
#1851 = VECTOR('',#1852,1.);
#1852 = DIRECTION('',(0.,-1.,-0.));
#1853 = ORIENTED_EDGE('',*,*,#1854,.T.);
#1854 = EDGE_CURVE('',#1847,#589,#1855,.T.);
#1855 = LINE('',#1856,#1857);
#1856 = CARTESIAN_POINT('',(14.95096057047,53.93341442953,19.6));
#1857 = VECTOR('',#1858,1.);
#1858 = DIRECTION('',(0.,0.,1.));
#1859 = ORIENTED_EDGE('',*,*,#596,.F.);
#1860 = ORIENTED_EDGE('',*,*,#1806,.F.);
#1861 = PLANE('',#1862);
#1862 = AXIS2_PLACEMENT_3D('',#1863,#1864,#1865);
#1863 = CARTESIAN_POINT('',(14.95096057047,53.93341442953,19.6));
#1864 = DIRECTION('',(1.,0.,-0.));
#1865 = DIRECTION('',(0.,-1.,0.));
#1866 = ADVANCED_FACE('',(#1867),#1885,.F.);
#1867 = FACE_BOUND('',#1868,.F.);
#1868 = EDGE_LOOP('',(#1869,#1877,#1878,#1879));
#1869 = ORIENTED_EDGE('',*,*,#1870,.F.);
#1870 = EDGE_CURVE('',#1823,#1871,#1873,.T.);
#1871 = VERTEX_POINT('',#1872);
#1872 = CARTESIAN_POINT('',(17.522227348993,51.226845637584,19.6));
#1873 = LINE('',#1874,#1875);
#1874 = CARTESIAN_POINT('',(17.522227348993,55.173154362416,19.6));
#1875 = VECTOR('',#1876,1.);
#1876 = DIRECTION('',(0.,-1.,-0.));
#1877 = ORIENTED_EDGE('',*,*,#1832,.T.);
#1878 = ORIENTED_EDGE('',*,*,#572,.F.);
#1879 = ORIENTED_EDGE('',*,*,#1880,.F.);
#1880 = EDGE_CURVE('',#1871,#573,#1881,.T.);
#1881 = LINE('',#1882,#1883);
#1882 = CARTESIAN_POINT('',(17.522227348993,51.226845637584,19.6));
#1883 = VECTOR('',#1884,1.);
#1884 = DIRECTION('',(0.,0.,1.));
#1885 = PLANE('',#1886);
#1886 = AXIS2_PLACEMENT_3D('',#1887,#1888,#1889);
#1887 = CARTESIAN_POINT('',(17.522227348993,55.173154362416,19.6));
#1888 = DIRECTION('',(1.,0.,-0.));
#1889 = DIRECTION('',(0.,-1.,0.));
#1890 = ADVANCED_FACE('',(#1891),#1909,.F.);
#1891 = FACE_BOUND('',#1892,.F.);
#1892 = EDGE_LOOP('',(#1893,#1901,#1907,#1908));
#1893 = ORIENTED_EDGE('',*,*,#1894,.F.);
#1894 = EDGE_CURVE('',#1895,#1847,#1897,.T.);
#1895 = VERTEX_POINT('',#1896);
#1896 = CARTESIAN_POINT('',(16.385901845638,51.226845637584,19.6));
#1897 = LINE('',#1898,#1899);
#1898 = CARTESIAN_POINT('',(16.385901845638,51.226845637584,19.6));
#1899 = VECTOR('',#1900,1.);
#1900 = DIRECTION('',(-0.46841081492,0.88351078571,0.));
#1901 = ORIENTED_EDGE('',*,*,#1902,.T.);
#1902 = EDGE_CURVE('',#1895,#581,#1903,.T.);
#1903 = LINE('',#1904,#1905);
#1904 = CARTESIAN_POINT('',(16.385901845638,51.226845637584,19.6));
#1905 = VECTOR('',#1906,1.);
#1906 = DIRECTION('',(0.,0.,1.));
#1907 = ORIENTED_EDGE('',*,*,#588,.F.);
#1908 = ORIENTED_EDGE('',*,*,#1854,.F.);
#1909 = PLANE('',#1910);
#1910 = AXIS2_PLACEMENT_3D('',#1911,#1912,#1913);
#1911 = CARTESIAN_POINT('',(16.385901845638,51.226845637584,19.6));
#1912 = DIRECTION('',(-0.88351078571,-0.46841081492,0.));
#1913 = DIRECTION('',(-0.46841081492,0.88351078571,0.));
#1914 = ADVANCED_FACE('',(#1915),#1926,.F.);
#1915 = FACE_BOUND('',#1916,.F.);
#1916 = EDGE_LOOP('',(#1917,#1923,#1924,#1925));
#1917 = ORIENTED_EDGE('',*,*,#1918,.F.);
#1918 = EDGE_CURVE('',#1871,#1895,#1919,.T.);
#1919 = LINE('',#1920,#1921);
#1920 = CARTESIAN_POINT('',(17.522227348993,51.226845637584,19.6));
#1921 = VECTOR('',#1922,1.);
#1922 = DIRECTION('',(-1.,0.,0.));
#1923 = ORIENTED_EDGE('',*,*,#1880,.T.);
#1924 = ORIENTED_EDGE('',*,*,#580,.F.);
#1925 = ORIENTED_EDGE('',*,*,#1902,.F.);
#1926 = PLANE('',#1927);
#1927 = AXIS2_PLACEMENT_3D('',#1928,#1929,#1930);
#1928 = CARTESIAN_POINT('',(17.522227348993,51.226845637584,19.6));
#1929 = DIRECTION('',(0.,-1.,0.));
#1930 = DIRECTION('',(-1.,0.,0.));
#1931 = ADVANCED_FACE('',(#1932),#1957,.F.);
#1932 = FACE_BOUND('',#1933,.F.);
#1933 = EDGE_LOOP('',(#1934,#1944,#1950,#1951));
#1934 = ORIENTED_EDGE('',*,*,#1935,.F.);
#1935 = EDGE_CURVE('',#1936,#1938,#1940,.T.);
#1936 = VERTEX_POINT('',#1937);
#1937 = CARTESIAN_POINT('',(18.519022651007,55.173154362416,19.6));
#1938 = VERTEX_POINT('',#1939);
#1939 = CARTESIAN_POINT('',(19.536430369128,55.173154362416,19.6));
#1940 = LINE('',#1941,#1942);
#1941 = CARTESIAN_POINT('',(18.519022651007,55.173154362416,19.6));
#1942 = VECTOR('',#1943,1.);
#1943 = DIRECTION('',(1.,0.,0.));
#1944 = ORIENTED_EDGE('',*,*,#1945,.T.);
#1945 = EDGE_CURVE('',#1936,#623,#1946,.T.);
#1946 = LINE('',#1947,#1948);
#1947 = CARTESIAN_POINT('',(18.519022651007,55.173154362416,19.6));
#1948 = VECTOR('',#1949,1.);
#1949 = DIRECTION('',(0.,0.,1.));
#1950 = ORIENTED_EDGE('',*,*,#620,.F.);
#1951 = ORIENTED_EDGE('',*,*,#1952,.F.);
#1952 = EDGE_CURVE('',#1938,#621,#1953,.T.);
#1953 = LINE('',#1954,#1955);
#1954 = CARTESIAN_POINT('',(19.536430369128,55.173154362416,19.6));
#1955 = VECTOR('',#1956,1.);
#1956 = DIRECTION('',(0.,0.,1.));
#1957 = PLANE('',#1958);
#1958 = AXIS2_PLACEMENT_3D('',#1959,#1960,#1961);
#1959 = CARTESIAN_POINT('',(18.519022651007,55.173154362416,19.6));
#1960 = DIRECTION('',(0.,1.,0.));
#1961 = DIRECTION('',(1.,0.,0.));
#1962 = ADVANCED_FACE('',(#1963),#1981,.F.);
#1963 = FACE_BOUND('',#1964,.F.);
#1964 = EDGE_LOOP('',(#1965,#1973,#1974,#1975));
#1965 = ORIENTED_EDGE('',*,*,#1966,.F.);
#1966 = EDGE_CURVE('',#1938,#1967,#1969,.T.);
#1967 = VERTEX_POINT('',#1968);
#1968 = CARTESIAN_POINT('',(19.536430369128,51.226845637584,19.6));
#1969 = LINE('',#1970,#1971);
#1970 = CARTESIAN_POINT('',(19.536430369128,55.173154362416,19.6));
#1971 = VECTOR('',#1972,1.);
#1972 = DIRECTION('',(0.,-1.,0.));
#1973 = ORIENTED_EDGE('',*,*,#1952,.T.);
#1974 = ORIENTED_EDGE('',*,*,#630,.F.);
#1975 = ORIENTED_EDGE('',*,*,#1976,.F.);
#1976 = EDGE_CURVE('',#1967,#631,#1977,.T.);
#1977 = LINE('',#1978,#1979);
#1978 = CARTESIAN_POINT('',(19.536430369128,51.226845637584,19.6));
#1979 = VECTOR('',#1980,1.);
#1980 = DIRECTION('',(0.,0.,1.));
#1981 = PLANE('',#1982);
#1982 = AXIS2_PLACEMENT_3D('',#1983,#1984,#1985);
#1983 = CARTESIAN_POINT('',(19.536430369128,55.173154362416,19.6));
#1984 = DIRECTION('',(1.,0.,-0.));
#1985 = DIRECTION('',(0.,-1.,0.));
#1986 = ADVANCED_FACE('',(#1987),#2005,.F.);
#1987 = FACE_BOUND('',#1988,.F.);
#1988 = EDGE_LOOP('',(#1989,#1997,#2003,#2004));
#1989 = ORIENTED_EDGE('',*,*,#1990,.F.);
#1990 = EDGE_CURVE('',#1991,#1936,#1993,.T.);
#1991 = VERTEX_POINT('',#1992);
#1992 = CARTESIAN_POINT('',(18.519022651007,51.226845637584,19.6));
#1993 = LINE('',#1994,#1995);
#1994 = CARTESIAN_POINT('',(18.519022651007,51.226845637584,19.6));
#1995 = VECTOR('',#1996,1.);
#1996 = DIRECTION('',(0.,1.,0.));
#1997 = ORIENTED_EDGE('',*,*,#1998,.T.);
#1998 = EDGE_CURVE('',#1991,#639,#1999,.T.);
#1999 = LINE('',#2000,#2001);
#2000 = CARTESIAN_POINT('',(18.519022651007,51.226845637584,19.6));
#2001 = VECTOR('',#2002,1.);
#2002 = DIRECTION('',(0.,0.,1.));
#2003 = ORIENTED_EDGE('',*,*,#646,.F.);
#2004 = ORIENTED_EDGE('',*,*,#1945,.F.);
#2005 = PLANE('',#2006);
#2006 = AXIS2_PLACEMENT_3D('',#2007,#2008,#2009);
#2007 = CARTESIAN_POINT('',(18.519022651007,51.226845637584,19.6));
#2008 = DIRECTION('',(-1.,0.,0.));
#2009 = DIRECTION('',(0.,1.,0.));
#2010 = ADVANCED_FACE('',(#2011),#2022,.F.);
#2011 = FACE_BOUND('',#2012,.F.);
#2012 = EDGE_LOOP('',(#2013,#2019,#2020,#2021));
#2013 = ORIENTED_EDGE('',*,*,#2014,.F.);
#2014 = EDGE_CURVE('',#1967,#1991,#2015,.T.);
#2015 = LINE('',#2016,#2017);
#2016 = CARTESIAN_POINT('',(19.536430369128,51.226845637584,19.6));
#2017 = VECTOR('',#2018,1.);
#2018 = DIRECTION('',(-1.,0.,0.));
#2019 = ORIENTED_EDGE('',*,*,#1976,.T.);
#2020 = ORIENTED_EDGE('',*,*,#638,.F.);
#2021 = ORIENTED_EDGE('',*,*,#1998,.F.);
#2022 = PLANE('',#2023);
#2023 = AXIS2_PLACEMENT_3D('',#2024,#2025,#2026);
#2024 = CARTESIAN_POINT('',(19.536430369128,51.226845637584,19.6));
#2025 = DIRECTION('',(0.,-1.,0.));
#2026 = DIRECTION('',(-1.,0.,0.));
#2027 = ADVANCED_FACE('',(#2028),#2054,.F.);
#2028 = FACE_BOUND('',#2029,.T.);
#2029 = EDGE_LOOP('',(#2030,#2041,#2047,#2048));
#2030 = ORIENTED_EDGE('',*,*,#2031,.T.);
#2031 = EDGE_CURVE('',#2032,#2034,#2036,.T.);
#2032 = VERTEX_POINT('',#2033);
#2033 = CARTESIAN_POINT('',(25.,31.499,18.2));
#2034 = VERTEX_POINT('',#2035);
#2035 = CARTESIAN_POINT('',(23.901,30.4,18.2));
#2036 = CIRCLE('',#2037,1.099);
#2037 = AXIS2_PLACEMENT_3D('',#2038,#2039,#2040);
#2038 = CARTESIAN_POINT('',(23.901,31.499,18.2));
#2039 = DIRECTION('',(0.,-0.,-1.));
#2040 = DIRECTION('',(3.232678506643E-15,-1.,0.));
#2041 = ORIENTED_EDGE('',*,*,#2042,.T.);
#2042 = EDGE_CURVE('',#2034,#657,#2043,.T.);
#2043 = LINE('',#2044,#2045);
#2044 = CARTESIAN_POINT('',(23.901,30.4,17.9));
#2045 = VECTOR('',#2046,1.);
#2046 = DIRECTION('',(0.,0.,1.));
#2047 = ORIENTED_EDGE('',*,*,#654,.F.);
#2048 = ORIENTED_EDGE('',*,*,#2049,.F.);
#2049 = EDGE_CURVE('',#2032,#655,#2050,.T.);
#2050 = LINE('',#2051,#2052);
#2051 = CARTESIAN_POINT('',(25.,31.499,17.9));
#2052 = VECTOR('',#2053,1.);
#2053 = DIRECTION('',(0.,0.,1.));
#2054 = CYLINDRICAL_SURFACE('',#2055,1.099);
#2055 = AXIS2_PLACEMENT_3D('',#2056,#2057,#2058);
#2056 = CARTESIAN_POINT('',(23.901,31.499,17.9));
#2057 = DIRECTION('',(-0.,-0.,-1.));
#2058 = DIRECTION('',(3.232678506643E-15,-1.,0.));
#2059 = ADVANCED_FACE('',(#2060),#2078,.T.);
#2060 = FACE_BOUND('',#2061,.T.);
#2061 = EDGE_LOOP('',(#2062,#2070,#2071,#2072));
#2062 = ORIENTED_EDGE('',*,*,#2063,.T.);
#2063 = EDGE_CURVE('',#2064,#2032,#2066,.T.);
#2064 = VERTEX_POINT('',#2065);
#2065 = CARTESIAN_POINT('',(25.,31.501,18.2));
#2066 = LINE('',#2067,#2068);
#2067 = CARTESIAN_POINT('',(25.,30.7495,18.2));
#2068 = VECTOR('',#2069,1.);
#2069 = DIRECTION('',(0.,-1.,0.));
#2070 = ORIENTED_EDGE('',*,*,#2049,.T.);
#2071 = ORIENTED_EDGE('',*,*,#716,.F.);
#2072 = ORIENTED_EDGE('',*,*,#2073,.F.);
#2073 = EDGE_CURVE('',#2064,#708,#2074,.T.);
#2074 = LINE('',#2075,#2076);
#2075 = CARTESIAN_POINT('',(25.,31.501,17.9));
#2076 = VECTOR('',#2077,1.);
#2077 = DIRECTION('',(0.,0.,1.));
#2078 = PLANE('',#2079);
#2079 = AXIS2_PLACEMENT_3D('',#2080,#2081,#2082);
#2080 = CARTESIAN_POINT('',(25.,31.499,17.9));
#2081 = DIRECTION('',(-1.,0.,0.));
#2082 = DIRECTION('',(0.,1.,0.));
#2083 = ADVANCED_FACE('',(#2084),#2102,.T.);
#2084 = FACE_BOUND('',#2085,.T.);
#2085 = EDGE_LOOP('',(#2086,#2094,#2100,#2101));
#2086 = ORIENTED_EDGE('',*,*,#2087,.T.);
#2087 = EDGE_CURVE('',#2034,#2088,#2090,.T.);
#2088 = VERTEX_POINT('',#2089);
#2089 = CARTESIAN_POINT('',(18.099,30.4,18.2));
#2090 = LINE('',#2091,#2092);
#2091 = CARTESIAN_POINT('',(19.5495,30.4,18.2));
#2092 = VECTOR('',#2093,1.);
#2093 = DIRECTION('',(-1.,0.,0.));
#2094 = ORIENTED_EDGE('',*,*,#2095,.T.);
#2095 = EDGE_CURVE('',#2088,#666,#2096,.T.);
#2096 = LINE('',#2097,#2098);
#2097 = CARTESIAN_POINT('',(18.099,30.4,17.9));
#2098 = VECTOR('',#2099,1.);
#2099 = DIRECTION('',(0.,0.,1.));
#2100 = ORIENTED_EDGE('',*,*,#665,.F.);
#2101 = ORIENTED_EDGE('',*,*,#2042,.F.);
#2102 = PLANE('',#2103);
#2103 = AXIS2_PLACEMENT_3D('',#2104,#2105,#2106);
#2104 = CARTESIAN_POINT('',(18.099,30.4,17.9));
#2105 = DIRECTION('',(0.,1.,0.));
#2106 = DIRECTION('',(1.,0.,0.));
#2107 = ADVANCED_FACE('',(#2108),#2127,.F.);
#2108 = FACE_BOUND('',#2109,.T.);
#2109 = EDGE_LOOP('',(#2110,#2119,#2120,#2121));
#2110 = ORIENTED_EDGE('',*,*,#2111,.T.);
#2111 = EDGE_CURVE('',#2112,#2064,#2114,.T.);
#2112 = VERTEX_POINT('',#2113);
#2113 = CARTESIAN_POINT('',(23.901,32.6,18.2));
#2114 = CIRCLE('',#2115,1.099);
#2115 = AXIS2_PLACEMENT_3D('',#2116,#2117,#2118);
#2116 = CARTESIAN_POINT('',(23.901,31.501,18.2));
#2117 = DIRECTION('',(0.,-0.,-1.));
#2118 = DIRECTION('',(1.,3.232678506643E-15,-0.));
#2119 = ORIENTED_EDGE('',*,*,#2073,.T.);
#2120 = ORIENTED_EDGE('',*,*,#707,.F.);
#2121 = ORIENTED_EDGE('',*,*,#2122,.F.);
#2122 = EDGE_CURVE('',#2112,#700,#2123,.T.);
#2123 = LINE('',#2124,#2125);
#2124 = CARTESIAN_POINT('',(23.901,32.6,17.9));
#2125 = VECTOR('',#2126,1.);
#2126 = DIRECTION('',(0.,0.,1.));
#2127 = CYLINDRICAL_SURFACE('',#2128,1.099);
#2128 = AXIS2_PLACEMENT_3D('',#2129,#2130,#2131);
#2129 = CARTESIAN_POINT('',(23.901,31.501,17.9));
#2130 = DIRECTION('',(-0.,-0.,-1.));
#2131 = DIRECTION('',(1.,3.232678506643E-15,-0.));
#2132 = ADVANCED_FACE('',(#2133),#2152,.F.);
#2133 = FACE_BOUND('',#2134,.T.);
#2134 = EDGE_LOOP('',(#2135,#2144,#2150,#2151));
#2135 = ORIENTED_EDGE('',*,*,#2136,.T.);
#2136 = EDGE_CURVE('',#2088,#2137,#2139,.T.);
#2137 = VERTEX_POINT('',#2138);
#2138 = CARTESIAN_POINT('',(17.,31.499,18.2));
#2139 = CIRCLE('',#2140,1.099);
#2140 = AXIS2_PLACEMENT_3D('',#2141,#2142,#2143);
#2141 = CARTESIAN_POINT('',(18.099,31.499,18.2));
#2142 = DIRECTION('',(-0.,0.,-1.));
#2143 = DIRECTION('',(-1.,-3.232678506643E-15,0.));
#2144 = ORIENTED_EDGE('',*,*,#2145,.T.);
#2145 = EDGE_CURVE('',#2137,#674,#2146,.T.);
#2146 = LINE('',#2147,#2148);
#2147 = CARTESIAN_POINT('',(17.,31.499,17.9));
#2148 = VECTOR('',#2149,1.);
#2149 = DIRECTION('',(0.,0.,1.));
#2150 = ORIENTED_EDGE('',*,*,#673,.F.);
#2151 = ORIENTED_EDGE('',*,*,#2095,.F.);
#2152 = CYLINDRICAL_SURFACE('',#2153,1.099);
#2153 = AXIS2_PLACEMENT_3D('',#2154,#2155,#2156);
#2154 = CARTESIAN_POINT('',(18.099,31.499,17.9));
#2155 = DIRECTION('',(-0.,-0.,-1.));
#2156 = DIRECTION('',(-1.,-3.232678506643E-15,0.));
#2157 = ADVANCED_FACE('',(#2158),#2176,.T.);
#2158 = FACE_BOUND('',#2159,.T.);
#2159 = EDGE_LOOP('',(#2160,#2168,#2169,#2170));
#2160 = ORIENTED_EDGE('',*,*,#2161,.T.);
#2161 = EDGE_CURVE('',#2162,#2112,#2164,.T.);
#2162 = VERTEX_POINT('',#2163);
#2163 = CARTESIAN_POINT('',(18.099,32.6,18.2));
#2164 = LINE('',#2165,#2166);
#2165 = CARTESIAN_POINT('',(22.4505,32.6,18.2));
#2166 = VECTOR('',#2167,1.);
#2167 = DIRECTION('',(1.,0.,-0.));
#2168 = ORIENTED_EDGE('',*,*,#2122,.T.);
#2169 = ORIENTED_EDGE('',*,*,#699,.F.);
#2170 = ORIENTED_EDGE('',*,*,#2171,.F.);
#2171 = EDGE_CURVE('',#2162,#691,#2172,.T.);
#2172 = LINE('',#2173,#2174);
#2173 = CARTESIAN_POINT('',(18.099,32.6,17.9));
#2174 = VECTOR('',#2175,1.);
#2175 = DIRECTION('',(0.,0.,1.));
#2176 = PLANE('',#2177);
#2177 = AXIS2_PLACEMENT_3D('',#2178,#2179,#2180);
#2178 = CARTESIAN_POINT('',(23.901,32.6,17.9));
#2179 = DIRECTION('',(0.,-1.,0.));
#2180 = DIRECTION('',(-1.,0.,0.));
#2181 = ADVANCED_FACE('',(#2182),#2200,.T.);
#2182 = FACE_BOUND('',#2183,.T.);
#2183 = EDGE_LOOP('',(#2184,#2192,#2198,#2199));
#2184 = ORIENTED_EDGE('',*,*,#2185,.T.);
#2185 = EDGE_CURVE('',#2137,#2186,#2188,.T.);
#2186 = VERTEX_POINT('',#2187);
#2187 = CARTESIAN_POINT('',(17.,31.501,18.2));
#2188 = LINE('',#2189,#2190);
#2189 = CARTESIAN_POINT('',(17.,30.7505,18.2));
#2190 = VECTOR('',#2191,1.);
#2191 = DIRECTION('',(-0.,1.,0.));
#2192 = ORIENTED_EDGE('',*,*,#2193,.T.);
#2193 = EDGE_CURVE('',#2186,#683,#2194,.T.);
#2194 = LINE('',#2195,#2196);
#2195 = CARTESIAN_POINT('',(17.,31.501,17.9));
#2196 = VECTOR('',#2197,1.);
#2197 = DIRECTION('',(0.,0.,1.));
#2198 = ORIENTED_EDGE('',*,*,#682,.F.);
#2199 = ORIENTED_EDGE('',*,*,#2145,.F.);
#2200 = PLANE('',#2201);
#2201 = AXIS2_PLACEMENT_3D('',#2202,#2203,#2204);
#2202 = CARTESIAN_POINT('',(17.,31.501,17.9));
#2203 = DIRECTION('',(1.,0.,-0.));
#2204 = DIRECTION('',(0.,-1.,0.));
#2205 = ADVANCED_FACE('',(#2206),#2218,.F.);
#2206 = FACE_BOUND('',#2207,.T.);
#2207 = EDGE_LOOP('',(#2208,#2215,#2216,#2217));
#2208 = ORIENTED_EDGE('',*,*,#2209,.T.);
#2209 = EDGE_CURVE('',#2186,#2162,#2210,.T.);
#2210 = CIRCLE('',#2211,1.099);
#2211 = AXIS2_PLACEMENT_3D('',#2212,#2213,#2214);
#2212 = CARTESIAN_POINT('',(18.099,31.501,18.2));
#2213 = DIRECTION('',(-0.,0.,-1.));
#2214 = DIRECTION('',(-3.232678506643E-15,1.,0.));
#2215 = ORIENTED_EDGE('',*,*,#2171,.T.);
#2216 = ORIENTED_EDGE('',*,*,#690,.F.);
#2217 = ORIENTED_EDGE('',*,*,#2193,.F.);
#2218 = CYLINDRICAL_SURFACE('',#2219,1.099);
#2219 = AXIS2_PLACEMENT_3D('',#2220,#2221,#2222);
#2220 = CARTESIAN_POINT('',(18.099,31.501,17.9));
#2221 = DIRECTION('',(-0.,-0.,-1.));
#2222 = DIRECTION('',(-3.232678506643E-15,1.,0.));
#2223 = ADVANCED_FACE('',(#2224),#2249,.F.);
#2224 = FACE_BOUND('',#2225,.F.);
#2225 = EDGE_LOOP('',(#2226,#2236,#2242,#2243));
#2226 = ORIENTED_EDGE('',*,*,#2227,.F.);
#2227 = EDGE_CURVE('',#2228,#2230,#2232,.T.);
#2228 = VERTEX_POINT('',#2229);
#2229 = CARTESIAN_POINT('',(20.066891778523,55.173154362416,19.6));
#2230 = VERTEX_POINT('',#2231);
#2231 = CARTESIAN_POINT('',(21.089584731544,55.173154362416,19.6));
#2232 = LINE('',#2233,#2234);
#2233 = CARTESIAN_POINT('',(20.066891778523,55.173154362416,19.6));
#2234 = VECTOR('',#2235,1.);
#2235 = DIRECTION('',(1.,0.,0.));
#2236 = ORIENTED_EDGE('',*,*,#2237,.T.);
#2237 = EDGE_CURVE('',#2228,#727,#2238,.T.);
#2238 = LINE('',#2239,#2240);
#2239 = CARTESIAN_POINT('',(20.066891778523,55.173154362416,19.6));
#2240 = VECTOR('',#2241,1.);
#2241 = DIRECTION('',(0.,0.,1.));
#2242 = ORIENTED_EDGE('',*,*,#724,.F.);
#2243 = ORIENTED_EDGE('',*,*,#2244,.F.);
#2244 = EDGE_CURVE('',#2230,#725,#2245,.T.);
#2245 = LINE('',#2246,#2247);
#2246 = CARTESIAN_POINT('',(21.089584731544,55.173154362416,19.6));
#2247 = VECTOR('',#2248,1.);
#2248 = DIRECTION('',(0.,0.,1.));
#2249 = PLANE('',#2250);
#2250 = AXIS2_PLACEMENT_3D('',#2251,#2252,#2253);
#2251 = CARTESIAN_POINT('',(20.066891778523,55.173154362416,19.6));
#2252 = DIRECTION('',(0.,1.,0.));
#2253 = DIRECTION('',(1.,0.,0.));
#2254 = ADVANCED_FACE('',(#2255),#2273,.F.);
#2255 = FACE_BOUND('',#2256,.F.);
#2256 = EDGE_LOOP('',(#2257,#2265,#2266,#2267));
#2257 = ORIENTED_EDGE('',*,*,#2258,.F.);
#2258 = EDGE_CURVE('',#2230,#2259,#2261,.T.);
#2259 = VERTEX_POINT('',#2260);
#2260 = CARTESIAN_POINT('',(22.136061241611,52.260285234899,19.6));
#2261 = LINE('',#2262,#2263);
#2262 = CARTESIAN_POINT('',(21.089584731544,55.173154362416,19.6));
#2263 = VECTOR('',#2264,1.);
#2264 = DIRECTION('',(0.338102631749,-0.94110924467,0.));
#2265 = ORIENTED_EDGE('',*,*,#2244,.T.);
#2266 = ORIENTED_EDGE('',*,*,#734,.F.);
#2267 = ORIENTED_EDGE('',*,*,#2268,.F.);
#2268 = EDGE_CURVE('',#2259,#735,#2269,.T.);
#2269 = LINE('',#2270,#2271);
#2270 = CARTESIAN_POINT('',(22.136061241611,52.260285234899,19.6));
#2271 = VECTOR('',#2272,1.);
#2272 = DIRECTION('',(0.,0.,1.));
#2273 = PLANE('',#2274);
#2274 = AXIS2_PLACEMENT_3D('',#2275,#2276,#2277);
#2275 = CARTESIAN_POINT('',(21.089584731544,55.173154362416,19.6));
#2276 = DIRECTION('',(0.94110924467,0.338102631749,-0.));
#2277 = DIRECTION('',(0.338102631749,-0.94110924467,0.));
#2278 = ADVANCED_FACE('',(#2279),#2297,.F.);
#2279 = FACE_BOUND('',#2280,.F.);
#2280 = EDGE_LOOP('',(#2281,#2289,#2295,#2296));
#2281 = ORIENTED_EDGE('',*,*,#2282,.F.);
#2282 = EDGE_CURVE('',#2283,#2228,#2285,.T.);
#2283 = VERTEX_POINT('',#2284);
#2284 = CARTESIAN_POINT('',(21.528259228188,51.226845637584,19.6));
#2285 = LINE('',#2286,#2287);
#2286 = CARTESIAN_POINT('',(21.528259228188,51.226845637584,19.6));
#2287 = VECTOR('',#2288,1.);
#2288 = DIRECTION('',(-0.347266632791,0.93776643454,0.));
#2289 = ORIENTED_EDGE('',*,*,#2290,.T.);
#2290 = EDGE_CURVE('',#2283,#767,#2291,.T.);
#2291 = LINE('',#2292,#2293);
#2292 = CARTESIAN_POINT('',(21.528259228188,51.226845637584,19.6));
#2293 = VECTOR('',#2294,1.);
#2294 = DIRECTION('',(0.,0.,1.));
#2295 = ORIENTED_EDGE('',*,*,#774,.F.);
#2296 = ORIENTED_EDGE('',*,*,#2237,.F.);
#2297 = PLANE('',#2298);
#2298 = AXIS2_PLACEMENT_3D('',#2299,#2300,#2301);
#2299 = CARTESIAN_POINT('',(21.528259228188,51.226845637584,19.6));
#2300 = DIRECTION('',(-0.93776643454,-0.347266632791,0.));
#2301 = DIRECTION('',(-0.347266632791,0.93776643454,0.));
#2302 = ADVANCED_FACE('',(#2303),#2321,.F.);
#2303 = FACE_BOUND('',#2304,.F.);
#2304 = EDGE_LOOP('',(#2305,#2313,#2314,#2315));
#2305 = ORIENTED_EDGE('',*,*,#2306,.F.);
#2306 = EDGE_CURVE('',#2259,#2307,#2309,.T.);
#2307 = VERTEX_POINT('',#2308);
#2308 = CARTESIAN_POINT('',(23.179895134228,55.173154362416,19.6));
#2309 = LINE('',#2310,#2311);
#2310 = CARTESIAN_POINT('',(22.136061241611,52.260285234899,19.6));
#2311 = VECTOR('',#2312,1.);
#2312 = DIRECTION('',(0.337346110053,0.941380689218,0.));
#2313 = ORIENTED_EDGE('',*,*,#2268,.T.);
#2314 = ORIENTED_EDGE('',*,*,#742,.F.);
#2315 = ORIENTED_EDGE('',*,*,#2316,.F.);
#2316 = EDGE_CURVE('',#2307,#743,#2317,.T.);
#2317 = LINE('',#2318,#2319);
#2318 = CARTESIAN_POINT('',(23.179895134228,55.173154362416,19.6));
#2319 = VECTOR('',#2320,1.);
#2320 = DIRECTION('',(0.,0.,1.));
#2321 = PLANE('',#2322);
#2322 = AXIS2_PLACEMENT_3D('',#2323,#2324,#2325);
#2323 = CARTESIAN_POINT('',(22.136061241611,52.260285234899,19.6));
#2324 = DIRECTION('',(-0.941380689218,0.337346110053,0.));
#2325 = DIRECTION('',(0.337346110053,0.941380689218,0.));
#2326 = ADVANCED_FACE('',(#2327),#2345,.F.);
#2327 = FACE_BOUND('',#2328,.F.);
#2328 = EDGE_LOOP('',(#2329,#2337,#2343,#2344));
#2329 = ORIENTED_EDGE('',*,*,#2330,.F.);
#2330 = EDGE_CURVE('',#2331,#2283,#2333,.T.);
#2331 = VERTEX_POINT('',#2332);
#2332 = CARTESIAN_POINT('',(22.741220637584,51.226845637584,19.6));
#2333 = LINE('',#2334,#2335);
#2334 = CARTESIAN_POINT('',(22.741220637584,51.226845637584,19.6));
#2335 = VECTOR('',#2336,1.);
#2336 = DIRECTION('',(-1.,0.,0.));
#2337 = ORIENTED_EDGE('',*,*,#2338,.T.);
#2338 = EDGE_CURVE('',#2331,#759,#2339,.T.);
#2339 = LINE('',#2340,#2341);
#2340 = CARTESIAN_POINT('',(22.741220637584,51.226845637584,19.6));
#2341 = VECTOR('',#2342,1.);
#2342 = DIRECTION('',(0.,0.,1.));
#2343 = ORIENTED_EDGE('',*,*,#766,.F.);
#2344 = ORIENTED_EDGE('',*,*,#2290,.F.);
#2345 = PLANE('',#2346);
#2346 = AXIS2_PLACEMENT_3D('',#2347,#2348,#2349);
#2347 = CARTESIAN_POINT('',(22.741220637584,51.226845637584,19.6));
#2348 = DIRECTION('',(0.,-1.,0.));
#2349 = DIRECTION('',(-1.,0.,0.));
#2350 = ADVANCED_FACE('',(#2351),#2369,.F.);
#2351 = FACE_BOUND('',#2352,.F.);
#2352 = EDGE_LOOP('',(#2353,#2361,#2362,#2363));
#2353 = ORIENTED_EDGE('',*,*,#2354,.F.);
#2354 = EDGE_CURVE('',#2307,#2355,#2357,.T.);
#2355 = VERTEX_POINT('',#2356);
#2356 = CARTESIAN_POINT('',(24.202588087248,55.173154362416,19.6));
#2357 = LINE('',#2358,#2359);
#2358 = CARTESIAN_POINT('',(23.179895134228,55.173154362416,19.6));
#2359 = VECTOR('',#2360,1.);
#2360 = DIRECTION('',(1.,0.,0.));
#2361 = ORIENTED_EDGE('',*,*,#2316,.T.);
#2362 = ORIENTED_EDGE('',*,*,#750,.F.);
#2363 = ORIENTED_EDGE('',*,*,#2364,.F.);
#2364 = EDGE_CURVE('',#2355,#751,#2365,.T.);
#2365 = LINE('',#2366,#2367);
#2366 = CARTESIAN_POINT('',(24.202588087248,55.173154362416,19.6));
#2367 = VECTOR('',#2368,1.);
#2368 = DIRECTION('',(0.,0.,1.));
#2369 = PLANE('',#2370);
#2370 = AXIS2_PLACEMENT_3D('',#2371,#2372,#2373);
#2371 = CARTESIAN_POINT('',(23.179895134228,55.173154362416,19.6));
#2372 = DIRECTION('',(0.,1.,0.));
#2373 = DIRECTION('',(1.,0.,0.));
#2374 = ADVANCED_FACE('',(#2375),#2386,.F.);
#2375 = FACE_BOUND('',#2376,.F.);
#2376 = EDGE_LOOP('',(#2377,#2383,#2384,#2385));
#2377 = ORIENTED_EDGE('',*,*,#2378,.F.);
#2378 = EDGE_CURVE('',#2355,#2331,#2379,.T.);
#2379 = LINE('',#2380,#2381);
#2380 = CARTESIAN_POINT('',(24.202588087248,55.173154362416,19.6));
#2381 = VECTOR('',#2382,1.);
#2382 = DIRECTION('',(-0.347266632791,-0.93776643454,0.));
#2383 = ORIENTED_EDGE('',*,*,#2364,.T.);
#2384 = ORIENTED_EDGE('',*,*,#758,.F.);
#2385 = ORIENTED_EDGE('',*,*,#2338,.F.);
#2386 = PLANE('',#2387);
#2387 = AXIS2_PLACEMENT_3D('',#2388,#2389,#2390);
#2388 = CARTESIAN_POINT('',(24.202588087248,55.173154362416,19.6));
#2389 = DIRECTION('',(0.93776643454,-0.347266632791,0.));
#2390 = DIRECTION('',(-0.347266632791,-0.93776643454,0.));
#2391 = ADVANCED_FACE('',(#2392),#2417,.F.);
#2392 = FACE_BOUND('',#2393,.F.);
#2393 = EDGE_LOOP('',(#2394,#2404,#2410,#2411));
#2394 = ORIENTED_EDGE('',*,*,#2395,.F.);
#2395 = EDGE_CURVE('',#2396,#2398,#2400,.T.);
#2396 = VERTEX_POINT('',#2397);
#2397 = CARTESIAN_POINT('',(26.742495805369,51.948456375839,19.6));
#2398 = VERTEX_POINT('',#2399);
#2399 = CARTESIAN_POINT('',(25.151640100671,51.948456375839,19.6));
#2400 = LINE('',#2401,#2402);
#2401 = CARTESIAN_POINT('',(26.742495805369,51.948456375839,19.6));
#2402 = VECTOR('',#2403,1.);
#2403 = DIRECTION('',(-1.,0.,0.));
#2404 = ORIENTED_EDGE('',*,*,#2405,.T.);
#2405 = EDGE_CURVE('',#2396,#785,#2406,.T.);
#2406 = LINE('',#2407,#2408);
#2407 = CARTESIAN_POINT('',(26.742495805369,51.948456375839,19.6));
#2408 = VECTOR('',#2409,1.);
#2409 = DIRECTION('',(0.,0.,1.));
#2410 = ORIENTED_EDGE('',*,*,#782,.F.);
#2411 = ORIENTED_EDGE('',*,*,#2412,.F.);
#2412 = EDGE_CURVE('',#2398,#783,#2413,.T.);
#2413 = LINE('',#2414,#2415);
#2414 = CARTESIAN_POINT('',(25.151640100671,51.948456375839,19.6));
#2415 = VECTOR('',#2416,1.);
#2416 = DIRECTION('',(0.,0.,1.));
#2417 = PLANE('',#2418);
#2418 = AXIS2_PLACEMENT_3D('',#2419,#2420,#2421);
#2419 = CARTESIAN_POINT('',(26.742495805369,51.948456375839,19.6));
#2420 = DIRECTION('',(0.,-1.,0.));
#2421 = DIRECTION('',(-1.,0.,0.));
#2422 = ADVANCED_FACE('',(#2423),#2441,.F.);
#2423 = FACE_BOUND('',#2424,.F.);
#2424 = EDGE_LOOP('',(#2425,#2433,#2434,#2435));
#2425 = ORIENTED_EDGE('',*,*,#2426,.F.);
#2426 = EDGE_CURVE('',#2398,#2427,#2429,.T.);
#2427 = VERTEX_POINT('',#2428);
#2428 = CARTESIAN_POINT('',(24.900591442953,51.226845637584,19.6));
#2429 = LINE('',#2430,#2431);
#2430 = CARTESIAN_POINT('',(25.151640100671,51.948456375839,19.6));
#2431 = VECTOR('',#2432,1.);
#2432 = DIRECTION('',(-0.328583228166,-0.944475019346,0.));
#2433 = ORIENTED_EDGE('',*,*,#2412,.T.);
#2434 = ORIENTED_EDGE('',*,*,#792,.F.);
#2435 = ORIENTED_EDGE('',*,*,#2436,.F.);
#2436 = EDGE_CURVE('',#2427,#793,#2437,.T.);
#2437 = LINE('',#2438,#2439);
#2438 = CARTESIAN_POINT('',(24.900591442953,51.226845637584,19.6));
#2439 = VECTOR('',#2440,1.);
#2440 = DIRECTION('',(0.,0.,1.));
#2441 = PLANE('',#2442);
#2442 = AXIS2_PLACEMENT_3D('',#2443,#2444,#2445);
#2443 = CARTESIAN_POINT('',(25.151640100671,51.948456375839,19.6));
#2444 = DIRECTION('',(0.944475019346,-0.328583228166,0.));
#2445 = DIRECTION('',(-0.328583228166,-0.944475019346,0.));
#2446 = ADVANCED_FACE('',(#2447),#2465,.F.);
#2447 = FACE_BOUND('',#2448,.F.);
#2448 = EDGE_LOOP('',(#2449,#2457,#2463,#2464));
#2449 = ORIENTED_EDGE('',*,*,#2450,.F.);
#2450 = EDGE_CURVE('',#2451,#2396,#2453,.T.);
#2451 = VERTEX_POINT('',#2452);
#2452 = CARTESIAN_POINT('',(26.990901845638,51.226845637584,19.6));
#2453 = LINE('',#2454,#2455);
#2454 = CARTESIAN_POINT('',(26.990901845638,51.226845637584,19.6));
#2455 = VECTOR('',#2456,1.);
#2456 = DIRECTION('',(-0.325492639086,0.945544574254,0.));
#2457 = ORIENTED_EDGE('',*,*,#2458,.T.);
#2458 = EDGE_CURVE('',#2451,#833,#2459,.T.);
#2459 = LINE('',#2460,#2461);
#2460 = CARTESIAN_POINT('',(26.990901845638,51.226845637584,19.6));
#2461 = VECTOR('',#2462,1.);
#2462 = DIRECTION('',(0.,0.,1.));
#2463 = ORIENTED_EDGE('',*,*,#840,.F.);
#2464 = ORIENTED_EDGE('',*,*,#2405,.F.);
#2465 = PLANE('',#2466);
#2466 = AXIS2_PLACEMENT_3D('',#2467,#2468,#2469);
#2467 = CARTESIAN_POINT('',(26.990901845638,51.226845637584,19.6));
#2468 = DIRECTION('',(-0.945544574254,-0.325492639086,0.));
#2469 = DIRECTION('',(-0.325492639086,0.945544574254,0.));
#2470 = ADVANCED_FACE('',(#2471),#2489,.F.);
#2471 = FACE_BOUND('',#2472,.F.);
#2472 = EDGE_LOOP('',(#2473,#2481,#2482,#2483));
#2473 = ORIENTED_EDGE('',*,*,#2474,.F.);
#2474 = EDGE_CURVE('',#2427,#2475,#2477,.T.);
#2475 = VERTEX_POINT('',#2476);
#2476 = CARTESIAN_POINT('',(23.877898489933,51.226845637584,19.6));
#2477 = LINE('',#2478,#2479);
#2478 = CARTESIAN_POINT('',(24.900591442953,51.226845637584,19.6));
#2479 = VECTOR('',#2480,1.);
#2480 = DIRECTION('',(-1.,0.,0.));
#2481 = ORIENTED_EDGE('',*,*,#2436,.T.);
#2482 = ORIENTED_EDGE('',*,*,#800,.F.);
#2483 = ORIENTED_EDGE('',*,*,#2484,.F.);
#2484 = EDGE_CURVE('',#2475,#801,#2485,.T.);
#2485 = LINE('',#2486,#2487);
#2486 = CARTESIAN_POINT('',(23.877898489933,51.226845637584,19.6));
#2487 = VECTOR('',#2488,1.);
#2488 = DIRECTION('',(0.,0.,1.));
#2489 = PLANE('',#2490);
#2490 = AXIS2_PLACEMENT_3D('',#2491,#2492,#2493);
#2491 = CARTESIAN_POINT('',(24.900591442953,51.226845637584,19.6));
#2492 = DIRECTION('',(0.,-1.,0.));
#2493 = DIRECTION('',(-1.,0.,0.));
#2494 = ADVANCED_FACE('',(#2495),#2513,.F.);
#2495 = FACE_BOUND('',#2496,.F.);
#2496 = EDGE_LOOP('',(#2497,#2505,#2511,#2512));
#2497 = ORIENTED_EDGE('',*,*,#2498,.F.);
#2498 = EDGE_CURVE('',#2499,#2451,#2501,.T.);
#2499 = VERTEX_POINT('',#2500);
#2500 = CARTESIAN_POINT('',(28.013594798658,51.226845637584,19.6));
#2501 = LINE('',#2502,#2503);
#2502 = CARTESIAN_POINT('',(28.013594798658,51.226845637584,19.6));
#2503 = VECTOR('',#2504,1.);
#2504 = DIRECTION('',(-1.,0.,0.));
#2505 = ORIENTED_EDGE('',*,*,#2506,.T.);
#2506 = EDGE_CURVE('',#2499,#825,#2507,.T.);
#2507 = LINE('',#2508,#2509);
#2508 = CARTESIAN_POINT('',(28.013594798658,51.226845637584,19.6));
#2509 = VECTOR('',#2510,1.);
#2510 = DIRECTION('',(0.,0.,1.));
#2511 = ORIENTED_EDGE('',*,*,#832,.F.);
#2512 = ORIENTED_EDGE('',*,*,#2458,.F.);
#2513 = PLANE('',#2514);
#2514 = AXIS2_PLACEMENT_3D('',#2515,#2516,#2517);
#2515 = CARTESIAN_POINT('',(28.013594798658,51.226845637584,19.6));
#2516 = DIRECTION('',(0.,-1.,0.));
#2517 = DIRECTION('',(-1.,0.,0.));
#2518 = ADVANCED_FACE('',(#2519),#2537,.F.);
#2519 = FACE_BOUND('',#2520,.F.);
#2520 = EDGE_LOOP('',(#2521,#2529,#2530,#2531));
#2521 = ORIENTED_EDGE('',*,*,#2522,.F.);
#2522 = EDGE_CURVE('',#2475,#2523,#2525,.T.);
#2523 = VERTEX_POINT('',#2524);
#2524 = CARTESIAN_POINT('',(25.339265939597,55.173154362416,19.6));
#2525 = LINE('',#2526,#2527);
#2526 = CARTESIAN_POINT('',(23.877898489933,51.226845637584,19.6));
#2527 = VECTOR('',#2528,1.);
#2528 = DIRECTION('',(0.347266632791,0.93776643454,0.));
#2529 = ORIENTED_EDGE('',*,*,#2484,.T.);
#2530 = ORIENTED_EDGE('',*,*,#808,.F.);
#2531 = ORIENTED_EDGE('',*,*,#2532,.F.);
#2532 = EDGE_CURVE('',#2523,#809,#2533,.T.);
#2533 = LINE('',#2534,#2535);
#2534 = CARTESIAN_POINT('',(25.339265939597,55.173154362416,19.6));
#2535 = VECTOR('',#2536,1.);
#2536 = DIRECTION('',(0.,0.,1.));
#2537 = PLANE('',#2538);
#2538 = AXIS2_PLACEMENT_3D('',#2539,#2540,#2541);
#2539 = CARTESIAN_POINT('',(23.877898489933,51.226845637584,19.6));
#2540 = DIRECTION('',(-0.93776643454,0.347266632791,0.));
#2541 = DIRECTION('',(0.347266632791,0.93776643454,0.));
#2542 = ADVANCED_FACE('',(#2543),#2561,.F.);
#2543 = FACE_BOUND('',#2544,.F.);
#2544 = EDGE_LOOP('',(#2545,#2553,#2559,#2560));
#2545 = ORIENTED_EDGE('',*,*,#2546,.F.);
#2546 = EDGE_CURVE('',#2547,#2499,#2549,.T.);
#2547 = VERTEX_POINT('',#2548);
#2548 = CARTESIAN_POINT('',(26.552227348993,55.173154362416,19.6));
#2549 = LINE('',#2550,#2551);
#2550 = CARTESIAN_POINT('',(26.552227348993,55.173154362416,19.6));
#2551 = VECTOR('',#2552,1.);
#2552 = DIRECTION('',(0.347266632791,-0.93776643454,0.));
#2553 = ORIENTED_EDGE('',*,*,#2554,.T.);
#2554 = EDGE_CURVE('',#2547,#817,#2555,.T.);
#2555 = LINE('',#2556,#2557);
#2556 = CARTESIAN_POINT('',(26.552227348993,55.173154362416,19.6));
#2557 = VECTOR('',#2558,1.);
#2558 = DIRECTION('',(0.,0.,1.));
#2559 = ORIENTED_EDGE('',*,*,#824,.F.);
#2560 = ORIENTED_EDGE('',*,*,#2506,.F.);
#2561 = PLANE('',#2562);
#2562 = AXIS2_PLACEMENT_3D('',#2563,#2564,#2565);
#2563 = CARTESIAN_POINT('',(26.552227348993,55.173154362416,19.6));
#2564 = DIRECTION('',(0.93776643454,0.347266632791,-0.));
#2565 = DIRECTION('',(0.347266632791,-0.93776643454,0.));
#2566 = ADVANCED_FACE('',(#2567),#2578,.F.);
#2567 = FACE_BOUND('',#2568,.F.);
#2568 = EDGE_LOOP('',(#2569,#2575,#2576,#2577));
#2569 = ORIENTED_EDGE('',*,*,#2570,.F.);
#2570 = EDGE_CURVE('',#2523,#2547,#2571,.T.);
#2571 = LINE('',#2572,#2573);
#2572 = CARTESIAN_POINT('',(25.339265939597,55.173154362416,19.6));
#2573 = VECTOR('',#2574,1.);
#2574 = DIRECTION('',(1.,0.,0.));
#2575 = ORIENTED_EDGE('',*,*,#2532,.T.);
#2576 = ORIENTED_EDGE('',*,*,#816,.F.);
#2577 = ORIENTED_EDGE('',*,*,#2554,.F.);
#2578 = PLANE('',#2579);
#2579 = AXIS2_PLACEMENT_3D('',#2580,#2581,#2582);
#2580 = CARTESIAN_POINT('',(25.339265939597,55.173154362416,19.6));
#2581 = DIRECTION('',(0.,1.,0.));
#2582 = DIRECTION('',(1.,0.,0.));
#2583 = ADVANCED_FACE('',(#2584),#2603,.F.);
#2584 = FACE_BOUND('',#2585,.F.);
#2585 = EDGE_LOOP('',(#2586,#2587,#2595,#2602));
#2586 = ORIENTED_EDGE('',*,*,#848,.F.);
#2587 = ORIENTED_EDGE('',*,*,#2588,.F.);
#2588 = EDGE_CURVE('',#2589,#849,#2591,.T.);
#2589 = VERTEX_POINT('',#2590);
#2590 = CARTESIAN_POINT('',(40.65,51.5,18.3));
#2591 = LINE('',#2592,#2593);
#2592 = CARTESIAN_POINT('',(40.65,51.5,18.3));
#2593 = VECTOR('',#2594,1.);
#2594 = DIRECTION('',(0.,0.,1.));
#2595 = ORIENTED_EDGE('',*,*,#2596,.T.);
#2596 = EDGE_CURVE('',#2589,#2589,#2597,.T.);
#2597 = CIRCLE('',#2598,2.25);
#2598 = AXIS2_PLACEMENT_3D('',#2599,#2600,#2601);
#2599 = CARTESIAN_POINT('',(38.4,51.5,18.3));
#2600 = DIRECTION('',(0.,0.,1.));
#2601 = DIRECTION('',(1.,0.,-0.));
#2602 = ORIENTED_EDGE('',*,*,#2588,.T.);
#2603 = CYLINDRICAL_SURFACE('',#2604,2.25);
#2604 = AXIS2_PLACEMENT_3D('',#2605,#2606,#2607);
#2605 = CARTESIAN_POINT('',(38.4,51.5,18.3));
#2606 = DIRECTION('',(0.,0.,1.));
#2607 = DIRECTION('',(1.,0.,-0.));
#2608 = ADVANCED_FACE('',(#2609,#2708,#2742,#2776,#2779),#2789,.F.);
#2609 = FACE_BOUND('',#2610,.F.);
#2610 = EDGE_LOOP('',(#2611,#2620,#2621,#2622,#2623,#2632,#2640,#2649,
    #2658,#2666,#2675,#2684,#2693,#2701));
#2611 = ORIENTED_EDGE('',*,*,#2612,.F.);
#2612 = EDGE_CURVE('',#1172,#2613,#2615,.T.);
#2613 = VERTEX_POINT('',#2614);
#2614 = CARTESIAN_POINT('',(5.8,8.5,18.2));
#2615 = CIRCLE('',#2616,2.2);
#2616 = AXIS2_PLACEMENT_3D('',#2617,#2618,#2619);
#2617 = CARTESIAN_POINT('',(3.6,8.5,18.2));
#2618 = DIRECTION('',(0.,0.,1.));
#2619 = DIRECTION('',(1.,0.,-0.));
#2620 = ORIENTED_EDGE('',*,*,#1179,.T.);
#2621 = ORIENTED_EDGE('',*,*,#1073,.T.);
#2622 = ORIENTED_EDGE('',*,*,#1130,.T.);
#2623 = ORIENTED_EDGE('',*,*,#2624,.F.);
#2624 = EDGE_CURVE('',#2625,#1096,#2627,.T.);
#2625 = VERTEX_POINT('',#2626);
#2626 = CARTESIAN_POINT('',(40.2,9.764911064067,18.2));
#2627 = CIRCLE('',#2628,2.2);
#2628 = AXIS2_PLACEMENT_3D('',#2629,#2630,#2631);
#2629 = CARTESIAN_POINT('',(38.4,8.5,18.2));
#2630 = DIRECTION('',(0.,0.,1.));
#2631 = DIRECTION('',(1.,0.,-0.));
#2632 = ORIENTED_EDGE('',*,*,#2633,.T.);
#2633 = EDGE_CURVE('',#2625,#2634,#2636,.T.);
#2634 = VERTEX_POINT('',#2635);
#2635 = CARTESIAN_POINT('',(40.2,50.235088935933,18.2));
#2636 = LINE('',#2637,#2638);
#2637 = CARTESIAN_POINT('',(40.2,8.,18.2));
#2638 = VECTOR('',#2639,1.);
#2639 = DIRECTION('',(0.,1.,0.));
#2640 = ORIENTED_EDGE('',*,*,#2641,.F.);
#2641 = EDGE_CURVE('',#2642,#2634,#2644,.T.);
#2642 = VERTEX_POINT('',#2643);
#2643 = CARTESIAN_POINT('',(40.142402614136,52.843143004394,18.2));
#2644 = CIRCLE('',#2645,2.2);
#2645 = AXIS2_PLACEMENT_3D('',#2646,#2647,#2648);
#2646 = CARTESIAN_POINT('',(38.4,51.5,18.2));
#2647 = DIRECTION('',(0.,0.,1.));
#2648 = DIRECTION('',(1.,0.,-0.));
#2649 = ORIENTED_EDGE('',*,*,#2650,.T.);
#2650 = EDGE_CURVE('',#2642,#2651,#2653,.T.);
#2651 = VERTEX_POINT('',#2652);
#2652 = CARTESIAN_POINT('',(34.,58.2,18.2));
#2653 = CIRCLE('',#2654,6.2);
#2654 = AXIS2_PLACEMENT_3D('',#2655,#2656,#2657);
#2655 = CARTESIAN_POINT('',(34.,52.,18.2));
#2656 = DIRECTION('',(0.,0.,1.));
#2657 = DIRECTION('',(1.,1.146036670581E-15,-0.));
#2658 = ORIENTED_EDGE('',*,*,#2659,.T.);
#2659 = EDGE_CURVE('',#2651,#2660,#2662,.T.);
#2660 = VERTEX_POINT('',#2661);
#2661 = CARTESIAN_POINT('',(8.,58.2,18.2));
#2662 = LINE('',#2663,#2664);
#2663 = CARTESIAN_POINT('',(34.,58.2,18.2));
#2664 = VECTOR('',#2665,1.);
#2665 = DIRECTION('',(-1.,0.,0.));
#2666 = ORIENTED_EDGE('',*,*,#2667,.T.);
#2667 = EDGE_CURVE('',#2660,#2668,#2670,.T.);
#2668 = VERTEX_POINT('',#2669);
#2669 = CARTESIAN_POINT('',(1.857597385864,52.843143004394,18.2));
#2670 = CIRCLE('',#2671,6.2);
#2671 = AXIS2_PLACEMENT_3D('',#2672,#2673,#2674);
#2672 = CARTESIAN_POINT('',(8.,52.,18.2));
#2673 = DIRECTION('',(0.,0.,1.));
#2674 = DIRECTION('',(-1.146036670581E-15,1.,0.));
#2675 = ORIENTED_EDGE('',*,*,#2676,.F.);
#2676 = EDGE_CURVE('',#2677,#2668,#2679,.T.);
#2677 = VERTEX_POINT('',#2678);
#2678 = CARTESIAN_POINT('',(5.8,51.5,18.2));
#2679 = CIRCLE('',#2680,2.2);
#2680 = AXIS2_PLACEMENT_3D('',#2681,#2682,#2683);
#2681 = CARTESIAN_POINT('',(3.6,51.5,18.2));
#2682 = DIRECTION('',(0.,0.,1.));
#2683 = DIRECTION('',(1.,0.,-0.));
#2684 = ORIENTED_EDGE('',*,*,#2685,.F.);
#2685 = EDGE_CURVE('',#2686,#2677,#2688,.T.);
#2686 = VERTEX_POINT('',#2687);
#2687 = CARTESIAN_POINT('',(1.8,50.235088935933,18.2));
#2688 = CIRCLE('',#2689,2.2);
#2689 = AXIS2_PLACEMENT_3D('',#2690,#2691,#2692);
#2690 = CARTESIAN_POINT('',(3.6,51.5,18.2));
#2691 = DIRECTION('',(0.,0.,1.));
#2692 = DIRECTION('',(1.,0.,-0.));
#2693 = ORIENTED_EDGE('',*,*,#2694,.T.);
#2694 = EDGE_CURVE('',#2686,#2695,#2697,.T.);
#2695 = VERTEX_POINT('',#2696);
#2696 = CARTESIAN_POINT('',(1.8,9.764911064067,18.2));
#2697 = LINE('',#2698,#2699);
#2698 = CARTESIAN_POINT('',(1.8,52.,18.2));
#2699 = VECTOR('',#2700,1.);
#2700 = DIRECTION('',(0.,-1.,0.));
#2701 = ORIENTED_EDGE('',*,*,#2702,.F.);
#2702 = EDGE_CURVE('',#2613,#2695,#2703,.T.);
#2703 = CIRCLE('',#2704,2.2);
#2704 = AXIS2_PLACEMENT_3D('',#2705,#2706,#2707);
#2705 = CARTESIAN_POINT('',(3.6,8.5,18.2));
#2706 = DIRECTION('',(0.,0.,1.));
#2707 = DIRECTION('',(1.,0.,-0.));
#2708 = FACE_BOUND('',#2709,.F.);
#2709 = EDGE_LOOP('',(#2710,#2720,#2728,#2736));
#2710 = ORIENTED_EDGE('',*,*,#2711,.T.);
#2711 = EDGE_CURVE('',#2712,#2714,#2716,.T.);
#2712 = VERTEX_POINT('',#2713);
#2713 = CARTESIAN_POINT('',(10.2,6.3,18.2));
#2714 = VERTEX_POINT('',#2715);
#2715 = CARTESIAN_POINT('',(8.,6.3,18.2));
#2716 = LINE('',#2717,#2718);
#2717 = CARTESIAN_POINT('',(14.5,6.3,18.2));
#2718 = VECTOR('',#2719,1.);
#2719 = DIRECTION('',(-1.,-0.,0.));
#2720 = ORIENTED_EDGE('',*,*,#2721,.T.);
#2721 = EDGE_CURVE('',#2714,#2722,#2724,.T.);
#2722 = VERTEX_POINT('',#2723);
#2723 = CARTESIAN_POINT('',(8.,7.3,18.2));
#2724 = LINE('',#2725,#2726);
#2725 = CARTESIAN_POINT('',(8.,18.15,18.2));
#2726 = VECTOR('',#2727,1.);
#2727 = DIRECTION('',(-0.,1.,0.));
#2728 = ORIENTED_EDGE('',*,*,#2729,.F.);
#2729 = EDGE_CURVE('',#2730,#2722,#2732,.T.);
#2730 = VERTEX_POINT('',#2731);
#2731 = CARTESIAN_POINT('',(10.2,7.3,18.2));
#2732 = LINE('',#2733,#2734);
#2733 = CARTESIAN_POINT('',(14.5,7.3,18.2));
#2734 = VECTOR('',#2735,1.);
#2735 = DIRECTION('',(-1.,-0.,0.));
#2736 = ORIENTED_EDGE('',*,*,#2737,.F.);
#2737 = EDGE_CURVE('',#2712,#2730,#2738,.T.);
#2738 = LINE('',#2739,#2740);
#2739 = CARTESIAN_POINT('',(10.2,18.15,18.2));
#2740 = VECTOR('',#2741,1.);
#2741 = DIRECTION('',(-0.,1.,0.));
#2742 = FACE_BOUND('',#2743,.F.);
#2743 = EDGE_LOOP('',(#2744,#2754,#2762,#2770));
#2744 = ORIENTED_EDGE('',*,*,#2745,.T.);
#2745 = EDGE_CURVE('',#2746,#2748,#2750,.T.);
#2746 = VERTEX_POINT('',#2747);
#2747 = CARTESIAN_POINT('',(34.,6.3,18.2));
#2748 = VERTEX_POINT('',#2749);
#2749 = CARTESIAN_POINT('',(31.8,6.3,18.2));
#2750 = LINE('',#2751,#2752);
#2751 = CARTESIAN_POINT('',(26.4,6.3,18.2));
#2752 = VECTOR('',#2753,1.);
#2753 = DIRECTION('',(-1.,-0.,0.));
#2754 = ORIENTED_EDGE('',*,*,#2755,.T.);
#2755 = EDGE_CURVE('',#2748,#2756,#2758,.T.);
#2756 = VERTEX_POINT('',#2757);
#2757 = CARTESIAN_POINT('',(31.8,7.3,18.2));
#2758 = LINE('',#2759,#2760);
#2759 = CARTESIAN_POINT('',(31.8,18.15,18.2));
#2760 = VECTOR('',#2761,1.);
#2761 = DIRECTION('',(-0.,1.,0.));
#2762 = ORIENTED_EDGE('',*,*,#2763,.F.);
#2763 = EDGE_CURVE('',#2764,#2756,#2766,.T.);
#2764 = VERTEX_POINT('',#2765);
#2765 = CARTESIAN_POINT('',(34.,7.3,18.2));
#2766 = LINE('',#2767,#2768);
#2767 = CARTESIAN_POINT('',(26.4,7.3,18.2));
#2768 = VECTOR('',#2769,1.);
#2769 = DIRECTION('',(-1.,-0.,0.));
#2770 = ORIENTED_EDGE('',*,*,#2771,.F.);
#2771 = EDGE_CURVE('',#2746,#2764,#2772,.T.);
#2772 = LINE('',#2773,#2774);
#2773 = CARTESIAN_POINT('',(34.,18.15,18.2));
#2774 = VECTOR('',#2775,1.);
#2775 = DIRECTION('',(-0.,1.,0.));
#2776 = FACE_BOUND('',#2777,.F.);
#2777 = EDGE_LOOP('',(#2778));
#2778 = ORIENTED_EDGE('',*,*,#1654,.F.);
#2779 = FACE_BOUND('',#2780,.F.);
#2780 = EDGE_LOOP('',(#2781,#2782,#2783,#2784,#2785,#2786,#2787,#2788));
#2781 = ORIENTED_EDGE('',*,*,#2031,.T.);
#2782 = ORIENTED_EDGE('',*,*,#2087,.T.);
#2783 = ORIENTED_EDGE('',*,*,#2136,.T.);
#2784 = ORIENTED_EDGE('',*,*,#2185,.T.);
#2785 = ORIENTED_EDGE('',*,*,#2209,.T.);
#2786 = ORIENTED_EDGE('',*,*,#2161,.T.);
#2787 = ORIENTED_EDGE('',*,*,#2111,.T.);
#2788 = ORIENTED_EDGE('',*,*,#2063,.T.);
#2789 = PLANE('',#2790);
#2790 = AXIS2_PLACEMENT_3D('',#2791,#2792,#2793);
#2791 = CARTESIAN_POINT('',(21.,30.,18.2));
#2792 = DIRECTION('',(0.,0.,1.));
#2793 = DIRECTION('',(1.,0.,-0.));
#2794 = ADVANCED_FACE('',(#2795),#2852,.T.);
#2795 = FACE_BOUND('',#2796,.T.);
#2796 = EDGE_LOOP('',(#2797,#2805,#2813,#2821,#2829,#2837,#2845,#2851));
#2797 = ORIENTED_EDGE('',*,*,#2798,.F.);
#2798 = EDGE_CURVE('',#2799,#2695,#2801,.T.);
#2799 = VERTEX_POINT('',#2800);
#2800 = CARTESIAN_POINT('',(1.8,9.764911064067,14.35));
#2801 = LINE('',#2802,#2803);
#2802 = CARTESIAN_POINT('',(1.8,9.764911064067,14.35));
#2803 = VECTOR('',#2804,1.);
#2804 = DIRECTION('',(0.,0.,1.));
#2805 = ORIENTED_EDGE('',*,*,#2806,.T.);
#2806 = EDGE_CURVE('',#2799,#2807,#2809,.T.);
#2807 = VERTEX_POINT('',#2808);
#2808 = CARTESIAN_POINT('',(1.8,10.23493515729,14.35));
#2809 = LINE('',#2810,#2811);
#2810 = CARTESIAN_POINT('',(1.8,41.,14.35));
#2811 = VECTOR('',#2812,1.);
#2812 = DIRECTION('',(-0.,1.,0.));
#2813 = ORIENTED_EDGE('',*,*,#2814,.T.);
#2814 = EDGE_CURVE('',#2807,#2815,#2817,.T.);
#2815 = VERTEX_POINT('',#2816);
#2816 = CARTESIAN_POINT('',(1.8,10.23493515729,14.75));
#2817 = LINE('',#2818,#2819);
#2818 = CARTESIAN_POINT('',(1.8,10.23493515729,13.));
#2819 = VECTOR('',#2820,1.);
#2820 = DIRECTION('',(0.,0.,1.));
#2821 = ORIENTED_EDGE('',*,*,#2822,.F.);
#2822 = EDGE_CURVE('',#2823,#2815,#2825,.T.);
#2823 = VERTEX_POINT('',#2824);
#2824 = CARTESIAN_POINT('',(1.8,49.76506484271,14.75));
#2825 = LINE('',#2826,#2827);
#2826 = CARTESIAN_POINT('',(1.8,41.,14.75));
#2827 = VECTOR('',#2828,1.);
#2828 = DIRECTION('',(0.,-1.,0.));
#2829 = ORIENTED_EDGE('',*,*,#2830,.F.);
#2830 = EDGE_CURVE('',#2831,#2823,#2833,.T.);
#2831 = VERTEX_POINT('',#2832);
#2832 = CARTESIAN_POINT('',(1.8,49.76506484271,14.35));
#2833 = LINE('',#2834,#2835);
#2834 = CARTESIAN_POINT('',(1.8,49.76506484271,13.));
#2835 = VECTOR('',#2836,1.);
#2836 = DIRECTION('',(0.,0.,1.));
#2837 = ORIENTED_EDGE('',*,*,#2838,.T.);
#2838 = EDGE_CURVE('',#2831,#2839,#2841,.T.);
#2839 = VERTEX_POINT('',#2840);
#2840 = CARTESIAN_POINT('',(1.8,50.235088935933,14.35));
#2841 = LINE('',#2842,#2843);
#2842 = CARTESIAN_POINT('',(1.8,41.,14.35));
#2843 = VECTOR('',#2844,1.);
#2844 = DIRECTION('',(-0.,1.,0.));
#2845 = ORIENTED_EDGE('',*,*,#2846,.T.);
#2846 = EDGE_CURVE('',#2839,#2686,#2847,.T.);
#2847 = LINE('',#2848,#2849);
#2848 = CARTESIAN_POINT('',(1.8,50.235088935933,14.35));
#2849 = VECTOR('',#2850,1.);
#2850 = DIRECTION('',(0.,0.,1.));
#2851 = ORIENTED_EDGE('',*,*,#2694,.T.);
#2852 = PLANE('',#2853);
#2853 = AXIS2_PLACEMENT_3D('',#2854,#2855,#2856);
#2854 = CARTESIAN_POINT('',(1.8,52.,14.25));
#2855 = DIRECTION('',(1.,0.,-0.));
#2856 = DIRECTION('',(0.,-1.,0.));
#2857 = ADVANCED_FACE('',(#2858),#2915,.T.);
#2858 = FACE_BOUND('',#2859,.T.);
#2859 = EDGE_LOOP('',(#2860,#2868,#2876,#2884,#2892,#2900,#2908,#2914));
#2860 = ORIENTED_EDGE('',*,*,#2861,.F.);
#2861 = EDGE_CURVE('',#2862,#2634,#2864,.T.);
#2862 = VERTEX_POINT('',#2863);
#2863 = CARTESIAN_POINT('',(40.2,50.235088935933,14.35));
#2864 = LINE('',#2865,#2866);
#2865 = CARTESIAN_POINT('',(40.2,50.235088935933,14.35));
#2866 = VECTOR('',#2867,1.);
#2867 = DIRECTION('',(0.,0.,1.));
#2868 = ORIENTED_EDGE('',*,*,#2869,.T.);
#2869 = EDGE_CURVE('',#2862,#2870,#2872,.T.);
#2870 = VERTEX_POINT('',#2871);
#2871 = CARTESIAN_POINT('',(40.2,49.76506484271,14.35));
#2872 = LINE('',#2873,#2874);
#2873 = CARTESIAN_POINT('',(40.2,19.,14.35));
#2874 = VECTOR('',#2875,1.);
#2875 = DIRECTION('',(0.,-1.,0.));
#2876 = ORIENTED_EDGE('',*,*,#2877,.T.);
#2877 = EDGE_CURVE('',#2870,#2878,#2880,.T.);
#2878 = VERTEX_POINT('',#2879);
#2879 = CARTESIAN_POINT('',(40.2,49.76506484271,14.75));
#2880 = LINE('',#2881,#2882);
#2881 = CARTESIAN_POINT('',(40.2,49.76506484271,13.));
#2882 = VECTOR('',#2883,1.);
#2883 = DIRECTION('',(0.,0.,1.));
#2884 = ORIENTED_EDGE('',*,*,#2885,.F.);
#2885 = EDGE_CURVE('',#2886,#2878,#2888,.T.);
#2886 = VERTEX_POINT('',#2887);
#2887 = CARTESIAN_POINT('',(40.2,10.23493515729,14.75));
#2888 = LINE('',#2889,#2890);
#2889 = CARTESIAN_POINT('',(40.2,19.,14.75));
#2890 = VECTOR('',#2891,1.);
#2891 = DIRECTION('',(0.,1.,-0.));
#2892 = ORIENTED_EDGE('',*,*,#2893,.F.);
#2893 = EDGE_CURVE('',#2894,#2886,#2896,.T.);
#2894 = VERTEX_POINT('',#2895);
#2895 = CARTESIAN_POINT('',(40.2,10.23493515729,14.35));
#2896 = LINE('',#2897,#2898);
#2897 = CARTESIAN_POINT('',(40.2,10.23493515729,13.));
#2898 = VECTOR('',#2899,1.);
#2899 = DIRECTION('',(0.,0.,1.));
#2900 = ORIENTED_EDGE('',*,*,#2901,.T.);
#2901 = EDGE_CURVE('',#2894,#2902,#2904,.T.);
#2902 = VERTEX_POINT('',#2903);
#2903 = CARTESIAN_POINT('',(40.2,9.764911064067,14.35));
#2904 = LINE('',#2905,#2906);
#2905 = CARTESIAN_POINT('',(40.2,19.,14.35));
#2906 = VECTOR('',#2907,1.);
#2907 = DIRECTION('',(0.,-1.,0.));
#2908 = ORIENTED_EDGE('',*,*,#2909,.T.);
#2909 = EDGE_CURVE('',#2902,#2625,#2910,.T.);
#2910 = LINE('',#2911,#2912);
#2911 = CARTESIAN_POINT('',(40.2,9.764911064067,14.35));
#2912 = VECTOR('',#2913,1.);
#2913 = DIRECTION('',(0.,0.,1.));
#2914 = ORIENTED_EDGE('',*,*,#2633,.T.);
#2915 = PLANE('',#2916);
#2916 = AXIS2_PLACEMENT_3D('',#2917,#2918,#2919);
#2917 = CARTESIAN_POINT('',(40.2,8.,14.25));
#2918 = DIRECTION('',(-1.,0.,0.));
#2919 = DIRECTION('',(0.,1.,0.));
#2920 = ADVANCED_FACE('',(#2921),#2964,.F.);
#2921 = FACE_BOUND('',#2922,.T.);
#2922 = EDGE_LOOP('',(#2923,#2931,#2940,#2948,#2957,#2963));
#2923 = ORIENTED_EDGE('',*,*,#2924,.T.);
#2924 = EDGE_CURVE('',#2668,#2925,#2927,.T.);
#2925 = VERTEX_POINT('',#2926);
#2926 = CARTESIAN_POINT('',(1.857597385864,52.843143004394,14.35));
#2927 = LINE('',#2928,#2929);
#2928 = CARTESIAN_POINT('',(1.857597385864,52.843143004394,14.25));
#2929 = VECTOR('',#2930,1.);
#2930 = DIRECTION('',(-0.,-0.,-1.));
#2931 = ORIENTED_EDGE('',*,*,#2932,.T.);
#2932 = EDGE_CURVE('',#2925,#2933,#2935,.T.);
#2933 = VERTEX_POINT('',#2934);
#2934 = CARTESIAN_POINT('',(1.956390979926,53.383759376654,14.35));
#2935 = CIRCLE('',#2936,6.2);
#2936 = AXIS2_PLACEMENT_3D('',#2937,#2938,#2939);
#2937 = CARTESIAN_POINT('',(8.,52.,14.35));
#2938 = DIRECTION('',(-0.,0.,-1.));
#2939 = DIRECTION('',(-1.146036670581E-15,1.,0.));
#2940 = ORIENTED_EDGE('',*,*,#2941,.F.);
#2941 = EDGE_CURVE('',#2942,#2933,#2944,.T.);
#2942 = VERTEX_POINT('',#2943);
#2943 = CARTESIAN_POINT('',(1.956390979926,53.383759376654,14.75));
#2944 = LINE('',#2945,#2946);
#2945 = CARTESIAN_POINT('',(1.956390979926,53.383759376654,14.25));
#2946 = VECTOR('',#2947,1.);
#2947 = DIRECTION('',(-0.,-0.,-1.));
#2948 = ORIENTED_EDGE('',*,*,#2949,.T.);
#2949 = EDGE_CURVE('',#2942,#2950,#2952,.T.);
#2950 = VERTEX_POINT('',#2951);
#2951 = CARTESIAN_POINT('',(8.,58.2,14.75));
#2952 = CIRCLE('',#2953,6.2);
#2953 = AXIS2_PLACEMENT_3D('',#2954,#2955,#2956);
#2954 = CARTESIAN_POINT('',(8.,52.,14.75));
#2955 = DIRECTION('',(-0.,0.,-1.));
#2956 = DIRECTION('',(-1.146036670581E-15,1.,0.));
#2957 = ORIENTED_EDGE('',*,*,#2958,.T.);
#2958 = EDGE_CURVE('',#2950,#2660,#2959,.T.);
#2959 = LINE('',#2960,#2961);
#2960 = CARTESIAN_POINT('',(8.,58.2,14.25));
#2961 = VECTOR('',#2962,1.);
#2962 = DIRECTION('',(0.,0.,1.));
#2963 = ORIENTED_EDGE('',*,*,#2667,.T.);
#2964 = CYLINDRICAL_SURFACE('',#2965,6.2);
#2965 = AXIS2_PLACEMENT_3D('',#2966,#2967,#2968);
#2966 = CARTESIAN_POINT('',(8.,52.,14.25));
#2967 = DIRECTION('',(-0.,-0.,-1.));
#2968 = DIRECTION('',(-1.146036670581E-15,1.,0.));
#2969 = ADVANCED_FACE('',(#2970),#3013,.F.);
#2970 = FACE_BOUND('',#2971,.T.);
#2971 = EDGE_LOOP('',(#2972,#2983,#2991,#3000,#3006,#3007));
#2972 = ORIENTED_EDGE('',*,*,#2973,.T.);
#2973 = EDGE_CURVE('',#2974,#2976,#2978,.T.);
#2974 = VERTEX_POINT('',#2975);
#2975 = CARTESIAN_POINT('',(34.,58.2,14.75));
#2976 = VERTEX_POINT('',#2977);
#2977 = CARTESIAN_POINT('',(40.043609020074,53.383759376654,14.75));
#2978 = CIRCLE('',#2979,6.2);
#2979 = AXIS2_PLACEMENT_3D('',#2980,#2981,#2982);
#2980 = CARTESIAN_POINT('',(34.,52.,14.75));
#2981 = DIRECTION('',(0.,-0.,-1.));
#2982 = DIRECTION('',(1.,1.146036670581E-15,-0.));
#2983 = ORIENTED_EDGE('',*,*,#2984,.T.);
#2984 = EDGE_CURVE('',#2976,#2985,#2987,.T.);
#2985 = VERTEX_POINT('',#2986);
#2986 = CARTESIAN_POINT('',(40.043609020074,53.383759376654,14.35));
#2987 = LINE('',#2988,#2989);
#2988 = CARTESIAN_POINT('',(40.043609020074,53.383759376654,14.25));
#2989 = VECTOR('',#2990,1.);
#2990 = DIRECTION('',(-0.,-0.,-1.));
#2991 = ORIENTED_EDGE('',*,*,#2992,.T.);
#2992 = EDGE_CURVE('',#2985,#2993,#2995,.T.);
#2993 = VERTEX_POINT('',#2994);
#2994 = CARTESIAN_POINT('',(40.142402614136,52.843143004394,14.35));
#2995 = CIRCLE('',#2996,6.2);
#2996 = AXIS2_PLACEMENT_3D('',#2997,#2998,#2999);
#2997 = CARTESIAN_POINT('',(34.,52.,14.35));
#2998 = DIRECTION('',(0.,-0.,-1.));
#2999 = DIRECTION('',(1.,1.146036670581E-15,-0.));
#3000 = ORIENTED_EDGE('',*,*,#3001,.F.);
#3001 = EDGE_CURVE('',#2642,#2993,#3002,.T.);
#3002 = LINE('',#3003,#3004);
#3003 = CARTESIAN_POINT('',(40.142402614136,52.843143004394,14.25));
#3004 = VECTOR('',#3005,1.);
#3005 = DIRECTION('',(-0.,-0.,-1.));
#3006 = ORIENTED_EDGE('',*,*,#2650,.T.);
#3007 = ORIENTED_EDGE('',*,*,#3008,.F.);
#3008 = EDGE_CURVE('',#2974,#2651,#3009,.T.);
#3009 = LINE('',#3010,#3011);
#3010 = CARTESIAN_POINT('',(34.,58.2,14.25));
#3011 = VECTOR('',#3012,1.);
#3012 = DIRECTION('',(0.,0.,1.));
#3013 = CYLINDRICAL_SURFACE('',#3014,6.2);
#3014 = AXIS2_PLACEMENT_3D('',#3015,#3016,#3017);
#3015 = CARTESIAN_POINT('',(34.,52.,14.25));
#3016 = DIRECTION('',(-0.,-0.,-1.));
#3017 = DIRECTION('',(1.,1.146036670581E-15,-0.));
#3018 = ADVANCED_FACE('',(#3019),#3060,.T.);
#3019 = FACE_BOUND('',#3020,.T.);
#3020 = EDGE_LOOP('',(#3021,#3022,#3030,#3038,#3046,#3054));
#3021 = ORIENTED_EDGE('',*,*,#1049,.T.);
#3022 = ORIENTED_EDGE('',*,*,#3023,.T.);
#3023 = EDGE_CURVE('',#1042,#3024,#3026,.T.);
#3024 = VERTEX_POINT('',#3025);
#3025 = CARTESIAN_POINT('',(11.9,2.,14.35));
#3026 = LINE('',#3027,#3028);
#3027 = CARTESIAN_POINT('',(11.9,14.5,14.35));
#3028 = VECTOR('',#3029,1.);
#3029 = DIRECTION('',(-0.,1.,0.));
#3030 = ORIENTED_EDGE('',*,*,#3031,.T.);
#3031 = EDGE_CURVE('',#3024,#3032,#3034,.T.);
#3032 = VERTEX_POINT('',#3033);
#3033 = CARTESIAN_POINT('',(11.9,2.,13.2));
#3034 = LINE('',#3035,#3036);
#3035 = CARTESIAN_POINT('',(11.9,2.,13.1));
#3036 = VECTOR('',#3037,1.);
#3037 = DIRECTION('',(-0.,0.,-1.));
#3038 = ORIENTED_EDGE('',*,*,#3039,.T.);
#3039 = EDGE_CURVE('',#3032,#3040,#3042,.T.);
#3040 = VERTEX_POINT('',#3041);
#3041 = CARTESIAN_POINT('',(11.9,2.8,13.2));
#3042 = LINE('',#3043,#3044);
#3043 = CARTESIAN_POINT('',(11.9,14.5,13.2));
#3044 = VECTOR('',#3045,1.);
#3045 = DIRECTION('',(-0.,1.,0.));
#3046 = ORIENTED_EDGE('',*,*,#3047,.F.);
#3047 = EDGE_CURVE('',#3048,#3040,#3050,.T.);
#3048 = VERTEX_POINT('',#3049);
#3049 = CARTESIAN_POINT('',(11.9,2.8,14.75));
#3050 = LINE('',#3051,#3052);
#3051 = CARTESIAN_POINT('',(11.9,2.8,13.05));
#3052 = VECTOR('',#3053,1.);
#3053 = DIRECTION('',(-0.,0.,-1.));
#3054 = ORIENTED_EDGE('',*,*,#3055,.F.);
#3055 = EDGE_CURVE('',#1050,#3048,#3056,.T.);
#3056 = LINE('',#3057,#3058);
#3057 = CARTESIAN_POINT('',(11.9,14.5,14.75));
#3058 = VECTOR('',#3059,1.);
#3059 = DIRECTION('',(-0.,1.,0.));
#3060 = PLANE('',#3061);
#3061 = AXIS2_PLACEMENT_3D('',#3062,#3063,#3064);
#3062 = CARTESIAN_POINT('',(11.9,-1.,13.));
#3063 = DIRECTION('',(1.,0.,-0.));
#3064 = DIRECTION('',(0.,0.,1.));
#3065 = ADVANCED_FACE('',(#3066),#3107,.F.);
#3066 = FACE_BOUND('',#3067,.F.);
#3067 = EDGE_LOOP('',(#3068,#3069,#3077,#3085,#3093,#3101));
#3068 = ORIENTED_EDGE('',*,*,#1015,.T.);
#3069 = ORIENTED_EDGE('',*,*,#3070,.T.);
#3070 = EDGE_CURVE('',#1016,#3071,#3073,.T.);
#3071 = VERTEX_POINT('',#3072);
#3072 = CARTESIAN_POINT('',(30.1,2.,14.35));
#3073 = LINE('',#3074,#3075);
#3074 = CARTESIAN_POINT('',(30.1,14.5,14.35));
#3075 = VECTOR('',#3076,1.);
#3076 = DIRECTION('',(-0.,1.,0.));
#3077 = ORIENTED_EDGE('',*,*,#3078,.T.);
#3078 = EDGE_CURVE('',#3071,#3079,#3081,.T.);
#3079 = VERTEX_POINT('',#3080);
#3080 = CARTESIAN_POINT('',(30.1,2.,13.2));
#3081 = LINE('',#3082,#3083);
#3082 = CARTESIAN_POINT('',(30.1,2.,13.1));
#3083 = VECTOR('',#3084,1.);
#3084 = DIRECTION('',(-0.,0.,-1.));
#3085 = ORIENTED_EDGE('',*,*,#3086,.T.);
#3086 = EDGE_CURVE('',#3079,#3087,#3089,.T.);
#3087 = VERTEX_POINT('',#3088);
#3088 = CARTESIAN_POINT('',(30.1,2.8,13.2));
#3089 = LINE('',#3090,#3091);
#3090 = CARTESIAN_POINT('',(30.1,14.5,13.2));
#3091 = VECTOR('',#3092,1.);
#3092 = DIRECTION('',(-0.,1.,0.));
#3093 = ORIENTED_EDGE('',*,*,#3094,.F.);
#3094 = EDGE_CURVE('',#3095,#3087,#3097,.T.);
#3095 = VERTEX_POINT('',#3096);
#3096 = CARTESIAN_POINT('',(30.1,2.8,14.75));
#3097 = LINE('',#3098,#3099);
#3098 = CARTESIAN_POINT('',(30.1,2.8,13.05));
#3099 = VECTOR('',#3100,1.);
#3100 = DIRECTION('',(-0.,0.,-1.));
#3101 = ORIENTED_EDGE('',*,*,#3102,.F.);
#3102 = EDGE_CURVE('',#1006,#3095,#3103,.T.);
#3103 = LINE('',#3104,#3105);
#3104 = CARTESIAN_POINT('',(30.1,14.5,14.75));
#3105 = VECTOR('',#3106,1.);
#3106 = DIRECTION('',(-0.,1.,0.));
#3107 = PLANE('',#3108);
#3108 = AXIS2_PLACEMENT_3D('',#3109,#3110,#3111);
#3109 = CARTESIAN_POINT('',(30.1,-1.,13.));
#3110 = DIRECTION('',(1.,0.,-0.));
#3111 = DIRECTION('',(0.,0.,1.));
#3112 = ADVANCED_FACE('',(#3113),#3125,.T.);
#3113 = FACE_BOUND('',#3114,.T.);
#3114 = EDGE_LOOP('',(#3115,#3116,#3123,#3124));
#3115 = ORIENTED_EDGE('',*,*,#2909,.F.);
#3116 = ORIENTED_EDGE('',*,*,#3117,.T.);
#3117 = EDGE_CURVE('',#2902,#1098,#3118,.T.);
#3118 = CIRCLE('',#3119,2.2);
#3119 = AXIS2_PLACEMENT_3D('',#3120,#3121,#3122);
#3120 = CARTESIAN_POINT('',(38.4,8.5,14.35));
#3121 = DIRECTION('',(0.,0.,1.));
#3122 = DIRECTION('',(1.,0.,-0.));
#3123 = ORIENTED_EDGE('',*,*,#1095,.F.);
#3124 = ORIENTED_EDGE('',*,*,#2624,.F.);
#3125 = CYLINDRICAL_SURFACE('',#3126,2.2);
#3126 = AXIS2_PLACEMENT_3D('',#3127,#3128,#3129);
#3127 = CARTESIAN_POINT('',(38.4,8.5,14.35));
#3128 = DIRECTION('',(0.,0.,1.));
#3129 = DIRECTION('',(1.,0.,-0.));
#3130 = ADVANCED_FACE('',(#3131),#3184,.F.);
#3131 = FACE_BOUND('',#3132,.F.);
#3132 = EDGE_LOOP('',(#3133,#3144,#3152,#3161,#3169,#3176,#3177));
#3133 = ORIENTED_EDGE('',*,*,#3134,.F.);
#3134 = EDGE_CURVE('',#3135,#3137,#3139,.T.);
#3135 = VERTEX_POINT('',#3136);
#3136 = CARTESIAN_POINT('',(38.814254517819,6.034560243189,14.75));
#3137 = VERTEX_POINT('',#3138);
#3138 = CARTESIAN_POINT('',(39.78851672315,6.421052836282,14.75));
#3139 = CIRCLE('',#3140,2.5);
#3140 = AXIS2_PLACEMENT_3D('',#3141,#3142,#3143);
#3141 = CARTESIAN_POINT('',(38.4,8.5,14.75));
#3142 = DIRECTION('',(0.,0.,1.));
#3143 = DIRECTION('',(1.,0.,-0.));
#3144 = ORIENTED_EDGE('',*,*,#3145,.T.);
#3145 = EDGE_CURVE('',#3135,#3146,#3148,.T.);
#3146 = VERTEX_POINT('',#3147);
#3147 = CARTESIAN_POINT('',(38.814254517819,6.034560243189,13.2));
#3148 = LINE('',#3149,#3150);
#3149 = CARTESIAN_POINT('',(38.814254517819,6.034560243189,13.1));
#3150 = VECTOR('',#3151,1.);
#3151 = DIRECTION('',(-0.,-0.,-1.));
#3152 = ORIENTED_EDGE('',*,*,#3153,.T.);
#3153 = EDGE_CURVE('',#3146,#3154,#3156,.T.);
#3154 = VERTEX_POINT('',#3155);
#3155 = CARTESIAN_POINT('',(39.78851672315,6.421052836282,13.2));
#3156 = CIRCLE('',#3157,2.5);
#3157 = AXIS2_PLACEMENT_3D('',#3158,#3159,#3160);
#3158 = CARTESIAN_POINT('',(38.4,8.5,13.2));
#3159 = DIRECTION('',(0.,0.,1.));
#3160 = DIRECTION('',(1.,0.,-0.));
#3161 = ORIENTED_EDGE('',*,*,#3162,.F.);
#3162 = EDGE_CURVE('',#3163,#3154,#3165,.T.);
#3163 = VERTEX_POINT('',#3164);
#3164 = CARTESIAN_POINT('',(39.78851672315,6.421052836282,14.35));
#3165 = LINE('',#3166,#3167);
#3166 = CARTESIAN_POINT('',(39.78851672315,6.421052836281,13.2));
#3167 = VECTOR('',#3168,1.);
#3168 = DIRECTION('',(-0.,-0.,-1.));
#3169 = ORIENTED_EDGE('',*,*,#3170,.T.);
#3170 = EDGE_CURVE('',#3163,#1106,#3171,.T.);
#3171 = CIRCLE('',#3172,2.5);
#3172 = AXIS2_PLACEMENT_3D('',#3173,#3174,#3175);
#3173 = CARTESIAN_POINT('',(38.4,8.5,14.35));
#3174 = DIRECTION('',(0.,0.,1.));
#3175 = DIRECTION('',(1.,0.,-0.));
#3176 = ORIENTED_EDGE('',*,*,#1114,.F.);
#3177 = ORIENTED_EDGE('',*,*,#3178,.F.);
#3178 = EDGE_CURVE('',#3137,#1115,#3179,.T.);
#3179 = CIRCLE('',#3180,2.5);
#3180 = AXIS2_PLACEMENT_3D('',#3181,#3182,#3183);
#3181 = CARTESIAN_POINT('',(38.4,8.5,14.75));
#3182 = DIRECTION('',(0.,0.,1.));
#3183 = DIRECTION('',(1.,0.,-0.));
#3184 = CYLINDRICAL_SURFACE('',#3185,2.5);
#3185 = AXIS2_PLACEMENT_3D('',#3186,#3187,#3188);
#3186 = CARTESIAN_POINT('',(38.4,8.5,13.));
#3187 = DIRECTION('',(0.,0.,1.));
#3188 = DIRECTION('',(1.,0.,-0.));
#3189 = ADVANCED_FACE('',(#3190),#3202,.T.);
#3190 = FACE_BOUND('',#3191,.T.);
#3191 = EDGE_LOOP('',(#3192,#3193,#3200,#3201));
#3192 = ORIENTED_EDGE('',*,*,#3001,.T.);
#3193 = ORIENTED_EDGE('',*,*,#3194,.T.);
#3194 = EDGE_CURVE('',#2993,#2862,#3195,.T.);
#3195 = CIRCLE('',#3196,2.2);
#3196 = AXIS2_PLACEMENT_3D('',#3197,#3198,#3199);
#3197 = CARTESIAN_POINT('',(38.4,51.5,14.35));
#3198 = DIRECTION('',(0.,0.,1.));
#3199 = DIRECTION('',(1.,0.,-0.));
#3200 = ORIENTED_EDGE('',*,*,#2861,.T.);
#3201 = ORIENTED_EDGE('',*,*,#2641,.F.);
#3202 = CYLINDRICAL_SURFACE('',#3203,2.2);
#3203 = AXIS2_PLACEMENT_3D('',#3204,#3205,#3206);
#3204 = CARTESIAN_POINT('',(38.4,51.5,14.35));
#3205 = DIRECTION('',(0.,0.,1.));
#3206 = DIRECTION('',(1.,0.,-0.));
#3207 = ADVANCED_FACE('',(#3208),#3261,.F.);
#3208 = FACE_BOUND('',#3209,.F.);
#3209 = EDGE_LOOP('',(#3210,#3220,#3229,#3237,#3246,#3253,#3254));
#3210 = ORIENTED_EDGE('',*,*,#3211,.F.);
#3211 = EDGE_CURVE('',#3212,#3214,#3216,.T.);
#3212 = VERTEX_POINT('',#3213);
#3213 = CARTESIAN_POINT('',(40.,10.42093727123,13.2));
#3214 = VERTEX_POINT('',#3215);
#3215 = CARTESIAN_POINT('',(40.,10.42093727123,14.35));
#3216 = LINE('',#3217,#3218);
#3217 = CARTESIAN_POINT('',(40.,10.42093727123,13.));
#3218 = VECTOR('',#3219,1.);
#3219 = DIRECTION('',(0.,0.,1.));
#3220 = ORIENTED_EDGE('',*,*,#3221,.T.);
#3221 = EDGE_CURVE('',#3212,#3222,#3224,.T.);
#3222 = VERTEX_POINT('',#3223);
#3223 = CARTESIAN_POINT('',(39.2,10.868543856465,13.2));
#3224 = CIRCLE('',#3225,2.5);
#3225 = AXIS2_PLACEMENT_3D('',#3226,#3227,#3228);
#3226 = CARTESIAN_POINT('',(38.4,8.5,13.2));
#3227 = DIRECTION('',(0.,0.,1.));
#3228 = DIRECTION('',(1.,0.,-0.));
#3229 = ORIENTED_EDGE('',*,*,#3230,.T.);
#3230 = EDGE_CURVE('',#3222,#3231,#3233,.T.);
#3231 = VERTEX_POINT('',#3232);
#3232 = CARTESIAN_POINT('',(39.2,10.868543856465,14.75));
#3233 = LINE('',#3234,#3235);
#3234 = CARTESIAN_POINT('',(39.2,10.868543856465,13.));
#3235 = VECTOR('',#3236,1.);
#3236 = DIRECTION('',(0.,0.,1.));
#3237 = ORIENTED_EDGE('',*,*,#3238,.F.);
#3238 = EDGE_CURVE('',#3239,#3231,#3241,.T.);
#3239 = VERTEX_POINT('',#3240);
#3240 = CARTESIAN_POINT('',(40.,10.42093727123,14.75));
#3241 = CIRCLE('',#3242,2.5);
#3242 = AXIS2_PLACEMENT_3D('',#3243,#3244,#3245);
#3243 = CARTESIAN_POINT('',(38.4,8.5,14.75));
#3244 = DIRECTION('',(0.,0.,1.));
#3245 = DIRECTION('',(1.,0.,-0.));
#3246 = ORIENTED_EDGE('',*,*,#3247,.F.);
#3247 = EDGE_CURVE('',#2886,#3239,#3248,.T.);
#3248 = CIRCLE('',#3249,2.5);
#3249 = AXIS2_PLACEMENT_3D('',#3250,#3251,#3252);
#3250 = CARTESIAN_POINT('',(38.4,8.5,14.75));
#3251 = DIRECTION('',(0.,0.,1.));
#3252 = DIRECTION('',(1.,0.,-0.));
#3253 = ORIENTED_EDGE('',*,*,#2893,.F.);
#3254 = ORIENTED_EDGE('',*,*,#3255,.T.);
#3255 = EDGE_CURVE('',#2894,#3214,#3256,.T.);
#3256 = CIRCLE('',#3257,2.5);
#3257 = AXIS2_PLACEMENT_3D('',#3258,#3259,#3260);
#3258 = CARTESIAN_POINT('',(38.4,8.5,14.35));
#3259 = DIRECTION('',(0.,0.,1.));
#3260 = DIRECTION('',(1.,0.,-0.));
#3261 = CYLINDRICAL_SURFACE('',#3262,2.5);
#3262 = AXIS2_PLACEMENT_3D('',#3263,#3264,#3265);
#3263 = CARTESIAN_POINT('',(38.4,8.5,13.));
#3264 = DIRECTION('',(0.,0.,1.));
#3265 = DIRECTION('',(1.,0.,-0.));
#3266 = ADVANCED_FACE('',(#3267),#3320,.F.);
#3267 = FACE_BOUND('',#3268,.F.);
#3268 = EDGE_LOOP('',(#3269,#3279,#3288,#3296,#3303,#3304,#3313));
#3269 = ORIENTED_EDGE('',*,*,#3270,.F.);
#3270 = EDGE_CURVE('',#3271,#3273,#3275,.T.);
#3271 = VERTEX_POINT('',#3272);
#3272 = CARTESIAN_POINT('',(39.2,49.131456143534,13.2));
#3273 = VERTEX_POINT('',#3274);
#3274 = CARTESIAN_POINT('',(39.2,49.131456143534,14.75));
#3275 = LINE('',#3276,#3277);
#3276 = CARTESIAN_POINT('',(39.2,49.131456143535,13.));
#3277 = VECTOR('',#3278,1.);
#3278 = DIRECTION('',(0.,0.,1.));
#3279 = ORIENTED_EDGE('',*,*,#3280,.T.);
#3280 = EDGE_CURVE('',#3271,#3281,#3283,.T.);
#3281 = VERTEX_POINT('',#3282);
#3282 = CARTESIAN_POINT('',(40.,49.57906272877,13.2));
#3283 = CIRCLE('',#3284,2.5);
#3284 = AXIS2_PLACEMENT_3D('',#3285,#3286,#3287);
#3285 = CARTESIAN_POINT('',(38.4,51.5,13.2));
#3286 = DIRECTION('',(0.,0.,1.));
#3287 = DIRECTION('',(1.,0.,-0.));
#3288 = ORIENTED_EDGE('',*,*,#3289,.T.);
#3289 = EDGE_CURVE('',#3281,#3290,#3292,.T.);
#3290 = VERTEX_POINT('',#3291);
#3291 = CARTESIAN_POINT('',(40.,49.57906272877,14.35));
#3292 = LINE('',#3293,#3294);
#3293 = CARTESIAN_POINT('',(40.,49.57906272877,13.));
#3294 = VECTOR('',#3295,1.);
#3295 = DIRECTION('',(0.,0.,1.));
#3296 = ORIENTED_EDGE('',*,*,#3297,.T.);
#3297 = EDGE_CURVE('',#3290,#2870,#3298,.T.);
#3298 = CIRCLE('',#3299,2.5);
#3299 = AXIS2_PLACEMENT_3D('',#3300,#3301,#3302);
#3300 = CARTESIAN_POINT('',(38.4,51.5,14.35));
#3301 = DIRECTION('',(0.,0.,1.));
#3302 = DIRECTION('',(1.,0.,-0.));
#3303 = ORIENTED_EDGE('',*,*,#2877,.T.);
#3304 = ORIENTED_EDGE('',*,*,#3305,.F.);
#3305 = EDGE_CURVE('',#3306,#2878,#3308,.T.);
#3306 = VERTEX_POINT('',#3307);
#3307 = CARTESIAN_POINT('',(40.,49.57906272877,14.75));
#3308 = CIRCLE('',#3309,2.5);
#3309 = AXIS2_PLACEMENT_3D('',#3310,#3311,#3312);
#3310 = CARTESIAN_POINT('',(38.4,51.5,14.75));
#3311 = DIRECTION('',(0.,0.,1.));
#3312 = DIRECTION('',(1.,0.,-0.));
#3313 = ORIENTED_EDGE('',*,*,#3314,.F.);
#3314 = EDGE_CURVE('',#3273,#3306,#3315,.T.);
#3315 = CIRCLE('',#3316,2.5);
#3316 = AXIS2_PLACEMENT_3D('',#3317,#3318,#3319);
#3317 = CARTESIAN_POINT('',(38.4,51.5,14.75));
#3318 = DIRECTION('',(0.,0.,1.));
#3319 = DIRECTION('',(1.,0.,-0.));
#3320 = CYLINDRICAL_SURFACE('',#3321,2.5);
#3321 = AXIS2_PLACEMENT_3D('',#3322,#3323,#3324);
#3322 = CARTESIAN_POINT('',(38.4,51.5,13.));
#3323 = DIRECTION('',(0.,0.,1.));
#3324 = DIRECTION('',(1.,0.,-0.));
#3325 = ADVANCED_FACE('',(#3326),#3337,.T.);
#3326 = FACE_BOUND('',#3327,.T.);
#3327 = EDGE_LOOP('',(#3328,#3329,#3335,#3336));
#3328 = ORIENTED_EDGE('',*,*,#2958,.F.);
#3329 = ORIENTED_EDGE('',*,*,#3330,.F.);
#3330 = EDGE_CURVE('',#2974,#2950,#3331,.T.);
#3331 = LINE('',#3332,#3333);
#3332 = CARTESIAN_POINT('',(27.5,58.2,14.75));
#3333 = VECTOR('',#3334,1.);
#3334 = DIRECTION('',(-1.,0.,0.));
#3335 = ORIENTED_EDGE('',*,*,#3008,.T.);
#3336 = ORIENTED_EDGE('',*,*,#2659,.T.);
#3337 = PLANE('',#3338);
#3338 = AXIS2_PLACEMENT_3D('',#3339,#3340,#3341);
#3339 = CARTESIAN_POINT('',(34.,58.2,14.25));
#3340 = DIRECTION('',(0.,-1.,0.));
#3341 = DIRECTION('',(-1.,0.,0.));
#3342 = ADVANCED_FACE('',(#3343),#3396,.F.);
#3343 = FACE_BOUND('',#3344,.F.);
#3344 = EDGE_LOOP('',(#3345,#3354,#3362,#3371,#3379,#3388,#3395));
#3345 = ORIENTED_EDGE('',*,*,#3346,.T.);
#3346 = EDGE_CURVE('',#2985,#3347,#3349,.T.);
#3347 = VERTEX_POINT('',#3348);
#3348 = CARTESIAN_POINT('',(39.78851672315,53.578947163719,14.35));
#3349 = CIRCLE('',#3350,2.5);
#3350 = AXIS2_PLACEMENT_3D('',#3351,#3352,#3353);
#3351 = CARTESIAN_POINT('',(38.4,51.5,14.35));
#3352 = DIRECTION('',(0.,0.,1.));
#3353 = DIRECTION('',(1.,0.,-0.));
#3354 = ORIENTED_EDGE('',*,*,#3355,.T.);
#3355 = EDGE_CURVE('',#3347,#3356,#3358,.T.);
#3356 = VERTEX_POINT('',#3357);
#3357 = CARTESIAN_POINT('',(39.78851672315,53.578947163719,13.2));
#3358 = LINE('',#3359,#3360);
#3359 = CARTESIAN_POINT('',(39.78851672315,53.578947163719,13.2));
#3360 = VECTOR('',#3361,1.);
#3361 = DIRECTION('',(-0.,-0.,-1.));
#3362 = ORIENTED_EDGE('',*,*,#3363,.T.);
#3363 = EDGE_CURVE('',#3356,#3364,#3366,.T.);
#3364 = VERTEX_POINT('',#3365);
#3365 = CARTESIAN_POINT('',(38.814254517819,53.965439756812,13.2));
#3366 = CIRCLE('',#3367,2.5);
#3367 = AXIS2_PLACEMENT_3D('',#3368,#3369,#3370);
#3368 = CARTESIAN_POINT('',(38.4,51.5,13.2));
#3369 = DIRECTION('',(0.,0.,1.));
#3370 = DIRECTION('',(1.,0.,-0.));
#3371 = ORIENTED_EDGE('',*,*,#3372,.F.);
#3372 = EDGE_CURVE('',#3373,#3364,#3375,.T.);
#3373 = VERTEX_POINT('',#3374);
#3374 = CARTESIAN_POINT('',(38.814254517819,53.965439756812,14.75));
#3375 = LINE('',#3376,#3377);
#3376 = CARTESIAN_POINT('',(38.814254517819,53.965439756811,13.1));
#3377 = VECTOR('',#3378,1.);
#3378 = DIRECTION('',(-0.,-0.,-1.));
#3379 = ORIENTED_EDGE('',*,*,#3380,.F.);
#3380 = EDGE_CURVE('',#3381,#3373,#3383,.T.);
#3381 = VERTEX_POINT('',#3382);
#3382 = CARTESIAN_POINT('',(39.78851672315,53.578947163719,14.75));
#3383 = CIRCLE('',#3384,2.5);
#3384 = AXIS2_PLACEMENT_3D('',#3385,#3386,#3387);
#3385 = CARTESIAN_POINT('',(38.4,51.5,14.75));
#3386 = DIRECTION('',(0.,0.,1.));
#3387 = DIRECTION('',(1.,0.,-0.));
#3388 = ORIENTED_EDGE('',*,*,#3389,.F.);
#3389 = EDGE_CURVE('',#2976,#3381,#3390,.T.);
#3390 = CIRCLE('',#3391,2.5);
#3391 = AXIS2_PLACEMENT_3D('',#3392,#3393,#3394);
#3392 = CARTESIAN_POINT('',(38.4,51.5,14.75));
#3393 = DIRECTION('',(0.,0.,1.));
#3394 = DIRECTION('',(1.,0.,-0.));
#3395 = ORIENTED_EDGE('',*,*,#2984,.T.);
#3396 = CYLINDRICAL_SURFACE('',#3397,2.5);
#3397 = AXIS2_PLACEMENT_3D('',#3398,#3399,#3400);
#3398 = CARTESIAN_POINT('',(38.4,51.5,13.));
#3399 = DIRECTION('',(0.,0.,1.));
#3400 = DIRECTION('',(1.,0.,-0.));
#3401 = ADVANCED_FACE('',(#3402),#3455,.F.);
#3402 = FACE_BOUND('',#3403,.F.);
#3403 = EDGE_LOOP('',(#3404,#3415,#3423,#3432,#3440,#3447,#3448));
#3404 = ORIENTED_EDGE('',*,*,#3405,.F.);
#3405 = EDGE_CURVE('',#3406,#3408,#3410,.T.);
#3406 = VERTEX_POINT('',#3407);
#3407 = CARTESIAN_POINT('',(3.18574548218,53.965439756811,14.75));
#3408 = VERTEX_POINT('',#3409);
#3409 = CARTESIAN_POINT('',(2.21148327685,53.578947163719,14.75));
#3410 = CIRCLE('',#3411,2.5);
#3411 = AXIS2_PLACEMENT_3D('',#3412,#3413,#3414);
#3412 = CARTESIAN_POINT('',(3.6,51.5,14.75));
#3413 = DIRECTION('',(0.,0.,1.));
#3414 = DIRECTION('',(1.,0.,-0.));
#3415 = ORIENTED_EDGE('',*,*,#3416,.T.);
#3416 = EDGE_CURVE('',#3406,#3417,#3419,.T.);
#3417 = VERTEX_POINT('',#3418);
#3418 = CARTESIAN_POINT('',(3.18574548218,53.965439756811,13.2));
#3419 = LINE('',#3420,#3421);
#3420 = CARTESIAN_POINT('',(3.185745482181,53.965439756811,13.1));
#3421 = VECTOR('',#3422,1.);
#3422 = DIRECTION('',(-0.,-0.,-1.));
#3423 = ORIENTED_EDGE('',*,*,#3424,.T.);
#3424 = EDGE_CURVE('',#3417,#3425,#3427,.T.);
#3425 = VERTEX_POINT('',#3426);
#3426 = CARTESIAN_POINT('',(2.21148327685,53.578947163719,13.2));
#3427 = CIRCLE('',#3428,2.5);
#3428 = AXIS2_PLACEMENT_3D('',#3429,#3430,#3431);
#3429 = CARTESIAN_POINT('',(3.6,51.5,13.2));
#3430 = DIRECTION('',(0.,0.,1.));
#3431 = DIRECTION('',(1.,0.,-0.));
#3432 = ORIENTED_EDGE('',*,*,#3433,.F.);
#3433 = EDGE_CURVE('',#3434,#3425,#3436,.T.);
#3434 = VERTEX_POINT('',#3435);
#3435 = CARTESIAN_POINT('',(2.21148327685,53.578947163719,14.35));
#3436 = LINE('',#3437,#3438);
#3437 = CARTESIAN_POINT('',(2.21148327685,53.578947163719,13.2));
#3438 = VECTOR('',#3439,1.);
#3439 = DIRECTION('',(-0.,-0.,-1.));
#3440 = ORIENTED_EDGE('',*,*,#3441,.T.);
#3441 = EDGE_CURVE('',#3434,#2933,#3442,.T.);
#3442 = CIRCLE('',#3443,2.5);
#3443 = AXIS2_PLACEMENT_3D('',#3444,#3445,#3446);
#3444 = CARTESIAN_POINT('',(3.6,51.5,14.35));
#3445 = DIRECTION('',(0.,0.,1.));
#3446 = DIRECTION('',(1.,0.,-0.));
#3447 = ORIENTED_EDGE('',*,*,#2941,.F.);
#3448 = ORIENTED_EDGE('',*,*,#3449,.F.);
#3449 = EDGE_CURVE('',#3408,#2942,#3450,.T.);
#3450 = CIRCLE('',#3451,2.5);
#3451 = AXIS2_PLACEMENT_3D('',#3452,#3453,#3454);
#3452 = CARTESIAN_POINT('',(3.6,51.5,14.75));
#3453 = DIRECTION('',(0.,0.,1.));
#3454 = DIRECTION('',(1.,0.,-0.));
#3455 = CYLINDRICAL_SURFACE('',#3456,2.5);
#3456 = AXIS2_PLACEMENT_3D('',#3457,#3458,#3459);
#3457 = CARTESIAN_POINT('',(3.6,51.5,13.));
#3458 = DIRECTION('',(0.,0.,1.));
#3459 = DIRECTION('',(1.,0.,-0.));
#3460 = ADVANCED_FACE('',(#3461),#3514,.F.);
#3461 = FACE_BOUND('',#3462,.F.);
#3462 = EDGE_LOOP('',(#3463,#3473,#3482,#3490,#3499,#3506,#3507));
#3463 = ORIENTED_EDGE('',*,*,#3464,.F.);
#3464 = EDGE_CURVE('',#3465,#3467,#3469,.T.);
#3465 = VERTEX_POINT('',#3466);
#3466 = CARTESIAN_POINT('',(2.,49.57906272877,13.2));
#3467 = VERTEX_POINT('',#3468);
#3468 = CARTESIAN_POINT('',(2.,49.57906272877,14.35));
#3469 = LINE('',#3470,#3471);
#3470 = CARTESIAN_POINT('',(2.,49.57906272877,13.));
#3471 = VECTOR('',#3472,1.);
#3472 = DIRECTION('',(0.,0.,1.));
#3473 = ORIENTED_EDGE('',*,*,#3474,.T.);
#3474 = EDGE_CURVE('',#3465,#3475,#3477,.T.);
#3475 = VERTEX_POINT('',#3476);
#3476 = CARTESIAN_POINT('',(2.8,49.131456143535,13.2));
#3477 = CIRCLE('',#3478,2.5);
#3478 = AXIS2_PLACEMENT_3D('',#3479,#3480,#3481);
#3479 = CARTESIAN_POINT('',(3.6,51.5,13.2));
#3480 = DIRECTION('',(0.,0.,1.));
#3481 = DIRECTION('',(1.,0.,-0.));
#3482 = ORIENTED_EDGE('',*,*,#3483,.T.);
#3483 = EDGE_CURVE('',#3475,#3484,#3486,.T.);
#3484 = VERTEX_POINT('',#3485);
#3485 = CARTESIAN_POINT('',(2.8,49.131456143535,14.75));
#3486 = LINE('',#3487,#3488);
#3487 = CARTESIAN_POINT('',(2.8,49.131456143535,13.));
#3488 = VECTOR('',#3489,1.);
#3489 = DIRECTION('',(0.,0.,1.));
#3490 = ORIENTED_EDGE('',*,*,#3491,.F.);
#3491 = EDGE_CURVE('',#3492,#3484,#3494,.T.);
#3492 = VERTEX_POINT('',#3493);
#3493 = CARTESIAN_POINT('',(2.,49.57906272877,14.75));
#3494 = CIRCLE('',#3495,2.5);
#3495 = AXIS2_PLACEMENT_3D('',#3496,#3497,#3498);
#3496 = CARTESIAN_POINT('',(3.6,51.5,14.75));
#3497 = DIRECTION('',(0.,0.,1.));
#3498 = DIRECTION('',(1.,0.,-0.));
#3499 = ORIENTED_EDGE('',*,*,#3500,.F.);
#3500 = EDGE_CURVE('',#2823,#3492,#3501,.T.);
#3501 = CIRCLE('',#3502,2.5);
#3502 = AXIS2_PLACEMENT_3D('',#3503,#3504,#3505);
#3503 = CARTESIAN_POINT('',(3.6,51.5,14.75));
#3504 = DIRECTION('',(0.,0.,1.));
#3505 = DIRECTION('',(1.,0.,-0.));
#3506 = ORIENTED_EDGE('',*,*,#2830,.F.);
#3507 = ORIENTED_EDGE('',*,*,#3508,.T.);
#3508 = EDGE_CURVE('',#2831,#3467,#3509,.T.);
#3509 = CIRCLE('',#3510,2.5);
#3510 = AXIS2_PLACEMENT_3D('',#3511,#3512,#3513);
#3511 = CARTESIAN_POINT('',(3.6,51.5,14.35));
#3512 = DIRECTION('',(0.,0.,1.));
#3513 = DIRECTION('',(1.,0.,-0.));
#3514 = CYLINDRICAL_SURFACE('',#3515,2.5);
#3515 = AXIS2_PLACEMENT_3D('',#3516,#3517,#3518);
#3516 = CARTESIAN_POINT('',(3.6,51.5,13.));
#3517 = DIRECTION('',(0.,0.,1.));
#3518 = DIRECTION('',(1.,0.,-0.));
#3519 = ADVANCED_FACE('',(#3520),#3573,.F.);
#3520 = FACE_BOUND('',#3521,.F.);
#3521 = EDGE_LOOP('',(#3522,#3532,#3541,#3549,#3556,#3557,#3566));
#3522 = ORIENTED_EDGE('',*,*,#3523,.F.);
#3523 = EDGE_CURVE('',#3524,#3526,#3528,.T.);
#3524 = VERTEX_POINT('',#3525);
#3525 = CARTESIAN_POINT('',(2.8,10.868543856465,13.2));
#3526 = VERTEX_POINT('',#3527);
#3527 = CARTESIAN_POINT('',(2.8,10.868543856465,14.75));
#3528 = LINE('',#3529,#3530);
#3529 = CARTESIAN_POINT('',(2.8,10.868543856465,13.));
#3530 = VECTOR('',#3531,1.);
#3531 = DIRECTION('',(0.,0.,1.));
#3532 = ORIENTED_EDGE('',*,*,#3533,.T.);
#3533 = EDGE_CURVE('',#3524,#3534,#3536,.T.);
#3534 = VERTEX_POINT('',#3535);
#3535 = CARTESIAN_POINT('',(2.,10.42093727123,13.2));
#3536 = CIRCLE('',#3537,2.5);
#3537 = AXIS2_PLACEMENT_3D('',#3538,#3539,#3540);
#3538 = CARTESIAN_POINT('',(3.6,8.5,13.2));
#3539 = DIRECTION('',(0.,0.,1.));
#3540 = DIRECTION('',(1.,0.,-0.));
#3541 = ORIENTED_EDGE('',*,*,#3542,.T.);
#3542 = EDGE_CURVE('',#3534,#3543,#3545,.T.);
#3543 = VERTEX_POINT('',#3544);
#3544 = CARTESIAN_POINT('',(2.,10.42093727123,14.35));
#3545 = LINE('',#3546,#3547);
#3546 = CARTESIAN_POINT('',(2.,10.42093727123,13.));
#3547 = VECTOR('',#3548,1.);
#3548 = DIRECTION('',(0.,0.,1.));
#3549 = ORIENTED_EDGE('',*,*,#3550,.T.);
#3550 = EDGE_CURVE('',#3543,#2807,#3551,.T.);
#3551 = CIRCLE('',#3552,2.5);
#3552 = AXIS2_PLACEMENT_3D('',#3553,#3554,#3555);
#3553 = CARTESIAN_POINT('',(3.6,8.5,14.35));
#3554 = DIRECTION('',(0.,0.,1.));
#3555 = DIRECTION('',(1.,0.,-0.));
#3556 = ORIENTED_EDGE('',*,*,#2814,.T.);
#3557 = ORIENTED_EDGE('',*,*,#3558,.F.);
#3558 = EDGE_CURVE('',#3559,#2815,#3561,.T.);
#3559 = VERTEX_POINT('',#3560);
#3560 = CARTESIAN_POINT('',(2.,10.42093727123,14.75));
#3561 = CIRCLE('',#3562,2.5);
#3562 = AXIS2_PLACEMENT_3D('',#3563,#3564,#3565);
#3563 = CARTESIAN_POINT('',(3.6,8.5,14.75));
#3564 = DIRECTION('',(0.,0.,1.));
#3565 = DIRECTION('',(1.,0.,-0.));
#3566 = ORIENTED_EDGE('',*,*,#3567,.F.);
#3567 = EDGE_CURVE('',#3526,#3559,#3568,.T.);
#3568 = CIRCLE('',#3569,2.5);
#3569 = AXIS2_PLACEMENT_3D('',#3570,#3571,#3572);
#3570 = CARTESIAN_POINT('',(3.6,8.5,14.75));
#3571 = DIRECTION('',(0.,0.,1.));
#3572 = DIRECTION('',(1.,0.,-0.));
#3573 = CYLINDRICAL_SURFACE('',#3574,2.5);
#3574 = AXIS2_PLACEMENT_3D('',#3575,#3576,#3577);
#3575 = CARTESIAN_POINT('',(3.6,8.5,13.));
#3576 = DIRECTION('',(0.,0.,1.));
#3577 = DIRECTION('',(1.,0.,-0.));
#3578 = ADVANCED_FACE('',(#3579),#3632,.F.);
#3579 = FACE_BOUND('',#3580,.F.);
#3580 = EDGE_LOOP('',(#3581,#3590,#3598,#3607,#3615,#3624,#3631));
#3581 = ORIENTED_EDGE('',*,*,#3582,.T.);
#3582 = EDGE_CURVE('',#1155,#3583,#3585,.T.);
#3583 = VERTEX_POINT('',#3584);
#3584 = CARTESIAN_POINT('',(2.21148327685,6.421052836281,14.35));
#3585 = CIRCLE('',#3586,2.5);
#3586 = AXIS2_PLACEMENT_3D('',#3587,#3588,#3589);
#3587 = CARTESIAN_POINT('',(3.6,8.5,14.35));
#3588 = DIRECTION('',(0.,0.,1.));
#3589 = DIRECTION('',(1.,0.,-0.));
#3590 = ORIENTED_EDGE('',*,*,#3591,.T.);
#3591 = EDGE_CURVE('',#3583,#3592,#3594,.T.);
#3592 = VERTEX_POINT('',#3593);
#3593 = CARTESIAN_POINT('',(2.21148327685,6.421052836281,13.2));
#3594 = LINE('',#3595,#3596);
#3595 = CARTESIAN_POINT('',(2.21148327685,6.421052836281,13.2));
#3596 = VECTOR('',#3597,1.);
#3597 = DIRECTION('',(-0.,-0.,-1.));
#3598 = ORIENTED_EDGE('',*,*,#3599,.T.);
#3599 = EDGE_CURVE('',#3592,#3600,#3602,.T.);
#3600 = VERTEX_POINT('',#3601);
#3601 = CARTESIAN_POINT('',(3.185745482181,6.034560243189,13.2));
#3602 = CIRCLE('',#3603,2.5);
#3603 = AXIS2_PLACEMENT_3D('',#3604,#3605,#3606);
#3604 = CARTESIAN_POINT('',(3.6,8.5,13.2));
#3605 = DIRECTION('',(0.,0.,1.));
#3606 = DIRECTION('',(1.,0.,-0.));
#3607 = ORIENTED_EDGE('',*,*,#3608,.F.);
#3608 = EDGE_CURVE('',#3609,#3600,#3611,.T.);
#3609 = VERTEX_POINT('',#3610);
#3610 = CARTESIAN_POINT('',(3.185745482181,6.034560243189,14.75));
#3611 = LINE('',#3612,#3613);
#3612 = CARTESIAN_POINT('',(3.185745482181,6.034560243189,13.1));
#3613 = VECTOR('',#3614,1.);
#3614 = DIRECTION('',(-0.,-0.,-1.));
#3615 = ORIENTED_EDGE('',*,*,#3616,.F.);
#3616 = EDGE_CURVE('',#3617,#3609,#3619,.T.);
#3617 = VERTEX_POINT('',#3618);
#3618 = CARTESIAN_POINT('',(2.21148327685,6.421052836281,14.75));
#3619 = CIRCLE('',#3620,2.5);
#3620 = AXIS2_PLACEMENT_3D('',#3621,#3622,#3623);
#3621 = CARTESIAN_POINT('',(3.6,8.5,14.75));
#3622 = DIRECTION('',(0.,0.,1.));
#3623 = DIRECTION('',(1.,0.,-0.));
#3624 = ORIENTED_EDGE('',*,*,#3625,.F.);
#3625 = EDGE_CURVE('',#1146,#3617,#3626,.T.);
#3626 = CIRCLE('',#3627,2.5);
#3627 = AXIS2_PLACEMENT_3D('',#3628,#3629,#3630);
#3628 = CARTESIAN_POINT('',(3.6,8.5,14.75));
#3629 = DIRECTION('',(0.,0.,1.));
#3630 = DIRECTION('',(1.,0.,-0.));
#3631 = ORIENTED_EDGE('',*,*,#1154,.T.);
#3632 = CYLINDRICAL_SURFACE('',#3633,2.5);
#3633 = AXIS2_PLACEMENT_3D('',#3634,#3635,#3636);
#3634 = CARTESIAN_POINT('',(3.6,8.5,13.));
#3635 = DIRECTION('',(0.,0.,1.));
#3636 = DIRECTION('',(1.,0.,-0.));
#3637 = ADVANCED_FACE('',(#3638,#3641),#3652,.T.);
#3638 = FACE_BOUND('',#3639,.T.);
#3639 = EDGE_LOOP('',(#3640));
#3640 = ORIENTED_EDGE('',*,*,#1204,.T.);
#3641 = FACE_BOUND('',#3642,.T.);
#3642 = EDGE_LOOP('',(#3643));
#3643 = ORIENTED_EDGE('',*,*,#3644,.F.);
#3644 = EDGE_CURVE('',#3645,#3645,#3647,.T.);
#3645 = VERTEX_POINT('',#3646);
#3646 = CARTESIAN_POINT('',(4.75,8.5,18.3));
#3647 = CIRCLE('',#3648,1.15);
#3648 = AXIS2_PLACEMENT_3D('',#3649,#3650,#3651);
#3649 = CARTESIAN_POINT('',(3.6,8.5,18.3));
#3650 = DIRECTION('',(0.,0.,1.));
#3651 = DIRECTION('',(1.,0.,-0.));
#3652 = PLANE('',#3653);
#3653 = AXIS2_PLACEMENT_3D('',#3654,#3655,#3656);
#3654 = CARTESIAN_POINT('',(3.6,8.5,18.3));
#3655 = DIRECTION('',(0.,0.,1.));
#3656 = DIRECTION('',(1.,0.,-0.));
#3657 = ADVANCED_FACE('',(#3658,#3676),#3734,.T.);
#3658 = FACE_BOUND('',#3659,.F.);
#3659 = EDGE_LOOP('',(#3660,#3661,#3662,#3663,#3664,#3665,#3666,#3667,
    #3668,#3669,#3670,#3671,#3672,#3673,#3674,#3675));
#3660 = ORIENTED_EDGE('',*,*,#1220,.T.);
#3661 = ORIENTED_EDGE('',*,*,#1603,.T.);
#3662 = ORIENTED_EDGE('',*,*,#1579,.T.);
#3663 = ORIENTED_EDGE('',*,*,#1555,.T.);
#3664 = ORIENTED_EDGE('',*,*,#1529,.T.);
#3665 = ORIENTED_EDGE('',*,*,#1503,.T.);
#3666 = ORIENTED_EDGE('',*,*,#1477,.T.);
#3667 = ORIENTED_EDGE('',*,*,#1451,.T.);
#3668 = ORIENTED_EDGE('',*,*,#1425,.T.);
#3669 = ORIENTED_EDGE('',*,*,#1399,.T.);
#3670 = ORIENTED_EDGE('',*,*,#1375,.T.);
#3671 = ORIENTED_EDGE('',*,*,#1351,.T.);
#3672 = ORIENTED_EDGE('',*,*,#1327,.T.);
#3673 = ORIENTED_EDGE('',*,*,#1301,.T.);
#3674 = ORIENTED_EDGE('',*,*,#1275,.T.);
#3675 = ORIENTED_EDGE('',*,*,#1251,.T.);
#3676 = FACE_BOUND('',#3677,.F.);
#3677 = EDGE_LOOP('',(#3678,#3688,#3696,#3704,#3712,#3720,#3728));
#3678 = ORIENTED_EDGE('',*,*,#3679,.T.);
#3679 = EDGE_CURVE('',#3680,#3682,#3684,.T.);
#3680 = VERTEX_POINT('',#3681);
#3681 = CARTESIAN_POINT('',(20.520553691275,10.806040268456,19.5));
#3682 = VERTEX_POINT('',#3683);
#3683 = CARTESIAN_POINT('',(21.175419463087,10.978187919463,19.5));
#3684 = B_SPLINE_CURVE_WITH_KNOTS('',2,(#3685,#3686,#3687),
  .UNSPECIFIED.,.F.,.F.,(3,3),(0.,1.),.PIECEWISE_BEZIER_KNOTS.);
#3685 = CARTESIAN_POINT('',(20.520553691275,10.806040268456,19.5));
#3686 = CARTESIAN_POINT('',(20.977348993289,10.806040268456,19.5));
#3687 = CARTESIAN_POINT('',(21.175419463087,10.978187919463,19.5));
#3688 = ORIENTED_EDGE('',*,*,#3689,.T.);
#3689 = EDGE_CURVE('',#3682,#3690,#3692,.T.);
#3690 = VERTEX_POINT('',#3691);
#3691 = CARTESIAN_POINT('',(21.373741610738,11.544714765101,19.5));
#3692 = B_SPLINE_CURVE_WITH_KNOTS('',2,(#3693,#3694,#3695),
  .UNSPECIFIED.,.F.,.F.,(3,3),(0.,1.),.PIECEWISE_BEZIER_KNOTS.);
#3693 = CARTESIAN_POINT('',(21.175419463087,10.978187919463,19.5));
#3694 = CARTESIAN_POINT('',(21.373741610738,11.150587248322,19.5));
#3695 = CARTESIAN_POINT('',(21.373741610738,11.544714765101,19.5));
#3696 = ORIENTED_EDGE('',*,*,#3697,.T.);
#3697 = EDGE_CURVE('',#3690,#3698,#3700,.T.);
#3698 = VERTEX_POINT('',#3699);
#3699 = CARTESIAN_POINT('',(21.175419463087,12.103439597315,19.5));
#3700 = B_SPLINE_CURVE_WITH_KNOTS('',2,(#3701,#3702,#3703),
  .UNSPECIFIED.,.F.,.F.,(3,3),(0.,1.),.PIECEWISE_BEZIER_KNOTS.);
#3701 = CARTESIAN_POINT('',(21.373741610738,11.544714765101,19.5));
#3702 = CARTESIAN_POINT('',(21.373741610738,11.935067114094,19.5));
#3703 = CARTESIAN_POINT('',(21.175419463087,12.103439597315,19.5));
#3704 = ORIENTED_EDGE('',*,*,#3705,.T.);
#3705 = EDGE_CURVE('',#3698,#3706,#3708,.T.);
#3706 = VERTEX_POINT('',#3707);
#3707 = CARTESIAN_POINT('',(20.520553691275,12.271812080537,19.5));
#3708 = B_SPLINE_CURVE_WITH_KNOTS('',2,(#3709,#3710,#3711),
  .UNSPECIFIED.,.F.,.F.,(3,3),(0.,1.),.PIECEWISE_BEZIER_KNOTS.);
#3709 = CARTESIAN_POINT('',(21.175419463087,12.103439597315,19.5));
#3710 = CARTESIAN_POINT('',(20.977348993289,12.271812080537,19.5));
#3711 = CARTESIAN_POINT('',(20.520553691275,12.271812080537,19.5));
#3712 = ORIENTED_EDGE('',*,*,#3713,.T.);
#3713 = EDGE_CURVE('',#3706,#3714,#3716,.T.);
#3714 = VERTEX_POINT('',#3715);
#3715 = CARTESIAN_POINT('',(19.908976510067,12.271812080537,19.5));
#3716 = LINE('',#3717,#3718);
#3717 = CARTESIAN_POINT('',(20.520553691275,12.271812080537,19.5));
#3718 = VECTOR('',#3719,1.);
#3719 = DIRECTION('',(-1.,0.,0.));
#3720 = ORIENTED_EDGE('',*,*,#3721,.T.);
#3721 = EDGE_CURVE('',#3714,#3722,#3724,.T.);
#3722 = VERTEX_POINT('',#3723);
#3723 = CARTESIAN_POINT('',(19.908976510067,10.806040268456,19.5));
#3724 = LINE('',#3725,#3726);
#3725 = CARTESIAN_POINT('',(19.908976510067,12.271812080537,19.5));
#3726 = VECTOR('',#3727,1.);
#3727 = DIRECTION('',(0.,-1.,-0.));
#3728 = ORIENTED_EDGE('',*,*,#3729,.T.);
#3729 = EDGE_CURVE('',#3722,#3680,#3730,.T.);
#3730 = LINE('',#3731,#3732);
#3731 = CARTESIAN_POINT('',(19.908976510067,10.806040268456,19.5));
#3732 = VECTOR('',#3733,1.);
#3733 = DIRECTION('',(1.,0.,0.));
#3734 = PLANE('',#3735);
#3735 = AXIS2_PLACEMENT_3D('',#3736,#3737,#3738);
#3736 = CARTESIAN_POINT('',(20.666029648073,10.434818067053,19.5));
#3737 = DIRECTION('',(0.,0.,1.));
#3738 = DIRECTION('',(1.,0.,-0.));
#3739 = ADVANCED_FACE('',(#3740,#3743),#3754,.T.);
#3740 = FACE_BOUND('',#3741,.T.);
#3741 = EDGE_LOOP('',(#3742));
#3742 = ORIENTED_EDGE('',*,*,#1629,.T.);
#3743 = FACE_BOUND('',#3744,.T.);
#3744 = EDGE_LOOP('',(#3745));
#3745 = ORIENTED_EDGE('',*,*,#3746,.F.);
#3746 = EDGE_CURVE('',#3747,#3747,#3749,.T.);
#3747 = VERTEX_POINT('',#3748);
#3748 = CARTESIAN_POINT('',(39.55,8.5,18.3));
#3749 = CIRCLE('',#3750,1.15);
#3750 = AXIS2_PLACEMENT_3D('',#3751,#3752,#3753);
#3751 = CARTESIAN_POINT('',(38.4,8.5,18.3));
#3752 = DIRECTION('',(0.,0.,1.));
#3753 = DIRECTION('',(1.,0.,-0.));
#3754 = PLANE('',#3755);
#3755 = AXIS2_PLACEMENT_3D('',#3756,#3757,#3758);
#3756 = CARTESIAN_POINT('',(38.4,8.5,18.3));
#3757 = DIRECTION('',(0.,0.,1.));
#3758 = DIRECTION('',(1.,0.,-0.));
#3759 = ADVANCED_FACE('',(#3760,#3763),#3774,.T.);
#3760 = FACE_BOUND('',#3761,.T.);
#3761 = EDGE_LOOP('',(#3762));
#3762 = ORIENTED_EDGE('',*,*,#1679,.T.);
#3763 = FACE_BOUND('',#3764,.T.);
#3764 = EDGE_LOOP('',(#3765));
#3765 = ORIENTED_EDGE('',*,*,#3766,.F.);
#3766 = EDGE_CURVE('',#3767,#3767,#3769,.T.);
#3767 = VERTEX_POINT('',#3768);
#3768 = CARTESIAN_POINT('',(4.75,51.5,18.3));
#3769 = CIRCLE('',#3770,1.15);
#3770 = AXIS2_PLACEMENT_3D('',#3771,#3772,#3773);
#3771 = CARTESIAN_POINT('',(3.6,51.5,18.3));
#3772 = DIRECTION('',(0.,0.,1.));
#3773 = DIRECTION('',(1.,0.,-0.));
#3774 = PLANE('',#3775);
#3775 = AXIS2_PLACEMENT_3D('',#3776,#3777,#3778);
#3776 = CARTESIAN_POINT('',(3.6,51.5,18.3));
#3777 = DIRECTION('',(0.,0.,1.));
#3778 = DIRECTION('',(1.,0.,-0.));
#3779 = ADVANCED_FACE('',(#3780),#3792,.T.);
#3780 = FACE_BOUND('',#3781,.F.);
#3781 = EDGE_LOOP('',(#3782,#3783,#3784,#3785,#3786,#3787,#3788,#3789,
    #3790,#3791));
#3782 = ORIENTED_EDGE('',*,*,#1695,.T.);
#3783 = ORIENTED_EDGE('',*,*,#1726,.T.);
#3784 = ORIENTED_EDGE('',*,*,#1774,.T.);
#3785 = ORIENTED_EDGE('',*,*,#1822,.T.);
#3786 = ORIENTED_EDGE('',*,*,#1870,.T.);
#3787 = ORIENTED_EDGE('',*,*,#1918,.T.);
#3788 = ORIENTED_EDGE('',*,*,#1894,.T.);
#3789 = ORIENTED_EDGE('',*,*,#1846,.T.);
#3790 = ORIENTED_EDGE('',*,*,#1798,.T.);
#3791 = ORIENTED_EDGE('',*,*,#1750,.T.);
#3792 = PLANE('',#3793);
#3793 = AXIS2_PLACEMENT_3D('',#3794,#3795,#3796);
#3794 = CARTESIAN_POINT('',(15.754316275168,53.2,19.6));
#3795 = DIRECTION('',(0.,0.,1.));
#3796 = DIRECTION('',(1.,0.,-0.));
#3797 = ADVANCED_FACE('',(#3798),#3804,.T.);
#3798 = FACE_BOUND('',#3799,.F.);
#3799 = EDGE_LOOP('',(#3800,#3801,#3802,#3803));
#3800 = ORIENTED_EDGE('',*,*,#1935,.T.);
#3801 = ORIENTED_EDGE('',*,*,#1966,.T.);
#3802 = ORIENTED_EDGE('',*,*,#2014,.T.);
#3803 = ORIENTED_EDGE('',*,*,#1990,.T.);
#3804 = PLANE('',#3805);
#3805 = AXIS2_PLACEMENT_3D('',#3806,#3807,#3808);
#3806 = CARTESIAN_POINT('',(19.027726510067,53.2,19.6));
#3807 = DIRECTION('',(0.,0.,1.));
#3808 = DIRECTION('',(1.,0.,-0.));
#3809 = ADVANCED_FACE('',(#3810),#3819,.T.);
#3810 = FACE_BOUND('',#3811,.F.);
#3811 = EDGE_LOOP('',(#3812,#3813,#3814,#3815,#3816,#3817,#3818));
#3812 = ORIENTED_EDGE('',*,*,#2227,.T.);
#3813 = ORIENTED_EDGE('',*,*,#2258,.T.);
#3814 = ORIENTED_EDGE('',*,*,#2306,.T.);
#3815 = ORIENTED_EDGE('',*,*,#2354,.T.);
#3816 = ORIENTED_EDGE('',*,*,#2378,.T.);
#3817 = ORIENTED_EDGE('',*,*,#2330,.T.);
#3818 = ORIENTED_EDGE('',*,*,#2282,.T.);
#3819 = PLANE('',#3820);
#3820 = AXIS2_PLACEMENT_3D('',#3821,#3822,#3823);
#3821 = CARTESIAN_POINT('',(22.134942722544,53.470972166391,19.6));
#3822 = DIRECTION('',(0.,0.,1.));
#3823 = DIRECTION('',(1.,0.,-0.));
#3824 = ADVANCED_FACE('',(#3825,#3835),#3861,.T.);
#3825 = FACE_BOUND('',#3826,.F.);
#3826 = EDGE_LOOP('',(#3827,#3828,#3829,#3830,#3831,#3832,#3833,#3834));
#3827 = ORIENTED_EDGE('',*,*,#2395,.T.);
#3828 = ORIENTED_EDGE('',*,*,#2426,.T.);
#3829 = ORIENTED_EDGE('',*,*,#2474,.T.);
#3830 = ORIENTED_EDGE('',*,*,#2522,.T.);
#3831 = ORIENTED_EDGE('',*,*,#2570,.T.);
#3832 = ORIENTED_EDGE('',*,*,#2546,.T.);
#3833 = ORIENTED_EDGE('',*,*,#2498,.T.);
#3834 = ORIENTED_EDGE('',*,*,#2450,.T.);
#3835 = FACE_BOUND('',#3836,.F.);
#3836 = EDGE_LOOP('',(#3837,#3847,#3855));
#3837 = ORIENTED_EDGE('',*,*,#3838,.T.);
#3838 = EDGE_CURVE('',#3839,#3841,#3843,.T.);
#3839 = VERTEX_POINT('',#3840);
#3840 = CARTESIAN_POINT('',(25.405331375839,52.681342281879,19.6));
#3841 = VERTEX_POINT('',#3842);
#3842 = CARTESIAN_POINT('',(26.486161912752,52.681342281879,19.6));
#3843 = LINE('',#3844,#3845);
#3844 = CARTESIAN_POINT('',(25.405331375839,52.681342281879,19.6));
#3845 = VECTOR('',#3846,1.);
#3846 = DIRECTION('',(1.,0.,0.));
#3847 = ORIENTED_EDGE('',*,*,#3848,.T.);
#3848 = EDGE_CURVE('',#3841,#3849,#3851,.T.);
#3849 = VERTEX_POINT('',#3850);
#3850 = CARTESIAN_POINT('',(25.94706795302,54.249295302013,19.6));
#3851 = LINE('',#3852,#3853);
#3852 = CARTESIAN_POINT('',(26.486161912752,52.681342281879,19.6));
#3853 = VECTOR('',#3854,1.);
#3854 = DIRECTION('',(-0.325139159103,0.945666181704,0.));
#3855 = ORIENTED_EDGE('',*,*,#3856,.T.);
#3856 = EDGE_CURVE('',#3849,#3839,#3857,.T.);
#3857 = LINE('',#3858,#3859);
#3858 = CARTESIAN_POINT('',(25.94706795302,54.249295302013,19.6));
#3859 = VECTOR('',#3860,1.);
#3860 = DIRECTION('',(-0.326563378352,-0.945175306448,0.));
#3861 = PLANE('',#3862);
#3862 = AXIS2_PLACEMENT_3D('',#3863,#3864,#3865);
#3863 = CARTESIAN_POINT('',(25.945969372859,52.89899575981,19.6));
#3864 = DIRECTION('',(0.,0.,1.));
#3865 = DIRECTION('',(1.,0.,-0.));
#3866 = ADVANCED_FACE('',(#3867,#3870),#3881,.T.);
#3867 = FACE_BOUND('',#3868,.T.);
#3868 = EDGE_LOOP('',(#3869));
#3869 = ORIENTED_EDGE('',*,*,#2596,.T.);
#3870 = FACE_BOUND('',#3871,.T.);
#3871 = EDGE_LOOP('',(#3872));
#3872 = ORIENTED_EDGE('',*,*,#3873,.F.);
#3873 = EDGE_CURVE('',#3874,#3874,#3876,.T.);
#3874 = VERTEX_POINT('',#3875);
#3875 = CARTESIAN_POINT('',(39.55,51.5,18.3));
#3876 = CIRCLE('',#3877,1.15);
#3877 = AXIS2_PLACEMENT_3D('',#3878,#3879,#3880);
#3878 = CARTESIAN_POINT('',(38.4,51.5,18.3));
#3879 = DIRECTION('',(0.,0.,1.));
#3880 = DIRECTION('',(1.,0.,-0.));
#3881 = PLANE('',#3882);
#3882 = AXIS2_PLACEMENT_3D('',#3883,#3884,#3885);
#3883 = CARTESIAN_POINT('',(38.4,51.5,18.3));
#3884 = DIRECTION('',(0.,0.,1.));
#3885 = DIRECTION('',(1.,0.,-0.));
#3886 = ADVANCED_FACE('',(#3887),#3912,.F.);
#3887 = FACE_BOUND('',#3888,.F.);
#3888 = EDGE_LOOP('',(#3889,#3897,#3905,#3911));
#3889 = ORIENTED_EDGE('',*,*,#3890,.F.);
#3890 = EDGE_CURVE('',#3891,#2712,#3893,.T.);
#3891 = VERTEX_POINT('',#3892);
#3892 = CARTESIAN_POINT('',(10.2,6.3,12.8));
#3893 = LINE('',#3894,#3895);
#3894 = CARTESIAN_POINT('',(10.2,6.3,12.8));
#3895 = VECTOR('',#3896,1.);
#3896 = DIRECTION('',(0.,0.,1.));
#3897 = ORIENTED_EDGE('',*,*,#3898,.F.);
#3898 = EDGE_CURVE('',#3899,#3891,#3901,.T.);
#3899 = VERTEX_POINT('',#3900);
#3900 = CARTESIAN_POINT('',(8.,6.3,12.8));
#3901 = LINE('',#3902,#3903);
#3902 = CARTESIAN_POINT('',(8.,6.3,12.8));
#3903 = VECTOR('',#3904,1.);
#3904 = DIRECTION('',(1.,0.,-0.));
#3905 = ORIENTED_EDGE('',*,*,#3906,.T.);
#3906 = EDGE_CURVE('',#3899,#2714,#3907,.T.);
#3907 = LINE('',#3908,#3909);
#3908 = CARTESIAN_POINT('',(8.,6.3,12.8));
#3909 = VECTOR('',#3910,1.);
#3910 = DIRECTION('',(0.,0.,1.));
#3911 = ORIENTED_EDGE('',*,*,#2711,.F.);
#3912 = PLANE('',#3913);
#3913 = AXIS2_PLACEMENT_3D('',#3914,#3915,#3916);
#3914 = CARTESIAN_POINT('',(8.,6.3,12.8));
#3915 = DIRECTION('',(-0.,1.,0.));
#3916 = DIRECTION('',(0.,0.,1.));
#3917 = ADVANCED_FACE('',(#3918),#3936,.T.);
#3918 = FACE_BOUND('',#3919,.T.);
#3919 = EDGE_LOOP('',(#3920,#3921,#3929,#3935));
#3920 = ORIENTED_EDGE('',*,*,#3890,.F.);
#3921 = ORIENTED_EDGE('',*,*,#3922,.T.);
#3922 = EDGE_CURVE('',#3891,#3923,#3925,.T.);
#3923 = VERTEX_POINT('',#3924);
#3924 = CARTESIAN_POINT('',(10.2,7.3,12.8));
#3925 = LINE('',#3926,#3927);
#3926 = CARTESIAN_POINT('',(10.2,6.3,12.8));
#3927 = VECTOR('',#3928,1.);
#3928 = DIRECTION('',(-0.,1.,0.));
#3929 = ORIENTED_EDGE('',*,*,#3930,.T.);
#3930 = EDGE_CURVE('',#3923,#2730,#3931,.T.);
#3931 = LINE('',#3932,#3933);
#3932 = CARTESIAN_POINT('',(10.2,7.3,12.8));
#3933 = VECTOR('',#3934,1.);
#3934 = DIRECTION('',(0.,0.,1.));
#3935 = ORIENTED_EDGE('',*,*,#2737,.F.);
#3936 = PLANE('',#3937);
#3937 = AXIS2_PLACEMENT_3D('',#3938,#3939,#3940);
#3938 = CARTESIAN_POINT('',(10.2,6.3,12.8));
#3939 = DIRECTION('',(1.,0.,-0.));
#3940 = DIRECTION('',(0.,0.,1.));
#3941 = ADVANCED_FACE('',(#3942),#3960,.F.);
#3942 = FACE_BOUND('',#3943,.F.);
#3943 = EDGE_LOOP('',(#3944,#3945,#3953,#3959));
#3944 = ORIENTED_EDGE('',*,*,#3906,.F.);
#3945 = ORIENTED_EDGE('',*,*,#3946,.T.);
#3946 = EDGE_CURVE('',#3899,#3947,#3949,.T.);
#3947 = VERTEX_POINT('',#3948);
#3948 = CARTESIAN_POINT('',(8.,7.3,12.8));
#3949 = LINE('',#3950,#3951);
#3950 = CARTESIAN_POINT('',(8.,6.3,12.8));
#3951 = VECTOR('',#3952,1.);
#3952 = DIRECTION('',(-0.,1.,0.));
#3953 = ORIENTED_EDGE('',*,*,#3954,.T.);
#3954 = EDGE_CURVE('',#3947,#2722,#3955,.T.);
#3955 = LINE('',#3956,#3957);
#3956 = CARTESIAN_POINT('',(8.,7.3,12.8));
#3957 = VECTOR('',#3958,1.);
#3958 = DIRECTION('',(0.,0.,1.));
#3959 = ORIENTED_EDGE('',*,*,#2721,.F.);
#3960 = PLANE('',#3961);
#3961 = AXIS2_PLACEMENT_3D('',#3962,#3963,#3964);
#3962 = CARTESIAN_POINT('',(8.,6.3,12.8));
#3963 = DIRECTION('',(1.,0.,-0.));
#3964 = DIRECTION('',(0.,0.,1.));
#3965 = ADVANCED_FACE('',(#3966),#3977,.T.);
#3966 = FACE_BOUND('',#3967,.T.);
#3967 = EDGE_LOOP('',(#3968,#3969,#3975,#3976));
#3968 = ORIENTED_EDGE('',*,*,#3930,.F.);
#3969 = ORIENTED_EDGE('',*,*,#3970,.F.);
#3970 = EDGE_CURVE('',#3947,#3923,#3971,.T.);
#3971 = LINE('',#3972,#3973);
#3972 = CARTESIAN_POINT('',(8.,7.3,12.8));
#3973 = VECTOR('',#3974,1.);
#3974 = DIRECTION('',(1.,0.,-0.));
#3975 = ORIENTED_EDGE('',*,*,#3954,.T.);
#3976 = ORIENTED_EDGE('',*,*,#2729,.F.);
#3977 = PLANE('',#3978);
#3978 = AXIS2_PLACEMENT_3D('',#3979,#3980,#3981);
#3979 = CARTESIAN_POINT('',(8.,7.3,12.8));
#3980 = DIRECTION('',(-0.,1.,0.));
#3981 = DIRECTION('',(0.,0.,1.));
#3982 = ADVANCED_FACE('',(#3983),#4008,.F.);
#3983 = FACE_BOUND('',#3984,.F.);
#3984 = EDGE_LOOP('',(#3985,#3993,#4001,#4007));
#3985 = ORIENTED_EDGE('',*,*,#3986,.F.);
#3986 = EDGE_CURVE('',#3987,#2746,#3989,.T.);
#3987 = VERTEX_POINT('',#3988);
#3988 = CARTESIAN_POINT('',(34.,6.3,12.8));
#3989 = LINE('',#3990,#3991);
#3990 = CARTESIAN_POINT('',(34.,6.3,12.8));
#3991 = VECTOR('',#3992,1.);
#3992 = DIRECTION('',(0.,0.,1.));
#3993 = ORIENTED_EDGE('',*,*,#3994,.F.);
#3994 = EDGE_CURVE('',#3995,#3987,#3997,.T.);
#3995 = VERTEX_POINT('',#3996);
#3996 = CARTESIAN_POINT('',(31.8,6.3,12.8));
#3997 = LINE('',#3998,#3999);
#3998 = CARTESIAN_POINT('',(31.8,6.3,12.8));
#3999 = VECTOR('',#4000,1.);
#4000 = DIRECTION('',(1.,0.,-0.));
#4001 = ORIENTED_EDGE('',*,*,#4002,.T.);
#4002 = EDGE_CURVE('',#3995,#2748,#4003,.T.);
#4003 = LINE('',#4004,#4005);
#4004 = CARTESIAN_POINT('',(31.8,6.3,12.8));
#4005 = VECTOR('',#4006,1.);
#4006 = DIRECTION('',(0.,0.,1.));
#4007 = ORIENTED_EDGE('',*,*,#2745,.F.);
#4008 = PLANE('',#4009);
#4009 = AXIS2_PLACEMENT_3D('',#4010,#4011,#4012);
#4010 = CARTESIAN_POINT('',(31.8,6.3,12.8));
#4011 = DIRECTION('',(-0.,1.,0.));
#4012 = DIRECTION('',(0.,0.,1.));
#4013 = ADVANCED_FACE('',(#4014),#4032,.T.);
#4014 = FACE_BOUND('',#4015,.T.);
#4015 = EDGE_LOOP('',(#4016,#4017,#4025,#4031));
#4016 = ORIENTED_EDGE('',*,*,#3986,.F.);
#4017 = ORIENTED_EDGE('',*,*,#4018,.T.);
#4018 = EDGE_CURVE('',#3987,#4019,#4021,.T.);
#4019 = VERTEX_POINT('',#4020);
#4020 = CARTESIAN_POINT('',(34.,7.3,12.8));
#4021 = LINE('',#4022,#4023);
#4022 = CARTESIAN_POINT('',(34.,6.3,12.8));
#4023 = VECTOR('',#4024,1.);
#4024 = DIRECTION('',(-0.,1.,0.));
#4025 = ORIENTED_EDGE('',*,*,#4026,.T.);
#4026 = EDGE_CURVE('',#4019,#2764,#4027,.T.);
#4027 = LINE('',#4028,#4029);
#4028 = CARTESIAN_POINT('',(34.,7.3,12.8));
#4029 = VECTOR('',#4030,1.);
#4030 = DIRECTION('',(0.,0.,1.));
#4031 = ORIENTED_EDGE('',*,*,#2771,.F.);
#4032 = PLANE('',#4033);
#4033 = AXIS2_PLACEMENT_3D('',#4034,#4035,#4036);
#4034 = CARTESIAN_POINT('',(34.,6.3,12.8));
#4035 = DIRECTION('',(1.,0.,-0.));
#4036 = DIRECTION('',(0.,0.,1.));
#4037 = ADVANCED_FACE('',(#4038),#4056,.T.);
#4038 = FACE_BOUND('',#4039,.T.);
#4039 = EDGE_LOOP('',(#4040,#4041,#4049,#4055));
#4040 = ORIENTED_EDGE('',*,*,#4026,.F.);
#4041 = ORIENTED_EDGE('',*,*,#4042,.F.);
#4042 = EDGE_CURVE('',#4043,#4019,#4045,.T.);
#4043 = VERTEX_POINT('',#4044);
#4044 = CARTESIAN_POINT('',(31.8,7.3,12.8));
#4045 = LINE('',#4046,#4047);
#4046 = CARTESIAN_POINT('',(31.8,7.3,12.8));
#4047 = VECTOR('',#4048,1.);
#4048 = DIRECTION('',(1.,0.,-0.));
#4049 = ORIENTED_EDGE('',*,*,#4050,.T.);
#4050 = EDGE_CURVE('',#4043,#2756,#4051,.T.);
#4051 = LINE('',#4052,#4053);
#4052 = CARTESIAN_POINT('',(31.8,7.3,12.8));
#4053 = VECTOR('',#4054,1.);
#4054 = DIRECTION('',(0.,0.,1.));
#4055 = ORIENTED_EDGE('',*,*,#2763,.F.);
#4056 = PLANE('',#4057);
#4057 = AXIS2_PLACEMENT_3D('',#4058,#4059,#4060);
#4058 = CARTESIAN_POINT('',(31.8,7.3,12.8));
#4059 = DIRECTION('',(-0.,1.,0.));
#4060 = DIRECTION('',(0.,0.,1.));
#4061 = ADVANCED_FACE('',(#4062),#4073,.F.);
#4062 = FACE_BOUND('',#4063,.F.);
#4063 = EDGE_LOOP('',(#4064,#4065,#4071,#4072));
#4064 = ORIENTED_EDGE('',*,*,#4002,.F.);
#4065 = ORIENTED_EDGE('',*,*,#4066,.T.);
#4066 = EDGE_CURVE('',#3995,#4043,#4067,.T.);
#4067 = LINE('',#4068,#4069);
#4068 = CARTESIAN_POINT('',(31.8,6.3,12.8));
#4069 = VECTOR('',#4070,1.);
#4070 = DIRECTION('',(-0.,1.,0.));
#4071 = ORIENTED_EDGE('',*,*,#4050,.T.);
#4072 = ORIENTED_EDGE('',*,*,#2755,.F.);
#4073 = PLANE('',#4074);
#4074 = AXIS2_PLACEMENT_3D('',#4075,#4076,#4077);
#4075 = CARTESIAN_POINT('',(31.8,6.3,12.8));
#4076 = DIRECTION('',(1.,0.,-0.));
#4077 = DIRECTION('',(0.,0.,1.));
#4078 = ADVANCED_FACE('',(#4079),#4104,.T.);
#4079 = FACE_BOUND('',#4080,.T.);
#4080 = EDGE_LOOP('',(#4081,#4082,#4090,#4098));
#4081 = ORIENTED_EDGE('',*,*,#3047,.T.);
#4082 = ORIENTED_EDGE('',*,*,#4083,.T.);
#4083 = EDGE_CURVE('',#3040,#4084,#4086,.T.);
#4084 = VERTEX_POINT('',#4085);
#4085 = CARTESIAN_POINT('',(8.,2.8,13.2));
#4086 = LINE('',#4087,#4088);
#4087 = CARTESIAN_POINT('',(14.5,2.8,13.2));
#4088 = VECTOR('',#4089,1.);
#4089 = DIRECTION('',(-1.,0.,0.));
#4090 = ORIENTED_EDGE('',*,*,#4091,.T.);
#4091 = EDGE_CURVE('',#4084,#4092,#4094,.T.);
#4092 = VERTEX_POINT('',#4093);
#4093 = CARTESIAN_POINT('',(8.,2.8,14.75));
#4094 = LINE('',#4095,#4096);
#4095 = CARTESIAN_POINT('',(8.,2.8,13.1));
#4096 = VECTOR('',#4097,1.);
#4097 = DIRECTION('',(0.,0.,1.));
#4098 = ORIENTED_EDGE('',*,*,#4099,.F.);
#4099 = EDGE_CURVE('',#3048,#4092,#4100,.T.);
#4100 = LINE('',#4101,#4102);
#4101 = CARTESIAN_POINT('',(14.5,2.8,14.75));
#4102 = VECTOR('',#4103,1.);
#4103 = DIRECTION('',(-1.,0.,0.));
#4104 = PLANE('',#4105);
#4105 = AXIS2_PLACEMENT_3D('',#4106,#4107,#4108);
#4106 = CARTESIAN_POINT('',(8.,2.8,13.1));
#4107 = DIRECTION('',(0.,1.,0.));
#4108 = DIRECTION('',(1.,0.,0.));
#4109 = ADVANCED_FACE('',(#4110),#4137,.F.);
#4110 = FACE_BOUND('',#4111,.F.);
#4111 = EDGE_LOOP('',(#4112,#4113,#4122,#4128,#4129,#4130));
#4112 = ORIENTED_EDGE('',*,*,#3599,.F.);
#4113 = ORIENTED_EDGE('',*,*,#4114,.T.);
#4114 = EDGE_CURVE('',#3592,#4115,#4117,.T.);
#4115 = VERTEX_POINT('',#4116);
#4116 = CARTESIAN_POINT('',(8.,2.,13.2));
#4117 = CIRCLE('',#4118,6.);
#4118 = AXIS2_PLACEMENT_3D('',#4119,#4120,#4121);
#4119 = CARTESIAN_POINT('',(8.,8.,13.2));
#4120 = DIRECTION('',(0.,0.,1.));
#4121 = DIRECTION('',(-1.,0.,0.));
#4122 = ORIENTED_EDGE('',*,*,#4123,.T.);
#4123 = EDGE_CURVE('',#4115,#3032,#4124,.T.);
#4124 = LINE('',#4125,#4126);
#4125 = CARTESIAN_POINT('',(8.,2.,13.2));
#4126 = VECTOR('',#4127,1.);
#4127 = DIRECTION('',(1.,0.,0.));
#4128 = ORIENTED_EDGE('',*,*,#3039,.T.);
#4129 = ORIENTED_EDGE('',*,*,#4083,.T.);
#4130 = ORIENTED_EDGE('',*,*,#4131,.T.);
#4131 = EDGE_CURVE('',#4084,#3600,#4132,.T.);
#4132 = CIRCLE('',#4133,5.2);
#4133 = AXIS2_PLACEMENT_3D('',#4134,#4135,#4136);
#4134 = CARTESIAN_POINT('',(8.,8.,13.2));
#4135 = DIRECTION('',(-0.,0.,-1.));
#4136 = DIRECTION('',(-1.,-3.416070845E-16,0.));
#4137 = PLANE('',#4138);
#4138 = AXIS2_PLACEMENT_3D('',#4139,#4140,#4141);
#4139 = CARTESIAN_POINT('',(21.,30.,13.2));
#4140 = DIRECTION('',(0.,0.,1.));
#4141 = DIRECTION('',(1.,0.,-0.));
#4142 = ADVANCED_FACE('',(#4143),#4161,.F.);
#4143 = FACE_BOUND('',#4144,.F.);
#4144 = EDGE_LOOP('',(#4145,#4146,#4154,#4160));
#4145 = ORIENTED_EDGE('',*,*,#4123,.F.);
#4146 = ORIENTED_EDGE('',*,*,#4147,.T.);
#4147 = EDGE_CURVE('',#4115,#4148,#4150,.T.);
#4148 = VERTEX_POINT('',#4149);
#4149 = CARTESIAN_POINT('',(8.,2.,14.35));
#4150 = LINE('',#4151,#4152);
#4151 = CARTESIAN_POINT('',(8.,2.,13.2));
#4152 = VECTOR('',#4153,1.);
#4153 = DIRECTION('',(0.,0.,1.));
#4154 = ORIENTED_EDGE('',*,*,#4155,.T.);
#4155 = EDGE_CURVE('',#4148,#3024,#4156,.T.);
#4156 = LINE('',#4157,#4158);
#4157 = CARTESIAN_POINT('',(14.5,2.,14.35));
#4158 = VECTOR('',#4159,1.);
#4159 = DIRECTION('',(1.,0.,0.));
#4160 = ORIENTED_EDGE('',*,*,#3031,.T.);
#4161 = PLANE('',#4162);
#4162 = AXIS2_PLACEMENT_3D('',#4163,#4164,#4165);
#4163 = CARTESIAN_POINT('',(8.,2.,13.2));
#4164 = DIRECTION('',(0.,1.,0.));
#4165 = DIRECTION('',(1.,0.,0.));
#4166 = ADVANCED_FACE('',(#4167),#4192,.T.);
#4167 = FACE_BOUND('',#4168,.T.);
#4168 = EDGE_LOOP('',(#4169,#4179,#4185,#4186));
#4169 = ORIENTED_EDGE('',*,*,#4170,.F.);
#4170 = EDGE_CURVE('',#4171,#4173,#4175,.T.);
#4171 = VERTEX_POINT('',#4172);
#4172 = CARTESIAN_POINT('',(34.,2.8,13.2));
#4173 = VERTEX_POINT('',#4174);
#4174 = CARTESIAN_POINT('',(34.,2.8,14.75));
#4175 = LINE('',#4176,#4177);
#4176 = CARTESIAN_POINT('',(34.,2.8,13.1));
#4177 = VECTOR('',#4178,1.);
#4178 = DIRECTION('',(0.,0.,1.));
#4179 = ORIENTED_EDGE('',*,*,#4180,.T.);
#4180 = EDGE_CURVE('',#4171,#3087,#4181,.T.);
#4181 = LINE('',#4182,#4183);
#4182 = CARTESIAN_POINT('',(14.5,2.8,13.2));
#4183 = VECTOR('',#4184,1.);
#4184 = DIRECTION('',(-1.,0.,0.));
#4185 = ORIENTED_EDGE('',*,*,#3094,.F.);
#4186 = ORIENTED_EDGE('',*,*,#4187,.F.);
#4187 = EDGE_CURVE('',#4173,#3095,#4188,.T.);
#4188 = LINE('',#4189,#4190);
#4189 = CARTESIAN_POINT('',(14.5,2.8,14.75));
#4190 = VECTOR('',#4191,1.);
#4191 = DIRECTION('',(-1.,0.,0.));
#4192 = PLANE('',#4193);
#4193 = AXIS2_PLACEMENT_3D('',#4194,#4195,#4196);
#4194 = CARTESIAN_POINT('',(8.,2.8,13.1));
#4195 = DIRECTION('',(0.,1.,0.));
#4196 = DIRECTION('',(1.,0.,0.));
#4197 = ADVANCED_FACE('',(#4198),#4225,.F.);
#4198 = FACE_BOUND('',#4199,.F.);
#4199 = EDGE_LOOP('',(#4200,#4201,#4209,#4216,#4217,#4224));
#4200 = ORIENTED_EDGE('',*,*,#3086,.F.);
#4201 = ORIENTED_EDGE('',*,*,#4202,.T.);
#4202 = EDGE_CURVE('',#3079,#4203,#4205,.T.);
#4203 = VERTEX_POINT('',#4204);
#4204 = CARTESIAN_POINT('',(34.,2.,13.2));
#4205 = LINE('',#4206,#4207);
#4206 = CARTESIAN_POINT('',(8.,2.,13.2));
#4207 = VECTOR('',#4208,1.);
#4208 = DIRECTION('',(1.,0.,0.));
#4209 = ORIENTED_EDGE('',*,*,#4210,.T.);
#4210 = EDGE_CURVE('',#4203,#3154,#4211,.T.);
#4211 = CIRCLE('',#4212,6.);
#4212 = AXIS2_PLACEMENT_3D('',#4213,#4214,#4215);
#4213 = CARTESIAN_POINT('',(34.,8.,13.2));
#4214 = DIRECTION('',(0.,0.,1.));
#4215 = DIRECTION('',(0.,-1.,0.));
#4216 = ORIENTED_EDGE('',*,*,#3153,.F.);
#4217 = ORIENTED_EDGE('',*,*,#4218,.T.);
#4218 = EDGE_CURVE('',#3146,#4171,#4219,.T.);
#4219 = CIRCLE('',#4220,5.2);
#4220 = AXIS2_PLACEMENT_3D('',#4221,#4222,#4223);
#4221 = CARTESIAN_POINT('',(34.,8.,13.2));
#4222 = DIRECTION('',(0.,-0.,-1.));
#4223 = DIRECTION('',(1.366428338E-15,-1.,0.));
#4224 = ORIENTED_EDGE('',*,*,#4180,.T.);
#4225 = PLANE('',#4226);
#4226 = AXIS2_PLACEMENT_3D('',#4227,#4228,#4229);
#4227 = CARTESIAN_POINT('',(21.,30.,13.2));
#4228 = DIRECTION('',(0.,0.,1.));
#4229 = DIRECTION('',(1.,0.,-0.));
#4230 = ADVANCED_FACE('',(#4231),#4249,.F.);
#4231 = FACE_BOUND('',#4232,.F.);
#4232 = EDGE_LOOP('',(#4233,#4234,#4235,#4243));
#4233 = ORIENTED_EDGE('',*,*,#4202,.F.);
#4234 = ORIENTED_EDGE('',*,*,#3078,.F.);
#4235 = ORIENTED_EDGE('',*,*,#4236,.T.);
#4236 = EDGE_CURVE('',#3071,#4237,#4239,.T.);
#4237 = VERTEX_POINT('',#4238);
#4238 = CARTESIAN_POINT('',(34.,2.,14.35));
#4239 = LINE('',#4240,#4241);
#4240 = CARTESIAN_POINT('',(14.5,2.,14.35));
#4241 = VECTOR('',#4242,1.);
#4242 = DIRECTION('',(1.,0.,0.));
#4243 = ORIENTED_EDGE('',*,*,#4244,.F.);
#4244 = EDGE_CURVE('',#4203,#4237,#4245,.T.);
#4245 = LINE('',#4246,#4247);
#4246 = CARTESIAN_POINT('',(34.,2.,13.2));
#4247 = VECTOR('',#4248,1.);
#4248 = DIRECTION('',(0.,0.,1.));
#4249 = PLANE('',#4250);
#4250 = AXIS2_PLACEMENT_3D('',#4251,#4252,#4253);
#4251 = CARTESIAN_POINT('',(8.,2.,13.2));
#4252 = DIRECTION('',(0.,1.,0.));
#4253 = DIRECTION('',(1.,0.,0.));
#4254 = ADVANCED_FACE('',(#4255),#4267,.T.);
#4255 = FACE_BOUND('',#4256,.F.);
#4256 = EDGE_LOOP('',(#4257,#4258,#4259,#4266));
#4257 = ORIENTED_EDGE('',*,*,#4210,.F.);
#4258 = ORIENTED_EDGE('',*,*,#4244,.T.);
#4259 = ORIENTED_EDGE('',*,*,#4260,.F.);
#4260 = EDGE_CURVE('',#3163,#4237,#4261,.T.);
#4261 = CIRCLE('',#4262,6.);
#4262 = AXIS2_PLACEMENT_3D('',#4263,#4264,#4265);
#4263 = CARTESIAN_POINT('',(34.,8.,14.35));
#4264 = DIRECTION('',(-0.,-0.,-1.));
#4265 = DIRECTION('',(0.,-1.,0.));
#4266 = ORIENTED_EDGE('',*,*,#3162,.T.);
#4267 = CYLINDRICAL_SURFACE('',#4268,6.);
#4268 = AXIS2_PLACEMENT_3D('',#4269,#4270,#4271);
#4269 = CARTESIAN_POINT('',(34.,8.,13.2));
#4270 = DIRECTION('',(-0.,-0.,-1.));
#4271 = DIRECTION('',(0.,-1.,0.));
#4272 = ADVANCED_FACE('',(#4273),#4285,.F.);
#4273 = FACE_BOUND('',#4274,.T.);
#4274 = EDGE_LOOP('',(#4275,#4276,#4277,#4278));
#4275 = ORIENTED_EDGE('',*,*,#3145,.T.);
#4276 = ORIENTED_EDGE('',*,*,#4218,.T.);
#4277 = ORIENTED_EDGE('',*,*,#4170,.T.);
#4278 = ORIENTED_EDGE('',*,*,#4279,.F.);
#4279 = EDGE_CURVE('',#3135,#4173,#4280,.T.);
#4280 = CIRCLE('',#4281,5.2);
#4281 = AXIS2_PLACEMENT_3D('',#4282,#4283,#4284);
#4282 = CARTESIAN_POINT('',(34.,8.,14.75));
#4283 = DIRECTION('',(0.,-0.,-1.));
#4284 = DIRECTION('',(1.366428338E-15,-1.,0.));
#4285 = CYLINDRICAL_SURFACE('',#4286,5.2);
#4286 = AXIS2_PLACEMENT_3D('',#4287,#4288,#4289);
#4287 = CARTESIAN_POINT('',(34.,8.,13.1));
#4288 = DIRECTION('',(-0.,-0.,-1.));
#4289 = DIRECTION('',(1.366428338E-15,-1.,0.));
#4290 = ADVANCED_FACE('',(#4291),#4310,.F.);
#4291 = FACE_BOUND('',#4292,.F.);
#4292 = EDGE_LOOP('',(#4293,#4294,#4302,#4309));
#4293 = ORIENTED_EDGE('',*,*,#3746,.F.);
#4294 = ORIENTED_EDGE('',*,*,#4295,.F.);
#4295 = EDGE_CURVE('',#4296,#3747,#4298,.T.);
#4296 = VERTEX_POINT('',#4297);
#4297 = CARTESIAN_POINT('',(39.55,8.5,14.35));
#4298 = LINE('',#4299,#4300);
#4299 = CARTESIAN_POINT('',(39.55,8.5,14.25));
#4300 = VECTOR('',#4301,1.);
#4301 = DIRECTION('',(0.,0.,1.));
#4302 = ORIENTED_EDGE('',*,*,#4303,.T.);
#4303 = EDGE_CURVE('',#4296,#4296,#4304,.T.);
#4304 = CIRCLE('',#4305,1.15);
#4305 = AXIS2_PLACEMENT_3D('',#4306,#4307,#4308);
#4306 = CARTESIAN_POINT('',(38.4,8.5,14.35));
#4307 = DIRECTION('',(0.,0.,1.));
#4308 = DIRECTION('',(1.,0.,-0.));
#4309 = ORIENTED_EDGE('',*,*,#4295,.T.);
#4310 = CYLINDRICAL_SURFACE('',#4311,1.15);
#4311 = AXIS2_PLACEMENT_3D('',#4312,#4313,#4314);
#4312 = CARTESIAN_POINT('',(38.4,8.5,14.25));
#4313 = DIRECTION('',(0.,0.,1.));
#4314 = DIRECTION('',(1.,0.,-0.));
#4315 = ADVANCED_FACE('',(#4316),#4332,.F.);
#4316 = FACE_BOUND('',#4317,.F.);
#4317 = EDGE_LOOP('',(#4318,#4324,#4325,#4331));
#4318 = ORIENTED_EDGE('',*,*,#4319,.F.);
#4319 = EDGE_CURVE('',#3212,#3281,#4320,.T.);
#4320 = LINE('',#4321,#4322);
#4321 = CARTESIAN_POINT('',(40.,8.,13.2));
#4322 = VECTOR('',#4323,1.);
#4323 = DIRECTION('',(0.,1.,0.));
#4324 = ORIENTED_EDGE('',*,*,#3211,.T.);
#4325 = ORIENTED_EDGE('',*,*,#4326,.T.);
#4326 = EDGE_CURVE('',#3214,#3290,#4327,.T.);
#4327 = LINE('',#4328,#4329);
#4328 = CARTESIAN_POINT('',(40.,19.,14.35));
#4329 = VECTOR('',#4330,1.);
#4330 = DIRECTION('',(0.,1.,-0.));
#4331 = ORIENTED_EDGE('',*,*,#3289,.F.);
#4332 = PLANE('',#4333);
#4333 = AXIS2_PLACEMENT_3D('',#4334,#4335,#4336);
#4334 = CARTESIAN_POINT('',(40.,8.,13.2));
#4335 = DIRECTION('',(-1.,0.,0.));
#4336 = DIRECTION('',(0.,1.,0.));
#4337 = ADVANCED_FACE('',(#4338),#4354,.T.);
#4338 = FACE_BOUND('',#4339,.T.);
#4339 = EDGE_LOOP('',(#4340,#4341,#4347,#4348));
#4340 = ORIENTED_EDGE('',*,*,#3270,.F.);
#4341 = ORIENTED_EDGE('',*,*,#4342,.T.);
#4342 = EDGE_CURVE('',#3271,#3222,#4343,.T.);
#4343 = LINE('',#4344,#4345);
#4344 = CARTESIAN_POINT('',(39.2,19.,13.2));
#4345 = VECTOR('',#4346,1.);
#4346 = DIRECTION('',(0.,-1.,0.));
#4347 = ORIENTED_EDGE('',*,*,#3230,.T.);
#4348 = ORIENTED_EDGE('',*,*,#4349,.F.);
#4349 = EDGE_CURVE('',#3273,#3231,#4350,.T.);
#4350 = LINE('',#4351,#4352);
#4351 = CARTESIAN_POINT('',(39.2,19.,14.75));
#4352 = VECTOR('',#4353,1.);
#4353 = DIRECTION('',(0.,-1.,0.));
#4354 = PLANE('',#4355);
#4355 = AXIS2_PLACEMENT_3D('',#4356,#4357,#4358);
#4356 = CARTESIAN_POINT('',(39.2,8.,13.1));
#4357 = DIRECTION('',(-1.,0.,0.));
#4358 = DIRECTION('',(0.,1.,0.));
#4359 = ADVANCED_FACE('',(#4360),#4366,.F.);
#4360 = FACE_BOUND('',#4361,.F.);
#4361 = EDGE_LOOP('',(#4362,#4363,#4364,#4365));
#4362 = ORIENTED_EDGE('',*,*,#3221,.F.);
#4363 = ORIENTED_EDGE('',*,*,#4319,.T.);
#4364 = ORIENTED_EDGE('',*,*,#3280,.F.);
#4365 = ORIENTED_EDGE('',*,*,#4342,.T.);
#4366 = PLANE('',#4367);
#4367 = AXIS2_PLACEMENT_3D('',#4368,#4369,#4370);
#4368 = CARTESIAN_POINT('',(21.,30.,13.2));
#4369 = DIRECTION('',(0.,0.,1.));
#4370 = DIRECTION('',(1.,0.,-0.));
#4371 = ADVANCED_FACE('',(#4372),#4391,.F.);
#4372 = FACE_BOUND('',#4373,.F.);
#4373 = EDGE_LOOP('',(#4374,#4375,#4383,#4390));
#4374 = ORIENTED_EDGE('',*,*,#3873,.F.);
#4375 = ORIENTED_EDGE('',*,*,#4376,.F.);
#4376 = EDGE_CURVE('',#4377,#3874,#4379,.T.);
#4377 = VERTEX_POINT('',#4378);
#4378 = CARTESIAN_POINT('',(39.55,51.5,14.35));
#4379 = LINE('',#4380,#4381);
#4380 = CARTESIAN_POINT('',(39.55,51.5,14.25));
#4381 = VECTOR('',#4382,1.);
#4382 = DIRECTION('',(0.,0.,1.));
#4383 = ORIENTED_EDGE('',*,*,#4384,.T.);
#4384 = EDGE_CURVE('',#4377,#4377,#4385,.T.);
#4385 = CIRCLE('',#4386,1.15);
#4386 = AXIS2_PLACEMENT_3D('',#4387,#4388,#4389);
#4387 = CARTESIAN_POINT('',(38.4,51.5,14.35));
#4388 = DIRECTION('',(0.,0.,1.));
#4389 = DIRECTION('',(1.,0.,-0.));
#4390 = ORIENTED_EDGE('',*,*,#4376,.T.);
#4391 = CYLINDRICAL_SURFACE('',#4392,1.15);
#4392 = AXIS2_PLACEMENT_3D('',#4393,#4394,#4395);
#4393 = CARTESIAN_POINT('',(38.4,51.5,14.25));
#4394 = DIRECTION('',(0.,0.,1.));
#4395 = DIRECTION('',(1.,0.,-0.));
#4396 = ADVANCED_FACE('',(#4397),#4424,.F.);
#4397 = FACE_BOUND('',#4398,.T.);
#4398 = EDGE_LOOP('',(#4399,#4409,#4416,#4417));
#4399 = ORIENTED_EDGE('',*,*,#4400,.F.);
#4400 = EDGE_CURVE('',#4401,#4403,#4405,.T.);
#4401 = VERTEX_POINT('',#4402);
#4402 = CARTESIAN_POINT('',(34.,57.2,13.2));
#4403 = VERTEX_POINT('',#4404);
#4404 = CARTESIAN_POINT('',(34.,57.2,14.75));
#4405 = LINE('',#4406,#4407);
#4406 = CARTESIAN_POINT('',(34.,57.2,13.1));
#4407 = VECTOR('',#4408,1.);
#4408 = DIRECTION('',(0.,0.,1.));
#4409 = ORIENTED_EDGE('',*,*,#4410,.T.);
#4410 = EDGE_CURVE('',#4401,#3364,#4411,.T.);
#4411 = CIRCLE('',#4412,5.2);
#4412 = AXIS2_PLACEMENT_3D('',#4413,#4414,#4415);
#4413 = CARTESIAN_POINT('',(34.,52.,13.2));
#4414 = DIRECTION('',(0.,-0.,-1.));
#4415 = DIRECTION('',(1.,2.732856676E-15,-0.));
#4416 = ORIENTED_EDGE('',*,*,#3372,.F.);
#4417 = ORIENTED_EDGE('',*,*,#4418,.F.);
#4418 = EDGE_CURVE('',#4403,#3373,#4419,.T.);
#4419 = CIRCLE('',#4420,5.2);
#4420 = AXIS2_PLACEMENT_3D('',#4421,#4422,#4423);
#4421 = CARTESIAN_POINT('',(34.,52.,14.75));
#4422 = DIRECTION('',(0.,-0.,-1.));
#4423 = DIRECTION('',(1.,2.732856676E-15,-0.));
#4424 = CYLINDRICAL_SURFACE('',#4425,5.2);
#4425 = AXIS2_PLACEMENT_3D('',#4426,#4427,#4428);
#4426 = CARTESIAN_POINT('',(34.,52.,13.1));
#4427 = DIRECTION('',(-0.,-0.,-1.));
#4428 = DIRECTION('',(1.,2.732856676E-15,-0.));
#4429 = ADVANCED_FACE('',(#4430),#4474,.F.);
#4430 = FACE_BOUND('',#4431,.F.);
#4431 = EDGE_LOOP('',(#4432,#4433,#4442,#4450,#4457,#4458,#4467,#4473));
#4432 = ORIENTED_EDGE('',*,*,#3363,.F.);
#4433 = ORIENTED_EDGE('',*,*,#4434,.T.);
#4434 = EDGE_CURVE('',#3356,#4435,#4437,.T.);
#4435 = VERTEX_POINT('',#4436);
#4436 = CARTESIAN_POINT('',(34.,58.,13.2));
#4437 = CIRCLE('',#4438,6.);
#4438 = AXIS2_PLACEMENT_3D('',#4439,#4440,#4441);
#4439 = CARTESIAN_POINT('',(34.,52.,13.2));
#4440 = DIRECTION('',(0.,0.,1.));
#4441 = DIRECTION('',(1.,0.,-0.));
#4442 = ORIENTED_EDGE('',*,*,#4443,.T.);
#4443 = EDGE_CURVE('',#4435,#4444,#4446,.T.);
#4444 = VERTEX_POINT('',#4445);
#4445 = CARTESIAN_POINT('',(8.,58.,13.2));
#4446 = LINE('',#4447,#4448);
#4447 = CARTESIAN_POINT('',(34.,58.,13.2));
#4448 = VECTOR('',#4449,1.);
#4449 = DIRECTION('',(-1.,0.,0.));
#4450 = ORIENTED_EDGE('',*,*,#4451,.T.);
#4451 = EDGE_CURVE('',#4444,#3425,#4452,.T.);
#4452 = CIRCLE('',#4453,6.);
#4453 = AXIS2_PLACEMENT_3D('',#4454,#4455,#4456);
#4454 = CARTESIAN_POINT('',(8.,52.,13.2));
#4455 = DIRECTION('',(0.,0.,1.));
#4456 = DIRECTION('',(-5.921189464668E-16,1.,0.));
#4457 = ORIENTED_EDGE('',*,*,#3424,.F.);
#4458 = ORIENTED_EDGE('',*,*,#4459,.T.);
#4459 = EDGE_CURVE('',#3417,#4460,#4462,.T.);
#4460 = VERTEX_POINT('',#4461);
#4461 = CARTESIAN_POINT('',(8.,57.2,13.2));
#4462 = CIRCLE('',#4463,5.2);
#4463 = AXIS2_PLACEMENT_3D('',#4464,#4465,#4466);
#4464 = CARTESIAN_POINT('',(8.,52.,13.2));
#4465 = DIRECTION('',(-0.,0.,-1.));
#4466 = DIRECTION('',(-2.049642507E-15,1.,0.));
#4467 = ORIENTED_EDGE('',*,*,#4468,.T.);
#4468 = EDGE_CURVE('',#4460,#4401,#4469,.T.);
#4469 = LINE('',#4470,#4471);
#4470 = CARTESIAN_POINT('',(27.5,57.2,13.2));
#4471 = VECTOR('',#4472,1.);
#4472 = DIRECTION('',(1.,0.,-0.));
#4473 = ORIENTED_EDGE('',*,*,#4410,.T.);
#4474 = PLANE('',#4475);
#4475 = AXIS2_PLACEMENT_3D('',#4476,#4477,#4478);
#4476 = CARTESIAN_POINT('',(21.,30.,13.2));
#4477 = DIRECTION('',(0.,0.,1.));
#4478 = DIRECTION('',(1.,0.,-0.));
#4479 = ADVANCED_FACE('',(#4480),#4499,.T.);
#4480 = FACE_BOUND('',#4481,.F.);
#4481 = EDGE_LOOP('',(#4482,#4483,#4484,#4493));
#4482 = ORIENTED_EDGE('',*,*,#4434,.F.);
#4483 = ORIENTED_EDGE('',*,*,#3355,.F.);
#4484 = ORIENTED_EDGE('',*,*,#4485,.F.);
#4485 = EDGE_CURVE('',#4486,#3347,#4488,.T.);
#4486 = VERTEX_POINT('',#4487);
#4487 = CARTESIAN_POINT('',(34.,58.,14.35));
#4488 = CIRCLE('',#4489,6.);
#4489 = AXIS2_PLACEMENT_3D('',#4490,#4491,#4492);
#4490 = CARTESIAN_POINT('',(34.,52.,14.35));
#4491 = DIRECTION('',(0.,-0.,-1.));
#4492 = DIRECTION('',(1.,0.,-0.));
#4493 = ORIENTED_EDGE('',*,*,#4494,.F.);
#4494 = EDGE_CURVE('',#4435,#4486,#4495,.T.);
#4495 = LINE('',#4496,#4497);
#4496 = CARTESIAN_POINT('',(34.,58.,13.2));
#4497 = VECTOR('',#4498,1.);
#4498 = DIRECTION('',(0.,0.,1.));
#4499 = CYLINDRICAL_SURFACE('',#4500,6.);
#4500 = AXIS2_PLACEMENT_3D('',#4501,#4502,#4503);
#4501 = CARTESIAN_POINT('',(34.,52.,13.2));
#4502 = DIRECTION('',(-0.,-0.,-1.));
#4503 = DIRECTION('',(1.,0.,-0.));
#4504 = ADVANCED_FACE('',(#4505),#4523,.F.);
#4505 = FACE_BOUND('',#4506,.F.);
#4506 = EDGE_LOOP('',(#4507,#4508,#4509,#4517));
#4507 = ORIENTED_EDGE('',*,*,#4443,.F.);
#4508 = ORIENTED_EDGE('',*,*,#4494,.T.);
#4509 = ORIENTED_EDGE('',*,*,#4510,.T.);
#4510 = EDGE_CURVE('',#4486,#4511,#4513,.T.);
#4511 = VERTEX_POINT('',#4512);
#4512 = CARTESIAN_POINT('',(8.,58.,14.35));
#4513 = LINE('',#4514,#4515);
#4514 = CARTESIAN_POINT('',(27.5,58.,14.35));
#4515 = VECTOR('',#4516,1.);
#4516 = DIRECTION('',(-1.,0.,0.));
#4517 = ORIENTED_EDGE('',*,*,#4518,.F.);
#4518 = EDGE_CURVE('',#4444,#4511,#4519,.T.);
#4519 = LINE('',#4520,#4521);
#4520 = CARTESIAN_POINT('',(8.,58.,13.2));
#4521 = VECTOR('',#4522,1.);
#4522 = DIRECTION('',(0.,0.,1.));
#4523 = PLANE('',#4524);
#4524 = AXIS2_PLACEMENT_3D('',#4525,#4526,#4527);
#4525 = CARTESIAN_POINT('',(34.,58.,13.2));
#4526 = DIRECTION('',(0.,-1.,0.));
#4527 = DIRECTION('',(-1.,0.,0.));
#4528 = ADVANCED_FACE('',(#4529),#4541,.T.);
#4529 = FACE_BOUND('',#4530,.F.);
#4530 = EDGE_LOOP('',(#4531,#4532,#4533,#4540));
#4531 = ORIENTED_EDGE('',*,*,#4451,.F.);
#4532 = ORIENTED_EDGE('',*,*,#4518,.T.);
#4533 = ORIENTED_EDGE('',*,*,#4534,.F.);
#4534 = EDGE_CURVE('',#3434,#4511,#4535,.T.);
#4535 = CIRCLE('',#4536,6.);
#4536 = AXIS2_PLACEMENT_3D('',#4537,#4538,#4539);
#4537 = CARTESIAN_POINT('',(8.,52.,14.35));
#4538 = DIRECTION('',(-0.,0.,-1.));
#4539 = DIRECTION('',(-5.921189464668E-16,1.,0.));
#4540 = ORIENTED_EDGE('',*,*,#3433,.T.);
#4541 = CYLINDRICAL_SURFACE('',#4542,6.);
#4542 = AXIS2_PLACEMENT_3D('',#4543,#4544,#4545);
#4543 = CARTESIAN_POINT('',(8.,52.,13.2));
#4544 = DIRECTION('',(-0.,-0.,-1.));
#4545 = DIRECTION('',(-5.921189464668E-16,1.,0.));
#4546 = ADVANCED_FACE('',(#4547),#4566,.F.);
#4547 = FACE_BOUND('',#4548,.T.);
#4548 = EDGE_LOOP('',(#4549,#4550,#4551,#4559));
#4549 = ORIENTED_EDGE('',*,*,#3416,.T.);
#4550 = ORIENTED_EDGE('',*,*,#4459,.T.);
#4551 = ORIENTED_EDGE('',*,*,#4552,.T.);
#4552 = EDGE_CURVE('',#4460,#4553,#4555,.T.);
#4553 = VERTEX_POINT('',#4554);
#4554 = CARTESIAN_POINT('',(8.,57.2,14.75));
#4555 = LINE('',#4556,#4557);
#4556 = CARTESIAN_POINT('',(8.,57.2,13.1));
#4557 = VECTOR('',#4558,1.);
#4558 = DIRECTION('',(0.,0.,1.));
#4559 = ORIENTED_EDGE('',*,*,#4560,.F.);
#4560 = EDGE_CURVE('',#3406,#4553,#4561,.T.);
#4561 = CIRCLE('',#4562,5.2);
#4562 = AXIS2_PLACEMENT_3D('',#4563,#4564,#4565);
#4563 = CARTESIAN_POINT('',(8.,52.,14.75));
#4564 = DIRECTION('',(-0.,0.,-1.));
#4565 = DIRECTION('',(-2.049642507E-15,1.,0.));
#4566 = CYLINDRICAL_SURFACE('',#4567,5.2);
#4567 = AXIS2_PLACEMENT_3D('',#4568,#4569,#4570);
#4568 = CARTESIAN_POINT('',(8.,52.,13.1));
#4569 = DIRECTION('',(-0.,-0.,-1.));
#4570 = DIRECTION('',(-2.049642507E-15,1.,0.));
#4571 = ADVANCED_FACE('',(#4572),#4591,.F.);
#4572 = FACE_BOUND('',#4573,.F.);
#4573 = EDGE_LOOP('',(#4574,#4575,#4583,#4590));
#4574 = ORIENTED_EDGE('',*,*,#3766,.F.);
#4575 = ORIENTED_EDGE('',*,*,#4576,.F.);
#4576 = EDGE_CURVE('',#4577,#3767,#4579,.T.);
#4577 = VERTEX_POINT('',#4578);
#4578 = CARTESIAN_POINT('',(4.75,51.5,14.35));
#4579 = LINE('',#4580,#4581);
#4580 = CARTESIAN_POINT('',(4.75,51.5,14.25));
#4581 = VECTOR('',#4582,1.);
#4582 = DIRECTION('',(0.,0.,1.));
#4583 = ORIENTED_EDGE('',*,*,#4584,.T.);
#4584 = EDGE_CURVE('',#4577,#4577,#4585,.T.);
#4585 = CIRCLE('',#4586,1.15);
#4586 = AXIS2_PLACEMENT_3D('',#4587,#4588,#4589);
#4587 = CARTESIAN_POINT('',(3.6,51.5,14.35));
#4588 = DIRECTION('',(0.,0.,1.));
#4589 = DIRECTION('',(1.,0.,-0.));
#4590 = ORIENTED_EDGE('',*,*,#4576,.T.);
#4591 = CYLINDRICAL_SURFACE('',#4592,1.15);
#4592 = AXIS2_PLACEMENT_3D('',#4593,#4594,#4595);
#4593 = CARTESIAN_POINT('',(3.6,51.5,14.25));
#4594 = DIRECTION('',(0.,0.,1.));
#4595 = DIRECTION('',(1.,0.,-0.));
#4596 = ADVANCED_FACE('',(#4597),#4613,.F.);
#4597 = FACE_BOUND('',#4598,.F.);
#4598 = EDGE_LOOP('',(#4599,#4605,#4606,#4612));
#4599 = ORIENTED_EDGE('',*,*,#4600,.F.);
#4600 = EDGE_CURVE('',#3465,#3534,#4601,.T.);
#4601 = LINE('',#4602,#4603);
#4602 = CARTESIAN_POINT('',(2.,52.,13.2));
#4603 = VECTOR('',#4604,1.);
#4604 = DIRECTION('',(0.,-1.,0.));
#4605 = ORIENTED_EDGE('',*,*,#3464,.T.);
#4606 = ORIENTED_EDGE('',*,*,#4607,.T.);
#4607 = EDGE_CURVE('',#3467,#3543,#4608,.T.);
#4608 = LINE('',#4609,#4610);
#4609 = CARTESIAN_POINT('',(2.,41.,14.35));
#4610 = VECTOR('',#4611,1.);
#4611 = DIRECTION('',(0.,-1.,0.));
#4612 = ORIENTED_EDGE('',*,*,#3542,.F.);
#4613 = PLANE('',#4614);
#4614 = AXIS2_PLACEMENT_3D('',#4615,#4616,#4617);
#4615 = CARTESIAN_POINT('',(2.,52.,13.2));
#4616 = DIRECTION('',(1.,0.,-0.));
#4617 = DIRECTION('',(0.,-1.,0.));
#4618 = ADVANCED_FACE('',(#4619),#4635,.T.);
#4619 = FACE_BOUND('',#4620,.T.);
#4620 = EDGE_LOOP('',(#4621,#4622,#4628,#4629));
#4621 = ORIENTED_EDGE('',*,*,#3523,.F.);
#4622 = ORIENTED_EDGE('',*,*,#4623,.T.);
#4623 = EDGE_CURVE('',#3524,#3475,#4624,.T.);
#4624 = LINE('',#4625,#4626);
#4625 = CARTESIAN_POINT('',(2.8,41.,13.2));
#4626 = VECTOR('',#4627,1.);
#4627 = DIRECTION('',(-0.,1.,0.));
#4628 = ORIENTED_EDGE('',*,*,#3483,.T.);
#4629 = ORIENTED_EDGE('',*,*,#4630,.F.);
#4630 = EDGE_CURVE('',#3526,#3484,#4631,.T.);
#4631 = LINE('',#4632,#4633);
#4632 = CARTESIAN_POINT('',(2.8,41.,14.75));
#4633 = VECTOR('',#4634,1.);
#4634 = DIRECTION('',(-0.,1.,0.));
#4635 = PLANE('',#4636);
#4636 = AXIS2_PLACEMENT_3D('',#4637,#4638,#4639);
#4637 = CARTESIAN_POINT('',(2.8,52.,13.1));
#4638 = DIRECTION('',(1.,0.,-0.));
#4639 = DIRECTION('',(0.,-1.,0.));
#4640 = ADVANCED_FACE('',(#4641),#4647,.F.);
#4641 = FACE_BOUND('',#4642,.F.);
#4642 = EDGE_LOOP('',(#4643,#4644,#4645,#4646));
#4643 = ORIENTED_EDGE('',*,*,#3474,.F.);
#4644 = ORIENTED_EDGE('',*,*,#4600,.T.);
#4645 = ORIENTED_EDGE('',*,*,#3533,.F.);
#4646 = ORIENTED_EDGE('',*,*,#4623,.T.);
#4647 = PLANE('',#4648);
#4648 = AXIS2_PLACEMENT_3D('',#4649,#4650,#4651);
#4649 = CARTESIAN_POINT('',(21.,30.,13.2));
#4650 = DIRECTION('',(0.,0.,1.));
#4651 = DIRECTION('',(1.,0.,-0.));
#4652 = ADVANCED_FACE('',(#4653),#4672,.F.);
#4653 = FACE_BOUND('',#4654,.F.);
#4654 = EDGE_LOOP('',(#4655,#4656,#4664,#4671));
#4655 = ORIENTED_EDGE('',*,*,#3644,.F.);
#4656 = ORIENTED_EDGE('',*,*,#4657,.F.);
#4657 = EDGE_CURVE('',#4658,#3645,#4660,.T.);
#4658 = VERTEX_POINT('',#4659);
#4659 = CARTESIAN_POINT('',(4.75,8.5,14.35));
#4660 = LINE('',#4661,#4662);
#4661 = CARTESIAN_POINT('',(4.75,8.5,14.25));
#4662 = VECTOR('',#4663,1.);
#4663 = DIRECTION('',(0.,0.,1.));
#4664 = ORIENTED_EDGE('',*,*,#4665,.T.);
#4665 = EDGE_CURVE('',#4658,#4658,#4666,.T.);
#4666 = CIRCLE('',#4667,1.15);
#4667 = AXIS2_PLACEMENT_3D('',#4668,#4669,#4670);
#4668 = CARTESIAN_POINT('',(3.6,8.5,14.35));
#4669 = DIRECTION('',(0.,0.,1.));
#4670 = DIRECTION('',(1.,0.,-0.));
#4671 = ORIENTED_EDGE('',*,*,#4657,.T.);
#4672 = CYLINDRICAL_SURFACE('',#4673,1.15);
#4673 = AXIS2_PLACEMENT_3D('',#4674,#4675,#4676);
#4674 = CARTESIAN_POINT('',(3.6,8.5,14.25));
#4675 = DIRECTION('',(0.,0.,1.));
#4676 = DIRECTION('',(1.,0.,-0.));
#4677 = ADVANCED_FACE('',(#4678),#4690,.F.);
#4678 = FACE_BOUND('',#4679,.T.);
#4679 = EDGE_LOOP('',(#4680,#4681,#4682,#4683));
#4680 = ORIENTED_EDGE('',*,*,#4091,.F.);
#4681 = ORIENTED_EDGE('',*,*,#4131,.T.);
#4682 = ORIENTED_EDGE('',*,*,#3608,.F.);
#4683 = ORIENTED_EDGE('',*,*,#4684,.F.);
#4684 = EDGE_CURVE('',#4092,#3609,#4685,.T.);
#4685 = CIRCLE('',#4686,5.2);
#4686 = AXIS2_PLACEMENT_3D('',#4687,#4688,#4689);
#4687 = CARTESIAN_POINT('',(8.,8.,14.75));
#4688 = DIRECTION('',(-0.,0.,-1.));
#4689 = DIRECTION('',(-1.,-3.416070845E-16,0.));
#4690 = CYLINDRICAL_SURFACE('',#4691,5.2);
#4691 = AXIS2_PLACEMENT_3D('',#4692,#4693,#4694);
#4692 = CARTESIAN_POINT('',(8.,8.,13.1));
#4693 = DIRECTION('',(-0.,-0.,-1.));
#4694 = DIRECTION('',(-1.,-3.416070845E-16,0.));
#4695 = ADVANCED_FACE('',(#4696),#4708,.T.);
#4696 = FACE_BOUND('',#4697,.F.);
#4697 = EDGE_LOOP('',(#4698,#4699,#4700,#4707));
#4698 = ORIENTED_EDGE('',*,*,#4114,.F.);
#4699 = ORIENTED_EDGE('',*,*,#3591,.F.);
#4700 = ORIENTED_EDGE('',*,*,#4701,.F.);
#4701 = EDGE_CURVE('',#4148,#3583,#4702,.T.);
#4702 = CIRCLE('',#4703,6.);
#4703 = AXIS2_PLACEMENT_3D('',#4704,#4705,#4706);
#4704 = CARTESIAN_POINT('',(8.,8.,14.35));
#4705 = DIRECTION('',(-0.,0.,-1.));
#4706 = DIRECTION('',(-1.,0.,0.));
#4707 = ORIENTED_EDGE('',*,*,#4147,.F.);
#4708 = CYLINDRICAL_SURFACE('',#4709,6.);
#4709 = AXIS2_PLACEMENT_3D('',#4710,#4711,#4712);
#4710 = CARTESIAN_POINT('',(8.,8.,13.2));
#4711 = DIRECTION('',(-0.,-0.,-1.));
#4712 = DIRECTION('',(-1.,0.,0.));
#4713 = ADVANCED_FACE('',(#4714),#4748,.F.);
#4714 = FACE_BOUND('',#4715,.F.);
#4715 = EDGE_LOOP('',(#4716,#4717,#4725,#4742));
#4716 = ORIENTED_EDGE('',*,*,#3679,.F.);
#4717 = ORIENTED_EDGE('',*,*,#4718,.T.);
#4718 = EDGE_CURVE('',#3680,#4719,#4721,.T.);
#4719 = VERTEX_POINT('',#4720);
#4720 = CARTESIAN_POINT('',(20.520553691275,10.806040268456,20.));
#4721 = LINE('',#4722,#4723);
#4722 = CARTESIAN_POINT('',(20.520553691275,10.806040268456,19.5));
#4723 = VECTOR('',#4724,1.);
#4724 = DIRECTION('',(0.,0.,1.));
#4725 = ORIENTED_EDGE('',*,*,#4726,.F.);
#4726 = EDGE_CURVE('',#4727,#4719,#4729,.T.);
#4727 = VERTEX_POINT('',#4728);
#4728 = CARTESIAN_POINT('',(21.175419463087,10.978187919463,20.));
#4729 = B_SPLINE_CURVE_WITH_KNOTS('',6,(#4730,#4731,#4732,#4733,#4734,
    #4735,#4736,#4737,#4738,#4739,#4740,#4741),.UNSPECIFIED.,.F.,.F.,(7,
    5,7),(0.,0.478558148133,1.),.UNSPECIFIED.);
#4730 = CARTESIAN_POINT('',(21.175419463087,10.978187919463,20.));
#4731 = CARTESIAN_POINT('',(21.141311259151,10.948543686308,20.));
#4732 = CARTESIAN_POINT('',(21.102836616023,10.92216875099,20.));
#4733 = CARTESIAN_POINT('',(21.060252875504,10.899099863333,20.));
#4734 = CARTESIAN_POINT('',(21.013898599759,10.879267097673,20.));
#4735 = CARTESIAN_POINT('',(20.964146608938,10.862533306565,20.));
#4736 = CARTESIAN_POINT('',(20.853836941551,10.833697245321,20.));
#4737 = CARTESIAN_POINT('',(20.792708862908,10.822143550966,20.));
#4738 = CARTESIAN_POINT('',(20.728421006241,10.813852565781,20.));
#4739 = CARTESIAN_POINT('',(20.661400642016,10.808568024677,20.));
#4740 = CARTESIAN_POINT('',(20.592014064084,10.806040268456,20.));
#4741 = CARTESIAN_POINT('',(20.520553691275,10.806040268456,20.));
#4742 = ORIENTED_EDGE('',*,*,#4743,.F.);
#4743 = EDGE_CURVE('',#3682,#4727,#4744,.T.);
#4744 = LINE('',#4745,#4746);
#4745 = CARTESIAN_POINT('',(21.175419463087,10.978187919463,19.5));
#4746 = VECTOR('',#4747,1.);
#4747 = DIRECTION('',(0.,0.,1.));
#4748 = SURFACE_OF_LINEAR_EXTRUSION('',#4749,#4753);
#4749 = B_SPLINE_CURVE_WITH_KNOTS('',2,(#4750,#4751,#4752),
  .UNSPECIFIED.,.F.,.F.,(3,3),(0.,1.),.PIECEWISE_BEZIER_KNOTS.);
#4750 = CARTESIAN_POINT('',(20.520553691275,10.806040268456,19.5));
#4751 = CARTESIAN_POINT('',(20.977348993289,10.806040268456,19.5));
#4752 = CARTESIAN_POINT('',(21.175419463087,10.978187919463,19.5));
#4753 = VECTOR('',#4754,1.);
#4754 = DIRECTION('',(-0.,-0.,-1.));
#4755 = ADVANCED_FACE('',(#4756),#4781,.F.);
#4756 = FACE_BOUND('',#4757,.F.);
#4757 = EDGE_LOOP('',(#4758,#4759,#4760,#4775));
#4758 = ORIENTED_EDGE('',*,*,#3689,.F.);
#4759 = ORIENTED_EDGE('',*,*,#4743,.T.);
#4760 = ORIENTED_EDGE('',*,*,#4761,.F.);
#4761 = EDGE_CURVE('',#4762,#4727,#4764,.T.);
#4762 = VERTEX_POINT('',#4763);
#4763 = CARTESIAN_POINT('',(21.373741610738,11.544714765101,20.));
#4764 = B_SPLINE_CURVE_WITH_KNOTS('',5,(#4765,#4766,#4767,#4768,#4769,
    #4770,#4771,#4772,#4773,#4774),.UNSPECIFIED.,.F.,.F.,(6,4,6),(0.,
    0.509538770426,1.),.UNSPECIFIED.);
#4765 = CARTESIAN_POINT('',(21.373741610738,11.544714765101,20.));
#4766 = CARTESIAN_POINT('',(21.373741610738,11.470395858873,20.));
#4767 = CARTESIAN_POINT('',(21.369333711208,11.399114832322,20.));
#4768 = CARTESIAN_POINT('',(21.360073098171,11.33141435812,20.));
#4769 = CARTESIAN_POINT('',(21.345497899498,11.267971357474,20.));
#4770 = CARTESIAN_POINT('',(21.305944417891,11.153073488496,20.));
#4771 = CARTESIAN_POINT('',(21.281373479171,11.10124924598,20.));
#4772 = CARTESIAN_POINT('',(21.251404933735,11.054551960844,20.));
#4773 = CARTESIAN_POINT('',(21.215994285314,11.013459179902,20.));
#4774 = CARTESIAN_POINT('',(21.175419463087,10.978187919463,20.));
#4775 = ORIENTED_EDGE('',*,*,#4776,.F.);
#4776 = EDGE_CURVE('',#3690,#4762,#4777,.T.);
#4777 = LINE('',#4778,#4779);
#4778 = CARTESIAN_POINT('',(21.373741610738,11.544714765101,19.5));
#4779 = VECTOR('',#4780,1.);
#4780 = DIRECTION('',(0.,0.,1.));
#4781 = SURFACE_OF_LINEAR_EXTRUSION('',#4782,#4786);
#4782 = B_SPLINE_CURVE_WITH_KNOTS('',2,(#4783,#4784,#4785),
  .UNSPECIFIED.,.F.,.F.,(3,3),(0.,1.),.PIECEWISE_BEZIER_KNOTS.);
#4783 = CARTESIAN_POINT('',(21.175419463087,10.978187919463,19.5));
#4784 = CARTESIAN_POINT('',(21.373741610738,11.150587248322,19.5));
#4785 = CARTESIAN_POINT('',(21.373741610738,11.544714765101,19.5));
#4786 = VECTOR('',#4787,1.);
#4787 = DIRECTION('',(-0.,-0.,-1.));
#4788 = ADVANCED_FACE('',(#4789),#4814,.F.);
#4789 = FACE_BOUND('',#4790,.F.);
#4790 = EDGE_LOOP('',(#4791,#4792,#4793,#4808));
#4791 = ORIENTED_EDGE('',*,*,#3697,.F.);
#4792 = ORIENTED_EDGE('',*,*,#4776,.T.);
#4793 = ORIENTED_EDGE('',*,*,#4794,.F.);
#4794 = EDGE_CURVE('',#4795,#4762,#4797,.T.);
#4795 = VERTEX_POINT('',#4796);
#4796 = CARTESIAN_POINT('',(21.175419463087,12.103439597315,20.));
#4797 = B_SPLINE_CURVE_WITH_KNOTS('',5,(#4798,#4799,#4800,#4801,#4802,
    #4803,#4804,#4805,#4806,#4807),.UNSPECIFIED.,.F.,.F.,(6,4,6),(0.,
    0.496596142034,1.),.UNSPECIFIED.);
#4798 = CARTESIAN_POINT('',(21.175419463087,12.103439597315,20.));
#4799 = CARTESIAN_POINT('',(21.216461305856,12.068595697807,20.));
#4800 = CARTESIAN_POINT('',(21.252234081482,12.027776818039,20.));
#4801 = CARTESIAN_POINT('',(21.282440261033,11.981195319591,20.));
#4802 = CARTESIAN_POINT('',(21.307121654563,11.929341210897,20.));
#4803 = CARTESIAN_POINT('',(21.346168930617,11.815555134948,20.));
#4804 = CARTESIAN_POINT('',(21.360391709307,11.753484168299,20.));
#4805 = CARTESIAN_POINT('',(21.369434718381,11.687239243553,20.));
#4806 = CARTESIAN_POINT('',(21.373741610738,11.61747375152,20.));
#4807 = CARTESIAN_POINT('',(21.373741610738,11.544714765101,20.));
#4808 = ORIENTED_EDGE('',*,*,#4809,.F.);
#4809 = EDGE_CURVE('',#3698,#4795,#4810,.T.);
#4810 = LINE('',#4811,#4812);
#4811 = CARTESIAN_POINT('',(21.175419463087,12.103439597315,19.5));
#4812 = VECTOR('',#4813,1.);
#4813 = DIRECTION('',(0.,0.,1.));
#4814 = SURFACE_OF_LINEAR_EXTRUSION('',#4815,#4819);
#4815 = B_SPLINE_CURVE_WITH_KNOTS('',2,(#4816,#4817,#4818),
  .UNSPECIFIED.,.F.,.F.,(3,3),(0.,1.),.PIECEWISE_BEZIER_KNOTS.);
#4816 = CARTESIAN_POINT('',(21.373741610738,11.544714765101,19.5));
#4817 = CARTESIAN_POINT('',(21.373741610738,11.935067114094,19.5));
#4818 = CARTESIAN_POINT('',(21.175419463087,12.103439597315,19.5));
#4819 = VECTOR('',#4820,1.);
#4820 = DIRECTION('',(-0.,-0.,-1.));
#4821 = ADVANCED_FACE('',(#4822),#4849,.F.);
#4822 = FACE_BOUND('',#4823,.F.);
#4823 = EDGE_LOOP('',(#4824,#4825,#4826,#4843));
#4824 = ORIENTED_EDGE('',*,*,#3705,.F.);
#4825 = ORIENTED_EDGE('',*,*,#4809,.T.);
#4826 = ORIENTED_EDGE('',*,*,#4827,.F.);
#4827 = EDGE_CURVE('',#4828,#4795,#4830,.T.);
#4828 = VERTEX_POINT('',#4829);
#4829 = CARTESIAN_POINT('',(20.520553691275,12.271812080537,20.));
#4830 = B_SPLINE_CURVE_WITH_KNOTS('',6,(#4831,#4832,#4833,#4834,#4835,
    #4836,#4837,#4838,#4839,#4840,#4841,#4842),.UNSPECIFIED.,.F.,.F.,(7,
    5,7),(0.,0.523668540113,1.),.UNSPECIFIED.);
#4831 = CARTESIAN_POINT('',(20.520553691275,12.271812080537,20.));
#4832 = CARTESIAN_POINT('',(20.592275978665,12.271812080537,20.));
#4833 = CARTESIAN_POINT('',(20.661909090059,12.269321601455,20.));
#4834 = CARTESIAN_POINT('',(20.729159833656,12.264114184994,20.));
#4835 = CARTESIAN_POINT('',(20.793660297182,12.255942334006,20.));
#4836 = CARTESIAN_POINT('',(20.854980453719,12.24455094466,20.));
#4837 = CARTESIAN_POINT('',(20.965140463529,12.216227713852,20.));
#4838 = CARTESIAN_POINT('',(21.014608287722,12.19988921828,20.));
#4839 = CARTESIAN_POINT('',(21.06071797323,12.18054201585,20.));
#4840 = CARTESIAN_POINT('',(21.103101461525,12.158049867941,20.));
#4841 = CARTESIAN_POINT('',(21.141421873543,12.132339708377,20.));
#4842 = CARTESIAN_POINT('',(21.175419463087,12.103439597315,20.));
#4843 = ORIENTED_EDGE('',*,*,#4844,.F.);
#4844 = EDGE_CURVE('',#3706,#4828,#4845,.T.);
#4845 = LINE('',#4846,#4847);
#4846 = CARTESIAN_POINT('',(20.520553691275,12.271812080537,19.5));
#4847 = VECTOR('',#4848,1.);
#4848 = DIRECTION('',(0.,0.,1.));
#4849 = SURFACE_OF_LINEAR_EXTRUSION('',#4850,#4854);
#4850 = B_SPLINE_CURVE_WITH_KNOTS('',2,(#4851,#4852,#4853),
  .UNSPECIFIED.,.F.,.F.,(3,3),(0.,1.),.PIECEWISE_BEZIER_KNOTS.);
#4851 = CARTESIAN_POINT('',(21.175419463087,12.103439597315,19.5));
#4852 = CARTESIAN_POINT('',(20.977348993289,12.271812080537,19.5));
#4853 = CARTESIAN_POINT('',(20.520553691275,12.271812080537,19.5));
#4854 = VECTOR('',#4855,1.);
#4855 = DIRECTION('',(-0.,-0.,-1.));
#4856 = ADVANCED_FACE('',(#4857),#4875,.F.);
#4857 = FACE_BOUND('',#4858,.F.);
#4858 = EDGE_LOOP('',(#4859,#4860,#4861,#4869));
#4859 = ORIENTED_EDGE('',*,*,#3713,.F.);
#4860 = ORIENTED_EDGE('',*,*,#4844,.T.);
#4861 = ORIENTED_EDGE('',*,*,#4862,.F.);
#4862 = EDGE_CURVE('',#4863,#4828,#4865,.T.);
#4863 = VERTEX_POINT('',#4864);
#4864 = CARTESIAN_POINT('',(19.908976510067,12.271812080537,20.));
#4865 = LINE('',#4866,#4867);
#4866 = CARTESIAN_POINT('',(20.760276845638,12.271812080537,20.));
#4867 = VECTOR('',#4868,1.);
#4868 = DIRECTION('',(1.,0.,-0.));
#4869 = ORIENTED_EDGE('',*,*,#4870,.F.);
#4870 = EDGE_CURVE('',#3714,#4863,#4871,.T.);
#4871 = LINE('',#4872,#4873);
#4872 = CARTESIAN_POINT('',(19.908976510067,12.271812080537,19.5));
#4873 = VECTOR('',#4874,1.);
#4874 = DIRECTION('',(0.,0.,1.));
#4875 = PLANE('',#4876);
#4876 = AXIS2_PLACEMENT_3D('',#4877,#4878,#4879);
#4877 = CARTESIAN_POINT('',(20.520553691275,12.271812080537,19.5));
#4878 = DIRECTION('',(0.,-1.,0.));
#4879 = DIRECTION('',(-1.,0.,0.));
#4880 = ADVANCED_FACE('',(#4881),#4899,.F.);
#4881 = FACE_BOUND('',#4882,.F.);
#4882 = EDGE_LOOP('',(#4883,#4884,#4885,#4893));
#4883 = ORIENTED_EDGE('',*,*,#3721,.F.);
#4884 = ORIENTED_EDGE('',*,*,#4870,.T.);
#4885 = ORIENTED_EDGE('',*,*,#4886,.F.);
#4886 = EDGE_CURVE('',#4887,#4863,#4889,.T.);
#4887 = VERTEX_POINT('',#4888);
#4888 = CARTESIAN_POINT('',(19.908976510067,10.806040268456,20.));
#4889 = LINE('',#4890,#4891);
#4890 = CARTESIAN_POINT('',(19.908976510067,21.135906040268,20.));
#4891 = VECTOR('',#4892,1.);
#4892 = DIRECTION('',(-0.,1.,0.));
#4893 = ORIENTED_EDGE('',*,*,#4894,.F.);
#4894 = EDGE_CURVE('',#3722,#4887,#4895,.T.);
#4895 = LINE('',#4896,#4897);
#4896 = CARTESIAN_POINT('',(19.908976510067,10.806040268456,19.5));
#4897 = VECTOR('',#4898,1.);
#4898 = DIRECTION('',(0.,0.,1.));
#4899 = PLANE('',#4900);
#4900 = AXIS2_PLACEMENT_3D('',#4901,#4902,#4903);
#4901 = CARTESIAN_POINT('',(19.908976510067,12.271812080537,19.5));
#4902 = DIRECTION('',(1.,0.,-0.));
#4903 = DIRECTION('',(0.,-1.,0.));
#4904 = ADVANCED_FACE('',(#4905),#4916,.F.);
#4905 = FACE_BOUND('',#4906,.F.);
#4906 = EDGE_LOOP('',(#4907,#4908,#4909,#4915));
#4907 = ORIENTED_EDGE('',*,*,#3729,.F.);
#4908 = ORIENTED_EDGE('',*,*,#4894,.T.);
#4909 = ORIENTED_EDGE('',*,*,#4910,.F.);
#4910 = EDGE_CURVE('',#4719,#4887,#4911,.T.);
#4911 = LINE('',#4912,#4913);
#4912 = CARTESIAN_POINT('',(20.454488255034,10.806040268456,20.));
#4913 = VECTOR('',#4914,1.);
#4914 = DIRECTION('',(-1.,0.,0.));
#4915 = ORIENTED_EDGE('',*,*,#4718,.F.);
#4916 = PLANE('',#4917);
#4917 = AXIS2_PLACEMENT_3D('',#4918,#4919,#4920);
#4918 = CARTESIAN_POINT('',(19.908976510067,10.806040268456,19.5));
#4919 = DIRECTION('',(0.,1.,0.));
#4920 = DIRECTION('',(1.,0.,0.));
#4921 = ADVANCED_FACE('',(#4922),#4947,.F.);
#4922 = FACE_BOUND('',#4923,.F.);
#4923 = EDGE_LOOP('',(#4924,#4925,#4933,#4941));
#4924 = ORIENTED_EDGE('',*,*,#3838,.F.);
#4925 = ORIENTED_EDGE('',*,*,#4926,.T.);
#4926 = EDGE_CURVE('',#3839,#4927,#4929,.T.);
#4927 = VERTEX_POINT('',#4928);
#4928 = CARTESIAN_POINT('',(25.405331375839,52.681342281879,20.));
#4929 = LINE('',#4930,#4931);
#4930 = CARTESIAN_POINT('',(25.405331375839,52.681342281879,19.6));
#4931 = VECTOR('',#4932,1.);
#4932 = DIRECTION('',(0.,0.,1.));
#4933 = ORIENTED_EDGE('',*,*,#4934,.F.);
#4934 = EDGE_CURVE('',#4935,#4927,#4937,.T.);
#4935 = VERTEX_POINT('',#4936);
#4936 = CARTESIAN_POINT('',(26.486161912752,52.681342281879,20.));
#4937 = LINE('',#4938,#4939);
#4938 = CARTESIAN_POINT('',(23.202665687919,52.681342281879,20.));
#4939 = VECTOR('',#4940,1.);
#4940 = DIRECTION('',(-1.,0.,0.));
#4941 = ORIENTED_EDGE('',*,*,#4942,.F.);
#4942 = EDGE_CURVE('',#3841,#4935,#4943,.T.);
#4943 = LINE('',#4944,#4945);
#4944 = CARTESIAN_POINT('',(26.486161912752,52.681342281879,19.6));
#4945 = VECTOR('',#4946,1.);
#4946 = DIRECTION('',(0.,0.,1.));
#4947 = PLANE('',#4948);
#4948 = AXIS2_PLACEMENT_3D('',#4949,#4950,#4951);
#4949 = CARTESIAN_POINT('',(25.405331375839,52.681342281879,19.6));
#4950 = DIRECTION('',(0.,1.,0.));
#4951 = DIRECTION('',(1.,0.,0.));
#4952 = ADVANCED_FACE('',(#4953),#4971,.F.);
#4953 = FACE_BOUND('',#4954,.F.);
#4954 = EDGE_LOOP('',(#4955,#4956,#4957,#4965));
#4955 = ORIENTED_EDGE('',*,*,#3848,.F.);
#4956 = ORIENTED_EDGE('',*,*,#4942,.T.);
#4957 = ORIENTED_EDGE('',*,*,#4958,.F.);
#4958 = EDGE_CURVE('',#4959,#4935,#4961,.T.);
#4959 = VERTEX_POINT('',#4960);
#4960 = CARTESIAN_POINT('',(25.94706795302,54.249295302013,20.));
#4961 = LINE('',#4962,#4963);
#4962 = CARTESIAN_POINT('',(29.683127204997,43.382979176982,20.));
#4963 = VECTOR('',#4964,1.);
#4964 = DIRECTION('',(0.325139159103,-0.945666181704,0.));
#4965 = ORIENTED_EDGE('',*,*,#4966,.F.);
#4966 = EDGE_CURVE('',#3849,#4959,#4967,.T.);
#4967 = LINE('',#4968,#4969);
#4968 = CARTESIAN_POINT('',(25.94706795302,54.249295302013,19.6));
#4969 = VECTOR('',#4970,1.);
#4970 = DIRECTION('',(0.,0.,1.));
#4971 = PLANE('',#4972);
#4972 = AXIS2_PLACEMENT_3D('',#4973,#4974,#4975);
#4973 = CARTESIAN_POINT('',(26.486161912752,52.681342281879,19.6));
#4974 = DIRECTION('',(-0.945666181704,-0.325139159103,0.));
#4975 = DIRECTION('',(-0.325139159103,0.945666181704,0.));
#4976 = ADVANCED_FACE('',(#4977),#4988,.F.);
#4977 = FACE_BOUND('',#4978,.F.);
#4978 = EDGE_LOOP('',(#4979,#4980,#4981,#4987));
#4979 = ORIENTED_EDGE('',*,*,#3856,.F.);
#4980 = ORIENTED_EDGE('',*,*,#4966,.T.);
#4981 = ORIENTED_EDGE('',*,*,#4982,.F.);
#4982 = EDGE_CURVE('',#4927,#4959,#4983,.T.);
#4983 = LINE('',#4984,#4985);
#4984 = CARTESIAN_POINT('',(21.940891892167,42.654184101496,20.));
#4985 = VECTOR('',#4986,1.);
#4986 = DIRECTION('',(0.326563378352,0.945175306448,-0.));
#4987 = ORIENTED_EDGE('',*,*,#4926,.F.);
#4988 = PLANE('',#4989);
#4989 = AXIS2_PLACEMENT_3D('',#4990,#4991,#4992);
#4990 = CARTESIAN_POINT('',(25.94706795302,54.249295302013,19.6));
#4991 = DIRECTION('',(0.945175306448,-0.326563378352,0.));
#4992 = DIRECTION('',(-0.326563378352,-0.945175306448,0.));
#4993 = ADVANCED_FACE('',(#4994),#5000,.F.);
#4994 = FACE_BOUND('',#4995,.F.);
#4995 = EDGE_LOOP('',(#4996,#4997,#4998,#4999));
#4996 = ORIENTED_EDGE('',*,*,#3946,.F.);
#4997 = ORIENTED_EDGE('',*,*,#3898,.T.);
#4998 = ORIENTED_EDGE('',*,*,#3922,.T.);
#4999 = ORIENTED_EDGE('',*,*,#3970,.F.);
#5000 = PLANE('',#5001);
#5001 = AXIS2_PLACEMENT_3D('',#5002,#5003,#5004);
#5002 = CARTESIAN_POINT('',(8.,6.3,12.8));
#5003 = DIRECTION('',(0.,0.,1.));
#5004 = DIRECTION('',(1.,0.,-0.));
#5005 = ADVANCED_FACE('',(#5006),#5012,.F.);
#5006 = FACE_BOUND('',#5007,.F.);
#5007 = EDGE_LOOP('',(#5008,#5009,#5010,#5011));
#5008 = ORIENTED_EDGE('',*,*,#4066,.F.);
#5009 = ORIENTED_EDGE('',*,*,#3994,.T.);
#5010 = ORIENTED_EDGE('',*,*,#4018,.T.);
#5011 = ORIENTED_EDGE('',*,*,#4042,.F.);
#5012 = PLANE('',#5013);
#5013 = AXIS2_PLACEMENT_3D('',#5014,#5015,#5016);
#5014 = CARTESIAN_POINT('',(31.8,6.3,12.8));
#5015 = DIRECTION('',(0.,0.,1.));
#5016 = DIRECTION('',(1.,0.,-0.));
#5017 = ADVANCED_FACE('',(#5018),#5029,.T.);
#5018 = FACE_BOUND('',#5019,.T.);
#5019 = EDGE_LOOP('',(#5020,#5021,#5022,#5028));
#5020 = ORIENTED_EDGE('',*,*,#4468,.T.);
#5021 = ORIENTED_EDGE('',*,*,#4400,.T.);
#5022 = ORIENTED_EDGE('',*,*,#5023,.F.);
#5023 = EDGE_CURVE('',#4553,#4403,#5024,.T.);
#5024 = LINE('',#5025,#5026);
#5025 = CARTESIAN_POINT('',(27.5,57.2,14.75));
#5026 = VECTOR('',#5027,1.);
#5027 = DIRECTION('',(1.,0.,-0.));
#5028 = ORIENTED_EDGE('',*,*,#4552,.F.);
#5029 = PLANE('',#5030);
#5030 = AXIS2_PLACEMENT_3D('',#5031,#5032,#5033);
#5031 = CARTESIAN_POINT('',(34.,57.2,13.1));
#5032 = DIRECTION('',(0.,-1.,0.));
#5033 = DIRECTION('',(-1.,0.,0.));
#5034 = ADVANCED_FACE('',(#5035),#5044,.T.);
#5035 = FACE_BOUND('',#5036,.T.);
#5036 = EDGE_LOOP('',(#5037,#5038,#5039,#5040,#5041,#5042,#5043));
#5037 = ORIENTED_EDGE('',*,*,#4726,.F.);
#5038 = ORIENTED_EDGE('',*,*,#4761,.F.);
#5039 = ORIENTED_EDGE('',*,*,#4794,.F.);
#5040 = ORIENTED_EDGE('',*,*,#4827,.F.);
#5041 = ORIENTED_EDGE('',*,*,#4862,.F.);
#5042 = ORIENTED_EDGE('',*,*,#4886,.F.);
#5043 = ORIENTED_EDGE('',*,*,#4910,.F.);
#5044 = PLANE('',#5045);
#5045 = AXIS2_PLACEMENT_3D('',#5046,#5047,#5048);
#5046 = CARTESIAN_POINT('',(21.,30.,20.));
#5047 = DIRECTION('',(0.,0.,1.));
#5048 = DIRECTION('',(1.,0.,-0.));
#5049 = ADVANCED_FACE('',(#5050),#5055,.T.);
#5050 = FACE_BOUND('',#5051,.T.);
#5051 = EDGE_LOOP('',(#5052,#5053,#5054));
#5052 = ORIENTED_EDGE('',*,*,#4934,.F.);
#5053 = ORIENTED_EDGE('',*,*,#4958,.F.);
#5054 = ORIENTED_EDGE('',*,*,#4982,.F.);
#5055 = PLANE('',#5056);
#5056 = AXIS2_PLACEMENT_3D('',#5057,#5058,#5059);
#5057 = CARTESIAN_POINT('',(21.,30.,20.));
#5058 = DIRECTION('',(0.,0.,1.));
#5059 = DIRECTION('',(1.,0.,-0.));
#5060 = ADVANCED_FACE('',(#5061,#5142,#5145,#5148,#5151),#5154,.T.);
#5061 = FACE_BOUND('',#5062,.T.);
#5062 = EDGE_LOOP('',(#5063,#5064,#5065,#5066,#5067,#5068,#5069,#5070,
    #5071,#5072,#5073,#5074,#5075,#5076,#5077,#5078,#5079,#5080,#5081,
    #5082,#5083,#5084,#5085,#5086,#5087,#5088,#5089,#5090,#5091,#5092,
    #5101,#5108,#5109,#5110,#5111,#5112,#5113,#5122,#5129,#5130,#5131,
    #5132,#5133,#5134,#5135,#5141));
#5063 = ORIENTED_EDGE('',*,*,#875,.F.);
#5064 = ORIENTED_EDGE('',*,*,#900,.F.);
#5065 = ORIENTED_EDGE('',*,*,#924,.F.);
#5066 = ORIENTED_EDGE('',*,*,#949,.F.);
#5067 = ORIENTED_EDGE('',*,*,#973,.F.);
#5068 = ORIENTED_EDGE('',*,*,#991,.F.);
#5069 = ORIENTED_EDGE('',*,*,#230,.F.);
#5070 = ORIENTED_EDGE('',*,*,#55,.F.);
#5071 = ORIENTED_EDGE('',*,*,#190,.T.);
#5072 = ORIENTED_EDGE('',*,*,#1023,.F.);
#5073 = ORIENTED_EDGE('',*,*,#3070,.T.);
#5074 = ORIENTED_EDGE('',*,*,#4236,.T.);
#5075 = ORIENTED_EDGE('',*,*,#4260,.F.);
#5076 = ORIENTED_EDGE('',*,*,#3170,.T.);
#5077 = ORIENTED_EDGE('',*,*,#1105,.F.);
#5078 = ORIENTED_EDGE('',*,*,#3117,.F.);
#5079 = ORIENTED_EDGE('',*,*,#2901,.F.);
#5080 = ORIENTED_EDGE('',*,*,#3255,.T.);
#5081 = ORIENTED_EDGE('',*,*,#4326,.T.);
#5082 = ORIENTED_EDGE('',*,*,#3297,.T.);
#5083 = ORIENTED_EDGE('',*,*,#2869,.F.);
#5084 = ORIENTED_EDGE('',*,*,#3194,.F.);
#5085 = ORIENTED_EDGE('',*,*,#2992,.F.);
#5086 = ORIENTED_EDGE('',*,*,#3346,.T.);
#5087 = ORIENTED_EDGE('',*,*,#4485,.F.);
#5088 = ORIENTED_EDGE('',*,*,#4510,.T.);
#5089 = ORIENTED_EDGE('',*,*,#4534,.F.);
#5090 = ORIENTED_EDGE('',*,*,#3441,.T.);
#5091 = ORIENTED_EDGE('',*,*,#2932,.F.);
#5092 = ORIENTED_EDGE('',*,*,#5093,.F.);
#5093 = EDGE_CURVE('',#5094,#2925,#5096,.T.);
#5094 = VERTEX_POINT('',#5095);
#5095 = CARTESIAN_POINT('',(5.8,51.5,14.35));
#5096 = CIRCLE('',#5097,2.2);
#5097 = AXIS2_PLACEMENT_3D('',#5098,#5099,#5100);
#5098 = CARTESIAN_POINT('',(3.6,51.5,14.35));
#5099 = DIRECTION('',(0.,0.,1.));
#5100 = DIRECTION('',(1.,0.,-0.));
#5101 = ORIENTED_EDGE('',*,*,#5102,.F.);
#5102 = EDGE_CURVE('',#2839,#5094,#5103,.T.);
#5103 = CIRCLE('',#5104,2.2);
#5104 = AXIS2_PLACEMENT_3D('',#5105,#5106,#5107);
#5105 = CARTESIAN_POINT('',(3.6,51.5,14.35));
#5106 = DIRECTION('',(0.,0.,1.));
#5107 = DIRECTION('',(1.,0.,-0.));
#5108 = ORIENTED_EDGE('',*,*,#2838,.F.);
#5109 = ORIENTED_EDGE('',*,*,#3508,.T.);
#5110 = ORIENTED_EDGE('',*,*,#4607,.T.);
#5111 = ORIENTED_EDGE('',*,*,#3550,.T.);
#5112 = ORIENTED_EDGE('',*,*,#2806,.F.);
#5113 = ORIENTED_EDGE('',*,*,#5114,.F.);
#5114 = EDGE_CURVE('',#5115,#2799,#5117,.T.);
#5115 = VERTEX_POINT('',#5116);
#5116 = CARTESIAN_POINT('',(5.8,8.5,14.35));
#5117 = CIRCLE('',#5118,2.2);
#5118 = AXIS2_PLACEMENT_3D('',#5119,#5120,#5121);
#5119 = CARTESIAN_POINT('',(3.6,8.5,14.35));
#5120 = DIRECTION('',(0.,0.,1.));
#5121 = DIRECTION('',(1.,0.,-0.));
#5122 = ORIENTED_EDGE('',*,*,#5123,.F.);
#5123 = EDGE_CURVE('',#1163,#5115,#5124,.T.);
#5124 = CIRCLE('',#5125,2.2);
#5125 = AXIS2_PLACEMENT_3D('',#5126,#5127,#5128);
#5126 = CARTESIAN_POINT('',(3.6,8.5,14.35));
#5127 = DIRECTION('',(0.,0.,1.));
#5128 = DIRECTION('',(1.,0.,-0.));
#5129 = ORIENTED_EDGE('',*,*,#1162,.F.);
#5130 = ORIENTED_EDGE('',*,*,#3582,.T.);
#5131 = ORIENTED_EDGE('',*,*,#4701,.F.);
#5132 = ORIENTED_EDGE('',*,*,#4155,.T.);
#5133 = ORIENTED_EDGE('',*,*,#3023,.F.);
#5134 = ORIENTED_EDGE('',*,*,#1041,.F.);
#5135 = ORIENTED_EDGE('',*,*,#5136,.F.);
#5136 = EDGE_CURVE('',#24,#1034,#5137,.T.);
#5137 = LINE('',#5138,#5139);
#5138 = CARTESIAN_POINT('',(12.2,14.5,14.35));
#5139 = VECTOR('',#5140,1.);
#5140 = DIRECTION('',(-0.,1.,0.));
#5141 = ORIENTED_EDGE('',*,*,#21,.F.);
#5142 = FACE_BOUND('',#5143,.T.);
#5143 = EDGE_LOOP('',(#5144));
#5144 = ORIENTED_EDGE('',*,*,#4665,.T.);
#5145 = FACE_BOUND('',#5146,.T.);
#5146 = EDGE_LOOP('',(#5147));
#5147 = ORIENTED_EDGE('',*,*,#4303,.T.);
#5148 = FACE_BOUND('',#5149,.T.);
#5149 = EDGE_LOOP('',(#5150));
#5150 = ORIENTED_EDGE('',*,*,#4584,.T.);
#5151 = FACE_BOUND('',#5152,.T.);
#5152 = EDGE_LOOP('',(#5153));
#5153 = ORIENTED_EDGE('',*,*,#4384,.T.);
#5154 = PLANE('',#5155);
#5155 = AXIS2_PLACEMENT_3D('',#5156,#5157,#5158);
#5156 = CARTESIAN_POINT('',(20.920303088907,32.462815934801,14.35));
#5157 = DIRECTION('',(-0.,-0.,-1.));
#5158 = DIRECTION('',(-1.,0.,0.));
#5159 = ADVANCED_FACE('',(#5160),#5166,.T.);
#5160 = FACE_BOUND('',#5161,.T.);
#5161 = EDGE_LOOP('',(#5162,#5163,#5164,#5165));
#5162 = ORIENTED_EDGE('',*,*,#1033,.F.);
#5163 = ORIENTED_EDGE('',*,*,#109,.F.);
#5164 = ORIENTED_EDGE('',*,*,#95,.T.);
#5165 = ORIENTED_EDGE('',*,*,#5136,.T.);
#5166 = PLANE('',#5167);
#5167 = AXIS2_PLACEMENT_3D('',#5168,#5169,#5170);
#5168 = CARTESIAN_POINT('',(12.2,0.9,16.225));
#5169 = DIRECTION('',(1.,0.,0.));
#5170 = DIRECTION('',(-0.,0.,1.));
#5171 = ADVANCED_FACE('',(#5172),#5181,.T.);
#5172 = FACE_BOUND('',#5173,.T.);
#5173 = EDGE_LOOP('',(#5174,#5175,#5176,#5177,#5178,#5179,#5180));
#5174 = ORIENTED_EDGE('',*,*,#3102,.F.);
#5175 = ORIENTED_EDGE('',*,*,#1005,.T.);
#5176 = ORIENTED_EDGE('',*,*,#1122,.F.);
#5177 = ORIENTED_EDGE('',*,*,#3178,.F.);
#5178 = ORIENTED_EDGE('',*,*,#3134,.F.);
#5179 = ORIENTED_EDGE('',*,*,#4279,.T.);
#5180 = ORIENTED_EDGE('',*,*,#4187,.T.);
#5181 = PLANE('',#5182);
#5182 = AXIS2_PLACEMENT_3D('',#5183,#5184,#5185);
#5183 = CARTESIAN_POINT('',(35.38439144411,3.374342115287,14.75));
#5184 = DIRECTION('',(0.,4.161166558841E-16,1.));
#5185 = DIRECTION('',(0.,1.,-4.161166558841E-16));
#5186 = ADVANCED_FACE('',(#5187),#5196,.T.);
#5187 = FACE_BOUND('',#5188,.T.);
#5188 = EDGE_LOOP('',(#5189,#5190,#5191,#5192,#5193,#5194,#5195));
#5189 = ORIENTED_EDGE('',*,*,#3625,.F.);
#5190 = ORIENTED_EDGE('',*,*,#1145,.F.);
#5191 = ORIENTED_EDGE('',*,*,#1057,.T.);
#5192 = ORIENTED_EDGE('',*,*,#3055,.T.);
#5193 = ORIENTED_EDGE('',*,*,#4099,.T.);
#5194 = ORIENTED_EDGE('',*,*,#4684,.T.);
#5195 = ORIENTED_EDGE('',*,*,#3616,.F.);
#5196 = PLANE('',#5197);
#5197 = AXIS2_PLACEMENT_3D('',#5198,#5199,#5200);
#5198 = CARTESIAN_POINT('',(6.61560855589,3.374342115287,14.75));
#5199 = DIRECTION('',(0.,4.161166558841E-16,1.));
#5200 = DIRECTION('',(0.,1.,-4.161166558841E-16));
#5201 = ADVANCED_FACE('',(#5202),#5210,.T.);
#5202 = FACE_BOUND('',#5203,.T.);
#5203 = EDGE_LOOP('',(#5204,#5205,#5206,#5207,#5208,#5209));
#5204 = ORIENTED_EDGE('',*,*,#3247,.F.);
#5205 = ORIENTED_EDGE('',*,*,#2885,.T.);
#5206 = ORIENTED_EDGE('',*,*,#3305,.F.);
#5207 = ORIENTED_EDGE('',*,*,#3314,.F.);
#5208 = ORIENTED_EDGE('',*,*,#4349,.T.);
#5209 = ORIENTED_EDGE('',*,*,#3238,.F.);
#5210 = PLANE('',#5211);
#5211 = AXIS2_PLACEMENT_3D('',#5212,#5213,#5214);
#5212 = CARTESIAN_POINT('',(39.708622196686,30.,14.75));
#5213 = DIRECTION('',(-1.77379613421E-15,0.,1.));
#5214 = DIRECTION('',(1.,0.,1.77379613421E-15));
#5215 = ADVANCED_FACE('',(#5216),#5228,.T.);
#5216 = FACE_BOUND('',#5217,.T.);
#5217 = EDGE_LOOP('',(#5218,#5219,#5220,#5221,#5222,#5223,#5224,#5225,
    #5226,#5227));
#5218 = ORIENTED_EDGE('',*,*,#3389,.F.);
#5219 = ORIENTED_EDGE('',*,*,#2973,.F.);
#5220 = ORIENTED_EDGE('',*,*,#3330,.T.);
#5221 = ORIENTED_EDGE('',*,*,#2949,.F.);
#5222 = ORIENTED_EDGE('',*,*,#3449,.F.);
#5223 = ORIENTED_EDGE('',*,*,#3405,.F.);
#5224 = ORIENTED_EDGE('',*,*,#4560,.T.);
#5225 = ORIENTED_EDGE('',*,*,#5023,.T.);
#5226 = ORIENTED_EDGE('',*,*,#4418,.T.);
#5227 = ORIENTED_EDGE('',*,*,#3380,.F.);
#5228 = PLANE('',#5229);
#5229 = AXIS2_PLACEMENT_3D('',#5230,#5231,#5232);
#5230 = CARTESIAN_POINT('',(21.,57.068123930101,14.75));
#5231 = DIRECTION('',(0.,0.,1.));
#5232 = DIRECTION('',(1.,0.,-0.));
#5233 = ADVANCED_FACE('',(#5234),#5242,.T.);
#5234 = FACE_BOUND('',#5235,.T.);
#5235 = EDGE_LOOP('',(#5236,#5237,#5238,#5239,#5240,#5241));
#5236 = ORIENTED_EDGE('',*,*,#3500,.F.);
#5237 = ORIENTED_EDGE('',*,*,#2822,.T.);
#5238 = ORIENTED_EDGE('',*,*,#3558,.F.);
#5239 = ORIENTED_EDGE('',*,*,#3567,.F.);
#5240 = ORIENTED_EDGE('',*,*,#4630,.T.);
#5241 = ORIENTED_EDGE('',*,*,#3491,.F.);
#5242 = PLANE('',#5243);
#5243 = AXIS2_PLACEMENT_3D('',#5244,#5245,#5246);
#5244 = CARTESIAN_POINT('',(2.291377803314,30.,14.75));
#5245 = DIRECTION('',(1.77379613421E-15,0.,1.));
#5246 = DIRECTION('',(1.,0.,-1.77379613421E-15));
#5247 = ADVANCED_FACE('',(#5248),#5256,.T.);
#5248 = FACE_BOUND('',#5249,.T.);
#5249 = EDGE_LOOP('',(#5250,#5251,#5252,#5253,#5254,#5255));
#5250 = ORIENTED_EDGE('',*,*,#2685,.F.);
#5251 = ORIENTED_EDGE('',*,*,#2846,.F.);
#5252 = ORIENTED_EDGE('',*,*,#5102,.T.);
#5253 = ORIENTED_EDGE('',*,*,#5093,.T.);
#5254 = ORIENTED_EDGE('',*,*,#2924,.F.);
#5255 = ORIENTED_EDGE('',*,*,#2676,.F.);
#5256 = CYLINDRICAL_SURFACE('',#5257,2.2);
#5257 = AXIS2_PLACEMENT_3D('',#5258,#5259,#5260);
#5258 = CARTESIAN_POINT('',(3.6,51.5,14.35));
#5259 = DIRECTION('',(0.,0.,1.));
#5260 = DIRECTION('',(1.,0.,-0.));
#5261 = ADVANCED_FACE('',(#5262),#5270,.T.);
#5262 = FACE_BOUND('',#5263,.T.);
#5263 = EDGE_LOOP('',(#5264,#5265,#5266,#5267,#5268,#5269));
#5264 = ORIENTED_EDGE('',*,*,#2612,.F.);
#5265 = ORIENTED_EDGE('',*,*,#1171,.T.);
#5266 = ORIENTED_EDGE('',*,*,#5123,.T.);
#5267 = ORIENTED_EDGE('',*,*,#5114,.T.);
#5268 = ORIENTED_EDGE('',*,*,#2798,.T.);
#5269 = ORIENTED_EDGE('',*,*,#2702,.F.);
#5270 = CYLINDRICAL_SURFACE('',#5271,2.2);
#5271 = AXIS2_PLACEMENT_3D('',#5272,#5273,#5274);
#5272 = CARTESIAN_POINT('',(3.6,8.5,14.35));
#5273 = DIRECTION('',(0.,0.,1.));
#5274 = DIRECTION('',(1.,0.,-0.));
#5275 = ( GEOMETRIC_REPRESENTATION_CONTEXT(3) 
GLOBAL_UNCERTAINTY_ASSIGNED_CONTEXT((#5279)) 
GLOBAL_UNIT_ASSIGNED_CONTEXT((#5276,#5277,#5278)) REPRESENTATION_CONTEXT
('Context #1','3D Context with UNIT and UNCERTAINTY') );
#5276 = ( LENGTH_UNIT() NAMED_UNIT(*) SI_UNIT(.MILLI.,.METRE.) );
#5277 = ( NAMED_UNIT(*) PLANE_ANGLE_UNIT() SI_UNIT($,.RADIAN.) );
#5278 = ( NAMED_UNIT(*) SI_UNIT($,.STERADIAN.) SOLID_ANGLE_UNIT() );
#5279 = UNCERTAINTY_MEASURE_WITH_UNIT(LENGTH_MEASURE(2.E-07),#5276,
  'distance_accuracy_value','confusion accuracy');
#5280 = PRODUCT_RELATED_PRODUCT_CATEGORY('part',$,(#7));
ENDSEC;
END-ISO-10303-21;
