ISO-10303-21;
HEADER;
FILE_DESCRIPTION(('FreeCAD Model'),'2;1');
FILE_NAME('Open CASCADE Shape Model','2026-09-27T22:40:25',('FreeCAD'),(
    'FreeCAD'),'Open CASCADE STEP processor 7.9','FreeCAD','Unknown');
FILE_SCHEMA(('AUTOMOTIVE_DESIGN { 1 0 10303 214 1 1 1 1 }'));
ENDSEC;
DATA;
#1 = APPLICATION_PROTOCOL_DEFINITION('international standard',
  'automotive_design',2000,#2);
#2 = APPLICATION_CONTEXT(
  'core data for automotive mechanical design processes');
#3 = SHAPE_DEFINITION_REPRESENTATION(#4,#10);
#4 = PRODUCT_DEFINITION_SHAPE('','',#5);
#5 = PRODUCT_DEFINITION('design','',#6,#9);
#6 = PRODUCT_DEFINITION_FORMATION('','',#7);
#7 = PRODUCT('Open CASCADE STEP translator 7.9 11',
  'Open CASCADE STEP translator 7.9 11','',(#8));
#8 = PRODUCT_CONTEXT('',#2,'mechanical');
#9 = PRODUCT_DEFINITION_CONTEXT('part definition',#2,'design');
#10 = ADVANCED_BREP_SHAPE_REPRESENTATION('',(#11,#15),#4582);
#11 = AXIS2_PLACEMENT_3D('',#12,#13,#14);
#12 = CARTESIAN_POINT('',(0.,0.,0.));
#13 = DIRECTION('',(0.,0.,1.));
#14 = DIRECTION('',(1.,0.,-0.));
#15 = MANIFOLD_SOLID_BREP('',#16);
#16 = CLOSED_SHELL('',(#17,#105,#136,#160,#184,#208,#241,#715,#740,#764,
    #789,#813,#838,#855,#945,#995,#1045,#1070,#1101,#1125,#1149,#1173,
    #1197,#1214,#1239,#1264,#1289,#1320,#1344,#1368,#1392,#1416,#1440,
    #1464,#1488,#1512,#1529,#1560,#1584,#1608,#1625,#1657,#1681,#1705,
    #1730,#1755,#1779,#1803,#1821,#1852,#1876,#1900,#1924,#1948,#1972,
    #1989,#2020,#2044,#2068,#2092,#2116,#2140,#2164,#2181,#2206,#2392,
    #2455,#2518,#2567,#2616,#2663,#2710,#2728,#2787,#2805,#2864,#2923,
    #2940,#2999,#3058,#3117,#3176,#3235,#3255,#3269,#3289,#3309,#3327,
    #3339,#3354,#3396,#3416,#3447,#3471,#3495,#3512,#3543,#3567,#3591,
    #3608,#3639,#3672,#3696,#3727,#3760,#3784,#3802,#3820,#3845,#3867,
    #3889,#3901,#3926,#3959,#4009,#4034,#4058,#4076,#4101,#4126,#4148,
    #4170,#4182,#4207,#4225,#4243,#4274,#4298,#4315,#4327,#4339,#4356,
    #4367,#4466,#4478,#4493,#4508,#4522,#4540,#4554,#4568));
#17 = ADVANCED_FACE('',(#18),#100,.F.);
#18 = FACE_BOUND('',#19,.F.);
#19 = EDGE_LOOP('',(#20,#30,#38,#46,#54,#62,#70,#78,#86,#94));
#20 = ORIENTED_EDGE('',*,*,#21,.F.);
#21 = EDGE_CURVE('',#22,#24,#26,.T.);
#22 = VERTEX_POINT('',#23);
#23 = CARTESIAN_POINT('',(8.,4.440892080918E-16,14.35));
#24 = VERTEX_POINT('',#25);
#25 = CARTESIAN_POINT('',(12.2,0.,14.35));
#26 = LINE('',#27,#28);
#27 = CARTESIAN_POINT('',(8.,0.,14.35));
#28 = VECTOR('',#29,1.);
#29 = DIRECTION('',(1.,0.,0.));
#30 = ORIENTED_EDGE('',*,*,#31,.T.);
#31 = EDGE_CURVE('',#22,#32,#34,.T.);
#32 = VERTEX_POINT('',#33);
#33 = CARTESIAN_POINT('',(8.,4.440892080918E-16,20.));
#34 = LINE('',#35,#36);
#35 = CARTESIAN_POINT('',(8.,4.440892080918E-16,14.35));
#36 = VECTOR('',#37,1.);
#37 = DIRECTION('',(0.,0.,1.));
#38 = ORIENTED_EDGE('',*,*,#39,.T.);
#39 = EDGE_CURVE('',#32,#40,#42,.T.);
#40 = VERTEX_POINT('',#41);
#41 = CARTESIAN_POINT('',(34.,4.440892098501E-16,20.));
#42 = LINE('',#43,#44);
#43 = CARTESIAN_POINT('',(8.,0.,20.));
#44 = VECTOR('',#45,1.);
#45 = DIRECTION('',(1.,0.,0.));
#46 = ORIENTED_EDGE('',*,*,#47,.F.);
#47 = EDGE_CURVE('',#48,#40,#50,.T.);
#48 = VERTEX_POINT('',#49);
#49 = CARTESIAN_POINT('',(34.,4.440892098501E-16,14.35));
#50 = LINE('',#51,#52);
#51 = CARTESIAN_POINT('',(34.,4.440892098501E-16,14.35));
#52 = VECTOR('',#53,1.);
#53 = DIRECTION('',(0.,0.,1.));
#54 = ORIENTED_EDGE('',*,*,#55,.F.);
#55 = EDGE_CURVE('',#56,#48,#58,.T.);
#56 = VERTEX_POINT('',#57);
#57 = CARTESIAN_POINT('',(29.8,0.,14.35));
#58 = LINE('',#59,#60);
#59 = CARTESIAN_POINT('',(8.,0.,14.35));
#60 = VECTOR('',#61,1.);
#61 = DIRECTION('',(1.,0.,0.));
#62 = ORIENTED_EDGE('',*,*,#63,.F.);
#63 = EDGE_CURVE('',#64,#56,#66,.T.);
#64 = VERTEX_POINT('',#65);
#65 = CARTESIAN_POINT('',(29.8,0.,18.1));
#66 = LINE('',#67,#68);
#67 = CARTESIAN_POINT('',(29.8,0.,15.925));
#68 = VECTOR('',#69,1.);
#69 = DIRECTION('',(-0.,0.,-1.));
#70 = ORIENTED_EDGE('',*,*,#71,.F.);
#71 = EDGE_CURVE('',#72,#64,#74,.T.);
#72 = VERTEX_POINT('',#73);
#73 = CARTESIAN_POINT('',(26.8,0.,18.1));
#74 = LINE('',#75,#76);
#75 = CARTESIAN_POINT('',(17.4,0.,18.1));
#76 = VECTOR('',#77,1.);
#77 = DIRECTION('',(1.,0.,0.));
#78 = ORIENTED_EDGE('',*,*,#79,.T.);
#79 = EDGE_CURVE('',#72,#80,#82,.T.);
#80 = VERTEX_POINT('',#81);
#81 = CARTESIAN_POINT('',(26.8,0.,17.6));
#82 = LINE('',#83,#84);
#83 = CARTESIAN_POINT('',(26.8,0.,15.925));
#84 = VECTOR('',#85,1.);
#85 = DIRECTION('',(-0.,0.,-1.));
#86 = ORIENTED_EDGE('',*,*,#87,.F.);
#87 = EDGE_CURVE('',#88,#80,#90,.T.);
#88 = VERTEX_POINT('',#89);
#89 = CARTESIAN_POINT('',(12.2,0.,17.6));
#90 = LINE('',#91,#92);
#91 = CARTESIAN_POINT('',(10.1,0.,17.6));
#92 = VECTOR('',#93,1.);
#93 = DIRECTION('',(1.,0.,0.));
#94 = ORIENTED_EDGE('',*,*,#95,.T.);
#95 = EDGE_CURVE('',#88,#24,#96,.T.);
#96 = LINE('',#97,#98);
#97 = CARTESIAN_POINT('',(12.2,0.,14.3));
#98 = VECTOR('',#99,1.);
#99 = DIRECTION('',(-0.,0.,-1.));
#100 = PLANE('',#101);
#101 = AXIS2_PLACEMENT_3D('',#102,#103,#104);
#102 = CARTESIAN_POINT('',(8.,0.,14.35));
#103 = DIRECTION('',(0.,1.,0.));
#104 = DIRECTION('',(1.,0.,0.));
#105 = ADVANCED_FACE('',(#106),#131,.T.);
#106 = FACE_BOUND('',#107,.T.);
#107 = EDGE_LOOP('',(#108,#116,#117,#125));
#108 = ORIENTED_EDGE('',*,*,#109,.F.);
#109 = EDGE_CURVE('',#88,#110,#112,.T.);
#110 = VERTEX_POINT('',#111);
#111 = CARTESIAN_POINT('',(12.2,1.8,17.6));
#112 = LINE('',#113,#114);
#113 = CARTESIAN_POINT('',(12.2,-1.,17.6));
#114 = VECTOR('',#115,1.);
#115 = DIRECTION('',(-0.,1.,0.));
#116 = ORIENTED_EDGE('',*,*,#95,.T.);
#117 = ORIENTED_EDGE('',*,*,#118,.T.);
#118 = EDGE_CURVE('',#24,#119,#121,.T.);
#119 = VERTEX_POINT('',#120);
#120 = CARTESIAN_POINT('',(12.2,1.8,14.35));
#121 = LINE('',#122,#123);
#122 = CARTESIAN_POINT('',(12.2,14.5,14.35));
#123 = VECTOR('',#124,1.);
#124 = DIRECTION('',(-0.,1.,0.));
#125 = ORIENTED_EDGE('',*,*,#126,.F.);
#126 = EDGE_CURVE('',#110,#119,#127,.T.);
#127 = LINE('',#128,#129);
#128 = CARTESIAN_POINT('',(12.2,1.8,14.25));
#129 = VECTOR('',#130,1.);
#130 = DIRECTION('',(-0.,0.,-1.));
#131 = PLANE('',#132);
#132 = AXIS2_PLACEMENT_3D('',#133,#134,#135);
#133 = CARTESIAN_POINT('',(12.2,-1.,14.25));
#134 = DIRECTION('',(1.,0.,-0.));
#135 = DIRECTION('',(0.,0.,1.));
#136 = ADVANCED_FACE('',(#137),#155,.F.);
#137 = FACE_BOUND('',#138,.F.);
#138 = EDGE_LOOP('',(#139,#140,#141,#149));
#139 = ORIENTED_EDGE('',*,*,#109,.F.);
#140 = ORIENTED_EDGE('',*,*,#87,.T.);
#141 = ORIENTED_EDGE('',*,*,#142,.T.);
#142 = EDGE_CURVE('',#80,#143,#145,.T.);
#143 = VERTEX_POINT('',#144);
#144 = CARTESIAN_POINT('',(26.8,1.8,17.6));
#145 = LINE('',#146,#147);
#146 = CARTESIAN_POINT('',(26.8,-1.,17.6));
#147 = VECTOR('',#148,1.);
#148 = DIRECTION('',(-0.,1.,0.));
#149 = ORIENTED_EDGE('',*,*,#150,.F.);
#150 = EDGE_CURVE('',#110,#143,#151,.T.);
#151 = LINE('',#152,#153);
#152 = CARTESIAN_POINT('',(10.1,1.8,17.6));
#153 = VECTOR('',#154,1.);
#154 = DIRECTION('',(1.,0.,0.));
#155 = PLANE('',#156);
#156 = AXIS2_PLACEMENT_3D('',#157,#158,#159);
#157 = CARTESIAN_POINT('',(12.2,-1.,17.6));
#158 = DIRECTION('',(0.,0.,1.));
#159 = DIRECTION('',(1.,0.,-0.));
#160 = ADVANCED_FACE('',(#161),#179,.T.);
#161 = FACE_BOUND('',#162,.T.);
#162 = EDGE_LOOP('',(#163,#171,#172,#173));
#163 = ORIENTED_EDGE('',*,*,#164,.F.);
#164 = EDGE_CURVE('',#72,#165,#167,.T.);
#165 = VERTEX_POINT('',#166);
#166 = CARTESIAN_POINT('',(26.8,1.8,18.1));
#167 = LINE('',#168,#169);
#168 = CARTESIAN_POINT('',(26.8,-1.,18.1));
#169 = VECTOR('',#170,1.);
#170 = DIRECTION('',(-0.,1.,0.));
#171 = ORIENTED_EDGE('',*,*,#79,.T.);
#172 = ORIENTED_EDGE('',*,*,#142,.T.);
#173 = ORIENTED_EDGE('',*,*,#174,.F.);
#174 = EDGE_CURVE('',#165,#143,#175,.T.);
#175 = LINE('',#176,#177);
#176 = CARTESIAN_POINT('',(26.8,1.8,15.875));
#177 = VECTOR('',#178,1.);
#178 = DIRECTION('',(-0.,0.,-1.));
#179 = PLANE('',#180);
#180 = AXIS2_PLACEMENT_3D('',#181,#182,#183);
#181 = CARTESIAN_POINT('',(26.8,-1.,17.5));
#182 = DIRECTION('',(1.,0.,-0.));
#183 = DIRECTION('',(0.,0.,1.));
#184 = ADVANCED_FACE('',(#185),#203,.F.);
#185 = FACE_BOUND('',#186,.F.);
#186 = EDGE_LOOP('',(#187,#188,#189,#197));
#187 = ORIENTED_EDGE('',*,*,#164,.F.);
#188 = ORIENTED_EDGE('',*,*,#71,.T.);
#189 = ORIENTED_EDGE('',*,*,#190,.T.);
#190 = EDGE_CURVE('',#64,#191,#193,.T.);
#191 = VERTEX_POINT('',#192);
#192 = CARTESIAN_POINT('',(29.8,1.8,18.1));
#193 = LINE('',#194,#195);
#194 = CARTESIAN_POINT('',(29.8,-1.,18.1));
#195 = VECTOR('',#196,1.);
#196 = DIRECTION('',(-0.,1.,0.));
#197 = ORIENTED_EDGE('',*,*,#198,.F.);
#198 = EDGE_CURVE('',#165,#191,#199,.T.);
#199 = LINE('',#200,#201);
#200 = CARTESIAN_POINT('',(17.4,1.8,18.1));
#201 = VECTOR('',#202,1.);
#202 = DIRECTION('',(1.,0.,0.));
#203 = PLANE('',#204);
#204 = AXIS2_PLACEMENT_3D('',#205,#206,#207);
#205 = CARTESIAN_POINT('',(26.8,-1.,18.1));
#206 = DIRECTION('',(0.,0.,1.));
#207 = DIRECTION('',(1.,0.,-0.));
#208 = ADVANCED_FACE('',(#209),#236,.T.);
#209 = FACE_BOUND('',#210,.F.);
#210 = EDGE_LOOP('',(#211,#212,#221,#229));
#211 = ORIENTED_EDGE('',*,*,#47,.T.);
#212 = ORIENTED_EDGE('',*,*,#213,.T.);
#213 = EDGE_CURVE('',#40,#214,#216,.T.);
#214 = VERTEX_POINT('',#215);
#215 = CARTESIAN_POINT('',(42.,8.,20.));
#216 = CIRCLE('',#217,8.);
#217 = AXIS2_PLACEMENT_3D('',#218,#219,#220);
#218 = CARTESIAN_POINT('',(34.,8.,20.));
#219 = DIRECTION('',(0.,0.,1.));
#220 = DIRECTION('',(-8.881784197001E-16,-1.,0.));
#221 = ORIENTED_EDGE('',*,*,#222,.F.);
#222 = EDGE_CURVE('',#223,#214,#225,.T.);
#223 = VERTEX_POINT('',#224);
#224 = CARTESIAN_POINT('',(42.,8.,14.35));
#225 = LINE('',#226,#227);
#226 = CARTESIAN_POINT('',(42.,8.,14.35));
#227 = VECTOR('',#228,1.);
#228 = DIRECTION('',(0.,0.,1.));
#229 = ORIENTED_EDGE('',*,*,#230,.F.);
#230 = EDGE_CURVE('',#48,#223,#231,.T.);
#231 = CIRCLE('',#232,8.);
#232 = AXIS2_PLACEMENT_3D('',#233,#234,#235);
#233 = CARTESIAN_POINT('',(34.,8.,14.35));
#234 = DIRECTION('',(0.,0.,1.));
#235 = DIRECTION('',(-8.881784197001E-16,-1.,0.));
#236 = CYLINDRICAL_SURFACE('',#237,8.);
#237 = AXIS2_PLACEMENT_3D('',#238,#239,#240);
#238 = CARTESIAN_POINT('',(34.,8.,14.35));
#239 = DIRECTION('',(-0.,-0.,-1.));
#240 = DIRECTION('',(-8.881784197001E-16,-1.,0.));
#241 = ADVANCED_FACE('',(#242,#295,#306,#356,#367,#378,#389,#471,#505,
    #575,#633,#699),#710,.T.);
#242 = FACE_BOUND('',#243,.T.);
#243 = EDGE_LOOP('',(#244,#245,#246,#254,#263,#271,#280,#288));
#244 = ORIENTED_EDGE('',*,*,#39,.T.);
#245 = ORIENTED_EDGE('',*,*,#213,.T.);
#246 = ORIENTED_EDGE('',*,*,#247,.T.);
#247 = EDGE_CURVE('',#214,#248,#250,.T.);
#248 = VERTEX_POINT('',#249);
#249 = CARTESIAN_POINT('',(42.,52.,20.));
#250 = LINE('',#251,#252);
#251 = CARTESIAN_POINT('',(42.,8.,20.));
#252 = VECTOR('',#253,1.);
#253 = DIRECTION('',(0.,1.,0.));
#254 = ORIENTED_EDGE('',*,*,#255,.T.);
#255 = EDGE_CURVE('',#248,#256,#258,.T.);
#256 = VERTEX_POINT('',#257);
#257 = CARTESIAN_POINT('',(34.,60.,20.));
#258 = CIRCLE('',#259,8.);
#259 = AXIS2_PLACEMENT_3D('',#260,#261,#262);
#260 = CARTESIAN_POINT('',(34.,52.,20.));
#261 = DIRECTION('',(0.,0.,1.));
#262 = DIRECTION('',(1.,-1.7763568394E-15,0.));
#263 = ORIENTED_EDGE('',*,*,#264,.T.);
#264 = EDGE_CURVE('',#256,#265,#267,.T.);
#265 = VERTEX_POINT('',#266);
#266 = CARTESIAN_POINT('',(8.,60.,20.));
#267 = LINE('',#268,#269);
#268 = CARTESIAN_POINT('',(34.,60.,20.));
#269 = VECTOR('',#270,1.);
#270 = DIRECTION('',(-1.,0.,0.));
#271 = ORIENTED_EDGE('',*,*,#272,.T.);
#272 = EDGE_CURVE('',#265,#273,#275,.T.);
#273 = VERTEX_POINT('',#274);
#274 = CARTESIAN_POINT('',(8.881784197001E-16,52.,20.));
#275 = CIRCLE('',#276,8.);
#276 = AXIS2_PLACEMENT_3D('',#277,#278,#279);
#277 = CARTESIAN_POINT('',(8.,52.,20.));
#278 = DIRECTION('',(0.,0.,1.));
#279 = DIRECTION('',(6.661338147751E-16,1.,-0.));
#280 = ORIENTED_EDGE('',*,*,#281,.T.);
#281 = EDGE_CURVE('',#273,#282,#284,.T.);
#282 = VERTEX_POINT('',#283);
#283 = CARTESIAN_POINT('',(4.440892098501E-16,8.,20.));
#284 = LINE('',#285,#286);
#285 = CARTESIAN_POINT('',(0.,52.,20.));
#286 = VECTOR('',#287,1.);
#287 = DIRECTION('',(0.,-1.,0.));
#288 = ORIENTED_EDGE('',*,*,#289,.T.);
#289 = EDGE_CURVE('',#282,#32,#290,.T.);
#290 = CIRCLE('',#291,8.);
#291 = AXIS2_PLACEMENT_3D('',#292,#293,#294);
#292 = CARTESIAN_POINT('',(8.,8.,20.));
#293 = DIRECTION('',(0.,0.,1.));
#294 = DIRECTION('',(-1.,2.22044604925E-16,0.));
#295 = FACE_BOUND('',#296,.T.);
#296 = EDGE_LOOP('',(#297));
#297 = ORIENTED_EDGE('',*,*,#298,.F.);
#298 = EDGE_CURVE('',#299,#299,#301,.T.);
#299 = VERTEX_POINT('',#300);
#300 = CARTESIAN_POINT('',(5.85,8.5,20.));
#301 = CIRCLE('',#302,2.25);
#302 = AXIS2_PLACEMENT_3D('',#303,#304,#305);
#303 = CARTESIAN_POINT('',(3.6,8.5,20.));
#304 = DIRECTION('',(0.,0.,1.));
#305 = DIRECTION('',(1.,0.,-0.));
#306 = FACE_BOUND('',#307,.T.);
#307 = EDGE_LOOP('',(#308,#318,#326,#334,#342,#350));
#308 = ORIENTED_EDGE('',*,*,#309,.F.);
#309 = EDGE_CURVE('',#310,#312,#314,.T.);
#310 = VERTEX_POINT('',#311);
#311 = CARTESIAN_POINT('',(20.450713087248,13.318791946309,20.));
#312 = VERTEX_POINT('',#313);
#313 = CARTESIAN_POINT('',(18.997273489933,13.318791946309,20.));
#314 = LINE('',#315,#316);
#315 = CARTESIAN_POINT('',(19.998636744966,13.318791946309,20.));
#316 = VECTOR('',#317,1.);
#317 = DIRECTION('',(-1.,0.,0.));
#318 = ORIENTED_EDGE('',*,*,#319,.F.);
#319 = EDGE_CURVE('',#320,#310,#322,.T.);
#320 = VERTEX_POINT('',#321);
#321 = CARTESIAN_POINT('',(20.450713087248,8.776510067114,20.));
#322 = LINE('',#323,#324);
#323 = CARTESIAN_POINT('',(20.450713087248,21.659395973154,20.));
#324 = VECTOR('',#325,1.);
#325 = DIRECTION('',(-0.,1.,0.));
#326 = ORIENTED_EDGE('',*,*,#327,.F.);
#327 = EDGE_CURVE('',#328,#320,#330,.T.);
#328 = VERTEX_POINT('',#329);
#329 = CARTESIAN_POINT('',(23.002726510067,8.776510067114,20.));
#330 = LINE('',#331,#332);
#331 = CARTESIAN_POINT('',(20.725356543624,8.776510067114,20.));
#332 = VECTOR('',#333,1.);
#333 = DIRECTION('',(-1.,0.,0.));
#334 = ORIENTED_EDGE('',*,*,#335,.F.);
#335 = EDGE_CURVE('',#336,#328,#338,.T.);
#336 = VERTEX_POINT('',#337);
#337 = CARTESIAN_POINT('',(23.002726510067,7.681208053691,20.));
#338 = LINE('',#339,#340);
#339 = CARTESIAN_POINT('',(23.002726510067,19.388255033557,20.));
#340 = VECTOR('',#341,1.);
#341 = DIRECTION('',(-0.,1.,0.));
#342 = ORIENTED_EDGE('',*,*,#343,.F.);
#343 = EDGE_CURVE('',#344,#336,#346,.T.);
#344 = VERTEX_POINT('',#345);
#345 = CARTESIAN_POINT('',(18.997273489933,7.681208053691,20.));
#346 = LINE('',#347,#348);
#347 = CARTESIAN_POINT('',(22.001363255034,7.681208053691,20.));
#348 = VECTOR('',#349,1.);
#349 = DIRECTION('',(1.,0.,-0.));
#350 = ORIENTED_EDGE('',*,*,#351,.F.);
#351 = EDGE_CURVE('',#312,#344,#352,.T.);
#352 = LINE('',#353,#354);
#353 = CARTESIAN_POINT('',(18.997273489933,18.840604026846,20.));
#354 = VECTOR('',#355,1.);
#355 = DIRECTION('',(0.,-1.,0.));
#356 = FACE_BOUND('',#357,.T.);
#357 = EDGE_LOOP('',(#358));
#358 = ORIENTED_EDGE('',*,*,#359,.F.);
#359 = EDGE_CURVE('',#360,#360,#362,.T.);
#360 = VERTEX_POINT('',#361);
#361 = CARTESIAN_POINT('',(40.65,8.5,20.));
#362 = CIRCLE('',#363,2.25);
#363 = AXIS2_PLACEMENT_3D('',#364,#365,#366);
#364 = CARTESIAN_POINT('',(38.4,8.5,20.));
#365 = DIRECTION('',(0.,0.,1.));
#366 = DIRECTION('',(1.,0.,-0.));
#367 = FACE_BOUND('',#368,.T.);
#368 = EDGE_LOOP('',(#369));
#369 = ORIENTED_EDGE('',*,*,#370,.F.);
#370 = EDGE_CURVE('',#371,#371,#373,.T.);
#371 = VERTEX_POINT('',#372);
#372 = CARTESIAN_POINT('',(26.15,22.,20.));
#373 = CIRCLE('',#374,5.15);
#374 = AXIS2_PLACEMENT_3D('',#375,#376,#377);
#375 = CARTESIAN_POINT('',(21.,22.,20.));
#376 = DIRECTION('',(0.,0.,1.));
#377 = DIRECTION('',(1.,0.,-0.));
#378 = FACE_BOUND('',#379,.T.);
#379 = EDGE_LOOP('',(#380));
#380 = ORIENTED_EDGE('',*,*,#381,.F.);
#381 = EDGE_CURVE('',#382,#382,#384,.T.);
#382 = VERTEX_POINT('',#383);
#383 = CARTESIAN_POINT('',(5.85,51.5,20.));
#384 = CIRCLE('',#385,2.25);
#385 = AXIS2_PLACEMENT_3D('',#386,#387,#388);
#386 = CARTESIAN_POINT('',(3.6,51.5,20.));
#387 = DIRECTION('',(0.,0.,1.));
#388 = DIRECTION('',(1.,0.,-0.));
#389 = FACE_BOUND('',#390,.T.);
#390 = EDGE_LOOP('',(#391,#401,#409,#417,#425,#433,#441,#449,#457,#465)
  );
#391 = ORIENTED_EDGE('',*,*,#392,.F.);
#392 = EDGE_CURVE('',#393,#395,#397,.T.);
#393 = VERTEX_POINT('',#394);
#394 = CARTESIAN_POINT('',(15.122730704698,55.173154362416,20.));
#395 = VERTEX_POINT('',#396);
#396 = CARTESIAN_POINT('',(13.986405201342,55.173154362416,20.));
#397 = LINE('',#398,#399);
#398 = CARTESIAN_POINT('',(17.493202600671,55.173154362416,20.));
#399 = VECTOR('',#400,1.);
#400 = DIRECTION('',(-1.,0.,0.));
#401 = ORIENTED_EDGE('',*,*,#402,.F.);
#402 = EDGE_CURVE('',#403,#393,#405,.T.);
#403 = VERTEX_POINT('',#404);
#404 = CARTESIAN_POINT('',(16.557671979866,52.46658557047,20.));
#405 = LINE('',#406,#407);
#406 = CARTESIAN_POINT('',(20.976397397446,44.132039396095,20.));
#407 = VECTOR('',#408,1.);
#408 = DIRECTION('',(-0.46841081492,0.88351078571,0.));
#409 = ORIENTED_EDGE('',*,*,#410,.F.);
#410 = EDGE_CURVE('',#411,#403,#413,.T.);
#411 = VERTEX_POINT('',#412);
#412 = CARTESIAN_POINT('',(16.557671979866,55.173154362416,20.));
#413 = LINE('',#414,#415);
#414 = CARTESIAN_POINT('',(16.557671979866,41.233292785235,20.));
#415 = VECTOR('',#416,1.);
#416 = DIRECTION('',(0.,-1.,0.));
#417 = ORIENTED_EDGE('',*,*,#418,.F.);
#418 = EDGE_CURVE('',#419,#411,#421,.T.);
#419 = VERTEX_POINT('',#420);
#420 = CARTESIAN_POINT('',(17.522227348993,55.173154362416,20.));
#421 = LINE('',#422,#423);
#422 = CARTESIAN_POINT('',(18.778835989933,55.173154362416,20.));
#423 = VECTOR('',#424,1.);
#424 = DIRECTION('',(-1.,0.,0.));
#425 = ORIENTED_EDGE('',*,*,#426,.F.);
#426 = EDGE_CURVE('',#427,#419,#429,.T.);
#427 = VERTEX_POINT('',#428);
#428 = CARTESIAN_POINT('',(17.522227348993,51.226845637584,20.));
#429 = LINE('',#430,#431);
#430 = CARTESIAN_POINT('',(17.522227348993,42.586577181208,20.));
#431 = VECTOR('',#432,1.);
#432 = DIRECTION('',(-0.,1.,0.));
#433 = ORIENTED_EDGE('',*,*,#434,.F.);
#434 = EDGE_CURVE('',#435,#427,#437,.T.);
#435 = VERTEX_POINT('',#436);
#436 = CARTESIAN_POINT('',(16.385901845638,51.226845637584,20.));
#437 = LINE('',#438,#439);
#438 = CARTESIAN_POINT('',(19.261113674497,51.226845637584,20.));
#439 = VECTOR('',#440,1.);
#440 = DIRECTION('',(1.,0.,-0.));
#441 = ORIENTED_EDGE('',*,*,#442,.F.);
#442 = EDGE_CURVE('',#443,#435,#445,.T.);
#443 = VERTEX_POINT('',#444);
#444 = CARTESIAN_POINT('',(14.95096057047,53.93341442953,20.));
#445 = LINE('',#446,#447);
#446 = CARTESIAN_POINT('',(21.28441112045,41.987336983324,20.));
#447 = VECTOR('',#448,1.);
#448 = DIRECTION('',(0.46841081492,-0.88351078571,0.));
#449 = ORIENTED_EDGE('',*,*,#450,.F.);
#450 = EDGE_CURVE('',#451,#443,#453,.T.);
#451 = VERTEX_POINT('',#452);
#452 = CARTESIAN_POINT('',(14.95096057047,51.226845637584,20.));
#453 = LINE('',#454,#455);
#454 = CARTESIAN_POINT('',(14.95096057047,41.966707214765,20.));
#455 = VECTOR('',#456,1.);
#456 = DIRECTION('',(-0.,1.,0.));
#457 = ORIENTED_EDGE('',*,*,#458,.F.);
#458 = EDGE_CURVE('',#459,#451,#461,.T.);
#459 = VERTEX_POINT('',#460);
#460 = CARTESIAN_POINT('',(13.986405201342,51.226845637584,20.));
#461 = LINE('',#462,#463);
#462 = CARTESIAN_POINT('',(17.975480285235,51.226845637584,20.));
#463 = VECTOR('',#464,1.);
#464 = DIRECTION('',(1.,0.,-0.));
#465 = ORIENTED_EDGE('',*,*,#466,.F.);
#466 = EDGE_CURVE('',#395,#459,#467,.T.);
#467 = LINE('',#468,#469);
#468 = CARTESIAN_POINT('',(13.986405201342,40.613422818792,20.));
#469 = VECTOR('',#470,1.);
#470 = DIRECTION('',(0.,-1.,0.));
#471 = FACE_BOUND('',#472,.T.);
#472 = EDGE_LOOP('',(#473,#483,#491,#499));
#473 = ORIENTED_EDGE('',*,*,#474,.F.);
#474 = EDGE_CURVE('',#475,#477,#479,.T.);
#475 = VERTEX_POINT('',#476);
#476 = CARTESIAN_POINT('',(19.536430369128,55.173154362416,20.));
#477 = VERTEX_POINT('',#478);
#478 = CARTESIAN_POINT('',(18.519022651007,55.173154362416,20.));
#479 = LINE('',#480,#481);
#480 = CARTESIAN_POINT('',(19.759511325503,55.173154362416,20.));
#481 = VECTOR('',#482,1.);
#482 = DIRECTION('',(-1.,0.,0.));
#483 = ORIENTED_EDGE('',*,*,#484,.F.);
#484 = EDGE_CURVE('',#485,#475,#487,.T.);
#485 = VERTEX_POINT('',#486);
#486 = CARTESIAN_POINT('',(19.536430369128,51.226845637584,20.));
#487 = LINE('',#488,#489);
#488 = CARTESIAN_POINT('',(19.536430369128,42.586577181208,20.));
#489 = VECTOR('',#490,1.);
#490 = DIRECTION('',(-0.,1.,0.));
#491 = ORIENTED_EDGE('',*,*,#492,.F.);
#492 = EDGE_CURVE('',#493,#485,#495,.T.);
#493 = VERTEX_POINT('',#494);
#494 = CARTESIAN_POINT('',(18.519022651007,51.226845637584,20.));
#495 = LINE('',#496,#497);
#496 = CARTESIAN_POINT('',(20.268215184564,51.226845637584,20.));
#497 = VECTOR('',#498,1.);
#498 = DIRECTION('',(1.,0.,-0.));
#499 = ORIENTED_EDGE('',*,*,#500,.F.);
#500 = EDGE_CURVE('',#477,#493,#501,.T.);
#501 = LINE('',#502,#503);
#502 = CARTESIAN_POINT('',(18.519022651007,40.613422818792,20.));
#503 = VECTOR('',#504,1.);
#504 = DIRECTION('',(0.,-1.,0.));
#505 = FACE_BOUND('',#506,.T.);
#506 = EDGE_LOOP('',(#507,#518,#526,#535,#543,#552,#560,#569));
#507 = ORIENTED_EDGE('',*,*,#508,.T.);
#508 = EDGE_CURVE('',#509,#511,#513,.T.);
#509 = VERTEX_POINT('',#510);
#510 = CARTESIAN_POINT('',(25.,34.999,20.));
#511 = VERTEX_POINT('',#512);
#512 = CARTESIAN_POINT('',(23.901,33.9,20.));
#513 = CIRCLE('',#514,1.099);
#514 = AXIS2_PLACEMENT_3D('',#515,#516,#517);
#515 = CARTESIAN_POINT('',(23.901,34.999,20.));
#516 = DIRECTION('',(-0.,0.,-1.));
#517 = DIRECTION('',(-6.465357013286E-15,-1.,0.));
#518 = ORIENTED_EDGE('',*,*,#519,.T.);
#519 = EDGE_CURVE('',#511,#520,#522,.T.);
#520 = VERTEX_POINT('',#521);
#521 = CARTESIAN_POINT('',(18.099,33.9,20.));
#522 = LINE('',#523,#524);
#523 = CARTESIAN_POINT('',(19.5495,33.9,20.));
#524 = VECTOR('',#525,1.);
#525 = DIRECTION('',(-1.,0.,0.));
#526 = ORIENTED_EDGE('',*,*,#527,.T.);
#527 = EDGE_CURVE('',#520,#528,#530,.T.);
#528 = VERTEX_POINT('',#529);
#529 = CARTESIAN_POINT('',(17.,34.999,20.));
#530 = CIRCLE('',#531,1.099);
#531 = AXIS2_PLACEMENT_3D('',#532,#533,#534);
#532 = CARTESIAN_POINT('',(18.099,34.999,20.));
#533 = DIRECTION('',(-0.,0.,-1.));
#534 = DIRECTION('',(-1.,6.465357013286E-15,0.));
#535 = ORIENTED_EDGE('',*,*,#536,.T.);
#536 = EDGE_CURVE('',#528,#537,#539,.T.);
#537 = VERTEX_POINT('',#538);
#538 = CARTESIAN_POINT('',(17.,35.001,20.));
#539 = LINE('',#540,#541);
#540 = CARTESIAN_POINT('',(17.,32.5005,20.));
#541 = VECTOR('',#542,1.);
#542 = DIRECTION('',(-0.,1.,0.));
#543 = ORIENTED_EDGE('',*,*,#544,.T.);
#544 = EDGE_CURVE('',#537,#545,#547,.T.);
#545 = VERTEX_POINT('',#546);
#546 = CARTESIAN_POINT('',(18.099,36.1,20.));
#547 = CIRCLE('',#548,1.099);
#548 = AXIS2_PLACEMENT_3D('',#549,#550,#551);
#549 = CARTESIAN_POINT('',(18.099,35.001,20.));
#550 = DIRECTION('',(0.,-0.,-1.));
#551 = DIRECTION('',(6.465357013286E-15,1.,-0.));
#552 = ORIENTED_EDGE('',*,*,#553,.T.);
#553 = EDGE_CURVE('',#545,#554,#556,.T.);
#554 = VERTEX_POINT('',#555);
#555 = CARTESIAN_POINT('',(23.901,36.1,20.));
#556 = LINE('',#557,#558);
#557 = CARTESIAN_POINT('',(22.4505,36.1,20.));
#558 = VECTOR('',#559,1.);
#559 = DIRECTION('',(1.,0.,-0.));
#560 = ORIENTED_EDGE('',*,*,#561,.T.);
#561 = EDGE_CURVE('',#554,#562,#564,.T.);
#562 = VERTEX_POINT('',#563);
#563 = CARTESIAN_POINT('',(25.,35.001,20.));
#564 = CIRCLE('',#565,1.099);
#565 = AXIS2_PLACEMENT_3D('',#566,#567,#568);
#566 = CARTESIAN_POINT('',(23.901,35.001,20.));
#567 = DIRECTION('',(0.,-0.,-1.));
#568 = DIRECTION('',(1.,-6.465357013286E-15,0.));
#569 = ORIENTED_EDGE('',*,*,#570,.T.);
#570 = EDGE_CURVE('',#562,#509,#571,.T.);
#571 = LINE('',#572,#573);
#572 = CARTESIAN_POINT('',(25.,32.4995,20.));
#573 = VECTOR('',#574,1.);
#574 = DIRECTION('',(0.,-1.,0.));
#575 = FACE_BOUND('',#576,.T.);
#576 = EDGE_LOOP('',(#577,#587,#595,#603,#611,#619,#627));
#577 = ORIENTED_EDGE('',*,*,#578,.F.);
#578 = EDGE_CURVE('',#579,#581,#583,.T.);
#579 = VERTEX_POINT('',#580);
#580 = CARTESIAN_POINT('',(21.089584731544,55.173154362416,20.));
#581 = VERTEX_POINT('',#582);
#582 = CARTESIAN_POINT('',(20.066891778523,55.173154362416,20.));
#583 = LINE('',#584,#585);
#584 = CARTESIAN_POINT('',(20.533445889262,55.173154362416,20.));
#585 = VECTOR('',#586,1.);
#586 = DIRECTION('',(-1.,0.,0.));
#587 = ORIENTED_EDGE('',*,*,#588,.F.);
#588 = EDGE_CURVE('',#589,#579,#591,.T.);
#589 = VERTEX_POINT('',#590);
#590 = CARTESIAN_POINT('',(22.136061241611,52.260285234899,20.));
#591 = LINE('',#592,#593);
#592 = CARTESIAN_POINT('',(25.089406393444,44.039644032809,20.));
#593 = VECTOR('',#594,1.);
#594 = DIRECTION('',(-0.338102631749,0.94110924467,0.));
#595 = ORIENTED_EDGE('',*,*,#596,.F.);
#596 = EDGE_CURVE('',#597,#589,#599,.T.);
#597 = VERTEX_POINT('',#598);
#598 = CARTESIAN_POINT('',(23.179895134228,55.173154362416,20.));
#599 = LINE('',#600,#601);
#600 = CARTESIAN_POINT('',(18.536806209443,42.216389420239,20.));
#601 = VECTOR('',#602,1.);
#602 = DIRECTION('',(-0.337346110053,-0.941380689218,0.));
#603 = ORIENTED_EDGE('',*,*,#604,.F.);
#604 = EDGE_CURVE('',#605,#597,#607,.T.);
#605 = VERTEX_POINT('',#606);
#606 = CARTESIAN_POINT('',(24.202588087248,55.173154362416,20.));
#607 = LINE('',#608,#609);
#608 = CARTESIAN_POINT('',(22.089947567114,55.173154362416,20.));
#609 = VECTOR('',#610,1.);
#610 = DIRECTION('',(-1.,0.,0.));
#611 = ORIENTED_EDGE('',*,*,#612,.F.);
#612 = EDGE_CURVE('',#613,#605,#615,.T.);
#613 = VERTEX_POINT('',#614);
#614 = CARTESIAN_POINT('',(22.741220637584,51.226845637584,20.));
#615 = LINE('',#616,#617);
#616 = CARTESIAN_POINT('',(19.910599758309,43.582974908739,20.));
#617 = VECTOR('',#618,1.);
#618 = DIRECTION('',(0.347266632791,0.93776643454,-0.));
#619 = ORIENTED_EDGE('',*,*,#620,.F.);
#620 = EDGE_CURVE('',#621,#613,#623,.T.);
#621 = VERTEX_POINT('',#622);
#622 = CARTESIAN_POINT('',(21.528259228188,51.226845637584,20.));
#623 = LINE('',#624,#625);
#624 = CARTESIAN_POINT('',(21.870610318792,51.226845637584,20.));
#625 = VECTOR('',#626,1.);
#626 = DIRECTION('',(1.,0.,-0.));
#627 = ORIENTED_EDGE('',*,*,#628,.F.);
#628 = EDGE_CURVE('',#581,#621,#629,.T.);
#629 = LINE('',#630,#631);
#630 = CARTESIAN_POINT('',(24.952720875185,41.979354270165,20.));
#631 = VECTOR('',#632,1.);
#632 = DIRECTION('',(0.347266632791,-0.93776643454,0.));
#633 = FACE_BOUND('',#634,.T.);
#634 = EDGE_LOOP('',(#635,#645,#653,#661,#669,#677,#685,#693));
#635 = ORIENTED_EDGE('',*,*,#636,.F.);
#636 = EDGE_CURVE('',#637,#639,#641,.T.);
#637 = VERTEX_POINT('',#638);
#638 = CARTESIAN_POINT('',(25.151640100671,51.948456375839,20.));
#639 = VERTEX_POINT('',#640);
#640 = CARTESIAN_POINT('',(26.742495805369,51.948456375839,20.));
#641 = LINE('',#642,#643);
#642 = CARTESIAN_POINT('',(23.871247902685,51.948456375839,20.));
#643 = VECTOR('',#644,1.);
#644 = DIRECTION('',(1.,0.,-0.));
#645 = ORIENTED_EDGE('',*,*,#646,.F.);
#646 = EDGE_CURVE('',#647,#637,#649,.T.);
#647 = VERTEX_POINT('',#648);
#648 = CARTESIAN_POINT('',(24.900591442953,51.226845637584,20.));
#649 = LINE('',#650,#651);
#650 = CARTESIAN_POINT('',(21.52179299717,41.514874806758,20.));
#651 = VECTOR('',#652,1.);
#652 = DIRECTION('',(0.328583228166,0.944475019346,-0.));
#653 = ORIENTED_EDGE('',*,*,#654,.F.);
#654 = EDGE_CURVE('',#655,#647,#657,.T.);
#655 = VERTEX_POINT('',#656);
#656 = CARTESIAN_POINT('',(23.877898489933,51.226845637584,20.));
#657 = LINE('',#658,#659);
#658 = CARTESIAN_POINT('',(22.950295721477,51.226845637584,20.));
#659 = VECTOR('',#660,1.);
#660 = DIRECTION('',(1.,0.,-0.));
#661 = ORIENTED_EDGE('',*,*,#662,.F.);
#662 = EDGE_CURVE('',#663,#655,#665,.T.);
#663 = VERTEX_POINT('',#664);
#664 = CARTESIAN_POINT('',(25.339265939597,55.173154362416,20.));
#665 = LINE('',#666,#667);
#666 = CARTESIAN_POINT('',(20.24805555643,41.424738137828,20.));
#667 = VECTOR('',#668,1.);
#668 = DIRECTION('',(-0.347266632791,-0.93776643454,0.));
#669 = ORIENTED_EDGE('',*,*,#670,.F.);
#670 = EDGE_CURVE('',#671,#663,#673,.T.);
#671 = VERTEX_POINT('',#672);
#672 = CARTESIAN_POINT('',(26.552227348993,55.173154362416,20.));
#673 = LINE('',#674,#675);
#674 = CARTESIAN_POINT('',(23.169632969799,55.173154362416,20.));
#675 = VECTOR('',#676,1.);
#676 = DIRECTION('',(-1.,0.,0.));
#677 = ORIENTED_EDGE('',*,*,#678,.F.);
#678 = EDGE_CURVE('',#679,#671,#681,.T.);
#679 = VERTEX_POINT('',#680);
#680 = CARTESIAN_POINT('',(28.013594798658,51.226845637584,20.));
#681 = LINE('',#682,#683);
#682 = CARTESIAN_POINT('',(30.316326071456,45.008499584457,20.));
#683 = VECTOR('',#684,1.);
#684 = DIRECTION('',(-0.347266632791,0.93776643454,0.));
#685 = ORIENTED_EDGE('',*,*,#686,.F.);
#686 = EDGE_CURVE('',#687,#679,#689,.T.);
#687 = VERTEX_POINT('',#688);
#688 = CARTESIAN_POINT('',(26.990901845638,51.226845637584,20.));
#689 = LINE('',#690,#691);
#690 = CARTESIAN_POINT('',(24.506797399329,51.226845637584,20.));
#691 = VECTOR('',#692,1.);
#692 = DIRECTION('',(1.,0.,-0.));
#693 = ORIENTED_EDGE('',*,*,#694,.F.);
#694 = EDGE_CURVE('',#639,#687,#695,.T.);
#695 = LINE('',#696,#697);
#696 = CARTESIAN_POINT('',(29.940017204584,42.659770098403,20.));
#697 = VECTOR('',#698,1.);
#698 = DIRECTION('',(0.325492639086,-0.945544574254,0.));
#699 = FACE_BOUND('',#700,.T.);
#700 = EDGE_LOOP('',(#701));
#701 = ORIENTED_EDGE('',*,*,#702,.F.);
#702 = EDGE_CURVE('',#703,#703,#705,.T.);
#703 = VERTEX_POINT('',#704);
#704 = CARTESIAN_POINT('',(40.65,51.5,20.));
#705 = CIRCLE('',#706,2.25);
#706 = AXIS2_PLACEMENT_3D('',#707,#708,#709);
#707 = CARTESIAN_POINT('',(38.4,51.5,20.));
#708 = DIRECTION('',(0.,0.,1.));
#709 = DIRECTION('',(1.,0.,-0.));
#710 = PLANE('',#711);
#711 = AXIS2_PLACEMENT_3D('',#712,#713,#714);
#712 = CARTESIAN_POINT('',(21.,30.,20.));
#713 = DIRECTION('',(0.,0.,1.));
#714 = DIRECTION('',(1.,0.,-0.));
#715 = ADVANCED_FACE('',(#716),#735,.T.);
#716 = FACE_BOUND('',#717,.F.);
#717 = EDGE_LOOP('',(#718,#726,#727,#728));
#718 = ORIENTED_EDGE('',*,*,#719,.T.);
#719 = EDGE_CURVE('',#720,#282,#722,.T.);
#720 = VERTEX_POINT('',#721);
#721 = CARTESIAN_POINT('',(4.440892098501E-16,8.,14.35));
#722 = LINE('',#723,#724);
#723 = CARTESIAN_POINT('',(4.440892098501E-16,8.,14.35));
#724 = VECTOR('',#725,1.);
#725 = DIRECTION('',(0.,0.,1.));
#726 = ORIENTED_EDGE('',*,*,#289,.T.);
#727 = ORIENTED_EDGE('',*,*,#31,.F.);
#728 = ORIENTED_EDGE('',*,*,#729,.F.);
#729 = EDGE_CURVE('',#720,#22,#730,.T.);
#730 = CIRCLE('',#731,8.);
#731 = AXIS2_PLACEMENT_3D('',#732,#733,#734);
#732 = CARTESIAN_POINT('',(8.,8.,14.35));
#733 = DIRECTION('',(0.,0.,1.));
#734 = DIRECTION('',(-1.,2.22044604925E-16,0.));
#735 = CYLINDRICAL_SURFACE('',#736,8.);
#736 = AXIS2_PLACEMENT_3D('',#737,#738,#739);
#737 = CARTESIAN_POINT('',(8.,8.,14.35));
#738 = DIRECTION('',(-0.,-0.,-1.));
#739 = DIRECTION('',(-1.,2.22044604925E-16,0.));
#740 = ADVANCED_FACE('',(#741),#759,.F.);
#741 = FACE_BOUND('',#742,.F.);
#742 = EDGE_LOOP('',(#743,#751,#752,#753));
#743 = ORIENTED_EDGE('',*,*,#744,.T.);
#744 = EDGE_CURVE('',#745,#273,#747,.T.);
#745 = VERTEX_POINT('',#746);
#746 = CARTESIAN_POINT('',(8.881784197001E-16,52.,14.35));
#747 = LINE('',#748,#749);
#748 = CARTESIAN_POINT('',(8.881784197001E-16,52.,14.35));
#749 = VECTOR('',#750,1.);
#750 = DIRECTION('',(0.,0.,1.));
#751 = ORIENTED_EDGE('',*,*,#281,.T.);
#752 = ORIENTED_EDGE('',*,*,#719,.F.);
#753 = ORIENTED_EDGE('',*,*,#754,.F.);
#754 = EDGE_CURVE('',#745,#720,#755,.T.);
#755 = LINE('',#756,#757);
#756 = CARTESIAN_POINT('',(0.,52.,14.35));
#757 = VECTOR('',#758,1.);
#758 = DIRECTION('',(0.,-1.,0.));
#759 = PLANE('',#760);
#760 = AXIS2_PLACEMENT_3D('',#761,#762,#763);
#761 = CARTESIAN_POINT('',(0.,52.,14.35));
#762 = DIRECTION('',(1.,0.,-0.));
#763 = DIRECTION('',(0.,-1.,0.));
#764 = ADVANCED_FACE('',(#765),#784,.T.);
#765 = FACE_BOUND('',#766,.F.);
#766 = EDGE_LOOP('',(#767,#775,#776,#777));
#767 = ORIENTED_EDGE('',*,*,#768,.T.);
#768 = EDGE_CURVE('',#769,#265,#771,.T.);
#769 = VERTEX_POINT('',#770);
#770 = CARTESIAN_POINT('',(8.,60.,14.35));
#771 = LINE('',#772,#773);
#772 = CARTESIAN_POINT('',(8.,60.,14.35));
#773 = VECTOR('',#774,1.);
#774 = DIRECTION('',(0.,0.,1.));
#775 = ORIENTED_EDGE('',*,*,#272,.T.);
#776 = ORIENTED_EDGE('',*,*,#744,.F.);
#777 = ORIENTED_EDGE('',*,*,#778,.F.);
#778 = EDGE_CURVE('',#769,#745,#779,.T.);
#779 = CIRCLE('',#780,8.);
#780 = AXIS2_PLACEMENT_3D('',#781,#782,#783);
#781 = CARTESIAN_POINT('',(8.,52.,14.35));
#782 = DIRECTION('',(0.,0.,1.));
#783 = DIRECTION('',(6.661338147751E-16,1.,-0.));
#784 = CYLINDRICAL_SURFACE('',#785,8.);
#785 = AXIS2_PLACEMENT_3D('',#786,#787,#788);
#786 = CARTESIAN_POINT('',(8.,52.,14.35));
#787 = DIRECTION('',(-0.,-0.,-1.));
#788 = DIRECTION('',(6.661338147751E-16,1.,-0.));
#789 = ADVANCED_FACE('',(#790),#808,.F.);
#790 = FACE_BOUND('',#791,.F.);
#791 = EDGE_LOOP('',(#792,#800,#801,#802));
#792 = ORIENTED_EDGE('',*,*,#793,.T.);
#793 = EDGE_CURVE('',#794,#256,#796,.T.);
#794 = VERTEX_POINT('',#795);
#795 = CARTESIAN_POINT('',(34.,60.,14.35));
#796 = LINE('',#797,#798);
#797 = CARTESIAN_POINT('',(34.,60.,14.35));
#798 = VECTOR('',#799,1.);
#799 = DIRECTION('',(0.,0.,1.));
#800 = ORIENTED_EDGE('',*,*,#264,.T.);
#801 = ORIENTED_EDGE('',*,*,#768,.F.);
#802 = ORIENTED_EDGE('',*,*,#803,.F.);
#803 = EDGE_CURVE('',#794,#769,#804,.T.);
#804 = LINE('',#805,#806);
#805 = CARTESIAN_POINT('',(34.,60.,14.35));
#806 = VECTOR('',#807,1.);
#807 = DIRECTION('',(-1.,0.,0.));
#808 = PLANE('',#809);
#809 = AXIS2_PLACEMENT_3D('',#810,#811,#812);
#810 = CARTESIAN_POINT('',(34.,60.,14.35));
#811 = DIRECTION('',(0.,-1.,0.));
#812 = DIRECTION('',(-1.,0.,0.));
#813 = ADVANCED_FACE('',(#814),#833,.T.);
#814 = FACE_BOUND('',#815,.F.);
#815 = EDGE_LOOP('',(#816,#824,#825,#826));
#816 = ORIENTED_EDGE('',*,*,#817,.T.);
#817 = EDGE_CURVE('',#818,#248,#820,.T.);
#818 = VERTEX_POINT('',#819);
#819 = CARTESIAN_POINT('',(42.,52.,14.35));
#820 = LINE('',#821,#822);
#821 = CARTESIAN_POINT('',(42.,52.,14.35));
#822 = VECTOR('',#823,1.);
#823 = DIRECTION('',(0.,0.,1.));
#824 = ORIENTED_EDGE('',*,*,#255,.T.);
#825 = ORIENTED_EDGE('',*,*,#793,.F.);
#826 = ORIENTED_EDGE('',*,*,#827,.F.);
#827 = EDGE_CURVE('',#818,#794,#828,.T.);
#828 = CIRCLE('',#829,8.);
#829 = AXIS2_PLACEMENT_3D('',#830,#831,#832);
#830 = CARTESIAN_POINT('',(34.,52.,14.35));
#831 = DIRECTION('',(0.,0.,1.));
#832 = DIRECTION('',(1.,-1.7763568394E-15,0.));
#833 = CYLINDRICAL_SURFACE('',#834,8.);
#834 = AXIS2_PLACEMENT_3D('',#835,#836,#837);
#835 = CARTESIAN_POINT('',(34.,52.,14.35));
#836 = DIRECTION('',(-0.,-0.,-1.));
#837 = DIRECTION('',(1.,-1.7763568394E-15,0.));
#838 = ADVANCED_FACE('',(#839),#850,.F.);
#839 = FACE_BOUND('',#840,.F.);
#840 = EDGE_LOOP('',(#841,#842,#843,#844));
#841 = ORIENTED_EDGE('',*,*,#222,.T.);
#842 = ORIENTED_EDGE('',*,*,#247,.T.);
#843 = ORIENTED_EDGE('',*,*,#817,.F.);
#844 = ORIENTED_EDGE('',*,*,#845,.F.);
#845 = EDGE_CURVE('',#223,#818,#846,.T.);
#846 = LINE('',#847,#848);
#847 = CARTESIAN_POINT('',(42.,8.,14.35));
#848 = VECTOR('',#849,1.);
#849 = DIRECTION('',(0.,1.,0.));
#850 = PLANE('',#851);
#851 = AXIS2_PLACEMENT_3D('',#852,#853,#854);
#852 = CARTESIAN_POINT('',(42.,8.,14.35));
#853 = DIRECTION('',(-1.,0.,0.));
#854 = DIRECTION('',(0.,1.,0.));
#855 = ADVANCED_FACE('',(#856),#940,.T.);
#856 = FACE_BOUND('',#857,.T.);
#857 = EDGE_LOOP('',(#858,#868,#876,#884,#890,#891,#892,#893,#894,#902,
    #910,#918,#926,#934));
#858 = ORIENTED_EDGE('',*,*,#859,.F.);
#859 = EDGE_CURVE('',#860,#862,#864,.T.);
#860 = VERTEX_POINT('',#861);
#861 = CARTESIAN_POINT('',(30.1,1.8,14.75));
#862 = VERTEX_POINT('',#863);
#863 = CARTESIAN_POINT('',(34.,1.8,14.75));
#864 = LINE('',#865,#866);
#865 = CARTESIAN_POINT('',(14.5,1.8,14.75));
#866 = VECTOR('',#867,1.);
#867 = DIRECTION('',(1.,0.,0.));
#868 = ORIENTED_EDGE('',*,*,#869,.T.);
#869 = EDGE_CURVE('',#860,#870,#872,.T.);
#870 = VERTEX_POINT('',#871);
#871 = CARTESIAN_POINT('',(30.1,1.8,14.35));
#872 = LINE('',#873,#874);
#873 = CARTESIAN_POINT('',(30.1,1.8,13.625));
#874 = VECTOR('',#875,1.);
#875 = DIRECTION('',(-0.,0.,-1.));
#876 = ORIENTED_EDGE('',*,*,#877,.T.);
#877 = EDGE_CURVE('',#870,#878,#880,.T.);
#878 = VERTEX_POINT('',#879);
#879 = CARTESIAN_POINT('',(29.8,1.8,14.35));
#880 = LINE('',#881,#882);
#881 = CARTESIAN_POINT('',(14.5,1.8,14.35));
#882 = VECTOR('',#883,1.);
#883 = DIRECTION('',(-1.,0.,0.));
#884 = ORIENTED_EDGE('',*,*,#885,.F.);
#885 = EDGE_CURVE('',#191,#878,#886,.T.);
#886 = LINE('',#887,#888);
#887 = CARTESIAN_POINT('',(29.8,1.8,14.25));
#888 = VECTOR('',#889,1.);
#889 = DIRECTION('',(-0.,0.,-1.));
#890 = ORIENTED_EDGE('',*,*,#198,.F.);
#891 = ORIENTED_EDGE('',*,*,#174,.T.);
#892 = ORIENTED_EDGE('',*,*,#150,.F.);
#893 = ORIENTED_EDGE('',*,*,#126,.T.);
#894 = ORIENTED_EDGE('',*,*,#895,.T.);
#895 = EDGE_CURVE('',#119,#896,#898,.T.);
#896 = VERTEX_POINT('',#897);
#897 = CARTESIAN_POINT('',(11.9,1.8,14.35));
#898 = LINE('',#899,#900);
#899 = CARTESIAN_POINT('',(14.5,1.8,14.35));
#900 = VECTOR('',#901,1.);
#901 = DIRECTION('',(-1.,0.,0.));
#902 = ORIENTED_EDGE('',*,*,#903,.F.);
#903 = EDGE_CURVE('',#904,#896,#906,.T.);
#904 = VERTEX_POINT('',#905);
#905 = CARTESIAN_POINT('',(11.9,1.8,14.75));
#906 = LINE('',#907,#908);
#907 = CARTESIAN_POINT('',(11.9,1.8,13.625));
#908 = VECTOR('',#909,1.);
#909 = DIRECTION('',(-0.,0.,-1.));
#910 = ORIENTED_EDGE('',*,*,#911,.F.);
#911 = EDGE_CURVE('',#912,#904,#914,.T.);
#912 = VERTEX_POINT('',#913);
#913 = CARTESIAN_POINT('',(8.,1.8,14.75));
#914 = LINE('',#915,#916);
#915 = CARTESIAN_POINT('',(14.5,1.8,14.75));
#916 = VECTOR('',#917,1.);
#917 = DIRECTION('',(1.,0.,0.));
#918 = ORIENTED_EDGE('',*,*,#919,.T.);
#919 = EDGE_CURVE('',#912,#920,#922,.T.);
#920 = VERTEX_POINT('',#921);
#921 = CARTESIAN_POINT('',(8.,1.8,18.2));
#922 = LINE('',#923,#924);
#923 = CARTESIAN_POINT('',(8.,1.8,14.25));
#924 = VECTOR('',#925,1.);
#925 = DIRECTION('',(0.,0.,1.));
#926 = ORIENTED_EDGE('',*,*,#927,.T.);
#927 = EDGE_CURVE('',#920,#928,#930,.T.);
#928 = VERTEX_POINT('',#929);
#929 = CARTESIAN_POINT('',(34.,1.8,18.2));
#930 = LINE('',#931,#932);
#931 = CARTESIAN_POINT('',(8.,1.8,18.2));
#932 = VECTOR('',#933,1.);
#933 = DIRECTION('',(1.,0.,0.));
#934 = ORIENTED_EDGE('',*,*,#935,.F.);
#935 = EDGE_CURVE('',#862,#928,#936,.T.);
#936 = LINE('',#937,#938);
#937 = CARTESIAN_POINT('',(34.,1.8,14.25));
#938 = VECTOR('',#939,1.);
#939 = DIRECTION('',(0.,0.,1.));
#940 = PLANE('',#941);
#941 = AXIS2_PLACEMENT_3D('',#942,#943,#944);
#942 = CARTESIAN_POINT('',(8.,1.8,14.25));
#943 = DIRECTION('',(0.,1.,0.));
#944 = DIRECTION('',(1.,0.,0.));
#945 = ADVANCED_FACE('',(#946),#990,.F.);
#946 = FACE_BOUND('',#947,.T.);
#947 = EDGE_LOOP('',(#948,#958,#967,#975,#982,#983));
#948 = ORIENTED_EDGE('',*,*,#949,.T.);
#949 = EDGE_CURVE('',#950,#952,#954,.T.);
#950 = VERTEX_POINT('',#951);
#951 = CARTESIAN_POINT('',(40.142402614136,7.156856995606,18.2));
#952 = VERTEX_POINT('',#953);
#953 = CARTESIAN_POINT('',(40.142402614136,7.156856995606,14.35));
#954 = LINE('',#955,#956);
#955 = CARTESIAN_POINT('',(40.142402614136,7.156856995606,14.25));
#956 = VECTOR('',#957,1.);
#957 = DIRECTION('',(-0.,-0.,-1.));
#958 = ORIENTED_EDGE('',*,*,#959,.T.);
#959 = EDGE_CURVE('',#952,#960,#962,.T.);
#960 = VERTEX_POINT('',#961);
#961 = CARTESIAN_POINT('',(40.043609020074,6.616240623346,14.35));
#962 = CIRCLE('',#963,6.2);
#963 = AXIS2_PLACEMENT_3D('',#964,#965,#966);
#964 = CARTESIAN_POINT('',(34.,8.,14.35));
#965 = DIRECTION('',(0.,-0.,-1.));
#966 = DIRECTION('',(1.146036670581E-15,-1.,0.));
#967 = ORIENTED_EDGE('',*,*,#968,.F.);
#968 = EDGE_CURVE('',#969,#960,#971,.T.);
#969 = VERTEX_POINT('',#970);
#970 = CARTESIAN_POINT('',(40.043609020074,6.616240623346,14.75));
#971 = LINE('',#972,#973);
#972 = CARTESIAN_POINT('',(40.043609020074,6.616240623346,14.25));
#973 = VECTOR('',#974,1.);
#974 = DIRECTION('',(-0.,-0.,-1.));
#975 = ORIENTED_EDGE('',*,*,#976,.T.);
#976 = EDGE_CURVE('',#969,#862,#977,.T.);
#977 = CIRCLE('',#978,6.2);
#978 = AXIS2_PLACEMENT_3D('',#979,#980,#981);
#979 = CARTESIAN_POINT('',(34.,8.,14.75));
#980 = DIRECTION('',(0.,-0.,-1.));
#981 = DIRECTION('',(1.146036670581E-15,-1.,0.));
#982 = ORIENTED_EDGE('',*,*,#935,.T.);
#983 = ORIENTED_EDGE('',*,*,#984,.T.);
#984 = EDGE_CURVE('',#928,#950,#985,.T.);
#985 = CIRCLE('',#986,6.2);
#986 = AXIS2_PLACEMENT_3D('',#987,#988,#989);
#987 = CARTESIAN_POINT('',(34.,8.,18.2));
#988 = DIRECTION('',(0.,0.,1.));
#989 = DIRECTION('',(1.146036670581E-15,-1.,0.));
#990 = CYLINDRICAL_SURFACE('',#991,6.2);
#991 = AXIS2_PLACEMENT_3D('',#992,#993,#994);
#992 = CARTESIAN_POINT('',(34.,8.,14.25));
#993 = DIRECTION('',(-0.,-0.,-1.));
#994 = DIRECTION('',(1.146036670581E-15,-1.,0.));
#995 = ADVANCED_FACE('',(#996),#1040,.F.);
#996 = FACE_BOUND('',#997,.T.);
#997 = EDGE_LOOP('',(#998,#1007,#1015,#1024,#1032,#1039));
#998 = ORIENTED_EDGE('',*,*,#999,.T.);
#999 = EDGE_CURVE('',#912,#1000,#1002,.T.);
#1000 = VERTEX_POINT('',#1001);
#1001 = CARTESIAN_POINT('',(1.956390979926,6.616240623346,14.75));
#1002 = CIRCLE('',#1003,6.2);
#1003 = AXIS2_PLACEMENT_3D('',#1004,#1005,#1006);
#1004 = CARTESIAN_POINT('',(8.,8.,14.75));
#1005 = DIRECTION('',(-0.,0.,-1.));
#1006 = DIRECTION('',(-1.,0.,0.));
#1007 = ORIENTED_EDGE('',*,*,#1008,.T.);
#1008 = EDGE_CURVE('',#1000,#1009,#1011,.T.);
#1009 = VERTEX_POINT('',#1010);
#1010 = CARTESIAN_POINT('',(1.956390979926,6.616240623346,14.35));
#1011 = LINE('',#1012,#1013);
#1012 = CARTESIAN_POINT('',(1.956390979926,6.616240623346,14.25));
#1013 = VECTOR('',#1014,1.);
#1014 = DIRECTION('',(-0.,-0.,-1.));
#1015 = ORIENTED_EDGE('',*,*,#1016,.T.);
#1016 = EDGE_CURVE('',#1009,#1017,#1019,.T.);
#1017 = VERTEX_POINT('',#1018);
#1018 = CARTESIAN_POINT('',(1.857597385864,7.156856995606,14.35));
#1019 = CIRCLE('',#1020,6.2);
#1020 = AXIS2_PLACEMENT_3D('',#1021,#1022,#1023);
#1021 = CARTESIAN_POINT('',(8.,8.,14.35));
#1022 = DIRECTION('',(-0.,0.,-1.));
#1023 = DIRECTION('',(-1.,0.,0.));
#1024 = ORIENTED_EDGE('',*,*,#1025,.F.);
#1025 = EDGE_CURVE('',#1026,#1017,#1028,.T.);
#1026 = VERTEX_POINT('',#1027);
#1027 = CARTESIAN_POINT('',(1.857597385864,7.156856995606,18.2));
#1028 = LINE('',#1029,#1030);
#1029 = CARTESIAN_POINT('',(1.857597385864,7.156856995606,14.25));
#1030 = VECTOR('',#1031,1.);
#1031 = DIRECTION('',(-0.,-0.,-1.));
#1032 = ORIENTED_EDGE('',*,*,#1033,.T.);
#1033 = EDGE_CURVE('',#1026,#920,#1034,.T.);
#1034 = CIRCLE('',#1035,6.2);
#1035 = AXIS2_PLACEMENT_3D('',#1036,#1037,#1038);
#1036 = CARTESIAN_POINT('',(8.,8.,18.2));
#1037 = DIRECTION('',(0.,0.,1.));
#1038 = DIRECTION('',(-1.,0.,0.));
#1039 = ORIENTED_EDGE('',*,*,#919,.F.);
#1040 = CYLINDRICAL_SURFACE('',#1041,6.2);
#1041 = AXIS2_PLACEMENT_3D('',#1042,#1043,#1044);
#1042 = CARTESIAN_POINT('',(8.,8.,14.25));
#1043 = DIRECTION('',(-0.,-0.,-1.));
#1044 = DIRECTION('',(-1.,0.,0.));
#1045 = ADVANCED_FACE('',(#1046),#1065,.F.);
#1046 = FACE_BOUND('',#1047,.F.);
#1047 = EDGE_LOOP('',(#1048,#1049,#1057,#1064));
#1048 = ORIENTED_EDGE('',*,*,#298,.F.);
#1049 = ORIENTED_EDGE('',*,*,#1050,.F.);
#1050 = EDGE_CURVE('',#1051,#299,#1053,.T.);
#1051 = VERTEX_POINT('',#1052);
#1052 = CARTESIAN_POINT('',(5.85,8.5,18.3));
#1053 = LINE('',#1054,#1055);
#1054 = CARTESIAN_POINT('',(5.85,8.5,18.3));
#1055 = VECTOR('',#1056,1.);
#1056 = DIRECTION('',(0.,0.,1.));
#1057 = ORIENTED_EDGE('',*,*,#1058,.T.);
#1058 = EDGE_CURVE('',#1051,#1051,#1059,.T.);
#1059 = CIRCLE('',#1060,2.25);
#1060 = AXIS2_PLACEMENT_3D('',#1061,#1062,#1063);
#1061 = CARTESIAN_POINT('',(3.6,8.5,18.3));
#1062 = DIRECTION('',(0.,0.,1.));
#1063 = DIRECTION('',(1.,0.,-0.));
#1064 = ORIENTED_EDGE('',*,*,#1050,.T.);
#1065 = CYLINDRICAL_SURFACE('',#1066,2.25);
#1066 = AXIS2_PLACEMENT_3D('',#1067,#1068,#1069);
#1067 = CARTESIAN_POINT('',(3.6,8.5,18.3));
#1068 = DIRECTION('',(0.,0.,1.));
#1069 = DIRECTION('',(1.,0.,-0.));
#1070 = ADVANCED_FACE('',(#1071),#1096,.F.);
#1071 = FACE_BOUND('',#1072,.F.);
#1072 = EDGE_LOOP('',(#1073,#1083,#1089,#1090));
#1073 = ORIENTED_EDGE('',*,*,#1074,.F.);
#1074 = EDGE_CURVE('',#1075,#1077,#1079,.T.);
#1075 = VERTEX_POINT('',#1076);
#1076 = CARTESIAN_POINT('',(18.997273489933,13.318791946309,19.5));
#1077 = VERTEX_POINT('',#1078);
#1078 = CARTESIAN_POINT('',(20.450713087248,13.318791946309,19.5));
#1079 = LINE('',#1080,#1081);
#1080 = CARTESIAN_POINT('',(18.997273489933,13.318791946309,19.5));
#1081 = VECTOR('',#1082,1.);
#1082 = DIRECTION('',(1.,0.,0.));
#1083 = ORIENTED_EDGE('',*,*,#1084,.T.);
#1084 = EDGE_CURVE('',#1075,#312,#1085,.T.);
#1085 = LINE('',#1086,#1087);
#1086 = CARTESIAN_POINT('',(18.997273489933,13.318791946309,19.5));
#1087 = VECTOR('',#1088,1.);
#1088 = DIRECTION('',(0.,0.,1.));
#1089 = ORIENTED_EDGE('',*,*,#309,.F.);
#1090 = ORIENTED_EDGE('',*,*,#1091,.F.);
#1091 = EDGE_CURVE('',#1077,#310,#1092,.T.);
#1092 = LINE('',#1093,#1094);
#1093 = CARTESIAN_POINT('',(20.450713087248,13.318791946309,19.5));
#1094 = VECTOR('',#1095,1.);
#1095 = DIRECTION('',(0.,0.,1.));
#1096 = PLANE('',#1097);
#1097 = AXIS2_PLACEMENT_3D('',#1098,#1099,#1100);
#1098 = CARTESIAN_POINT('',(18.997273489933,13.318791946309,19.5));
#1099 = DIRECTION('',(0.,1.,0.));
#1100 = DIRECTION('',(1.,0.,0.));
#1101 = ADVANCED_FACE('',(#1102),#1120,.F.);
#1102 = FACE_BOUND('',#1103,.F.);
#1103 = EDGE_LOOP('',(#1104,#1112,#1118,#1119));
#1104 = ORIENTED_EDGE('',*,*,#1105,.F.);
#1105 = EDGE_CURVE('',#1106,#1075,#1108,.T.);
#1106 = VERTEX_POINT('',#1107);
#1107 = CARTESIAN_POINT('',(18.997273489933,7.681208053691,19.5));
#1108 = LINE('',#1109,#1110);
#1109 = CARTESIAN_POINT('',(18.997273489933,7.681208053691,19.5));
#1110 = VECTOR('',#1111,1.);
#1111 = DIRECTION('',(0.,1.,0.));
#1112 = ORIENTED_EDGE('',*,*,#1113,.T.);
#1113 = EDGE_CURVE('',#1106,#344,#1114,.T.);
#1114 = LINE('',#1115,#1116);
#1115 = CARTESIAN_POINT('',(18.997273489933,7.681208053691,19.5));
#1116 = VECTOR('',#1117,1.);
#1117 = DIRECTION('',(0.,0.,1.));
#1118 = ORIENTED_EDGE('',*,*,#351,.F.);
#1119 = ORIENTED_EDGE('',*,*,#1084,.F.);
#1120 = PLANE('',#1121);
#1121 = AXIS2_PLACEMENT_3D('',#1122,#1123,#1124);
#1122 = CARTESIAN_POINT('',(18.997273489933,7.681208053691,19.5));
#1123 = DIRECTION('',(-1.,0.,0.));
#1124 = DIRECTION('',(0.,1.,0.));
#1125 = ADVANCED_FACE('',(#1126),#1144,.F.);
#1126 = FACE_BOUND('',#1127,.F.);
#1127 = EDGE_LOOP('',(#1128,#1136,#1142,#1143));
#1128 = ORIENTED_EDGE('',*,*,#1129,.F.);
#1129 = EDGE_CURVE('',#1130,#1106,#1132,.T.);
#1130 = VERTEX_POINT('',#1131);
#1131 = CARTESIAN_POINT('',(23.002726510067,7.681208053691,19.5));
#1132 = LINE('',#1133,#1134);
#1133 = CARTESIAN_POINT('',(23.002726510067,7.681208053691,19.5));
#1134 = VECTOR('',#1135,1.);
#1135 = DIRECTION('',(-1.,0.,0.));
#1136 = ORIENTED_EDGE('',*,*,#1137,.T.);
#1137 = EDGE_CURVE('',#1130,#336,#1138,.T.);
#1138 = LINE('',#1139,#1140);
#1139 = CARTESIAN_POINT('',(23.002726510067,7.681208053691,19.5));
#1140 = VECTOR('',#1141,1.);
#1141 = DIRECTION('',(0.,0.,1.));
#1142 = ORIENTED_EDGE('',*,*,#343,.F.);
#1143 = ORIENTED_EDGE('',*,*,#1113,.F.);
#1144 = PLANE('',#1145);
#1145 = AXIS2_PLACEMENT_3D('',#1146,#1147,#1148);
#1146 = CARTESIAN_POINT('',(23.002726510067,7.681208053691,19.5));
#1147 = DIRECTION('',(0.,-1.,0.));
#1148 = DIRECTION('',(-1.,0.,0.));
#1149 = ADVANCED_FACE('',(#1150),#1168,.F.);
#1150 = FACE_BOUND('',#1151,.F.);
#1151 = EDGE_LOOP('',(#1152,#1160,#1166,#1167));
#1152 = ORIENTED_EDGE('',*,*,#1153,.F.);
#1153 = EDGE_CURVE('',#1154,#1130,#1156,.T.);
#1154 = VERTEX_POINT('',#1155);
#1155 = CARTESIAN_POINT('',(23.002726510067,8.776510067114,19.5));
#1156 = LINE('',#1157,#1158);
#1157 = CARTESIAN_POINT('',(23.002726510067,8.776510067114,19.5));
#1158 = VECTOR('',#1159,1.);
#1159 = DIRECTION('',(0.,-1.,-0.));
#1160 = ORIENTED_EDGE('',*,*,#1161,.T.);
#1161 = EDGE_CURVE('',#1154,#328,#1162,.T.);
#1162 = LINE('',#1163,#1164);
#1163 = CARTESIAN_POINT('',(23.002726510067,8.776510067114,19.5));
#1164 = VECTOR('',#1165,1.);
#1165 = DIRECTION('',(0.,0.,1.));
#1166 = ORIENTED_EDGE('',*,*,#335,.F.);
#1167 = ORIENTED_EDGE('',*,*,#1137,.F.);
#1168 = PLANE('',#1169);
#1169 = AXIS2_PLACEMENT_3D('',#1170,#1171,#1172);
#1170 = CARTESIAN_POINT('',(23.002726510067,8.776510067114,19.5));
#1171 = DIRECTION('',(1.,0.,-0.));
#1172 = DIRECTION('',(0.,-1.,0.));
#1173 = ADVANCED_FACE('',(#1174),#1192,.F.);
#1174 = FACE_BOUND('',#1175,.F.);
#1175 = EDGE_LOOP('',(#1176,#1184,#1190,#1191));
#1176 = ORIENTED_EDGE('',*,*,#1177,.F.);
#1177 = EDGE_CURVE('',#1178,#1154,#1180,.T.);
#1178 = VERTEX_POINT('',#1179);
#1179 = CARTESIAN_POINT('',(20.450713087248,8.776510067114,19.5));
#1180 = LINE('',#1181,#1182);
#1181 = CARTESIAN_POINT('',(20.450713087248,8.776510067114,19.5));
#1182 = VECTOR('',#1183,1.);
#1183 = DIRECTION('',(1.,0.,0.));
#1184 = ORIENTED_EDGE('',*,*,#1185,.T.);
#1185 = EDGE_CURVE('',#1178,#320,#1186,.T.);
#1186 = LINE('',#1187,#1188);
#1187 = CARTESIAN_POINT('',(20.450713087248,8.776510067114,19.5));
#1188 = VECTOR('',#1189,1.);
#1189 = DIRECTION('',(0.,0.,1.));
#1190 = ORIENTED_EDGE('',*,*,#327,.F.);
#1191 = ORIENTED_EDGE('',*,*,#1161,.F.);
#1192 = PLANE('',#1193);
#1193 = AXIS2_PLACEMENT_3D('',#1194,#1195,#1196);
#1194 = CARTESIAN_POINT('',(20.450713087248,8.776510067114,19.5));
#1195 = DIRECTION('',(0.,1.,0.));
#1196 = DIRECTION('',(1.,0.,0.));
#1197 = ADVANCED_FACE('',(#1198),#1209,.F.);
#1198 = FACE_BOUND('',#1199,.F.);
#1199 = EDGE_LOOP('',(#1200,#1206,#1207,#1208));
#1200 = ORIENTED_EDGE('',*,*,#1201,.F.);
#1201 = EDGE_CURVE('',#1077,#1178,#1202,.T.);
#1202 = LINE('',#1203,#1204);
#1203 = CARTESIAN_POINT('',(20.450713087248,13.318791946309,19.5));
#1204 = VECTOR('',#1205,1.);
#1205 = DIRECTION('',(0.,-1.,-0.));
#1206 = ORIENTED_EDGE('',*,*,#1091,.T.);
#1207 = ORIENTED_EDGE('',*,*,#319,.F.);
#1208 = ORIENTED_EDGE('',*,*,#1185,.F.);
#1209 = PLANE('',#1210);
#1210 = AXIS2_PLACEMENT_3D('',#1211,#1212,#1213);
#1211 = CARTESIAN_POINT('',(20.450713087248,13.318791946309,19.5));
#1212 = DIRECTION('',(1.,0.,-0.));
#1213 = DIRECTION('',(0.,-1.,0.));
#1214 = ADVANCED_FACE('',(#1215),#1234,.F.);
#1215 = FACE_BOUND('',#1216,.F.);
#1216 = EDGE_LOOP('',(#1217,#1218,#1226,#1233));
#1217 = ORIENTED_EDGE('',*,*,#359,.F.);
#1218 = ORIENTED_EDGE('',*,*,#1219,.F.);
#1219 = EDGE_CURVE('',#1220,#360,#1222,.T.);
#1220 = VERTEX_POINT('',#1221);
#1221 = CARTESIAN_POINT('',(40.65,8.5,18.3));
#1222 = LINE('',#1223,#1224);
#1223 = CARTESIAN_POINT('',(40.65,8.5,18.3));
#1224 = VECTOR('',#1225,1.);
#1225 = DIRECTION('',(0.,0.,1.));
#1226 = ORIENTED_EDGE('',*,*,#1227,.T.);
#1227 = EDGE_CURVE('',#1220,#1220,#1228,.T.);
#1228 = CIRCLE('',#1229,2.25);
#1229 = AXIS2_PLACEMENT_3D('',#1230,#1231,#1232);
#1230 = CARTESIAN_POINT('',(38.4,8.5,18.3));
#1231 = DIRECTION('',(0.,0.,1.));
#1232 = DIRECTION('',(1.,0.,-0.));
#1233 = ORIENTED_EDGE('',*,*,#1219,.T.);
#1234 = CYLINDRICAL_SURFACE('',#1235,2.25);
#1235 = AXIS2_PLACEMENT_3D('',#1236,#1237,#1238);
#1236 = CARTESIAN_POINT('',(38.4,8.5,18.3));
#1237 = DIRECTION('',(0.,0.,1.));
#1238 = DIRECTION('',(1.,0.,-0.));
#1239 = ADVANCED_FACE('',(#1240),#1259,.F.);
#1240 = FACE_BOUND('',#1241,.F.);
#1241 = EDGE_LOOP('',(#1242,#1243,#1251,#1258));
#1242 = ORIENTED_EDGE('',*,*,#370,.F.);
#1243 = ORIENTED_EDGE('',*,*,#1244,.F.);
#1244 = EDGE_CURVE('',#1245,#371,#1247,.T.);
#1245 = VERTEX_POINT('',#1246);
#1246 = CARTESIAN_POINT('',(26.15,22.,18.2));
#1247 = LINE('',#1248,#1249);
#1248 = CARTESIAN_POINT('',(26.15,22.,17.9));
#1249 = VECTOR('',#1250,1.);
#1250 = DIRECTION('',(0.,0.,1.));
#1251 = ORIENTED_EDGE('',*,*,#1252,.T.);
#1252 = EDGE_CURVE('',#1245,#1245,#1253,.T.);
#1253 = CIRCLE('',#1254,5.15);
#1254 = AXIS2_PLACEMENT_3D('',#1255,#1256,#1257);
#1255 = CARTESIAN_POINT('',(21.,22.,18.2));
#1256 = DIRECTION('',(0.,0.,1.));
#1257 = DIRECTION('',(1.,0.,-0.));
#1258 = ORIENTED_EDGE('',*,*,#1244,.T.);
#1259 = CYLINDRICAL_SURFACE('',#1260,5.15);
#1260 = AXIS2_PLACEMENT_3D('',#1261,#1262,#1263);
#1261 = CARTESIAN_POINT('',(21.,22.,17.9));
#1262 = DIRECTION('',(0.,0.,1.));
#1263 = DIRECTION('',(1.,0.,-0.));
#1264 = ADVANCED_FACE('',(#1265),#1284,.F.);
#1265 = FACE_BOUND('',#1266,.F.);
#1266 = EDGE_LOOP('',(#1267,#1268,#1276,#1283));
#1267 = ORIENTED_EDGE('',*,*,#381,.F.);
#1268 = ORIENTED_EDGE('',*,*,#1269,.F.);
#1269 = EDGE_CURVE('',#1270,#382,#1272,.T.);
#1270 = VERTEX_POINT('',#1271);
#1271 = CARTESIAN_POINT('',(5.85,51.5,18.3));
#1272 = LINE('',#1273,#1274);
#1273 = CARTESIAN_POINT('',(5.85,51.5,18.3));
#1274 = VECTOR('',#1275,1.);
#1275 = DIRECTION('',(0.,0.,1.));
#1276 = ORIENTED_EDGE('',*,*,#1277,.T.);
#1277 = EDGE_CURVE('',#1270,#1270,#1278,.T.);
#1278 = CIRCLE('',#1279,2.25);
#1279 = AXIS2_PLACEMENT_3D('',#1280,#1281,#1282);
#1280 = CARTESIAN_POINT('',(3.6,51.5,18.3));
#1281 = DIRECTION('',(0.,0.,1.));
#1282 = DIRECTION('',(1.,0.,-0.));
#1283 = ORIENTED_EDGE('',*,*,#1269,.T.);
#1284 = CYLINDRICAL_SURFACE('',#1285,2.25);
#1285 = AXIS2_PLACEMENT_3D('',#1286,#1287,#1288);
#1286 = CARTESIAN_POINT('',(3.6,51.5,18.3));
#1287 = DIRECTION('',(0.,0.,1.));
#1288 = DIRECTION('',(1.,0.,-0.));
#1289 = ADVANCED_FACE('',(#1290),#1315,.F.);
#1290 = FACE_BOUND('',#1291,.F.);
#1291 = EDGE_LOOP('',(#1292,#1302,#1308,#1309));
#1292 = ORIENTED_EDGE('',*,*,#1293,.F.);
#1293 = EDGE_CURVE('',#1294,#1296,#1298,.T.);
#1294 = VERTEX_POINT('',#1295);
#1295 = CARTESIAN_POINT('',(13.986405201342,55.173154362416,19.6));
#1296 = VERTEX_POINT('',#1297);
#1297 = CARTESIAN_POINT('',(15.122730704698,55.173154362416,19.6));
#1298 = LINE('',#1299,#1300);
#1299 = CARTESIAN_POINT('',(13.986405201342,55.173154362416,19.6));
#1300 = VECTOR('',#1301,1.);
#1301 = DIRECTION('',(1.,0.,0.));
#1302 = ORIENTED_EDGE('',*,*,#1303,.T.);
#1303 = EDGE_CURVE('',#1294,#395,#1304,.T.);
#1304 = LINE('',#1305,#1306);
#1305 = CARTESIAN_POINT('',(13.986405201342,55.173154362416,19.6));
#1306 = VECTOR('',#1307,1.);
#1307 = DIRECTION('',(0.,0.,1.));
#1308 = ORIENTED_EDGE('',*,*,#392,.F.);
#1309 = ORIENTED_EDGE('',*,*,#1310,.F.);
#1310 = EDGE_CURVE('',#1296,#393,#1311,.T.);
#1311 = LINE('',#1312,#1313);
#1312 = CARTESIAN_POINT('',(15.122730704698,55.173154362416,19.6));
#1313 = VECTOR('',#1314,1.);
#1314 = DIRECTION('',(0.,0.,1.));
#1315 = PLANE('',#1316);
#1316 = AXIS2_PLACEMENT_3D('',#1317,#1318,#1319);
#1317 = CARTESIAN_POINT('',(13.986405201342,55.173154362416,19.6));
#1318 = DIRECTION('',(0.,1.,0.));
#1319 = DIRECTION('',(1.,0.,0.));
#1320 = ADVANCED_FACE('',(#1321),#1339,.F.);
#1321 = FACE_BOUND('',#1322,.F.);
#1322 = EDGE_LOOP('',(#1323,#1331,#1332,#1333));
#1323 = ORIENTED_EDGE('',*,*,#1324,.F.);
#1324 = EDGE_CURVE('',#1296,#1325,#1327,.T.);
#1325 = VERTEX_POINT('',#1326);
#1326 = CARTESIAN_POINT('',(16.557671979866,52.46658557047,19.6));
#1327 = LINE('',#1328,#1329);
#1328 = CARTESIAN_POINT('',(15.122730704698,55.173154362416,19.6));
#1329 = VECTOR('',#1330,1.);
#1330 = DIRECTION('',(0.46841081492,-0.88351078571,-0.));
#1331 = ORIENTED_EDGE('',*,*,#1310,.T.);
#1332 = ORIENTED_EDGE('',*,*,#402,.F.);
#1333 = ORIENTED_EDGE('',*,*,#1334,.F.);
#1334 = EDGE_CURVE('',#1325,#403,#1335,.T.);
#1335 = LINE('',#1336,#1337);
#1336 = CARTESIAN_POINT('',(16.557671979866,52.46658557047,19.6));
#1337 = VECTOR('',#1338,1.);
#1338 = DIRECTION('',(0.,0.,1.));
#1339 = PLANE('',#1340);
#1340 = AXIS2_PLACEMENT_3D('',#1341,#1342,#1343);
#1341 = CARTESIAN_POINT('',(15.122730704698,55.173154362416,19.6));
#1342 = DIRECTION('',(0.88351078571,0.46841081492,-0.));
#1343 = DIRECTION('',(0.46841081492,-0.88351078571,0.));
#1344 = ADVANCED_FACE('',(#1345),#1363,.F.);
#1345 = FACE_BOUND('',#1346,.F.);
#1346 = EDGE_LOOP('',(#1347,#1355,#1361,#1362));
#1347 = ORIENTED_EDGE('',*,*,#1348,.F.);
#1348 = EDGE_CURVE('',#1349,#1294,#1351,.T.);
#1349 = VERTEX_POINT('',#1350);
#1350 = CARTESIAN_POINT('',(13.986405201342,51.226845637584,19.6));
#1351 = LINE('',#1352,#1353);
#1352 = CARTESIAN_POINT('',(13.986405201342,51.226845637584,19.6));
#1353 = VECTOR('',#1354,1.);
#1354 = DIRECTION('',(0.,1.,0.));
#1355 = ORIENTED_EDGE('',*,*,#1356,.T.);
#1356 = EDGE_CURVE('',#1349,#459,#1357,.T.);
#1357 = LINE('',#1358,#1359);
#1358 = CARTESIAN_POINT('',(13.986405201342,51.226845637584,19.6));
#1359 = VECTOR('',#1360,1.);
#1360 = DIRECTION('',(0.,0.,1.));
#1361 = ORIENTED_EDGE('',*,*,#466,.F.);
#1362 = ORIENTED_EDGE('',*,*,#1303,.F.);
#1363 = PLANE('',#1364);
#1364 = AXIS2_PLACEMENT_3D('',#1365,#1366,#1367);
#1365 = CARTESIAN_POINT('',(13.986405201342,51.226845637584,19.6));
#1366 = DIRECTION('',(-1.,0.,0.));
#1367 = DIRECTION('',(0.,1.,0.));
#1368 = ADVANCED_FACE('',(#1369),#1387,.F.);
#1369 = FACE_BOUND('',#1370,.F.);
#1370 = EDGE_LOOP('',(#1371,#1379,#1380,#1381));
#1371 = ORIENTED_EDGE('',*,*,#1372,.F.);
#1372 = EDGE_CURVE('',#1325,#1373,#1375,.T.);
#1373 = VERTEX_POINT('',#1374);
#1374 = CARTESIAN_POINT('',(16.557671979866,55.173154362416,19.6));
#1375 = LINE('',#1376,#1377);
#1376 = CARTESIAN_POINT('',(16.557671979866,52.46658557047,19.6));
#1377 = VECTOR('',#1378,1.);
#1378 = DIRECTION('',(0.,1.,0.));
#1379 = ORIENTED_EDGE('',*,*,#1334,.T.);
#1380 = ORIENTED_EDGE('',*,*,#410,.F.);
#1381 = ORIENTED_EDGE('',*,*,#1382,.F.);
#1382 = EDGE_CURVE('',#1373,#411,#1383,.T.);
#1383 = LINE('',#1384,#1385);
#1384 = CARTESIAN_POINT('',(16.557671979866,55.173154362416,19.6));
#1385 = VECTOR('',#1386,1.);
#1386 = DIRECTION('',(0.,0.,1.));
#1387 = PLANE('',#1388);
#1388 = AXIS2_PLACEMENT_3D('',#1389,#1390,#1391);
#1389 = CARTESIAN_POINT('',(16.557671979866,52.46658557047,19.6));
#1390 = DIRECTION('',(-1.,0.,0.));
#1391 = DIRECTION('',(0.,1.,0.));
#1392 = ADVANCED_FACE('',(#1393),#1411,.F.);
#1393 = FACE_BOUND('',#1394,.F.);
#1394 = EDGE_LOOP('',(#1395,#1403,#1409,#1410));
#1395 = ORIENTED_EDGE('',*,*,#1396,.F.);
#1396 = EDGE_CURVE('',#1397,#1349,#1399,.T.);
#1397 = VERTEX_POINT('',#1398);
#1398 = CARTESIAN_POINT('',(14.95096057047,51.226845637584,19.6));
#1399 = LINE('',#1400,#1401);
#1400 = CARTESIAN_POINT('',(14.95096057047,51.226845637584,19.6));
#1401 = VECTOR('',#1402,1.);
#1402 = DIRECTION('',(-1.,0.,0.));
#1403 = ORIENTED_EDGE('',*,*,#1404,.T.);
#1404 = EDGE_CURVE('',#1397,#451,#1405,.T.);
#1405 = LINE('',#1406,#1407);
#1406 = CARTESIAN_POINT('',(14.95096057047,51.226845637584,19.6));
#1407 = VECTOR('',#1408,1.);
#1408 = DIRECTION('',(0.,0.,1.));
#1409 = ORIENTED_EDGE('',*,*,#458,.F.);
#1410 = ORIENTED_EDGE('',*,*,#1356,.F.);
#1411 = PLANE('',#1412);
#1412 = AXIS2_PLACEMENT_3D('',#1413,#1414,#1415);
#1413 = CARTESIAN_POINT('',(14.95096057047,51.226845637584,19.6));
#1414 = DIRECTION('',(0.,-1.,0.));
#1415 = DIRECTION('',(-1.,0.,0.));
#1416 = ADVANCED_FACE('',(#1417),#1435,.F.);
#1417 = FACE_BOUND('',#1418,.F.);
#1418 = EDGE_LOOP('',(#1419,#1427,#1428,#1429));
#1419 = ORIENTED_EDGE('',*,*,#1420,.F.);
#1420 = EDGE_CURVE('',#1373,#1421,#1423,.T.);
#1421 = VERTEX_POINT('',#1422);
#1422 = CARTESIAN_POINT('',(17.522227348993,55.173154362416,19.6));
#1423 = LINE('',#1424,#1425);
#1424 = CARTESIAN_POINT('',(16.557671979866,55.173154362416,19.6));
#1425 = VECTOR('',#1426,1.);
#1426 = DIRECTION('',(1.,0.,0.));
#1427 = ORIENTED_EDGE('',*,*,#1382,.T.);
#1428 = ORIENTED_EDGE('',*,*,#418,.F.);
#1429 = ORIENTED_EDGE('',*,*,#1430,.F.);
#1430 = EDGE_CURVE('',#1421,#419,#1431,.T.);
#1431 = LINE('',#1432,#1433);
#1432 = CARTESIAN_POINT('',(17.522227348993,55.173154362416,19.6));
#1433 = VECTOR('',#1434,1.);
#1434 = DIRECTION('',(0.,0.,1.));
#1435 = PLANE('',#1436);
#1436 = AXIS2_PLACEMENT_3D('',#1437,#1438,#1439);
#1437 = CARTESIAN_POINT('',(16.557671979866,55.173154362416,19.6));
#1438 = DIRECTION('',(0.,1.,0.));
#1439 = DIRECTION('',(1.,0.,0.));
#1440 = ADVANCED_FACE('',(#1441),#1459,.F.);
#1441 = FACE_BOUND('',#1442,.F.);
#1442 = EDGE_LOOP('',(#1443,#1451,#1457,#1458));
#1443 = ORIENTED_EDGE('',*,*,#1444,.F.);
#1444 = EDGE_CURVE('',#1445,#1397,#1447,.T.);
#1445 = VERTEX_POINT('',#1446);
#1446 = CARTESIAN_POINT('',(14.95096057047,53.93341442953,19.6));
#1447 = LINE('',#1448,#1449);
#1448 = CARTESIAN_POINT('',(14.95096057047,53.93341442953,19.6));
#1449 = VECTOR('',#1450,1.);
#1450 = DIRECTION('',(0.,-1.,-0.));
#1451 = ORIENTED_EDGE('',*,*,#1452,.T.);
#1452 = EDGE_CURVE('',#1445,#443,#1453,.T.);
#1453 = LINE('',#1454,#1455);
#1454 = CARTESIAN_POINT('',(14.95096057047,53.93341442953,19.6));
#1455 = VECTOR('',#1456,1.);
#1456 = DIRECTION('',(0.,0.,1.));
#1457 = ORIENTED_EDGE('',*,*,#450,.F.);
#1458 = ORIENTED_EDGE('',*,*,#1404,.F.);
#1459 = PLANE('',#1460);
#1460 = AXIS2_PLACEMENT_3D('',#1461,#1462,#1463);
#1461 = CARTESIAN_POINT('',(14.95096057047,53.93341442953,19.6));
#1462 = DIRECTION('',(1.,0.,-0.));
#1463 = DIRECTION('',(0.,-1.,0.));
#1464 = ADVANCED_FACE('',(#1465),#1483,.F.);
#1465 = FACE_BOUND('',#1466,.F.);
#1466 = EDGE_LOOP('',(#1467,#1475,#1476,#1477));
#1467 = ORIENTED_EDGE('',*,*,#1468,.F.);
#1468 = EDGE_CURVE('',#1421,#1469,#1471,.T.);
#1469 = VERTEX_POINT('',#1470);
#1470 = CARTESIAN_POINT('',(17.522227348993,51.226845637584,19.6));
#1471 = LINE('',#1472,#1473);
#1472 = CARTESIAN_POINT('',(17.522227348993,55.173154362416,19.6));
#1473 = VECTOR('',#1474,1.);
#1474 = DIRECTION('',(0.,-1.,-0.));
#1475 = ORIENTED_EDGE('',*,*,#1430,.T.);
#1476 = ORIENTED_EDGE('',*,*,#426,.F.);
#1477 = ORIENTED_EDGE('',*,*,#1478,.F.);
#1478 = EDGE_CURVE('',#1469,#427,#1479,.T.);
#1479 = LINE('',#1480,#1481);
#1480 = CARTESIAN_POINT('',(17.522227348993,51.226845637584,19.6));
#1481 = VECTOR('',#1482,1.);
#1482 = DIRECTION('',(0.,0.,1.));
#1483 = PLANE('',#1484);
#1484 = AXIS2_PLACEMENT_3D('',#1485,#1486,#1487);
#1485 = CARTESIAN_POINT('',(17.522227348993,55.173154362416,19.6));
#1486 = DIRECTION('',(1.,0.,-0.));
#1487 = DIRECTION('',(0.,-1.,0.));
#1488 = ADVANCED_FACE('',(#1489),#1507,.F.);
#1489 = FACE_BOUND('',#1490,.F.);
#1490 = EDGE_LOOP('',(#1491,#1499,#1505,#1506));
#1491 = ORIENTED_EDGE('',*,*,#1492,.F.);
#1492 = EDGE_CURVE('',#1493,#1445,#1495,.T.);
#1493 = VERTEX_POINT('',#1494);
#1494 = CARTESIAN_POINT('',(16.385901845638,51.226845637584,19.6));
#1495 = LINE('',#1496,#1497);
#1496 = CARTESIAN_POINT('',(16.385901845638,51.226845637584,19.6));
#1497 = VECTOR('',#1498,1.);
#1498 = DIRECTION('',(-0.46841081492,0.88351078571,0.));
#1499 = ORIENTED_EDGE('',*,*,#1500,.T.);
#1500 = EDGE_CURVE('',#1493,#435,#1501,.T.);
#1501 = LINE('',#1502,#1503);
#1502 = CARTESIAN_POINT('',(16.385901845638,51.226845637584,19.6));
#1503 = VECTOR('',#1504,1.);
#1504 = DIRECTION('',(0.,0.,1.));
#1505 = ORIENTED_EDGE('',*,*,#442,.F.);
#1506 = ORIENTED_EDGE('',*,*,#1452,.F.);
#1507 = PLANE('',#1508);
#1508 = AXIS2_PLACEMENT_3D('',#1509,#1510,#1511);
#1509 = CARTESIAN_POINT('',(16.385901845638,51.226845637584,19.6));
#1510 = DIRECTION('',(-0.88351078571,-0.46841081492,0.));
#1511 = DIRECTION('',(-0.46841081492,0.88351078571,0.));
#1512 = ADVANCED_FACE('',(#1513),#1524,.F.);
#1513 = FACE_BOUND('',#1514,.F.);
#1514 = EDGE_LOOP('',(#1515,#1521,#1522,#1523));
#1515 = ORIENTED_EDGE('',*,*,#1516,.F.);
#1516 = EDGE_CURVE('',#1469,#1493,#1517,.T.);
#1517 = LINE('',#1518,#1519);
#1518 = CARTESIAN_POINT('',(17.522227348993,51.226845637584,19.6));
#1519 = VECTOR('',#1520,1.);
#1520 = DIRECTION('',(-1.,0.,0.));
#1521 = ORIENTED_EDGE('',*,*,#1478,.T.);
#1522 = ORIENTED_EDGE('',*,*,#434,.F.);
#1523 = ORIENTED_EDGE('',*,*,#1500,.F.);
#1524 = PLANE('',#1525);
#1525 = AXIS2_PLACEMENT_3D('',#1526,#1527,#1528);
#1526 = CARTESIAN_POINT('',(17.522227348993,51.226845637584,19.6));
#1527 = DIRECTION('',(0.,-1.,0.));
#1528 = DIRECTION('',(-1.,0.,0.));
#1529 = ADVANCED_FACE('',(#1530),#1555,.F.);
#1530 = FACE_BOUND('',#1531,.F.);
#1531 = EDGE_LOOP('',(#1532,#1542,#1548,#1549));
#1532 = ORIENTED_EDGE('',*,*,#1533,.F.);
#1533 = EDGE_CURVE('',#1534,#1536,#1538,.T.);
#1534 = VERTEX_POINT('',#1535);
#1535 = CARTESIAN_POINT('',(18.519022651007,55.173154362416,19.6));
#1536 = VERTEX_POINT('',#1537);
#1537 = CARTESIAN_POINT('',(19.536430369128,55.173154362416,19.6));
#1538 = LINE('',#1539,#1540);
#1539 = CARTESIAN_POINT('',(18.519022651007,55.173154362416,19.6));
#1540 = VECTOR('',#1541,1.);
#1541 = DIRECTION('',(1.,0.,0.));
#1542 = ORIENTED_EDGE('',*,*,#1543,.T.);
#1543 = EDGE_CURVE('',#1534,#477,#1544,.T.);
#1544 = LINE('',#1545,#1546);
#1545 = CARTESIAN_POINT('',(18.519022651007,55.173154362416,19.6));
#1546 = VECTOR('',#1547,1.);
#1547 = DIRECTION('',(0.,0.,1.));
#1548 = ORIENTED_EDGE('',*,*,#474,.F.);
#1549 = ORIENTED_EDGE('',*,*,#1550,.F.);
#1550 = EDGE_CURVE('',#1536,#475,#1551,.T.);
#1551 = LINE('',#1552,#1553);
#1552 = CARTESIAN_POINT('',(19.536430369128,55.173154362416,19.6));
#1553 = VECTOR('',#1554,1.);
#1554 = DIRECTION('',(0.,0.,1.));
#1555 = PLANE('',#1556);
#1556 = AXIS2_PLACEMENT_3D('',#1557,#1558,#1559);
#1557 = CARTESIAN_POINT('',(18.519022651007,55.173154362416,19.6));
#1558 = DIRECTION('',(0.,1.,0.));
#1559 = DIRECTION('',(1.,0.,0.));
#1560 = ADVANCED_FACE('',(#1561),#1579,.F.);
#1561 = FACE_BOUND('',#1562,.F.);
#1562 = EDGE_LOOP('',(#1563,#1571,#1572,#1573));
#1563 = ORIENTED_EDGE('',*,*,#1564,.F.);
#1564 = EDGE_CURVE('',#1536,#1565,#1567,.T.);
#1565 = VERTEX_POINT('',#1566);
#1566 = CARTESIAN_POINT('',(19.536430369128,51.226845637584,19.6));
#1567 = LINE('',#1568,#1569);
#1568 = CARTESIAN_POINT('',(19.536430369128,55.173154362416,19.6));
#1569 = VECTOR('',#1570,1.);
#1570 = DIRECTION('',(0.,-1.,0.));
#1571 = ORIENTED_EDGE('',*,*,#1550,.T.);
#1572 = ORIENTED_EDGE('',*,*,#484,.F.);
#1573 = ORIENTED_EDGE('',*,*,#1574,.F.);
#1574 = EDGE_CURVE('',#1565,#485,#1575,.T.);
#1575 = LINE('',#1576,#1577);
#1576 = CARTESIAN_POINT('',(19.536430369128,51.226845637584,19.6));
#1577 = VECTOR('',#1578,1.);
#1578 = DIRECTION('',(0.,0.,1.));
#1579 = PLANE('',#1580);
#1580 = AXIS2_PLACEMENT_3D('',#1581,#1582,#1583);
#1581 = CARTESIAN_POINT('',(19.536430369128,55.173154362416,19.6));
#1582 = DIRECTION('',(1.,0.,-0.));
#1583 = DIRECTION('',(0.,-1.,0.));
#1584 = ADVANCED_FACE('',(#1585),#1603,.F.);
#1585 = FACE_BOUND('',#1586,.F.);
#1586 = EDGE_LOOP('',(#1587,#1595,#1601,#1602));
#1587 = ORIENTED_EDGE('',*,*,#1588,.F.);
#1588 = EDGE_CURVE('',#1589,#1534,#1591,.T.);
#1589 = VERTEX_POINT('',#1590);
#1590 = CARTESIAN_POINT('',(18.519022651007,51.226845637584,19.6));
#1591 = LINE('',#1592,#1593);
#1592 = CARTESIAN_POINT('',(18.519022651007,51.226845637584,19.6));
#1593 = VECTOR('',#1594,1.);
#1594 = DIRECTION('',(0.,1.,0.));
#1595 = ORIENTED_EDGE('',*,*,#1596,.T.);
#1596 = EDGE_CURVE('',#1589,#493,#1597,.T.);
#1597 = LINE('',#1598,#1599);
#1598 = CARTESIAN_POINT('',(18.519022651007,51.226845637584,19.6));
#1599 = VECTOR('',#1600,1.);
#1600 = DIRECTION('',(0.,0.,1.));
#1601 = ORIENTED_EDGE('',*,*,#500,.F.);
#1602 = ORIENTED_EDGE('',*,*,#1543,.F.);
#1603 = PLANE('',#1604);
#1604 = AXIS2_PLACEMENT_3D('',#1605,#1606,#1607);
#1605 = CARTESIAN_POINT('',(18.519022651007,51.226845637584,19.6));
#1606 = DIRECTION('',(-1.,0.,0.));
#1607 = DIRECTION('',(0.,1.,0.));
#1608 = ADVANCED_FACE('',(#1609),#1620,.F.);
#1609 = FACE_BOUND('',#1610,.F.);
#1610 = EDGE_LOOP('',(#1611,#1617,#1618,#1619));
#1611 = ORIENTED_EDGE('',*,*,#1612,.F.);
#1612 = EDGE_CURVE('',#1565,#1589,#1613,.T.);
#1613 = LINE('',#1614,#1615);
#1614 = CARTESIAN_POINT('',(19.536430369128,51.226845637584,19.6));
#1615 = VECTOR('',#1616,1.);
#1616 = DIRECTION('',(-1.,0.,0.));
#1617 = ORIENTED_EDGE('',*,*,#1574,.T.);
#1618 = ORIENTED_EDGE('',*,*,#492,.F.);
#1619 = ORIENTED_EDGE('',*,*,#1596,.F.);
#1620 = PLANE('',#1621);
#1621 = AXIS2_PLACEMENT_3D('',#1622,#1623,#1624);
#1622 = CARTESIAN_POINT('',(19.536430369128,51.226845637584,19.6));
#1623 = DIRECTION('',(0.,-1.,0.));
#1624 = DIRECTION('',(-1.,0.,0.));
#1625 = ADVANCED_FACE('',(#1626),#1652,.F.);
#1626 = FACE_BOUND('',#1627,.T.);
#1627 = EDGE_LOOP('',(#1628,#1639,#1645,#1646));
#1628 = ORIENTED_EDGE('',*,*,#1629,.T.);
#1629 = EDGE_CURVE('',#1630,#1632,#1634,.T.);
#1630 = VERTEX_POINT('',#1631);
#1631 = CARTESIAN_POINT('',(25.,34.999,18.2));
#1632 = VERTEX_POINT('',#1633);
#1633 = CARTESIAN_POINT('',(23.901,33.9,18.2));
#1634 = CIRCLE('',#1635,1.099);
#1635 = AXIS2_PLACEMENT_3D('',#1636,#1637,#1638);
#1636 = CARTESIAN_POINT('',(23.901,34.999,18.2));
#1637 = DIRECTION('',(-0.,0.,-1.));
#1638 = DIRECTION('',(-6.465357013286E-15,-1.,0.));
#1639 = ORIENTED_EDGE('',*,*,#1640,.T.);
#1640 = EDGE_CURVE('',#1632,#511,#1641,.T.);
#1641 = LINE('',#1642,#1643);
#1642 = CARTESIAN_POINT('',(23.901,33.9,17.9));
#1643 = VECTOR('',#1644,1.);
#1644 = DIRECTION('',(0.,0.,1.));
#1645 = ORIENTED_EDGE('',*,*,#508,.F.);
#1646 = ORIENTED_EDGE('',*,*,#1647,.F.);
#1647 = EDGE_CURVE('',#1630,#509,#1648,.T.);
#1648 = LINE('',#1649,#1650);
#1649 = CARTESIAN_POINT('',(25.,34.999,17.9));
#1650 = VECTOR('',#1651,1.);
#1651 = DIRECTION('',(0.,0.,1.));
#1652 = CYLINDRICAL_SURFACE('',#1653,1.099);
#1653 = AXIS2_PLACEMENT_3D('',#1654,#1655,#1656);
#1654 = CARTESIAN_POINT('',(23.901,34.999,17.9));
#1655 = DIRECTION('',(-0.,-0.,-1.));
#1656 = DIRECTION('',(-6.465357013286E-15,-1.,0.));
#1657 = ADVANCED_FACE('',(#1658),#1676,.T.);
#1658 = FACE_BOUND('',#1659,.T.);
#1659 = EDGE_LOOP('',(#1660,#1668,#1669,#1670));
#1660 = ORIENTED_EDGE('',*,*,#1661,.T.);
#1661 = EDGE_CURVE('',#1662,#1630,#1664,.T.);
#1662 = VERTEX_POINT('',#1663);
#1663 = CARTESIAN_POINT('',(25.,35.001,18.2));
#1664 = LINE('',#1665,#1666);
#1665 = CARTESIAN_POINT('',(25.,32.4995,18.2));
#1666 = VECTOR('',#1667,1.);
#1667 = DIRECTION('',(0.,-1.,0.));
#1668 = ORIENTED_EDGE('',*,*,#1647,.T.);
#1669 = ORIENTED_EDGE('',*,*,#570,.F.);
#1670 = ORIENTED_EDGE('',*,*,#1671,.F.);
#1671 = EDGE_CURVE('',#1662,#562,#1672,.T.);
#1672 = LINE('',#1673,#1674);
#1673 = CARTESIAN_POINT('',(25.,35.001,17.9));
#1674 = VECTOR('',#1675,1.);
#1675 = DIRECTION('',(0.,0.,1.));
#1676 = PLANE('',#1677);
#1677 = AXIS2_PLACEMENT_3D('',#1678,#1679,#1680);
#1678 = CARTESIAN_POINT('',(25.,34.999,17.9));
#1679 = DIRECTION('',(-1.,0.,0.));
#1680 = DIRECTION('',(0.,1.,0.));
#1681 = ADVANCED_FACE('',(#1682),#1700,.T.);
#1682 = FACE_BOUND('',#1683,.T.);
#1683 = EDGE_LOOP('',(#1684,#1692,#1698,#1699));
#1684 = ORIENTED_EDGE('',*,*,#1685,.T.);
#1685 = EDGE_CURVE('',#1632,#1686,#1688,.T.);
#1686 = VERTEX_POINT('',#1687);
#1687 = CARTESIAN_POINT('',(18.099,33.9,18.2));
#1688 = LINE('',#1689,#1690);
#1689 = CARTESIAN_POINT('',(19.5495,33.9,18.2));
#1690 = VECTOR('',#1691,1.);
#1691 = DIRECTION('',(-1.,0.,0.));
#1692 = ORIENTED_EDGE('',*,*,#1693,.T.);
#1693 = EDGE_CURVE('',#1686,#520,#1694,.T.);
#1694 = LINE('',#1695,#1696);
#1695 = CARTESIAN_POINT('',(18.099,33.9,17.9));
#1696 = VECTOR('',#1697,1.);
#1697 = DIRECTION('',(0.,0.,1.));
#1698 = ORIENTED_EDGE('',*,*,#519,.F.);
#1699 = ORIENTED_EDGE('',*,*,#1640,.F.);
#1700 = PLANE('',#1701);
#1701 = AXIS2_PLACEMENT_3D('',#1702,#1703,#1704);
#1702 = CARTESIAN_POINT('',(18.099,33.9,17.9));
#1703 = DIRECTION('',(0.,1.,0.));
#1704 = DIRECTION('',(1.,0.,0.));
#1705 = ADVANCED_FACE('',(#1706),#1725,.F.);
#1706 = FACE_BOUND('',#1707,.T.);
#1707 = EDGE_LOOP('',(#1708,#1717,#1718,#1719));
#1708 = ORIENTED_EDGE('',*,*,#1709,.T.);
#1709 = EDGE_CURVE('',#1710,#1662,#1712,.T.);
#1710 = VERTEX_POINT('',#1711);
#1711 = CARTESIAN_POINT('',(23.901,36.1,18.2));
#1712 = CIRCLE('',#1713,1.099);
#1713 = AXIS2_PLACEMENT_3D('',#1714,#1715,#1716);
#1714 = CARTESIAN_POINT('',(23.901,35.001,18.2));
#1715 = DIRECTION('',(0.,-0.,-1.));
#1716 = DIRECTION('',(1.,-6.465357013286E-15,0.));
#1717 = ORIENTED_EDGE('',*,*,#1671,.T.);
#1718 = ORIENTED_EDGE('',*,*,#561,.F.);
#1719 = ORIENTED_EDGE('',*,*,#1720,.F.);
#1720 = EDGE_CURVE('',#1710,#554,#1721,.T.);
#1721 = LINE('',#1722,#1723);
#1722 = CARTESIAN_POINT('',(23.901,36.1,17.9));
#1723 = VECTOR('',#1724,1.);
#1724 = DIRECTION('',(0.,0.,1.));
#1725 = CYLINDRICAL_SURFACE('',#1726,1.099);
#1726 = AXIS2_PLACEMENT_3D('',#1727,#1728,#1729);
#1727 = CARTESIAN_POINT('',(23.901,35.001,17.9));
#1728 = DIRECTION('',(-0.,-0.,-1.));
#1729 = DIRECTION('',(1.,-6.465357013286E-15,0.));
#1730 = ADVANCED_FACE('',(#1731),#1750,.F.);
#1731 = FACE_BOUND('',#1732,.T.);
#1732 = EDGE_LOOP('',(#1733,#1742,#1748,#1749));
#1733 = ORIENTED_EDGE('',*,*,#1734,.T.);
#1734 = EDGE_CURVE('',#1686,#1735,#1737,.T.);
#1735 = VERTEX_POINT('',#1736);
#1736 = CARTESIAN_POINT('',(17.,34.999,18.2));
#1737 = CIRCLE('',#1738,1.099);
#1738 = AXIS2_PLACEMENT_3D('',#1739,#1740,#1741);
#1739 = CARTESIAN_POINT('',(18.099,34.999,18.2));
#1740 = DIRECTION('',(-0.,0.,-1.));
#1741 = DIRECTION('',(-1.,6.465357013286E-15,0.));
#1742 = ORIENTED_EDGE('',*,*,#1743,.T.);
#1743 = EDGE_CURVE('',#1735,#528,#1744,.T.);
#1744 = LINE('',#1745,#1746);
#1745 = CARTESIAN_POINT('',(17.,34.999,17.9));
#1746 = VECTOR('',#1747,1.);
#1747 = DIRECTION('',(0.,0.,1.));
#1748 = ORIENTED_EDGE('',*,*,#527,.F.);
#1749 = ORIENTED_EDGE('',*,*,#1693,.F.);
#1750 = CYLINDRICAL_SURFACE('',#1751,1.099);
#1751 = AXIS2_PLACEMENT_3D('',#1752,#1753,#1754);
#1752 = CARTESIAN_POINT('',(18.099,34.999,17.9));
#1753 = DIRECTION('',(-0.,-0.,-1.));
#1754 = DIRECTION('',(-1.,6.465357013286E-15,0.));
#1755 = ADVANCED_FACE('',(#1756),#1774,.T.);
#1756 = FACE_BOUND('',#1757,.T.);
#1757 = EDGE_LOOP('',(#1758,#1766,#1767,#1768));
#1758 = ORIENTED_EDGE('',*,*,#1759,.T.);
#1759 = EDGE_CURVE('',#1760,#1710,#1762,.T.);
#1760 = VERTEX_POINT('',#1761);
#1761 = CARTESIAN_POINT('',(18.099,36.1,18.2));
#1762 = LINE('',#1763,#1764);
#1763 = CARTESIAN_POINT('',(22.4505,36.1,18.2));
#1764 = VECTOR('',#1765,1.);
#1765 = DIRECTION('',(1.,0.,-0.));
#1766 = ORIENTED_EDGE('',*,*,#1720,.T.);
#1767 = ORIENTED_EDGE('',*,*,#553,.F.);
#1768 = ORIENTED_EDGE('',*,*,#1769,.F.);
#1769 = EDGE_CURVE('',#1760,#545,#1770,.T.);
#1770 = LINE('',#1771,#1772);
#1771 = CARTESIAN_POINT('',(18.099,36.1,17.9));
#1772 = VECTOR('',#1773,1.);
#1773 = DIRECTION('',(0.,0.,1.));
#1774 = PLANE('',#1775);
#1775 = AXIS2_PLACEMENT_3D('',#1776,#1777,#1778);
#1776 = CARTESIAN_POINT('',(23.901,36.1,17.9));
#1777 = DIRECTION('',(0.,-1.,0.));
#1778 = DIRECTION('',(-1.,0.,0.));
#1779 = ADVANCED_FACE('',(#1780),#1798,.T.);
#1780 = FACE_BOUND('',#1781,.T.);
#1781 = EDGE_LOOP('',(#1782,#1790,#1796,#1797));
#1782 = ORIENTED_EDGE('',*,*,#1783,.T.);
#1783 = EDGE_CURVE('',#1735,#1784,#1786,.T.);
#1784 = VERTEX_POINT('',#1785);
#1785 = CARTESIAN_POINT('',(17.,35.001,18.2));
#1786 = LINE('',#1787,#1788);
#1787 = CARTESIAN_POINT('',(17.,32.5005,18.2));
#1788 = VECTOR('',#1789,1.);
#1789 = DIRECTION('',(-0.,1.,0.));
#1790 = ORIENTED_EDGE('',*,*,#1791,.T.);
#1791 = EDGE_CURVE('',#1784,#537,#1792,.T.);
#1792 = LINE('',#1793,#1794);
#1793 = CARTESIAN_POINT('',(17.,35.001,17.9));
#1794 = VECTOR('',#1795,1.);
#1795 = DIRECTION('',(0.,0.,1.));
#1796 = ORIENTED_EDGE('',*,*,#536,.F.);
#1797 = ORIENTED_EDGE('',*,*,#1743,.F.);
#1798 = PLANE('',#1799);
#1799 = AXIS2_PLACEMENT_3D('',#1800,#1801,#1802);
#1800 = CARTESIAN_POINT('',(17.,35.001,17.9));
#1801 = DIRECTION('',(1.,0.,-0.));
#1802 = DIRECTION('',(0.,-1.,0.));
#1803 = ADVANCED_FACE('',(#1804),#1816,.F.);
#1804 = FACE_BOUND('',#1805,.T.);
#1805 = EDGE_LOOP('',(#1806,#1813,#1814,#1815));
#1806 = ORIENTED_EDGE('',*,*,#1807,.T.);
#1807 = EDGE_CURVE('',#1784,#1760,#1808,.T.);
#1808 = CIRCLE('',#1809,1.099);
#1809 = AXIS2_PLACEMENT_3D('',#1810,#1811,#1812);
#1810 = CARTESIAN_POINT('',(18.099,35.001,18.2));
#1811 = DIRECTION('',(0.,-0.,-1.));
#1812 = DIRECTION('',(6.465357013286E-15,1.,-0.));
#1813 = ORIENTED_EDGE('',*,*,#1769,.T.);
#1814 = ORIENTED_EDGE('',*,*,#544,.F.);
#1815 = ORIENTED_EDGE('',*,*,#1791,.F.);
#1816 = CYLINDRICAL_SURFACE('',#1817,1.099);
#1817 = AXIS2_PLACEMENT_3D('',#1818,#1819,#1820);
#1818 = CARTESIAN_POINT('',(18.099,35.001,17.9));
#1819 = DIRECTION('',(-0.,-0.,-1.));
#1820 = DIRECTION('',(6.465357013286E-15,1.,-0.));
#1821 = ADVANCED_FACE('',(#1822),#1847,.F.);
#1822 = FACE_BOUND('',#1823,.F.);
#1823 = EDGE_LOOP('',(#1824,#1834,#1840,#1841));
#1824 = ORIENTED_EDGE('',*,*,#1825,.F.);
#1825 = EDGE_CURVE('',#1826,#1828,#1830,.T.);
#1826 = VERTEX_POINT('',#1827);
#1827 = CARTESIAN_POINT('',(20.066891778523,55.173154362416,19.6));
#1828 = VERTEX_POINT('',#1829);
#1829 = CARTESIAN_POINT('',(21.089584731544,55.173154362416,19.6));
#1830 = LINE('',#1831,#1832);
#1831 = CARTESIAN_POINT('',(20.066891778523,55.173154362416,19.6));
#1832 = VECTOR('',#1833,1.);
#1833 = DIRECTION('',(1.,0.,0.));
#1834 = ORIENTED_EDGE('',*,*,#1835,.T.);
#1835 = EDGE_CURVE('',#1826,#581,#1836,.T.);
#1836 = LINE('',#1837,#1838);
#1837 = CARTESIAN_POINT('',(20.066891778523,55.173154362416,19.6));
#1838 = VECTOR('',#1839,1.);
#1839 = DIRECTION('',(0.,0.,1.));
#1840 = ORIENTED_EDGE('',*,*,#578,.F.);
#1841 = ORIENTED_EDGE('',*,*,#1842,.F.);
#1842 = EDGE_CURVE('',#1828,#579,#1843,.T.);
#1843 = LINE('',#1844,#1845);
#1844 = CARTESIAN_POINT('',(21.089584731544,55.173154362416,19.6));
#1845 = VECTOR('',#1846,1.);
#1846 = DIRECTION('',(0.,0.,1.));
#1847 = PLANE('',#1848);
#1848 = AXIS2_PLACEMENT_3D('',#1849,#1850,#1851);
#1849 = CARTESIAN_POINT('',(20.066891778523,55.173154362416,19.6));
#1850 = DIRECTION('',(0.,1.,0.));
#1851 = DIRECTION('',(1.,0.,0.));
#1852 = ADVANCED_FACE('',(#1853),#1871,.F.);
#1853 = FACE_BOUND('',#1854,.F.);
#1854 = EDGE_LOOP('',(#1855,#1863,#1864,#1865));
#1855 = ORIENTED_EDGE('',*,*,#1856,.F.);
#1856 = EDGE_CURVE('',#1828,#1857,#1859,.T.);
#1857 = VERTEX_POINT('',#1858);
#1858 = CARTESIAN_POINT('',(22.136061241611,52.260285234899,19.6));
#1859 = LINE('',#1860,#1861);
#1860 = CARTESIAN_POINT('',(21.089584731544,55.173154362416,19.6));
#1861 = VECTOR('',#1862,1.);
#1862 = DIRECTION('',(0.338102631749,-0.94110924467,0.));
#1863 = ORIENTED_EDGE('',*,*,#1842,.T.);
#1864 = ORIENTED_EDGE('',*,*,#588,.F.);
#1865 = ORIENTED_EDGE('',*,*,#1866,.F.);
#1866 = EDGE_CURVE('',#1857,#589,#1867,.T.);
#1867 = LINE('',#1868,#1869);
#1868 = CARTESIAN_POINT('',(22.136061241611,52.260285234899,19.6));
#1869 = VECTOR('',#1870,1.);
#1870 = DIRECTION('',(0.,0.,1.));
#1871 = PLANE('',#1872);
#1872 = AXIS2_PLACEMENT_3D('',#1873,#1874,#1875);
#1873 = CARTESIAN_POINT('',(21.089584731544,55.173154362416,19.6));
#1874 = DIRECTION('',(0.94110924467,0.338102631749,-0.));
#1875 = DIRECTION('',(0.338102631749,-0.94110924467,0.));
#1876 = ADVANCED_FACE('',(#1877),#1895,.F.);
#1877 = FACE_BOUND('',#1878,.F.);
#1878 = EDGE_LOOP('',(#1879,#1887,#1893,#1894));
#1879 = ORIENTED_EDGE('',*,*,#1880,.F.);
#1880 = EDGE_CURVE('',#1881,#1826,#1883,.T.);
#1881 = VERTEX_POINT('',#1882);
#1882 = CARTESIAN_POINT('',(21.528259228188,51.226845637584,19.6));
#1883 = LINE('',#1884,#1885);
#1884 = CARTESIAN_POINT('',(21.528259228188,51.226845637584,19.6));
#1885 = VECTOR('',#1886,1.);
#1886 = DIRECTION('',(-0.347266632791,0.93776643454,0.));
#1887 = ORIENTED_EDGE('',*,*,#1888,.T.);
#1888 = EDGE_CURVE('',#1881,#621,#1889,.T.);
#1889 = LINE('',#1890,#1891);
#1890 = CARTESIAN_POINT('',(21.528259228188,51.226845637584,19.6));
#1891 = VECTOR('',#1892,1.);
#1892 = DIRECTION('',(0.,0.,1.));
#1893 = ORIENTED_EDGE('',*,*,#628,.F.);
#1894 = ORIENTED_EDGE('',*,*,#1835,.F.);
#1895 = PLANE('',#1896);
#1896 = AXIS2_PLACEMENT_3D('',#1897,#1898,#1899);
#1897 = CARTESIAN_POINT('',(21.528259228188,51.226845637584,19.6));
#1898 = DIRECTION('',(-0.93776643454,-0.347266632791,0.));
#1899 = DIRECTION('',(-0.347266632791,0.93776643454,0.));
#1900 = ADVANCED_FACE('',(#1901),#1919,.F.);
#1901 = FACE_BOUND('',#1902,.F.);
#1902 = EDGE_LOOP('',(#1903,#1911,#1912,#1913));
#1903 = ORIENTED_EDGE('',*,*,#1904,.F.);
#1904 = EDGE_CURVE('',#1857,#1905,#1907,.T.);
#1905 = VERTEX_POINT('',#1906);
#1906 = CARTESIAN_POINT('',(23.179895134228,55.173154362416,19.6));
#1907 = LINE('',#1908,#1909);
#1908 = CARTESIAN_POINT('',(22.136061241611,52.260285234899,19.6));
#1909 = VECTOR('',#1910,1.);
#1910 = DIRECTION('',(0.337346110053,0.941380689218,0.));
#1911 = ORIENTED_EDGE('',*,*,#1866,.T.);
#1912 = ORIENTED_EDGE('',*,*,#596,.F.);
#1913 = ORIENTED_EDGE('',*,*,#1914,.F.);
#1914 = EDGE_CURVE('',#1905,#597,#1915,.T.);
#1915 = LINE('',#1916,#1917);
#1916 = CARTESIAN_POINT('',(23.179895134228,55.173154362416,19.6));
#1917 = VECTOR('',#1918,1.);
#1918 = DIRECTION('',(0.,0.,1.));
#1919 = PLANE('',#1920);
#1920 = AXIS2_PLACEMENT_3D('',#1921,#1922,#1923);
#1921 = CARTESIAN_POINT('',(22.136061241611,52.260285234899,19.6));
#1922 = DIRECTION('',(-0.941380689218,0.337346110053,0.));
#1923 = DIRECTION('',(0.337346110053,0.941380689218,0.));
#1924 = ADVANCED_FACE('',(#1925),#1943,.F.);
#1925 = FACE_BOUND('',#1926,.F.);
#1926 = EDGE_LOOP('',(#1927,#1935,#1941,#1942));
#1927 = ORIENTED_EDGE('',*,*,#1928,.F.);
#1928 = EDGE_CURVE('',#1929,#1881,#1931,.T.);
#1929 = VERTEX_POINT('',#1930);
#1930 = CARTESIAN_POINT('',(22.741220637584,51.226845637584,19.6));
#1931 = LINE('',#1932,#1933);
#1932 = CARTESIAN_POINT('',(22.741220637584,51.226845637584,19.6));
#1933 = VECTOR('',#1934,1.);
#1934 = DIRECTION('',(-1.,0.,0.));
#1935 = ORIENTED_EDGE('',*,*,#1936,.T.);
#1936 = EDGE_CURVE('',#1929,#613,#1937,.T.);
#1937 = LINE('',#1938,#1939);
#1938 = CARTESIAN_POINT('',(22.741220637584,51.226845637584,19.6));
#1939 = VECTOR('',#1940,1.);
#1940 = DIRECTION('',(0.,0.,1.));
#1941 = ORIENTED_EDGE('',*,*,#620,.F.);
#1942 = ORIENTED_EDGE('',*,*,#1888,.F.);
#1943 = PLANE('',#1944);
#1944 = AXIS2_PLACEMENT_3D('',#1945,#1946,#1947);
#1945 = CARTESIAN_POINT('',(22.741220637584,51.226845637584,19.6));
#1946 = DIRECTION('',(0.,-1.,0.));
#1947 = DIRECTION('',(-1.,0.,0.));
#1948 = ADVANCED_FACE('',(#1949),#1967,.F.);
#1949 = FACE_BOUND('',#1950,.F.);
#1950 = EDGE_LOOP('',(#1951,#1959,#1960,#1961));
#1951 = ORIENTED_EDGE('',*,*,#1952,.F.);
#1952 = EDGE_CURVE('',#1905,#1953,#1955,.T.);
#1953 = VERTEX_POINT('',#1954);
#1954 = CARTESIAN_POINT('',(24.202588087248,55.173154362416,19.6));
#1955 = LINE('',#1956,#1957);
#1956 = CARTESIAN_POINT('',(23.179895134228,55.173154362416,19.6));
#1957 = VECTOR('',#1958,1.);
#1958 = DIRECTION('',(1.,0.,0.));
#1959 = ORIENTED_EDGE('',*,*,#1914,.T.);
#1960 = ORIENTED_EDGE('',*,*,#604,.F.);
#1961 = ORIENTED_EDGE('',*,*,#1962,.F.);
#1962 = EDGE_CURVE('',#1953,#605,#1963,.T.);
#1963 = LINE('',#1964,#1965);
#1964 = CARTESIAN_POINT('',(24.202588087248,55.173154362416,19.6));
#1965 = VECTOR('',#1966,1.);
#1966 = DIRECTION('',(0.,0.,1.));
#1967 = PLANE('',#1968);
#1968 = AXIS2_PLACEMENT_3D('',#1969,#1970,#1971);
#1969 = CARTESIAN_POINT('',(23.179895134228,55.173154362416,19.6));
#1970 = DIRECTION('',(0.,1.,0.));
#1971 = DIRECTION('',(1.,0.,0.));
#1972 = ADVANCED_FACE('',(#1973),#1984,.F.);
#1973 = FACE_BOUND('',#1974,.F.);
#1974 = EDGE_LOOP('',(#1975,#1981,#1982,#1983));
#1975 = ORIENTED_EDGE('',*,*,#1976,.F.);
#1976 = EDGE_CURVE('',#1953,#1929,#1977,.T.);
#1977 = LINE('',#1978,#1979);
#1978 = CARTESIAN_POINT('',(24.202588087248,55.173154362416,19.6));
#1979 = VECTOR('',#1980,1.);
#1980 = DIRECTION('',(-0.347266632791,-0.93776643454,0.));
#1981 = ORIENTED_EDGE('',*,*,#1962,.T.);
#1982 = ORIENTED_EDGE('',*,*,#612,.F.);
#1983 = ORIENTED_EDGE('',*,*,#1936,.F.);
#1984 = PLANE('',#1985);
#1985 = AXIS2_PLACEMENT_3D('',#1986,#1987,#1988);
#1986 = CARTESIAN_POINT('',(24.202588087248,55.173154362416,19.6));
#1987 = DIRECTION('',(0.93776643454,-0.347266632791,0.));
#1988 = DIRECTION('',(-0.347266632791,-0.93776643454,0.));
#1989 = ADVANCED_FACE('',(#1990),#2015,.F.);
#1990 = FACE_BOUND('',#1991,.F.);
#1991 = EDGE_LOOP('',(#1992,#2002,#2008,#2009));
#1992 = ORIENTED_EDGE('',*,*,#1993,.F.);
#1993 = EDGE_CURVE('',#1994,#1996,#1998,.T.);
#1994 = VERTEX_POINT('',#1995);
#1995 = CARTESIAN_POINT('',(26.742495805369,51.948456375839,19.6));
#1996 = VERTEX_POINT('',#1997);
#1997 = CARTESIAN_POINT('',(25.151640100671,51.948456375839,19.6));
#1998 = LINE('',#1999,#2000);
#1999 = CARTESIAN_POINT('',(26.742495805369,51.948456375839,19.6));
#2000 = VECTOR('',#2001,1.);
#2001 = DIRECTION('',(-1.,0.,0.));
#2002 = ORIENTED_EDGE('',*,*,#2003,.T.);
#2003 = EDGE_CURVE('',#1994,#639,#2004,.T.);
#2004 = LINE('',#2005,#2006);
#2005 = CARTESIAN_POINT('',(26.742495805369,51.948456375839,19.6));
#2006 = VECTOR('',#2007,1.);
#2007 = DIRECTION('',(0.,0.,1.));
#2008 = ORIENTED_EDGE('',*,*,#636,.F.);
#2009 = ORIENTED_EDGE('',*,*,#2010,.F.);
#2010 = EDGE_CURVE('',#1996,#637,#2011,.T.);
#2011 = LINE('',#2012,#2013);
#2012 = CARTESIAN_POINT('',(25.151640100671,51.948456375839,19.6));
#2013 = VECTOR('',#2014,1.);
#2014 = DIRECTION('',(0.,0.,1.));
#2015 = PLANE('',#2016);
#2016 = AXIS2_PLACEMENT_3D('',#2017,#2018,#2019);
#2017 = CARTESIAN_POINT('',(26.742495805369,51.948456375839,19.6));
#2018 = DIRECTION('',(0.,-1.,0.));
#2019 = DIRECTION('',(-1.,0.,0.));
#2020 = ADVANCED_FACE('',(#2021),#2039,.F.);
#2021 = FACE_BOUND('',#2022,.F.);
#2022 = EDGE_LOOP('',(#2023,#2031,#2032,#2033));
#2023 = ORIENTED_EDGE('',*,*,#2024,.F.);
#2024 = EDGE_CURVE('',#1996,#2025,#2027,.T.);
#2025 = VERTEX_POINT('',#2026);
#2026 = CARTESIAN_POINT('',(24.900591442953,51.226845637584,19.6));
#2027 = LINE('',#2028,#2029);
#2028 = CARTESIAN_POINT('',(25.151640100671,51.948456375839,19.6));
#2029 = VECTOR('',#2030,1.);
#2030 = DIRECTION('',(-0.328583228166,-0.944475019346,0.));
#2031 = ORIENTED_EDGE('',*,*,#2010,.T.);
#2032 = ORIENTED_EDGE('',*,*,#646,.F.);
#2033 = ORIENTED_EDGE('',*,*,#2034,.F.);
#2034 = EDGE_CURVE('',#2025,#647,#2035,.T.);
#2035 = LINE('',#2036,#2037);
#2036 = CARTESIAN_POINT('',(24.900591442953,51.226845637584,19.6));
#2037 = VECTOR('',#2038,1.);
#2038 = DIRECTION('',(0.,0.,1.));
#2039 = PLANE('',#2040);
#2040 = AXIS2_PLACEMENT_3D('',#2041,#2042,#2043);
#2041 = CARTESIAN_POINT('',(25.151640100671,51.948456375839,19.6));
#2042 = DIRECTION('',(0.944475019346,-0.328583228166,0.));
#2043 = DIRECTION('',(-0.328583228166,-0.944475019346,0.));
#2044 = ADVANCED_FACE('',(#2045),#2063,.F.);
#2045 = FACE_BOUND('',#2046,.F.);
#2046 = EDGE_LOOP('',(#2047,#2055,#2061,#2062));
#2047 = ORIENTED_EDGE('',*,*,#2048,.F.);
#2048 = EDGE_CURVE('',#2049,#1994,#2051,.T.);
#2049 = VERTEX_POINT('',#2050);
#2050 = CARTESIAN_POINT('',(26.990901845638,51.226845637584,19.6));
#2051 = LINE('',#2052,#2053);
#2052 = CARTESIAN_POINT('',(26.990901845638,51.226845637584,19.6));
#2053 = VECTOR('',#2054,1.);
#2054 = DIRECTION('',(-0.325492639086,0.945544574254,0.));
#2055 = ORIENTED_EDGE('',*,*,#2056,.T.);
#2056 = EDGE_CURVE('',#2049,#687,#2057,.T.);
#2057 = LINE('',#2058,#2059);
#2058 = CARTESIAN_POINT('',(26.990901845638,51.226845637584,19.6));
#2059 = VECTOR('',#2060,1.);
#2060 = DIRECTION('',(0.,0.,1.));
#2061 = ORIENTED_EDGE('',*,*,#694,.F.);
#2062 = ORIENTED_EDGE('',*,*,#2003,.F.);
#2063 = PLANE('',#2064);
#2064 = AXIS2_PLACEMENT_3D('',#2065,#2066,#2067);
#2065 = CARTESIAN_POINT('',(26.990901845638,51.226845637584,19.6));
#2066 = DIRECTION('',(-0.945544574254,-0.325492639086,0.));
#2067 = DIRECTION('',(-0.325492639086,0.945544574254,0.));
#2068 = ADVANCED_FACE('',(#2069),#2087,.F.);
#2069 = FACE_BOUND('',#2070,.F.);
#2070 = EDGE_LOOP('',(#2071,#2079,#2080,#2081));
#2071 = ORIENTED_EDGE('',*,*,#2072,.F.);
#2072 = EDGE_CURVE('',#2025,#2073,#2075,.T.);
#2073 = VERTEX_POINT('',#2074);
#2074 = CARTESIAN_POINT('',(23.877898489933,51.226845637584,19.6));
#2075 = LINE('',#2076,#2077);
#2076 = CARTESIAN_POINT('',(24.900591442953,51.226845637584,19.6));
#2077 = VECTOR('',#2078,1.);
#2078 = DIRECTION('',(-1.,0.,0.));
#2079 = ORIENTED_EDGE('',*,*,#2034,.T.);
#2080 = ORIENTED_EDGE('',*,*,#654,.F.);
#2081 = ORIENTED_EDGE('',*,*,#2082,.F.);
#2082 = EDGE_CURVE('',#2073,#655,#2083,.T.);
#2083 = LINE('',#2084,#2085);
#2084 = CARTESIAN_POINT('',(23.877898489933,51.226845637584,19.6));
#2085 = VECTOR('',#2086,1.);
#2086 = DIRECTION('',(0.,0.,1.));
#2087 = PLANE('',#2088);
#2088 = AXIS2_PLACEMENT_3D('',#2089,#2090,#2091);
#2089 = CARTESIAN_POINT('',(24.900591442953,51.226845637584,19.6));
#2090 = DIRECTION('',(0.,-1.,0.));
#2091 = DIRECTION('',(-1.,0.,0.));
#2092 = ADVANCED_FACE('',(#2093),#2111,.F.);
#2093 = FACE_BOUND('',#2094,.F.);
#2094 = EDGE_LOOP('',(#2095,#2103,#2109,#2110));
#2095 = ORIENTED_EDGE('',*,*,#2096,.F.);
#2096 = EDGE_CURVE('',#2097,#2049,#2099,.T.);
#2097 = VERTEX_POINT('',#2098);
#2098 = CARTESIAN_POINT('',(28.013594798658,51.226845637584,19.6));
#2099 = LINE('',#2100,#2101);
#2100 = CARTESIAN_POINT('',(28.013594798658,51.226845637584,19.6));
#2101 = VECTOR('',#2102,1.);
#2102 = DIRECTION('',(-1.,0.,0.));
#2103 = ORIENTED_EDGE('',*,*,#2104,.T.);
#2104 = EDGE_CURVE('',#2097,#679,#2105,.T.);
#2105 = LINE('',#2106,#2107);
#2106 = CARTESIAN_POINT('',(28.013594798658,51.226845637584,19.6));
#2107 = VECTOR('',#2108,1.);
#2108 = DIRECTION('',(0.,0.,1.));
#2109 = ORIENTED_EDGE('',*,*,#686,.F.);
#2110 = ORIENTED_EDGE('',*,*,#2056,.F.);
#2111 = PLANE('',#2112);
#2112 = AXIS2_PLACEMENT_3D('',#2113,#2114,#2115);
#2113 = CARTESIAN_POINT('',(28.013594798658,51.226845637584,19.6));
#2114 = DIRECTION('',(0.,-1.,0.));
#2115 = DIRECTION('',(-1.,0.,0.));
#2116 = ADVANCED_FACE('',(#2117),#2135,.F.);
#2117 = FACE_BOUND('',#2118,.F.);
#2118 = EDGE_LOOP('',(#2119,#2127,#2128,#2129));
#2119 = ORIENTED_EDGE('',*,*,#2120,.F.);
#2120 = EDGE_CURVE('',#2073,#2121,#2123,.T.);
#2121 = VERTEX_POINT('',#2122);
#2122 = CARTESIAN_POINT('',(25.339265939597,55.173154362416,19.6));
#2123 = LINE('',#2124,#2125);
#2124 = CARTESIAN_POINT('',(23.877898489933,51.226845637584,19.6));
#2125 = VECTOR('',#2126,1.);
#2126 = DIRECTION('',(0.347266632791,0.93776643454,0.));
#2127 = ORIENTED_EDGE('',*,*,#2082,.T.);
#2128 = ORIENTED_EDGE('',*,*,#662,.F.);
#2129 = ORIENTED_EDGE('',*,*,#2130,.F.);
#2130 = EDGE_CURVE('',#2121,#663,#2131,.T.);
#2131 = LINE('',#2132,#2133);
#2132 = CARTESIAN_POINT('',(25.339265939597,55.173154362416,19.6));
#2133 = VECTOR('',#2134,1.);
#2134 = DIRECTION('',(0.,0.,1.));
#2135 = PLANE('',#2136);
#2136 = AXIS2_PLACEMENT_3D('',#2137,#2138,#2139);
#2137 = CARTESIAN_POINT('',(23.877898489933,51.226845637584,19.6));
#2138 = DIRECTION('',(-0.93776643454,0.347266632791,0.));
#2139 = DIRECTION('',(0.347266632791,0.93776643454,0.));
#2140 = ADVANCED_FACE('',(#2141),#2159,.F.);
#2141 = FACE_BOUND('',#2142,.F.);
#2142 = EDGE_LOOP('',(#2143,#2151,#2157,#2158));
#2143 = ORIENTED_EDGE('',*,*,#2144,.F.);
#2144 = EDGE_CURVE('',#2145,#2097,#2147,.T.);
#2145 = VERTEX_POINT('',#2146);
#2146 = CARTESIAN_POINT('',(26.552227348993,55.173154362416,19.6));
#2147 = LINE('',#2148,#2149);
#2148 = CARTESIAN_POINT('',(26.552227348993,55.173154362416,19.6));
#2149 = VECTOR('',#2150,1.);
#2150 = DIRECTION('',(0.347266632791,-0.93776643454,0.));
#2151 = ORIENTED_EDGE('',*,*,#2152,.T.);
#2152 = EDGE_CURVE('',#2145,#671,#2153,.T.);
#2153 = LINE('',#2154,#2155);
#2154 = CARTESIAN_POINT('',(26.552227348993,55.173154362416,19.6));
#2155 = VECTOR('',#2156,1.);
#2156 = DIRECTION('',(0.,0.,1.));
#2157 = ORIENTED_EDGE('',*,*,#678,.F.);
#2158 = ORIENTED_EDGE('',*,*,#2104,.F.);
#2159 = PLANE('',#2160);
#2160 = AXIS2_PLACEMENT_3D('',#2161,#2162,#2163);
#2161 = CARTESIAN_POINT('',(26.552227348993,55.173154362416,19.6));
#2162 = DIRECTION('',(0.93776643454,0.347266632791,-0.));
#2163 = DIRECTION('',(0.347266632791,-0.93776643454,0.));
#2164 = ADVANCED_FACE('',(#2165),#2176,.F.);
#2165 = FACE_BOUND('',#2166,.F.);
#2166 = EDGE_LOOP('',(#2167,#2173,#2174,#2175));
#2167 = ORIENTED_EDGE('',*,*,#2168,.F.);
#2168 = EDGE_CURVE('',#2121,#2145,#2169,.T.);
#2169 = LINE('',#2170,#2171);
#2170 = CARTESIAN_POINT('',(25.339265939597,55.173154362416,19.6));
#2171 = VECTOR('',#2172,1.);
#2172 = DIRECTION('',(1.,0.,0.));
#2173 = ORIENTED_EDGE('',*,*,#2130,.T.);
#2174 = ORIENTED_EDGE('',*,*,#670,.F.);
#2175 = ORIENTED_EDGE('',*,*,#2152,.F.);
#2176 = PLANE('',#2177);
#2177 = AXIS2_PLACEMENT_3D('',#2178,#2179,#2180);
#2178 = CARTESIAN_POINT('',(25.339265939597,55.173154362416,19.6));
#2179 = DIRECTION('',(0.,1.,0.));
#2180 = DIRECTION('',(1.,0.,0.));
#2181 = ADVANCED_FACE('',(#2182),#2201,.F.);
#2182 = FACE_BOUND('',#2183,.F.);
#2183 = EDGE_LOOP('',(#2184,#2185,#2193,#2200));
#2184 = ORIENTED_EDGE('',*,*,#702,.F.);
#2185 = ORIENTED_EDGE('',*,*,#2186,.F.);
#2186 = EDGE_CURVE('',#2187,#703,#2189,.T.);
#2187 = VERTEX_POINT('',#2188);
#2188 = CARTESIAN_POINT('',(40.65,51.5,18.3));
#2189 = LINE('',#2190,#2191);
#2190 = CARTESIAN_POINT('',(40.65,51.5,18.3));
#2191 = VECTOR('',#2192,1.);
#2192 = DIRECTION('',(0.,0.,1.));
#2193 = ORIENTED_EDGE('',*,*,#2194,.T.);
#2194 = EDGE_CURVE('',#2187,#2187,#2195,.T.);
#2195 = CIRCLE('',#2196,2.25);
#2196 = AXIS2_PLACEMENT_3D('',#2197,#2198,#2199);
#2197 = CARTESIAN_POINT('',(38.4,51.5,18.3));
#2198 = DIRECTION('',(0.,0.,1.));
#2199 = DIRECTION('',(1.,0.,-0.));
#2200 = ORIENTED_EDGE('',*,*,#2186,.T.);
#2201 = CYLINDRICAL_SURFACE('',#2202,2.25);
#2202 = AXIS2_PLACEMENT_3D('',#2203,#2204,#2205);
#2203 = CARTESIAN_POINT('',(38.4,51.5,18.3));
#2204 = DIRECTION('',(0.,0.,1.));
#2205 = DIRECTION('',(1.,0.,-0.));
#2206 = ADVANCED_FACE('',(#2207,#2306,#2340,#2374,#2377),#2387,.F.);
#2207 = FACE_BOUND('',#2208,.F.);
#2208 = EDGE_LOOP('',(#2209,#2218,#2219,#2220,#2221,#2230,#2238,#2247,
    #2256,#2264,#2273,#2282,#2291,#2299));
#2209 = ORIENTED_EDGE('',*,*,#2210,.F.);
#2210 = EDGE_CURVE('',#1026,#2211,#2213,.T.);
#2211 = VERTEX_POINT('',#2212);
#2212 = CARTESIAN_POINT('',(5.8,8.5,18.2));
#2213 = CIRCLE('',#2214,2.2);
#2214 = AXIS2_PLACEMENT_3D('',#2215,#2216,#2217);
#2215 = CARTESIAN_POINT('',(3.6,8.5,18.2));
#2216 = DIRECTION('',(0.,0.,1.));
#2217 = DIRECTION('',(1.,0.,-0.));
#2218 = ORIENTED_EDGE('',*,*,#1033,.T.);
#2219 = ORIENTED_EDGE('',*,*,#927,.T.);
#2220 = ORIENTED_EDGE('',*,*,#984,.T.);
#2221 = ORIENTED_EDGE('',*,*,#2222,.F.);
#2222 = EDGE_CURVE('',#2223,#950,#2225,.T.);
#2223 = VERTEX_POINT('',#2224);
#2224 = CARTESIAN_POINT('',(40.2,9.764911064067,18.2));
#2225 = CIRCLE('',#2226,2.2);
#2226 = AXIS2_PLACEMENT_3D('',#2227,#2228,#2229);
#2227 = CARTESIAN_POINT('',(38.4,8.5,18.2));
#2228 = DIRECTION('',(0.,0.,1.));
#2229 = DIRECTION('',(1.,0.,-0.));
#2230 = ORIENTED_EDGE('',*,*,#2231,.T.);
#2231 = EDGE_CURVE('',#2223,#2232,#2234,.T.);
#2232 = VERTEX_POINT('',#2233);
#2233 = CARTESIAN_POINT('',(40.2,50.235088935933,18.2));
#2234 = LINE('',#2235,#2236);
#2235 = CARTESIAN_POINT('',(40.2,8.,18.2));
#2236 = VECTOR('',#2237,1.);
#2237 = DIRECTION('',(0.,1.,0.));
#2238 = ORIENTED_EDGE('',*,*,#2239,.F.);
#2239 = EDGE_CURVE('',#2240,#2232,#2242,.T.);
#2240 = VERTEX_POINT('',#2241);
#2241 = CARTESIAN_POINT('',(40.142402614136,52.843143004394,18.2));
#2242 = CIRCLE('',#2243,2.2);
#2243 = AXIS2_PLACEMENT_3D('',#2244,#2245,#2246);
#2244 = CARTESIAN_POINT('',(38.4,51.5,18.2));
#2245 = DIRECTION('',(0.,0.,1.));
#2246 = DIRECTION('',(1.,0.,-0.));
#2247 = ORIENTED_EDGE('',*,*,#2248,.T.);
#2248 = EDGE_CURVE('',#2240,#2249,#2251,.T.);
#2249 = VERTEX_POINT('',#2250);
#2250 = CARTESIAN_POINT('',(34.,58.2,18.2));
#2251 = CIRCLE('',#2252,6.2);
#2252 = AXIS2_PLACEMENT_3D('',#2253,#2254,#2255);
#2253 = CARTESIAN_POINT('',(34.,52.,18.2));
#2254 = DIRECTION('',(0.,0.,1.));
#2255 = DIRECTION('',(1.,1.146036670581E-15,-0.));
#2256 = ORIENTED_EDGE('',*,*,#2257,.T.);
#2257 = EDGE_CURVE('',#2249,#2258,#2260,.T.);
#2258 = VERTEX_POINT('',#2259);
#2259 = CARTESIAN_POINT('',(8.,58.2,18.2));
#2260 = LINE('',#2261,#2262);
#2261 = CARTESIAN_POINT('',(34.,58.2,18.2));
#2262 = VECTOR('',#2263,1.);
#2263 = DIRECTION('',(-1.,0.,0.));
#2264 = ORIENTED_EDGE('',*,*,#2265,.T.);
#2265 = EDGE_CURVE('',#2258,#2266,#2268,.T.);
#2266 = VERTEX_POINT('',#2267);
#2267 = CARTESIAN_POINT('',(1.857597385864,52.843143004394,18.2));
#2268 = CIRCLE('',#2269,6.2);
#2269 = AXIS2_PLACEMENT_3D('',#2270,#2271,#2272);
#2270 = CARTESIAN_POINT('',(8.,52.,18.2));
#2271 = DIRECTION('',(0.,0.,1.));
#2272 = DIRECTION('',(-1.146036670581E-15,1.,0.));
#2273 = ORIENTED_EDGE('',*,*,#2274,.F.);
#2274 = EDGE_CURVE('',#2275,#2266,#2277,.T.);
#2275 = VERTEX_POINT('',#2276);
#2276 = CARTESIAN_POINT('',(5.8,51.5,18.2));
#2277 = CIRCLE('',#2278,2.2);
#2278 = AXIS2_PLACEMENT_3D('',#2279,#2280,#2281);
#2279 = CARTESIAN_POINT('',(3.6,51.5,18.2));
#2280 = DIRECTION('',(0.,0.,1.));
#2281 = DIRECTION('',(1.,0.,-0.));
#2282 = ORIENTED_EDGE('',*,*,#2283,.F.);
#2283 = EDGE_CURVE('',#2284,#2275,#2286,.T.);
#2284 = VERTEX_POINT('',#2285);
#2285 = CARTESIAN_POINT('',(1.8,50.235088935933,18.2));
#2286 = CIRCLE('',#2287,2.2);
#2287 = AXIS2_PLACEMENT_3D('',#2288,#2289,#2290);
#2288 = CARTESIAN_POINT('',(3.6,51.5,18.2));
#2289 = DIRECTION('',(0.,0.,1.));
#2290 = DIRECTION('',(1.,0.,-0.));
#2291 = ORIENTED_EDGE('',*,*,#2292,.T.);
#2292 = EDGE_CURVE('',#2284,#2293,#2295,.T.);
#2293 = VERTEX_POINT('',#2294);
#2294 = CARTESIAN_POINT('',(1.8,9.764911064067,18.2));
#2295 = LINE('',#2296,#2297);
#2296 = CARTESIAN_POINT('',(1.8,52.,18.2));
#2297 = VECTOR('',#2298,1.);
#2298 = DIRECTION('',(0.,-1.,0.));
#2299 = ORIENTED_EDGE('',*,*,#2300,.F.);
#2300 = EDGE_CURVE('',#2211,#2293,#2301,.T.);
#2301 = CIRCLE('',#2302,2.2);
#2302 = AXIS2_PLACEMENT_3D('',#2303,#2304,#2305);
#2303 = CARTESIAN_POINT('',(3.6,8.5,18.2));
#2304 = DIRECTION('',(0.,0.,1.));
#2305 = DIRECTION('',(1.,0.,-0.));
#2306 = FACE_BOUND('',#2307,.F.);
#2307 = EDGE_LOOP('',(#2308,#2318,#2326,#2334));
#2308 = ORIENTED_EDGE('',*,*,#2309,.T.);
#2309 = EDGE_CURVE('',#2310,#2312,#2314,.T.);
#2310 = VERTEX_POINT('',#2311);
#2311 = CARTESIAN_POINT('',(10.2,6.3,18.2));
#2312 = VERTEX_POINT('',#2313);
#2313 = CARTESIAN_POINT('',(8.,6.3,18.2));
#2314 = LINE('',#2315,#2316);
#2315 = CARTESIAN_POINT('',(14.5,6.3,18.2));
#2316 = VECTOR('',#2317,1.);
#2317 = DIRECTION('',(-1.,-0.,0.));
#2318 = ORIENTED_EDGE('',*,*,#2319,.T.);
#2319 = EDGE_CURVE('',#2312,#2320,#2322,.T.);
#2320 = VERTEX_POINT('',#2321);
#2321 = CARTESIAN_POINT('',(8.,7.3,18.2));
#2322 = LINE('',#2323,#2324);
#2323 = CARTESIAN_POINT('',(8.,18.15,18.2));
#2324 = VECTOR('',#2325,1.);
#2325 = DIRECTION('',(-0.,1.,0.));
#2326 = ORIENTED_EDGE('',*,*,#2327,.F.);
#2327 = EDGE_CURVE('',#2328,#2320,#2330,.T.);
#2328 = VERTEX_POINT('',#2329);
#2329 = CARTESIAN_POINT('',(10.2,7.3,18.2));
#2330 = LINE('',#2331,#2332);
#2331 = CARTESIAN_POINT('',(14.5,7.3,18.2));
#2332 = VECTOR('',#2333,1.);
#2333 = DIRECTION('',(-1.,-0.,0.));
#2334 = ORIENTED_EDGE('',*,*,#2335,.F.);
#2335 = EDGE_CURVE('',#2310,#2328,#2336,.T.);
#2336 = LINE('',#2337,#2338);
#2337 = CARTESIAN_POINT('',(10.2,18.15,18.2));
#2338 = VECTOR('',#2339,1.);
#2339 = DIRECTION('',(-0.,1.,0.));
#2340 = FACE_BOUND('',#2341,.F.);
#2341 = EDGE_LOOP('',(#2342,#2352,#2360,#2368));
#2342 = ORIENTED_EDGE('',*,*,#2343,.T.);
#2343 = EDGE_CURVE('',#2344,#2346,#2348,.T.);
#2344 = VERTEX_POINT('',#2345);
#2345 = CARTESIAN_POINT('',(34.,6.3,18.2));
#2346 = VERTEX_POINT('',#2347);
#2347 = CARTESIAN_POINT('',(31.8,6.3,18.2));
#2348 = LINE('',#2349,#2350);
#2349 = CARTESIAN_POINT('',(26.4,6.3,18.2));
#2350 = VECTOR('',#2351,1.);
#2351 = DIRECTION('',(-1.,-0.,0.));
#2352 = ORIENTED_EDGE('',*,*,#2353,.T.);
#2353 = EDGE_CURVE('',#2346,#2354,#2356,.T.);
#2354 = VERTEX_POINT('',#2355);
#2355 = CARTESIAN_POINT('',(31.8,7.3,18.2));
#2356 = LINE('',#2357,#2358);
#2357 = CARTESIAN_POINT('',(31.8,18.15,18.2));
#2358 = VECTOR('',#2359,1.);
#2359 = DIRECTION('',(-0.,1.,0.));
#2360 = ORIENTED_EDGE('',*,*,#2361,.F.);
#2361 = EDGE_CURVE('',#2362,#2354,#2364,.T.);
#2362 = VERTEX_POINT('',#2363);
#2363 = CARTESIAN_POINT('',(34.,7.3,18.2));
#2364 = LINE('',#2365,#2366);
#2365 = CARTESIAN_POINT('',(26.4,7.3,18.2));
#2366 = VECTOR('',#2367,1.);
#2367 = DIRECTION('',(-1.,-0.,0.));
#2368 = ORIENTED_EDGE('',*,*,#2369,.F.);
#2369 = EDGE_CURVE('',#2344,#2362,#2370,.T.);
#2370 = LINE('',#2371,#2372);
#2371 = CARTESIAN_POINT('',(34.,18.15,18.2));
#2372 = VECTOR('',#2373,1.);
#2373 = DIRECTION('',(-0.,1.,0.));
#2374 = FACE_BOUND('',#2375,.F.);
#2375 = EDGE_LOOP('',(#2376));
#2376 = ORIENTED_EDGE('',*,*,#1252,.F.);
#2377 = FACE_BOUND('',#2378,.F.);
#2378 = EDGE_LOOP('',(#2379,#2380,#2381,#2382,#2383,#2384,#2385,#2386));
#2379 = ORIENTED_EDGE('',*,*,#1629,.T.);
#2380 = ORIENTED_EDGE('',*,*,#1685,.T.);
#2381 = ORIENTED_EDGE('',*,*,#1734,.T.);
#2382 = ORIENTED_EDGE('',*,*,#1783,.T.);
#2383 = ORIENTED_EDGE('',*,*,#1807,.T.);
#2384 = ORIENTED_EDGE('',*,*,#1759,.T.);
#2385 = ORIENTED_EDGE('',*,*,#1709,.T.);
#2386 = ORIENTED_EDGE('',*,*,#1661,.T.);
#2387 = PLANE('',#2388);
#2388 = AXIS2_PLACEMENT_3D('',#2389,#2390,#2391);
#2389 = CARTESIAN_POINT('',(21.,30.,18.2));
#2390 = DIRECTION('',(0.,0.,1.));
#2391 = DIRECTION('',(1.,0.,-0.));
#2392 = ADVANCED_FACE('',(#2393),#2450,.T.);
#2393 = FACE_BOUND('',#2394,.T.);
#2394 = EDGE_LOOP('',(#2395,#2403,#2411,#2419,#2427,#2435,#2443,#2449));
#2395 = ORIENTED_EDGE('',*,*,#2396,.F.);
#2396 = EDGE_CURVE('',#2397,#2293,#2399,.T.);
#2397 = VERTEX_POINT('',#2398);
#2398 = CARTESIAN_POINT('',(1.8,9.764911064067,14.35));
#2399 = LINE('',#2400,#2401);
#2400 = CARTESIAN_POINT('',(1.8,9.764911064067,14.35));
#2401 = VECTOR('',#2402,1.);
#2402 = DIRECTION('',(0.,0.,1.));
#2403 = ORIENTED_EDGE('',*,*,#2404,.T.);
#2404 = EDGE_CURVE('',#2397,#2405,#2407,.T.);
#2405 = VERTEX_POINT('',#2406);
#2406 = CARTESIAN_POINT('',(1.8,10.23493515729,14.35));
#2407 = LINE('',#2408,#2409);
#2408 = CARTESIAN_POINT('',(1.8,41.,14.35));
#2409 = VECTOR('',#2410,1.);
#2410 = DIRECTION('',(-0.,1.,0.));
#2411 = ORIENTED_EDGE('',*,*,#2412,.T.);
#2412 = EDGE_CURVE('',#2405,#2413,#2415,.T.);
#2413 = VERTEX_POINT('',#2414);
#2414 = CARTESIAN_POINT('',(1.8,10.23493515729,14.75));
#2415 = LINE('',#2416,#2417);
#2416 = CARTESIAN_POINT('',(1.8,10.23493515729,13.));
#2417 = VECTOR('',#2418,1.);
#2418 = DIRECTION('',(0.,0.,1.));
#2419 = ORIENTED_EDGE('',*,*,#2420,.F.);
#2420 = EDGE_CURVE('',#2421,#2413,#2423,.T.);
#2421 = VERTEX_POINT('',#2422);
#2422 = CARTESIAN_POINT('',(1.8,49.76506484271,14.75));
#2423 = LINE('',#2424,#2425);
#2424 = CARTESIAN_POINT('',(1.8,41.,14.75));
#2425 = VECTOR('',#2426,1.);
#2426 = DIRECTION('',(0.,-1.,0.));
#2427 = ORIENTED_EDGE('',*,*,#2428,.F.);
#2428 = EDGE_CURVE('',#2429,#2421,#2431,.T.);
#2429 = VERTEX_POINT('',#2430);
#2430 = CARTESIAN_POINT('',(1.8,49.76506484271,14.35));
#2431 = LINE('',#2432,#2433);
#2432 = CARTESIAN_POINT('',(1.8,49.76506484271,13.));
#2433 = VECTOR('',#2434,1.);
#2434 = DIRECTION('',(0.,0.,1.));
#2435 = ORIENTED_EDGE('',*,*,#2436,.T.);
#2436 = EDGE_CURVE('',#2429,#2437,#2439,.T.);
#2437 = VERTEX_POINT('',#2438);
#2438 = CARTESIAN_POINT('',(1.8,50.235088935933,14.35));
#2439 = LINE('',#2440,#2441);
#2440 = CARTESIAN_POINT('',(1.8,41.,14.35));
#2441 = VECTOR('',#2442,1.);
#2442 = DIRECTION('',(-0.,1.,0.));
#2443 = ORIENTED_EDGE('',*,*,#2444,.T.);
#2444 = EDGE_CURVE('',#2437,#2284,#2445,.T.);
#2445 = LINE('',#2446,#2447);
#2446 = CARTESIAN_POINT('',(1.8,50.235088935933,14.35));
#2447 = VECTOR('',#2448,1.);
#2448 = DIRECTION('',(0.,0.,1.));
#2449 = ORIENTED_EDGE('',*,*,#2292,.T.);
#2450 = PLANE('',#2451);
#2451 = AXIS2_PLACEMENT_3D('',#2452,#2453,#2454);
#2452 = CARTESIAN_POINT('',(1.8,52.,14.25));
#2453 = DIRECTION('',(1.,0.,-0.));
#2454 = DIRECTION('',(0.,-1.,0.));
#2455 = ADVANCED_FACE('',(#2456),#2513,.T.);
#2456 = FACE_BOUND('',#2457,.T.);
#2457 = EDGE_LOOP('',(#2458,#2466,#2474,#2482,#2490,#2498,#2506,#2512));
#2458 = ORIENTED_EDGE('',*,*,#2459,.F.);
#2459 = EDGE_CURVE('',#2460,#2232,#2462,.T.);
#2460 = VERTEX_POINT('',#2461);
#2461 = CARTESIAN_POINT('',(40.2,50.235088935933,14.35));
#2462 = LINE('',#2463,#2464);
#2463 = CARTESIAN_POINT('',(40.2,50.235088935933,14.35));
#2464 = VECTOR('',#2465,1.);
#2465 = DIRECTION('',(0.,0.,1.));
#2466 = ORIENTED_EDGE('',*,*,#2467,.T.);
#2467 = EDGE_CURVE('',#2460,#2468,#2470,.T.);
#2468 = VERTEX_POINT('',#2469);
#2469 = CARTESIAN_POINT('',(40.2,49.76506484271,14.35));
#2470 = LINE('',#2471,#2472);
#2471 = CARTESIAN_POINT('',(40.2,19.,14.35));
#2472 = VECTOR('',#2473,1.);
#2473 = DIRECTION('',(0.,-1.,0.));
#2474 = ORIENTED_EDGE('',*,*,#2475,.T.);
#2475 = EDGE_CURVE('',#2468,#2476,#2478,.T.);
#2476 = VERTEX_POINT('',#2477);
#2477 = CARTESIAN_POINT('',(40.2,49.76506484271,14.75));
#2478 = LINE('',#2479,#2480);
#2479 = CARTESIAN_POINT('',(40.2,49.76506484271,13.));
#2480 = VECTOR('',#2481,1.);
#2481 = DIRECTION('',(0.,0.,1.));
#2482 = ORIENTED_EDGE('',*,*,#2483,.F.);
#2483 = EDGE_CURVE('',#2484,#2476,#2486,.T.);
#2484 = VERTEX_POINT('',#2485);
#2485 = CARTESIAN_POINT('',(40.2,10.23493515729,14.75));
#2486 = LINE('',#2487,#2488);
#2487 = CARTESIAN_POINT('',(40.2,19.,14.75));
#2488 = VECTOR('',#2489,1.);
#2489 = DIRECTION('',(0.,1.,-0.));
#2490 = ORIENTED_EDGE('',*,*,#2491,.F.);
#2491 = EDGE_CURVE('',#2492,#2484,#2494,.T.);
#2492 = VERTEX_POINT('',#2493);
#2493 = CARTESIAN_POINT('',(40.2,10.23493515729,14.35));
#2494 = LINE('',#2495,#2496);
#2495 = CARTESIAN_POINT('',(40.2,10.23493515729,13.));
#2496 = VECTOR('',#2497,1.);
#2497 = DIRECTION('',(0.,0.,1.));
#2498 = ORIENTED_EDGE('',*,*,#2499,.T.);
#2499 = EDGE_CURVE('',#2492,#2500,#2502,.T.);
#2500 = VERTEX_POINT('',#2501);
#2501 = CARTESIAN_POINT('',(40.2,9.764911064067,14.35));
#2502 = LINE('',#2503,#2504);
#2503 = CARTESIAN_POINT('',(40.2,19.,14.35));
#2504 = VECTOR('',#2505,1.);
#2505 = DIRECTION('',(0.,-1.,0.));
#2506 = ORIENTED_EDGE('',*,*,#2507,.T.);
#2507 = EDGE_CURVE('',#2500,#2223,#2508,.T.);
#2508 = LINE('',#2509,#2510);
#2509 = CARTESIAN_POINT('',(40.2,9.764911064067,14.35));
#2510 = VECTOR('',#2511,1.);
#2511 = DIRECTION('',(0.,0.,1.));
#2512 = ORIENTED_EDGE('',*,*,#2231,.T.);
#2513 = PLANE('',#2514);
#2514 = AXIS2_PLACEMENT_3D('',#2515,#2516,#2517);
#2515 = CARTESIAN_POINT('',(40.2,8.,14.25));
#2516 = DIRECTION('',(-1.,0.,0.));
#2517 = DIRECTION('',(0.,1.,0.));
#2518 = ADVANCED_FACE('',(#2519),#2562,.F.);
#2519 = FACE_BOUND('',#2520,.T.);
#2520 = EDGE_LOOP('',(#2521,#2529,#2538,#2546,#2555,#2561));
#2521 = ORIENTED_EDGE('',*,*,#2522,.T.);
#2522 = EDGE_CURVE('',#2266,#2523,#2525,.T.);
#2523 = VERTEX_POINT('',#2524);
#2524 = CARTESIAN_POINT('',(1.857597385864,52.843143004394,14.35));
#2525 = LINE('',#2526,#2527);
#2526 = CARTESIAN_POINT('',(1.857597385864,52.843143004394,14.25));
#2527 = VECTOR('',#2528,1.);
#2528 = DIRECTION('',(-0.,-0.,-1.));
#2529 = ORIENTED_EDGE('',*,*,#2530,.T.);
#2530 = EDGE_CURVE('',#2523,#2531,#2533,.T.);
#2531 = VERTEX_POINT('',#2532);
#2532 = CARTESIAN_POINT('',(1.956390979926,53.383759376654,14.35));
#2533 = CIRCLE('',#2534,6.2);
#2534 = AXIS2_PLACEMENT_3D('',#2535,#2536,#2537);
#2535 = CARTESIAN_POINT('',(8.,52.,14.35));
#2536 = DIRECTION('',(-0.,0.,-1.));
#2537 = DIRECTION('',(-1.146036670581E-15,1.,0.));
#2538 = ORIENTED_EDGE('',*,*,#2539,.F.);
#2539 = EDGE_CURVE('',#2540,#2531,#2542,.T.);
#2540 = VERTEX_POINT('',#2541);
#2541 = CARTESIAN_POINT('',(1.956390979926,53.383759376654,14.75));
#2542 = LINE('',#2543,#2544);
#2543 = CARTESIAN_POINT('',(1.956390979926,53.383759376654,14.25));
#2544 = VECTOR('',#2545,1.);
#2545 = DIRECTION('',(-0.,-0.,-1.));
#2546 = ORIENTED_EDGE('',*,*,#2547,.T.);
#2547 = EDGE_CURVE('',#2540,#2548,#2550,.T.);
#2548 = VERTEX_POINT('',#2549);
#2549 = CARTESIAN_POINT('',(8.,58.2,14.75));
#2550 = CIRCLE('',#2551,6.2);
#2551 = AXIS2_PLACEMENT_3D('',#2552,#2553,#2554);
#2552 = CARTESIAN_POINT('',(8.,52.,14.75));
#2553 = DIRECTION('',(-0.,0.,-1.));
#2554 = DIRECTION('',(-1.146036670581E-15,1.,0.));
#2555 = ORIENTED_EDGE('',*,*,#2556,.T.);
#2556 = EDGE_CURVE('',#2548,#2258,#2557,.T.);
#2557 = LINE('',#2558,#2559);
#2558 = CARTESIAN_POINT('',(8.,58.2,14.25));
#2559 = VECTOR('',#2560,1.);
#2560 = DIRECTION('',(0.,0.,1.));
#2561 = ORIENTED_EDGE('',*,*,#2265,.T.);
#2562 = CYLINDRICAL_SURFACE('',#2563,6.2);
#2563 = AXIS2_PLACEMENT_3D('',#2564,#2565,#2566);
#2564 = CARTESIAN_POINT('',(8.,52.,14.25));
#2565 = DIRECTION('',(-0.,-0.,-1.));
#2566 = DIRECTION('',(-1.146036670581E-15,1.,0.));
#2567 = ADVANCED_FACE('',(#2568),#2611,.F.);
#2568 = FACE_BOUND('',#2569,.T.);
#2569 = EDGE_LOOP('',(#2570,#2581,#2589,#2598,#2604,#2605));
#2570 = ORIENTED_EDGE('',*,*,#2571,.T.);
#2571 = EDGE_CURVE('',#2572,#2574,#2576,.T.);
#2572 = VERTEX_POINT('',#2573);
#2573 = CARTESIAN_POINT('',(34.,58.2,14.75));
#2574 = VERTEX_POINT('',#2575);
#2575 = CARTESIAN_POINT('',(40.043609020074,53.383759376654,14.75));
#2576 = CIRCLE('',#2577,6.2);
#2577 = AXIS2_PLACEMENT_3D('',#2578,#2579,#2580);
#2578 = CARTESIAN_POINT('',(34.,52.,14.75));
#2579 = DIRECTION('',(0.,-0.,-1.));
#2580 = DIRECTION('',(1.,1.146036670581E-15,-0.));
#2581 = ORIENTED_EDGE('',*,*,#2582,.T.);
#2582 = EDGE_CURVE('',#2574,#2583,#2585,.T.);
#2583 = VERTEX_POINT('',#2584);
#2584 = CARTESIAN_POINT('',(40.043609020074,53.383759376654,14.35));
#2585 = LINE('',#2586,#2587);
#2586 = CARTESIAN_POINT('',(40.043609020074,53.383759376654,14.25));
#2587 = VECTOR('',#2588,1.);
#2588 = DIRECTION('',(-0.,-0.,-1.));
#2589 = ORIENTED_EDGE('',*,*,#2590,.T.);
#2590 = EDGE_CURVE('',#2583,#2591,#2593,.T.);
#2591 = VERTEX_POINT('',#2592);
#2592 = CARTESIAN_POINT('',(40.142402614136,52.843143004394,14.35));
#2593 = CIRCLE('',#2594,6.2);
#2594 = AXIS2_PLACEMENT_3D('',#2595,#2596,#2597);
#2595 = CARTESIAN_POINT('',(34.,52.,14.35));
#2596 = DIRECTION('',(0.,-0.,-1.));
#2597 = DIRECTION('',(1.,1.146036670581E-15,-0.));
#2598 = ORIENTED_EDGE('',*,*,#2599,.F.);
#2599 = EDGE_CURVE('',#2240,#2591,#2600,.T.);
#2600 = LINE('',#2601,#2602);
#2601 = CARTESIAN_POINT('',(40.142402614136,52.843143004394,14.25));
#2602 = VECTOR('',#2603,1.);
#2603 = DIRECTION('',(-0.,-0.,-1.));
#2604 = ORIENTED_EDGE('',*,*,#2248,.T.);
#2605 = ORIENTED_EDGE('',*,*,#2606,.F.);
#2606 = EDGE_CURVE('',#2572,#2249,#2607,.T.);
#2607 = LINE('',#2608,#2609);
#2608 = CARTESIAN_POINT('',(34.,58.2,14.25));
#2609 = VECTOR('',#2610,1.);
#2610 = DIRECTION('',(0.,0.,1.));
#2611 = CYLINDRICAL_SURFACE('',#2612,6.2);
#2612 = AXIS2_PLACEMENT_3D('',#2613,#2614,#2615);
#2613 = CARTESIAN_POINT('',(34.,52.,14.25));
#2614 = DIRECTION('',(-0.,-0.,-1.));
#2615 = DIRECTION('',(1.,1.146036670581E-15,-0.));
#2616 = ADVANCED_FACE('',(#2617),#2658,.T.);
#2617 = FACE_BOUND('',#2618,.T.);
#2618 = EDGE_LOOP('',(#2619,#2620,#2628,#2636,#2644,#2652));
#2619 = ORIENTED_EDGE('',*,*,#903,.T.);
#2620 = ORIENTED_EDGE('',*,*,#2621,.T.);
#2621 = EDGE_CURVE('',#896,#2622,#2624,.T.);
#2622 = VERTEX_POINT('',#2623);
#2623 = CARTESIAN_POINT('',(11.9,2.,14.35));
#2624 = LINE('',#2625,#2626);
#2625 = CARTESIAN_POINT('',(11.9,14.5,14.35));
#2626 = VECTOR('',#2627,1.);
#2627 = DIRECTION('',(-0.,1.,0.));
#2628 = ORIENTED_EDGE('',*,*,#2629,.T.);
#2629 = EDGE_CURVE('',#2622,#2630,#2632,.T.);
#2630 = VERTEX_POINT('',#2631);
#2631 = CARTESIAN_POINT('',(11.9,2.,13.2));
#2632 = LINE('',#2633,#2634);
#2633 = CARTESIAN_POINT('',(11.9,2.,13.1));
#2634 = VECTOR('',#2635,1.);
#2635 = DIRECTION('',(-0.,0.,-1.));
#2636 = ORIENTED_EDGE('',*,*,#2637,.T.);
#2637 = EDGE_CURVE('',#2630,#2638,#2640,.T.);
#2638 = VERTEX_POINT('',#2639);
#2639 = CARTESIAN_POINT('',(11.9,2.8,13.2));
#2640 = LINE('',#2641,#2642);
#2641 = CARTESIAN_POINT('',(11.9,14.5,13.2));
#2642 = VECTOR('',#2643,1.);
#2643 = DIRECTION('',(-0.,1.,0.));
#2644 = ORIENTED_EDGE('',*,*,#2645,.F.);
#2645 = EDGE_CURVE('',#2646,#2638,#2648,.T.);
#2646 = VERTEX_POINT('',#2647);
#2647 = CARTESIAN_POINT('',(11.9,2.8,14.75));
#2648 = LINE('',#2649,#2650);
#2649 = CARTESIAN_POINT('',(11.9,2.8,13.05));
#2650 = VECTOR('',#2651,1.);
#2651 = DIRECTION('',(-0.,0.,-1.));
#2652 = ORIENTED_EDGE('',*,*,#2653,.F.);
#2653 = EDGE_CURVE('',#904,#2646,#2654,.T.);
#2654 = LINE('',#2655,#2656);
#2655 = CARTESIAN_POINT('',(11.9,14.5,14.75));
#2656 = VECTOR('',#2657,1.);
#2657 = DIRECTION('',(-0.,1.,0.));
#2658 = PLANE('',#2659);
#2659 = AXIS2_PLACEMENT_3D('',#2660,#2661,#2662);
#2660 = CARTESIAN_POINT('',(11.9,-1.,13.));
#2661 = DIRECTION('',(1.,0.,-0.));
#2662 = DIRECTION('',(0.,0.,1.));
#2663 = ADVANCED_FACE('',(#2664),#2705,.F.);
#2664 = FACE_BOUND('',#2665,.F.);
#2665 = EDGE_LOOP('',(#2666,#2667,#2675,#2683,#2691,#2699));
#2666 = ORIENTED_EDGE('',*,*,#869,.T.);
#2667 = ORIENTED_EDGE('',*,*,#2668,.T.);
#2668 = EDGE_CURVE('',#870,#2669,#2671,.T.);
#2669 = VERTEX_POINT('',#2670);
#2670 = CARTESIAN_POINT('',(30.1,2.,14.35));
#2671 = LINE('',#2672,#2673);
#2672 = CARTESIAN_POINT('',(30.1,14.5,14.35));
#2673 = VECTOR('',#2674,1.);
#2674 = DIRECTION('',(-0.,1.,0.));
#2675 = ORIENTED_EDGE('',*,*,#2676,.T.);
#2676 = EDGE_CURVE('',#2669,#2677,#2679,.T.);
#2677 = VERTEX_POINT('',#2678);
#2678 = CARTESIAN_POINT('',(30.1,2.,13.2));
#2679 = LINE('',#2680,#2681);
#2680 = CARTESIAN_POINT('',(30.1,2.,13.1));
#2681 = VECTOR('',#2682,1.);
#2682 = DIRECTION('',(-0.,0.,-1.));
#2683 = ORIENTED_EDGE('',*,*,#2684,.T.);
#2684 = EDGE_CURVE('',#2677,#2685,#2687,.T.);
#2685 = VERTEX_POINT('',#2686);
#2686 = CARTESIAN_POINT('',(30.1,2.8,13.2));
#2687 = LINE('',#2688,#2689);
#2688 = CARTESIAN_POINT('',(30.1,14.5,13.2));
#2689 = VECTOR('',#2690,1.);
#2690 = DIRECTION('',(-0.,1.,0.));
#2691 = ORIENTED_EDGE('',*,*,#2692,.F.);
#2692 = EDGE_CURVE('',#2693,#2685,#2695,.T.);
#2693 = VERTEX_POINT('',#2694);
#2694 = CARTESIAN_POINT('',(30.1,2.8,14.75));
#2695 = LINE('',#2696,#2697);
#2696 = CARTESIAN_POINT('',(30.1,2.8,13.05));
#2697 = VECTOR('',#2698,1.);
#2698 = DIRECTION('',(-0.,0.,-1.));
#2699 = ORIENTED_EDGE('',*,*,#2700,.F.);
#2700 = EDGE_CURVE('',#860,#2693,#2701,.T.);
#2701 = LINE('',#2702,#2703);
#2702 = CARTESIAN_POINT('',(30.1,14.5,14.75));
#2703 = VECTOR('',#2704,1.);
#2704 = DIRECTION('',(-0.,1.,0.));
#2705 = PLANE('',#2706);
#2706 = AXIS2_PLACEMENT_3D('',#2707,#2708,#2709);
#2707 = CARTESIAN_POINT('',(30.1,-1.,13.));
#2708 = DIRECTION('',(1.,0.,-0.));
#2709 = DIRECTION('',(0.,0.,1.));
#2710 = ADVANCED_FACE('',(#2711),#2723,.T.);
#2711 = FACE_BOUND('',#2712,.T.);
#2712 = EDGE_LOOP('',(#2713,#2714,#2721,#2722));
#2713 = ORIENTED_EDGE('',*,*,#2507,.F.);
#2714 = ORIENTED_EDGE('',*,*,#2715,.T.);
#2715 = EDGE_CURVE('',#2500,#952,#2716,.T.);
#2716 = CIRCLE('',#2717,2.2);
#2717 = AXIS2_PLACEMENT_3D('',#2718,#2719,#2720);
#2718 = CARTESIAN_POINT('',(38.4,8.5,14.35));
#2719 = DIRECTION('',(0.,0.,1.));
#2720 = DIRECTION('',(1.,0.,-0.));
#2721 = ORIENTED_EDGE('',*,*,#949,.F.);
#2722 = ORIENTED_EDGE('',*,*,#2222,.F.);
#2723 = CYLINDRICAL_SURFACE('',#2724,2.2);
#2724 = AXIS2_PLACEMENT_3D('',#2725,#2726,#2727);
#2725 = CARTESIAN_POINT('',(38.4,8.5,14.35));
#2726 = DIRECTION('',(0.,0.,1.));
#2727 = DIRECTION('',(1.,0.,-0.));
#2728 = ADVANCED_FACE('',(#2729),#2782,.F.);
#2729 = FACE_BOUND('',#2730,.F.);
#2730 = EDGE_LOOP('',(#2731,#2742,#2750,#2759,#2767,#2774,#2775));
#2731 = ORIENTED_EDGE('',*,*,#2732,.F.);
#2732 = EDGE_CURVE('',#2733,#2735,#2737,.T.);
#2733 = VERTEX_POINT('',#2734);
#2734 = CARTESIAN_POINT('',(38.814254517819,6.034560243189,14.75));
#2735 = VERTEX_POINT('',#2736);
#2736 = CARTESIAN_POINT('',(39.78851672315,6.421052836282,14.75));
#2737 = CIRCLE('',#2738,2.5);
#2738 = AXIS2_PLACEMENT_3D('',#2739,#2740,#2741);
#2739 = CARTESIAN_POINT('',(38.4,8.5,14.75));
#2740 = DIRECTION('',(0.,0.,1.));
#2741 = DIRECTION('',(1.,0.,-0.));
#2742 = ORIENTED_EDGE('',*,*,#2743,.T.);
#2743 = EDGE_CURVE('',#2733,#2744,#2746,.T.);
#2744 = VERTEX_POINT('',#2745);
#2745 = CARTESIAN_POINT('',(38.814254517819,6.034560243189,13.2));
#2746 = LINE('',#2747,#2748);
#2747 = CARTESIAN_POINT('',(38.814254517819,6.034560243189,13.1));
#2748 = VECTOR('',#2749,1.);
#2749 = DIRECTION('',(-0.,-0.,-1.));
#2750 = ORIENTED_EDGE('',*,*,#2751,.T.);
#2751 = EDGE_CURVE('',#2744,#2752,#2754,.T.);
#2752 = VERTEX_POINT('',#2753);
#2753 = CARTESIAN_POINT('',(39.78851672315,6.421052836282,13.2));
#2754 = CIRCLE('',#2755,2.5);
#2755 = AXIS2_PLACEMENT_3D('',#2756,#2757,#2758);
#2756 = CARTESIAN_POINT('',(38.4,8.5,13.2));
#2757 = DIRECTION('',(0.,0.,1.));
#2758 = DIRECTION('',(1.,0.,-0.));
#2759 = ORIENTED_EDGE('',*,*,#2760,.F.);
#2760 = EDGE_CURVE('',#2761,#2752,#2763,.T.);
#2761 = VERTEX_POINT('',#2762);
#2762 = CARTESIAN_POINT('',(39.78851672315,6.421052836282,14.35));
#2763 = LINE('',#2764,#2765);
#2764 = CARTESIAN_POINT('',(39.78851672315,6.421052836281,13.2));
#2765 = VECTOR('',#2766,1.);
#2766 = DIRECTION('',(-0.,-0.,-1.));
#2767 = ORIENTED_EDGE('',*,*,#2768,.T.);
#2768 = EDGE_CURVE('',#2761,#960,#2769,.T.);
#2769 = CIRCLE('',#2770,2.5);
#2770 = AXIS2_PLACEMENT_3D('',#2771,#2772,#2773);
#2771 = CARTESIAN_POINT('',(38.4,8.5,14.35));
#2772 = DIRECTION('',(0.,0.,1.));
#2773 = DIRECTION('',(1.,0.,-0.));
#2774 = ORIENTED_EDGE('',*,*,#968,.F.);
#2775 = ORIENTED_EDGE('',*,*,#2776,.F.);
#2776 = EDGE_CURVE('',#2735,#969,#2777,.T.);
#2777 = CIRCLE('',#2778,2.5);
#2778 = AXIS2_PLACEMENT_3D('',#2779,#2780,#2781);
#2779 = CARTESIAN_POINT('',(38.4,8.5,14.75));
#2780 = DIRECTION('',(0.,0.,1.));
#2781 = DIRECTION('',(1.,0.,-0.));
#2782 = CYLINDRICAL_SURFACE('',#2783,2.5);
#2783 = AXIS2_PLACEMENT_3D('',#2784,#2785,#2786);
#2784 = CARTESIAN_POINT('',(38.4,8.5,13.));
#2785 = DIRECTION('',(0.,0.,1.));
#2786 = DIRECTION('',(1.,0.,-0.));
#2787 = ADVANCED_FACE('',(#2788),#2800,.T.);
#2788 = FACE_BOUND('',#2789,.T.);
#2789 = EDGE_LOOP('',(#2790,#2791,#2798,#2799));
#2790 = ORIENTED_EDGE('',*,*,#2599,.T.);
#2791 = ORIENTED_EDGE('',*,*,#2792,.T.);
#2792 = EDGE_CURVE('',#2591,#2460,#2793,.T.);
#2793 = CIRCLE('',#2794,2.2);
#2794 = AXIS2_PLACEMENT_3D('',#2795,#2796,#2797);
#2795 = CARTESIAN_POINT('',(38.4,51.5,14.35));
#2796 = DIRECTION('',(0.,0.,1.));
#2797 = DIRECTION('',(1.,0.,-0.));
#2798 = ORIENTED_EDGE('',*,*,#2459,.T.);
#2799 = ORIENTED_EDGE('',*,*,#2239,.F.);
#2800 = CYLINDRICAL_SURFACE('',#2801,2.2);
#2801 = AXIS2_PLACEMENT_3D('',#2802,#2803,#2804);
#2802 = CARTESIAN_POINT('',(38.4,51.5,14.35));
#2803 = DIRECTION('',(0.,0.,1.));
#2804 = DIRECTION('',(1.,0.,-0.));
#2805 = ADVANCED_FACE('',(#2806),#2859,.F.);
#2806 = FACE_BOUND('',#2807,.F.);
#2807 = EDGE_LOOP('',(#2808,#2818,#2827,#2835,#2844,#2851,#2852));
#2808 = ORIENTED_EDGE('',*,*,#2809,.F.);
#2809 = EDGE_CURVE('',#2810,#2812,#2814,.T.);
#2810 = VERTEX_POINT('',#2811);
#2811 = CARTESIAN_POINT('',(40.,10.42093727123,13.2));
#2812 = VERTEX_POINT('',#2813);
#2813 = CARTESIAN_POINT('',(40.,10.42093727123,14.35));
#2814 = LINE('',#2815,#2816);
#2815 = CARTESIAN_POINT('',(40.,10.42093727123,13.));
#2816 = VECTOR('',#2817,1.);
#2817 = DIRECTION('',(0.,0.,1.));
#2818 = ORIENTED_EDGE('',*,*,#2819,.T.);
#2819 = EDGE_CURVE('',#2810,#2820,#2822,.T.);
#2820 = VERTEX_POINT('',#2821);
#2821 = CARTESIAN_POINT('',(39.2,10.868543856465,13.2));
#2822 = CIRCLE('',#2823,2.5);
#2823 = AXIS2_PLACEMENT_3D('',#2824,#2825,#2826);
#2824 = CARTESIAN_POINT('',(38.4,8.5,13.2));
#2825 = DIRECTION('',(0.,0.,1.));
#2826 = DIRECTION('',(1.,0.,-0.));
#2827 = ORIENTED_EDGE('',*,*,#2828,.T.);
#2828 = EDGE_CURVE('',#2820,#2829,#2831,.T.);
#2829 = VERTEX_POINT('',#2830);
#2830 = CARTESIAN_POINT('',(39.2,10.868543856465,14.75));
#2831 = LINE('',#2832,#2833);
#2832 = CARTESIAN_POINT('',(39.2,10.868543856465,13.));
#2833 = VECTOR('',#2834,1.);
#2834 = DIRECTION('',(0.,0.,1.));
#2835 = ORIENTED_EDGE('',*,*,#2836,.F.);
#2836 = EDGE_CURVE('',#2837,#2829,#2839,.T.);
#2837 = VERTEX_POINT('',#2838);
#2838 = CARTESIAN_POINT('',(40.,10.42093727123,14.75));
#2839 = CIRCLE('',#2840,2.5);
#2840 = AXIS2_PLACEMENT_3D('',#2841,#2842,#2843);
#2841 = CARTESIAN_POINT('',(38.4,8.5,14.75));
#2842 = DIRECTION('',(0.,0.,1.));
#2843 = DIRECTION('',(1.,0.,-0.));
#2844 = ORIENTED_EDGE('',*,*,#2845,.F.);
#2845 = EDGE_CURVE('',#2484,#2837,#2846,.T.);
#2846 = CIRCLE('',#2847,2.5);
#2847 = AXIS2_PLACEMENT_3D('',#2848,#2849,#2850);
#2848 = CARTESIAN_POINT('',(38.4,8.5,14.75));
#2849 = DIRECTION('',(0.,0.,1.));
#2850 = DIRECTION('',(1.,0.,-0.));
#2851 = ORIENTED_EDGE('',*,*,#2491,.F.);
#2852 = ORIENTED_EDGE('',*,*,#2853,.T.);
#2853 = EDGE_CURVE('',#2492,#2812,#2854,.T.);
#2854 = CIRCLE('',#2855,2.5);
#2855 = AXIS2_PLACEMENT_3D('',#2856,#2857,#2858);
#2856 = CARTESIAN_POINT('',(38.4,8.5,14.35));
#2857 = DIRECTION('',(0.,0.,1.));
#2858 = DIRECTION('',(1.,0.,-0.));
#2859 = CYLINDRICAL_SURFACE('',#2860,2.5);
#2860 = AXIS2_PLACEMENT_3D('',#2861,#2862,#2863);
#2861 = CARTESIAN_POINT('',(38.4,8.5,13.));
#2862 = DIRECTION('',(0.,0.,1.));
#2863 = DIRECTION('',(1.,0.,-0.));
#2864 = ADVANCED_FACE('',(#2865),#2918,.F.);
#2865 = FACE_BOUND('',#2866,.F.);
#2866 = EDGE_LOOP('',(#2867,#2877,#2886,#2894,#2901,#2902,#2911));
#2867 = ORIENTED_EDGE('',*,*,#2868,.F.);
#2868 = EDGE_CURVE('',#2869,#2871,#2873,.T.);
#2869 = VERTEX_POINT('',#2870);
#2870 = CARTESIAN_POINT('',(39.2,49.131456143534,13.2));
#2871 = VERTEX_POINT('',#2872);
#2872 = CARTESIAN_POINT('',(39.2,49.131456143534,14.75));
#2873 = LINE('',#2874,#2875);
#2874 = CARTESIAN_POINT('',(39.2,49.131456143535,13.));
#2875 = VECTOR('',#2876,1.);
#2876 = DIRECTION('',(0.,0.,1.));
#2877 = ORIENTED_EDGE('',*,*,#2878,.T.);
#2878 = EDGE_CURVE('',#2869,#2879,#2881,.T.);
#2879 = VERTEX_POINT('',#2880);
#2880 = CARTESIAN_POINT('',(40.,49.57906272877,13.2));
#2881 = CIRCLE('',#2882,2.5);
#2882 = AXIS2_PLACEMENT_3D('',#2883,#2884,#2885);
#2883 = CARTESIAN_POINT('',(38.4,51.5,13.2));
#2884 = DIRECTION('',(0.,0.,1.));
#2885 = DIRECTION('',(1.,0.,-0.));
#2886 = ORIENTED_EDGE('',*,*,#2887,.T.);
#2887 = EDGE_CURVE('',#2879,#2888,#2890,.T.);
#2888 = VERTEX_POINT('',#2889);
#2889 = CARTESIAN_POINT('',(40.,49.57906272877,14.35));
#2890 = LINE('',#2891,#2892);
#2891 = CARTESIAN_POINT('',(40.,49.57906272877,13.));
#2892 = VECTOR('',#2893,1.);
#2893 = DIRECTION('',(0.,0.,1.));
#2894 = ORIENTED_EDGE('',*,*,#2895,.T.);
#2895 = EDGE_CURVE('',#2888,#2468,#2896,.T.);
#2896 = CIRCLE('',#2897,2.5);
#2897 = AXIS2_PLACEMENT_3D('',#2898,#2899,#2900);
#2898 = CARTESIAN_POINT('',(38.4,51.5,14.35));
#2899 = DIRECTION('',(0.,0.,1.));
#2900 = DIRECTION('',(1.,0.,-0.));
#2901 = ORIENTED_EDGE('',*,*,#2475,.T.);
#2902 = ORIENTED_EDGE('',*,*,#2903,.F.);
#2903 = EDGE_CURVE('',#2904,#2476,#2906,.T.);
#2904 = VERTEX_POINT('',#2905);
#2905 = CARTESIAN_POINT('',(40.,49.57906272877,14.75));
#2906 = CIRCLE('',#2907,2.5);
#2907 = AXIS2_PLACEMENT_3D('',#2908,#2909,#2910);
#2908 = CARTESIAN_POINT('',(38.4,51.5,14.75));
#2909 = DIRECTION('',(0.,0.,1.));
#2910 = DIRECTION('',(1.,0.,-0.));
#2911 = ORIENTED_EDGE('',*,*,#2912,.F.);
#2912 = EDGE_CURVE('',#2871,#2904,#2913,.T.);
#2913 = CIRCLE('',#2914,2.5);
#2914 = AXIS2_PLACEMENT_3D('',#2915,#2916,#2917);
#2915 = CARTESIAN_POINT('',(38.4,51.5,14.75));
#2916 = DIRECTION('',(0.,0.,1.));
#2917 = DIRECTION('',(1.,0.,-0.));
#2918 = CYLINDRICAL_SURFACE('',#2919,2.5);
#2919 = AXIS2_PLACEMENT_3D('',#2920,#2921,#2922);
#2920 = CARTESIAN_POINT('',(38.4,51.5,13.));
#2921 = DIRECTION('',(0.,0.,1.));
#2922 = DIRECTION('',(1.,0.,-0.));
#2923 = ADVANCED_FACE('',(#2924),#2935,.T.);
#2924 = FACE_BOUND('',#2925,.T.);
#2925 = EDGE_LOOP('',(#2926,#2927,#2933,#2934));
#2926 = ORIENTED_EDGE('',*,*,#2556,.F.);
#2927 = ORIENTED_EDGE('',*,*,#2928,.F.);
#2928 = EDGE_CURVE('',#2572,#2548,#2929,.T.);
#2929 = LINE('',#2930,#2931);
#2930 = CARTESIAN_POINT('',(27.5,58.2,14.75));
#2931 = VECTOR('',#2932,1.);
#2932 = DIRECTION('',(-1.,0.,0.));
#2933 = ORIENTED_EDGE('',*,*,#2606,.T.);
#2934 = ORIENTED_EDGE('',*,*,#2257,.T.);
#2935 = PLANE('',#2936);
#2936 = AXIS2_PLACEMENT_3D('',#2937,#2938,#2939);
#2937 = CARTESIAN_POINT('',(34.,58.2,14.25));
#2938 = DIRECTION('',(0.,-1.,0.));
#2939 = DIRECTION('',(-1.,0.,0.));
#2940 = ADVANCED_FACE('',(#2941),#2994,.F.);
#2941 = FACE_BOUND('',#2942,.F.);
#2942 = EDGE_LOOP('',(#2943,#2952,#2960,#2969,#2977,#2986,#2993));
#2943 = ORIENTED_EDGE('',*,*,#2944,.T.);
#2944 = EDGE_CURVE('',#2583,#2945,#2947,.T.);
#2945 = VERTEX_POINT('',#2946);
#2946 = CARTESIAN_POINT('',(39.78851672315,53.578947163719,14.35));
#2947 = CIRCLE('',#2948,2.5);
#2948 = AXIS2_PLACEMENT_3D('',#2949,#2950,#2951);
#2949 = CARTESIAN_POINT('',(38.4,51.5,14.35));
#2950 = DIRECTION('',(0.,0.,1.));
#2951 = DIRECTION('',(1.,0.,-0.));
#2952 = ORIENTED_EDGE('',*,*,#2953,.T.);
#2953 = EDGE_CURVE('',#2945,#2954,#2956,.T.);
#2954 = VERTEX_POINT('',#2955);
#2955 = CARTESIAN_POINT('',(39.78851672315,53.578947163719,13.2));
#2956 = LINE('',#2957,#2958);
#2957 = CARTESIAN_POINT('',(39.78851672315,53.578947163719,13.2));
#2958 = VECTOR('',#2959,1.);
#2959 = DIRECTION('',(-0.,-0.,-1.));
#2960 = ORIENTED_EDGE('',*,*,#2961,.T.);
#2961 = EDGE_CURVE('',#2954,#2962,#2964,.T.);
#2962 = VERTEX_POINT('',#2963);
#2963 = CARTESIAN_POINT('',(38.814254517819,53.965439756812,13.2));
#2964 = CIRCLE('',#2965,2.5);
#2965 = AXIS2_PLACEMENT_3D('',#2966,#2967,#2968);
#2966 = CARTESIAN_POINT('',(38.4,51.5,13.2));
#2967 = DIRECTION('',(0.,0.,1.));
#2968 = DIRECTION('',(1.,0.,-0.));
#2969 = ORIENTED_EDGE('',*,*,#2970,.F.);
#2970 = EDGE_CURVE('',#2971,#2962,#2973,.T.);
#2971 = VERTEX_POINT('',#2972);
#2972 = CARTESIAN_POINT('',(38.814254517819,53.965439756812,14.75));
#2973 = LINE('',#2974,#2975);
#2974 = CARTESIAN_POINT('',(38.814254517819,53.965439756811,13.1));
#2975 = VECTOR('',#2976,1.);
#2976 = DIRECTION('',(-0.,-0.,-1.));
#2977 = ORIENTED_EDGE('',*,*,#2978,.F.);
#2978 = EDGE_CURVE('',#2979,#2971,#2981,.T.);
#2979 = VERTEX_POINT('',#2980);
#2980 = CARTESIAN_POINT('',(39.78851672315,53.578947163719,14.75));
#2981 = CIRCLE('',#2982,2.5);
#2982 = AXIS2_PLACEMENT_3D('',#2983,#2984,#2985);
#2983 = CARTESIAN_POINT('',(38.4,51.5,14.75));
#2984 = DIRECTION('',(0.,0.,1.));
#2985 = DIRECTION('',(1.,0.,-0.));
#2986 = ORIENTED_EDGE('',*,*,#2987,.F.);
#2987 = EDGE_CURVE('',#2574,#2979,#2988,.T.);
#2988 = CIRCLE('',#2989,2.5);
#2989 = AXIS2_PLACEMENT_3D('',#2990,#2991,#2992);
#2990 = CARTESIAN_POINT('',(38.4,51.5,14.75));
#2991 = DIRECTION('',(0.,0.,1.));
#2992 = DIRECTION('',(1.,0.,-0.));
#2993 = ORIENTED_EDGE('',*,*,#2582,.T.);
#2994 = CYLINDRICAL_SURFACE('',#2995,2.5);
#2995 = AXIS2_PLACEMENT_3D('',#2996,#2997,#2998);
#2996 = CARTESIAN_POINT('',(38.4,51.5,13.));
#2997 = DIRECTION('',(0.,0.,1.));
#2998 = DIRECTION('',(1.,0.,-0.));
#2999 = ADVANCED_FACE('',(#3000),#3053,.F.);
#3000 = FACE_BOUND('',#3001,.F.);
#3001 = EDGE_LOOP('',(#3002,#3013,#3021,#3030,#3038,#3045,#3046));
#3002 = ORIENTED_EDGE('',*,*,#3003,.F.);
#3003 = EDGE_CURVE('',#3004,#3006,#3008,.T.);
#3004 = VERTEX_POINT('',#3005);
#3005 = CARTESIAN_POINT('',(3.18574548218,53.965439756811,14.75));
#3006 = VERTEX_POINT('',#3007);
#3007 = CARTESIAN_POINT('',(2.21148327685,53.578947163719,14.75));
#3008 = CIRCLE('',#3009,2.5);
#3009 = AXIS2_PLACEMENT_3D('',#3010,#3011,#3012);
#3010 = CARTESIAN_POINT('',(3.6,51.5,14.75));
#3011 = DIRECTION('',(0.,0.,1.));
#3012 = DIRECTION('',(1.,0.,-0.));
#3013 = ORIENTED_EDGE('',*,*,#3014,.T.);
#3014 = EDGE_CURVE('',#3004,#3015,#3017,.T.);
#3015 = VERTEX_POINT('',#3016);
#3016 = CARTESIAN_POINT('',(3.18574548218,53.965439756811,13.2));
#3017 = LINE('',#3018,#3019);
#3018 = CARTESIAN_POINT('',(3.185745482181,53.965439756811,13.1));
#3019 = VECTOR('',#3020,1.);
#3020 = DIRECTION('',(-0.,-0.,-1.));
#3021 = ORIENTED_EDGE('',*,*,#3022,.T.);
#3022 = EDGE_CURVE('',#3015,#3023,#3025,.T.);
#3023 = VERTEX_POINT('',#3024);
#3024 = CARTESIAN_POINT('',(2.21148327685,53.578947163719,13.2));
#3025 = CIRCLE('',#3026,2.5);
#3026 = AXIS2_PLACEMENT_3D('',#3027,#3028,#3029);
#3027 = CARTESIAN_POINT('',(3.6,51.5,13.2));
#3028 = DIRECTION('',(0.,0.,1.));
#3029 = DIRECTION('',(1.,0.,-0.));
#3030 = ORIENTED_EDGE('',*,*,#3031,.F.);
#3031 = EDGE_CURVE('',#3032,#3023,#3034,.T.);
#3032 = VERTEX_POINT('',#3033);
#3033 = CARTESIAN_POINT('',(2.21148327685,53.578947163719,14.35));
#3034 = LINE('',#3035,#3036);
#3035 = CARTESIAN_POINT('',(2.21148327685,53.578947163719,13.2));
#3036 = VECTOR('',#3037,1.);
#3037 = DIRECTION('',(-0.,-0.,-1.));
#3038 = ORIENTED_EDGE('',*,*,#3039,.T.);
#3039 = EDGE_CURVE('',#3032,#2531,#3040,.T.);
#3040 = CIRCLE('',#3041,2.5);
#3041 = AXIS2_PLACEMENT_3D('',#3042,#3043,#3044);
#3042 = CARTESIAN_POINT('',(3.6,51.5,14.35));
#3043 = DIRECTION('',(0.,0.,1.));
#3044 = DIRECTION('',(1.,0.,-0.));
#3045 = ORIENTED_EDGE('',*,*,#2539,.F.);
#3046 = ORIENTED_EDGE('',*,*,#3047,.F.);
#3047 = EDGE_CURVE('',#3006,#2540,#3048,.T.);
#3048 = CIRCLE('',#3049,2.5);
#3049 = AXIS2_PLACEMENT_3D('',#3050,#3051,#3052);
#3050 = CARTESIAN_POINT('',(3.6,51.5,14.75));
#3051 = DIRECTION('',(0.,0.,1.));
#3052 = DIRECTION('',(1.,0.,-0.));
#3053 = CYLINDRICAL_SURFACE('',#3054,2.5);
#3054 = AXIS2_PLACEMENT_3D('',#3055,#3056,#3057);
#3055 = CARTESIAN_POINT('',(3.6,51.5,13.));
#3056 = DIRECTION('',(0.,0.,1.));
#3057 = DIRECTION('',(1.,0.,-0.));
#3058 = ADVANCED_FACE('',(#3059),#3112,.F.);
#3059 = FACE_BOUND('',#3060,.F.);
#3060 = EDGE_LOOP('',(#3061,#3071,#3080,#3088,#3097,#3104,#3105));
#3061 = ORIENTED_EDGE('',*,*,#3062,.F.);
#3062 = EDGE_CURVE('',#3063,#3065,#3067,.T.);
#3063 = VERTEX_POINT('',#3064);
#3064 = CARTESIAN_POINT('',(2.,49.57906272877,13.2));
#3065 = VERTEX_POINT('',#3066);
#3066 = CARTESIAN_POINT('',(2.,49.57906272877,14.35));
#3067 = LINE('',#3068,#3069);
#3068 = CARTESIAN_POINT('',(2.,49.57906272877,13.));
#3069 = VECTOR('',#3070,1.);
#3070 = DIRECTION('',(0.,0.,1.));
#3071 = ORIENTED_EDGE('',*,*,#3072,.T.);
#3072 = EDGE_CURVE('',#3063,#3073,#3075,.T.);
#3073 = VERTEX_POINT('',#3074);
#3074 = CARTESIAN_POINT('',(2.8,49.131456143535,13.2));
#3075 = CIRCLE('',#3076,2.5);
#3076 = AXIS2_PLACEMENT_3D('',#3077,#3078,#3079);
#3077 = CARTESIAN_POINT('',(3.6,51.5,13.2));
#3078 = DIRECTION('',(0.,0.,1.));
#3079 = DIRECTION('',(1.,0.,-0.));
#3080 = ORIENTED_EDGE('',*,*,#3081,.T.);
#3081 = EDGE_CURVE('',#3073,#3082,#3084,.T.);
#3082 = VERTEX_POINT('',#3083);
#3083 = CARTESIAN_POINT('',(2.8,49.131456143535,14.75));
#3084 = LINE('',#3085,#3086);
#3085 = CARTESIAN_POINT('',(2.8,49.131456143535,13.));
#3086 = VECTOR('',#3087,1.);
#3087 = DIRECTION('',(0.,0.,1.));
#3088 = ORIENTED_EDGE('',*,*,#3089,.F.);
#3089 = EDGE_CURVE('',#3090,#3082,#3092,.T.);
#3090 = VERTEX_POINT('',#3091);
#3091 = CARTESIAN_POINT('',(2.,49.57906272877,14.75));
#3092 = CIRCLE('',#3093,2.5);
#3093 = AXIS2_PLACEMENT_3D('',#3094,#3095,#3096);
#3094 = CARTESIAN_POINT('',(3.6,51.5,14.75));
#3095 = DIRECTION('',(0.,0.,1.));
#3096 = DIRECTION('',(1.,0.,-0.));
#3097 = ORIENTED_EDGE('',*,*,#3098,.F.);
#3098 = EDGE_CURVE('',#2421,#3090,#3099,.T.);
#3099 = CIRCLE('',#3100,2.5);
#3100 = AXIS2_PLACEMENT_3D('',#3101,#3102,#3103);
#3101 = CARTESIAN_POINT('',(3.6,51.5,14.75));
#3102 = DIRECTION('',(0.,0.,1.));
#3103 = DIRECTION('',(1.,0.,-0.));
#3104 = ORIENTED_EDGE('',*,*,#2428,.F.);
#3105 = ORIENTED_EDGE('',*,*,#3106,.T.);
#3106 = EDGE_CURVE('',#2429,#3065,#3107,.T.);
#3107 = CIRCLE('',#3108,2.5);
#3108 = AXIS2_PLACEMENT_3D('',#3109,#3110,#3111);
#3109 = CARTESIAN_POINT('',(3.6,51.5,14.35));
#3110 = DIRECTION('',(0.,0.,1.));
#3111 = DIRECTION('',(1.,0.,-0.));
#3112 = CYLINDRICAL_SURFACE('',#3113,2.5);
#3113 = AXIS2_PLACEMENT_3D('',#3114,#3115,#3116);
#3114 = CARTESIAN_POINT('',(3.6,51.5,13.));
#3115 = DIRECTION('',(0.,0.,1.));
#3116 = DIRECTION('',(1.,0.,-0.));
#3117 = ADVANCED_FACE('',(#3118),#3171,.F.);
#3118 = FACE_BOUND('',#3119,.F.);
#3119 = EDGE_LOOP('',(#3120,#3130,#3139,#3147,#3154,#3155,#3164));
#3120 = ORIENTED_EDGE('',*,*,#3121,.F.);
#3121 = EDGE_CURVE('',#3122,#3124,#3126,.T.);
#3122 = VERTEX_POINT('',#3123);
#3123 = CARTESIAN_POINT('',(2.8,10.868543856465,13.2));
#3124 = VERTEX_POINT('',#3125);
#3125 = CARTESIAN_POINT('',(2.8,10.868543856465,14.75));
#3126 = LINE('',#3127,#3128);
#3127 = CARTESIAN_POINT('',(2.8,10.868543856465,13.));
#3128 = VECTOR('',#3129,1.);
#3129 = DIRECTION('',(0.,0.,1.));
#3130 = ORIENTED_EDGE('',*,*,#3131,.T.);
#3131 = EDGE_CURVE('',#3122,#3132,#3134,.T.);
#3132 = VERTEX_POINT('',#3133);
#3133 = CARTESIAN_POINT('',(2.,10.42093727123,13.2));
#3134 = CIRCLE('',#3135,2.5);
#3135 = AXIS2_PLACEMENT_3D('',#3136,#3137,#3138);
#3136 = CARTESIAN_POINT('',(3.6,8.5,13.2));
#3137 = DIRECTION('',(0.,0.,1.));
#3138 = DIRECTION('',(1.,0.,-0.));
#3139 = ORIENTED_EDGE('',*,*,#3140,.T.);
#3140 = EDGE_CURVE('',#3132,#3141,#3143,.T.);
#3141 = VERTEX_POINT('',#3142);
#3142 = CARTESIAN_POINT('',(2.,10.42093727123,14.35));
#3143 = LINE('',#3144,#3145);
#3144 = CARTESIAN_POINT('',(2.,10.42093727123,13.));
#3145 = VECTOR('',#3146,1.);
#3146 = DIRECTION('',(0.,0.,1.));
#3147 = ORIENTED_EDGE('',*,*,#3148,.T.);
#3148 = EDGE_CURVE('',#3141,#2405,#3149,.T.);
#3149 = CIRCLE('',#3150,2.5);
#3150 = AXIS2_PLACEMENT_3D('',#3151,#3152,#3153);
#3151 = CARTESIAN_POINT('',(3.6,8.5,14.35));
#3152 = DIRECTION('',(0.,0.,1.));
#3153 = DIRECTION('',(1.,0.,-0.));
#3154 = ORIENTED_EDGE('',*,*,#2412,.T.);
#3155 = ORIENTED_EDGE('',*,*,#3156,.F.);
#3156 = EDGE_CURVE('',#3157,#2413,#3159,.T.);
#3157 = VERTEX_POINT('',#3158);
#3158 = CARTESIAN_POINT('',(2.,10.42093727123,14.75));
#3159 = CIRCLE('',#3160,2.5);
#3160 = AXIS2_PLACEMENT_3D('',#3161,#3162,#3163);
#3161 = CARTESIAN_POINT('',(3.6,8.5,14.75));
#3162 = DIRECTION('',(0.,0.,1.));
#3163 = DIRECTION('',(1.,0.,-0.));
#3164 = ORIENTED_EDGE('',*,*,#3165,.F.);
#3165 = EDGE_CURVE('',#3124,#3157,#3166,.T.);
#3166 = CIRCLE('',#3167,2.5);
#3167 = AXIS2_PLACEMENT_3D('',#3168,#3169,#3170);
#3168 = CARTESIAN_POINT('',(3.6,8.5,14.75));
#3169 = DIRECTION('',(0.,0.,1.));
#3170 = DIRECTION('',(1.,0.,-0.));
#3171 = CYLINDRICAL_SURFACE('',#3172,2.5);
#3172 = AXIS2_PLACEMENT_3D('',#3173,#3174,#3175);
#3173 = CARTESIAN_POINT('',(3.6,8.5,13.));
#3174 = DIRECTION('',(0.,0.,1.));
#3175 = DIRECTION('',(1.,0.,-0.));
#3176 = ADVANCED_FACE('',(#3177),#3230,.F.);
#3177 = FACE_BOUND('',#3178,.F.);
#3178 = EDGE_LOOP('',(#3179,#3188,#3196,#3205,#3213,#3222,#3229));
#3179 = ORIENTED_EDGE('',*,*,#3180,.T.);
#3180 = EDGE_CURVE('',#1009,#3181,#3183,.T.);
#3181 = VERTEX_POINT('',#3182);
#3182 = CARTESIAN_POINT('',(2.21148327685,6.421052836281,14.35));
#3183 = CIRCLE('',#3184,2.5);
#3184 = AXIS2_PLACEMENT_3D('',#3185,#3186,#3187);
#3185 = CARTESIAN_POINT('',(3.6,8.5,14.35));
#3186 = DIRECTION('',(0.,0.,1.));
#3187 = DIRECTION('',(1.,0.,-0.));
#3188 = ORIENTED_EDGE('',*,*,#3189,.T.);
#3189 = EDGE_CURVE('',#3181,#3190,#3192,.T.);
#3190 = VERTEX_POINT('',#3191);
#3191 = CARTESIAN_POINT('',(2.21148327685,6.421052836281,13.2));
#3192 = LINE('',#3193,#3194);
#3193 = CARTESIAN_POINT('',(2.21148327685,6.421052836281,13.2));
#3194 = VECTOR('',#3195,1.);
#3195 = DIRECTION('',(-0.,-0.,-1.));
#3196 = ORIENTED_EDGE('',*,*,#3197,.T.);
#3197 = EDGE_CURVE('',#3190,#3198,#3200,.T.);
#3198 = VERTEX_POINT('',#3199);
#3199 = CARTESIAN_POINT('',(3.185745482181,6.034560243189,13.2));
#3200 = CIRCLE('',#3201,2.5);
#3201 = AXIS2_PLACEMENT_3D('',#3202,#3203,#3204);
#3202 = CARTESIAN_POINT('',(3.6,8.5,13.2));
#3203 = DIRECTION('',(0.,0.,1.));
#3204 = DIRECTION('',(1.,0.,-0.));
#3205 = ORIENTED_EDGE('',*,*,#3206,.F.);
#3206 = EDGE_CURVE('',#3207,#3198,#3209,.T.);
#3207 = VERTEX_POINT('',#3208);
#3208 = CARTESIAN_POINT('',(3.185745482181,6.034560243189,14.75));
#3209 = LINE('',#3210,#3211);
#3210 = CARTESIAN_POINT('',(3.185745482181,6.034560243189,13.1));
#3211 = VECTOR('',#3212,1.);
#3212 = DIRECTION('',(-0.,-0.,-1.));
#3213 = ORIENTED_EDGE('',*,*,#3214,.F.);
#3214 = EDGE_CURVE('',#3215,#3207,#3217,.T.);
#3215 = VERTEX_POINT('',#3216);
#3216 = CARTESIAN_POINT('',(2.21148327685,6.421052836281,14.75));
#3217 = CIRCLE('',#3218,2.5);
#3218 = AXIS2_PLACEMENT_3D('',#3219,#3220,#3221);
#3219 = CARTESIAN_POINT('',(3.6,8.5,14.75));
#3220 = DIRECTION('',(0.,0.,1.));
#3221 = DIRECTION('',(1.,0.,-0.));
#3222 = ORIENTED_EDGE('',*,*,#3223,.F.);
#3223 = EDGE_CURVE('',#1000,#3215,#3224,.T.);
#3224 = CIRCLE('',#3225,2.5);
#3225 = AXIS2_PLACEMENT_3D('',#3226,#3227,#3228);
#3226 = CARTESIAN_POINT('',(3.6,8.5,14.75));
#3227 = DIRECTION('',(0.,0.,1.));
#3228 = DIRECTION('',(1.,0.,-0.));
#3229 = ORIENTED_EDGE('',*,*,#1008,.T.);
#3230 = CYLINDRICAL_SURFACE('',#3231,2.5);
#3231 = AXIS2_PLACEMENT_3D('',#3232,#3233,#3234);
#3232 = CARTESIAN_POINT('',(3.6,8.5,13.));
#3233 = DIRECTION('',(0.,0.,1.));
#3234 = DIRECTION('',(1.,0.,-0.));
#3235 = ADVANCED_FACE('',(#3236,#3239),#3250,.T.);
#3236 = FACE_BOUND('',#3237,.T.);
#3237 = EDGE_LOOP('',(#3238));
#3238 = ORIENTED_EDGE('',*,*,#1058,.T.);
#3239 = FACE_BOUND('',#3240,.T.);
#3240 = EDGE_LOOP('',(#3241));
#3241 = ORIENTED_EDGE('',*,*,#3242,.F.);
#3242 = EDGE_CURVE('',#3243,#3243,#3245,.T.);
#3243 = VERTEX_POINT('',#3244);
#3244 = CARTESIAN_POINT('',(4.75,8.5,18.3));
#3245 = CIRCLE('',#3246,1.15);
#3246 = AXIS2_PLACEMENT_3D('',#3247,#3248,#3249);
#3247 = CARTESIAN_POINT('',(3.6,8.5,18.3));
#3248 = DIRECTION('',(0.,0.,1.));
#3249 = DIRECTION('',(1.,0.,-0.));
#3250 = PLANE('',#3251);
#3251 = AXIS2_PLACEMENT_3D('',#3252,#3253,#3254);
#3252 = CARTESIAN_POINT('',(3.6,8.5,18.3));
#3253 = DIRECTION('',(0.,0.,1.));
#3254 = DIRECTION('',(1.,0.,-0.));
#3255 = ADVANCED_FACE('',(#3256),#3264,.T.);
#3256 = FACE_BOUND('',#3257,.F.);
#3257 = EDGE_LOOP('',(#3258,#3259,#3260,#3261,#3262,#3263));
#3258 = ORIENTED_EDGE('',*,*,#1074,.T.);
#3259 = ORIENTED_EDGE('',*,*,#1201,.T.);
#3260 = ORIENTED_EDGE('',*,*,#1177,.T.);
#3261 = ORIENTED_EDGE('',*,*,#1153,.T.);
#3262 = ORIENTED_EDGE('',*,*,#1129,.T.);
#3263 = ORIENTED_EDGE('',*,*,#1105,.T.);
#3264 = PLANE('',#3265);
#3265 = AXIS2_PLACEMENT_3D('',#3266,#3267,#3268);
#3266 = CARTESIAN_POINT('',(20.398946388424,9.898946388424,19.5));
#3267 = DIRECTION('',(0.,0.,1.));
#3268 = DIRECTION('',(1.,0.,-0.));
#3269 = ADVANCED_FACE('',(#3270,#3273),#3284,.T.);
#3270 = FACE_BOUND('',#3271,.T.);
#3271 = EDGE_LOOP('',(#3272));
#3272 = ORIENTED_EDGE('',*,*,#1227,.T.);
#3273 = FACE_BOUND('',#3274,.T.);
#3274 = EDGE_LOOP('',(#3275));
#3275 = ORIENTED_EDGE('',*,*,#3276,.F.);
#3276 = EDGE_CURVE('',#3277,#3277,#3279,.T.);
#3277 = VERTEX_POINT('',#3278);
#3278 = CARTESIAN_POINT('',(39.55,8.5,18.3));
#3279 = CIRCLE('',#3280,1.15);
#3280 = AXIS2_PLACEMENT_3D('',#3281,#3282,#3283);
#3281 = CARTESIAN_POINT('',(38.4,8.5,18.3));
#3282 = DIRECTION('',(0.,0.,1.));
#3283 = DIRECTION('',(1.,0.,-0.));
#3284 = PLANE('',#3285);
#3285 = AXIS2_PLACEMENT_3D('',#3286,#3287,#3288);
#3286 = CARTESIAN_POINT('',(38.4,8.5,18.3));
#3287 = DIRECTION('',(0.,0.,1.));
#3288 = DIRECTION('',(1.,0.,-0.));
#3289 = ADVANCED_FACE('',(#3290,#3293),#3304,.T.);
#3290 = FACE_BOUND('',#3291,.T.);
#3291 = EDGE_LOOP('',(#3292));
#3292 = ORIENTED_EDGE('',*,*,#1277,.T.);
#3293 = FACE_BOUND('',#3294,.T.);
#3294 = EDGE_LOOP('',(#3295));
#3295 = ORIENTED_EDGE('',*,*,#3296,.F.);
#3296 = EDGE_CURVE('',#3297,#3297,#3299,.T.);
#3297 = VERTEX_POINT('',#3298);
#3298 = CARTESIAN_POINT('',(4.75,51.5,18.3));
#3299 = CIRCLE('',#3300,1.15);
#3300 = AXIS2_PLACEMENT_3D('',#3301,#3302,#3303);
#3301 = CARTESIAN_POINT('',(3.6,51.5,18.3));
#3302 = DIRECTION('',(0.,0.,1.));
#3303 = DIRECTION('',(1.,0.,-0.));
#3304 = PLANE('',#3305);
#3305 = AXIS2_PLACEMENT_3D('',#3306,#3307,#3308);
#3306 = CARTESIAN_POINT('',(3.6,51.5,18.3));
#3307 = DIRECTION('',(0.,0.,1.));
#3308 = DIRECTION('',(1.,0.,-0.));
#3309 = ADVANCED_FACE('',(#3310),#3322,.T.);
#3310 = FACE_BOUND('',#3311,.F.);
#3311 = EDGE_LOOP('',(#3312,#3313,#3314,#3315,#3316,#3317,#3318,#3319,
    #3320,#3321));
#3312 = ORIENTED_EDGE('',*,*,#1293,.T.);
#3313 = ORIENTED_EDGE('',*,*,#1324,.T.);
#3314 = ORIENTED_EDGE('',*,*,#1372,.T.);
#3315 = ORIENTED_EDGE('',*,*,#1420,.T.);
#3316 = ORIENTED_EDGE('',*,*,#1468,.T.);
#3317 = ORIENTED_EDGE('',*,*,#1516,.T.);
#3318 = ORIENTED_EDGE('',*,*,#1492,.T.);
#3319 = ORIENTED_EDGE('',*,*,#1444,.T.);
#3320 = ORIENTED_EDGE('',*,*,#1396,.T.);
#3321 = ORIENTED_EDGE('',*,*,#1348,.T.);
#3322 = PLANE('',#3323);
#3323 = AXIS2_PLACEMENT_3D('',#3324,#3325,#3326);
#3324 = CARTESIAN_POINT('',(15.754316275168,53.2,19.6));
#3325 = DIRECTION('',(0.,0.,1.));
#3326 = DIRECTION('',(1.,0.,-0.));
#3327 = ADVANCED_FACE('',(#3328),#3334,.T.);
#3328 = FACE_BOUND('',#3329,.F.);
#3329 = EDGE_LOOP('',(#3330,#3331,#3332,#3333));
#3330 = ORIENTED_EDGE('',*,*,#1533,.T.);
#3331 = ORIENTED_EDGE('',*,*,#1564,.T.);
#3332 = ORIENTED_EDGE('',*,*,#1612,.T.);
#3333 = ORIENTED_EDGE('',*,*,#1588,.T.);
#3334 = PLANE('',#3335);
#3335 = AXIS2_PLACEMENT_3D('',#3336,#3337,#3338);
#3336 = CARTESIAN_POINT('',(19.027726510067,53.2,19.6));
#3337 = DIRECTION('',(0.,0.,1.));
#3338 = DIRECTION('',(1.,0.,-0.));
#3339 = ADVANCED_FACE('',(#3340),#3349,.T.);
#3340 = FACE_BOUND('',#3341,.F.);
#3341 = EDGE_LOOP('',(#3342,#3343,#3344,#3345,#3346,#3347,#3348));
#3342 = ORIENTED_EDGE('',*,*,#1825,.T.);
#3343 = ORIENTED_EDGE('',*,*,#1856,.T.);
#3344 = ORIENTED_EDGE('',*,*,#1904,.T.);
#3345 = ORIENTED_EDGE('',*,*,#1952,.T.);
#3346 = ORIENTED_EDGE('',*,*,#1976,.T.);
#3347 = ORIENTED_EDGE('',*,*,#1928,.T.);
#3348 = ORIENTED_EDGE('',*,*,#1880,.T.);
#3349 = PLANE('',#3350);
#3350 = AXIS2_PLACEMENT_3D('',#3351,#3352,#3353);
#3351 = CARTESIAN_POINT('',(22.134942722544,53.470972166391,19.6));
#3352 = DIRECTION('',(0.,0.,1.));
#3353 = DIRECTION('',(1.,0.,-0.));
#3354 = ADVANCED_FACE('',(#3355,#3365),#3391,.T.);
#3355 = FACE_BOUND('',#3356,.F.);
#3356 = EDGE_LOOP('',(#3357,#3358,#3359,#3360,#3361,#3362,#3363,#3364));
#3357 = ORIENTED_EDGE('',*,*,#1993,.T.);
#3358 = ORIENTED_EDGE('',*,*,#2024,.T.);
#3359 = ORIENTED_EDGE('',*,*,#2072,.T.);
#3360 = ORIENTED_EDGE('',*,*,#2120,.T.);
#3361 = ORIENTED_EDGE('',*,*,#2168,.T.);
#3362 = ORIENTED_EDGE('',*,*,#2144,.T.);
#3363 = ORIENTED_EDGE('',*,*,#2096,.T.);
#3364 = ORIENTED_EDGE('',*,*,#2048,.T.);
#3365 = FACE_BOUND('',#3366,.F.);
#3366 = EDGE_LOOP('',(#3367,#3377,#3385));
#3367 = ORIENTED_EDGE('',*,*,#3368,.T.);
#3368 = EDGE_CURVE('',#3369,#3371,#3373,.T.);
#3369 = VERTEX_POINT('',#3370);
#3370 = CARTESIAN_POINT('',(25.405331375839,52.681342281879,19.6));
#3371 = VERTEX_POINT('',#3372);
#3372 = CARTESIAN_POINT('',(26.486161912752,52.681342281879,19.6));
#3373 = LINE('',#3374,#3375);
#3374 = CARTESIAN_POINT('',(25.405331375839,52.681342281879,19.6));
#3375 = VECTOR('',#3376,1.);
#3376 = DIRECTION('',(1.,0.,0.));
#3377 = ORIENTED_EDGE('',*,*,#3378,.T.);
#3378 = EDGE_CURVE('',#3371,#3379,#3381,.T.);
#3379 = VERTEX_POINT('',#3380);
#3380 = CARTESIAN_POINT('',(25.94706795302,54.249295302013,19.6));
#3381 = LINE('',#3382,#3383);
#3382 = CARTESIAN_POINT('',(26.486161912752,52.681342281879,19.6));
#3383 = VECTOR('',#3384,1.);
#3384 = DIRECTION('',(-0.325139159103,0.945666181704,0.));
#3385 = ORIENTED_EDGE('',*,*,#3386,.T.);
#3386 = EDGE_CURVE('',#3379,#3369,#3387,.T.);
#3387 = LINE('',#3388,#3389);
#3388 = CARTESIAN_POINT('',(25.94706795302,54.249295302013,19.6));
#3389 = VECTOR('',#3390,1.);
#3390 = DIRECTION('',(-0.326563378352,-0.945175306448,0.));
#3391 = PLANE('',#3392);
#3392 = AXIS2_PLACEMENT_3D('',#3393,#3394,#3395);
#3393 = CARTESIAN_POINT('',(25.945969372859,52.89899575981,19.6));
#3394 = DIRECTION('',(0.,0.,1.));
#3395 = DIRECTION('',(1.,0.,-0.));
#3396 = ADVANCED_FACE('',(#3397,#3400),#3411,.T.);
#3397 = FACE_BOUND('',#3398,.T.);
#3398 = EDGE_LOOP('',(#3399));
#3399 = ORIENTED_EDGE('',*,*,#2194,.T.);
#3400 = FACE_BOUND('',#3401,.T.);
#3401 = EDGE_LOOP('',(#3402));
#3402 = ORIENTED_EDGE('',*,*,#3403,.F.);
#3403 = EDGE_CURVE('',#3404,#3404,#3406,.T.);
#3404 = VERTEX_POINT('',#3405);
#3405 = CARTESIAN_POINT('',(39.55,51.5,18.3));
#3406 = CIRCLE('',#3407,1.15);
#3407 = AXIS2_PLACEMENT_3D('',#3408,#3409,#3410);
#3408 = CARTESIAN_POINT('',(38.4,51.5,18.3));
#3409 = DIRECTION('',(0.,0.,1.));
#3410 = DIRECTION('',(1.,0.,-0.));
#3411 = PLANE('',#3412);
#3412 = AXIS2_PLACEMENT_3D('',#3413,#3414,#3415);
#3413 = CARTESIAN_POINT('',(38.4,51.5,18.3));
#3414 = DIRECTION('',(0.,0.,1.));
#3415 = DIRECTION('',(1.,0.,-0.));
#3416 = ADVANCED_FACE('',(#3417),#3442,.F.);
#3417 = FACE_BOUND('',#3418,.F.);
#3418 = EDGE_LOOP('',(#3419,#3427,#3435,#3441));
#3419 = ORIENTED_EDGE('',*,*,#3420,.F.);
#3420 = EDGE_CURVE('',#3421,#2310,#3423,.T.);
#3421 = VERTEX_POINT('',#3422);
#3422 = CARTESIAN_POINT('',(10.2,6.3,12.8));
#3423 = LINE('',#3424,#3425);
#3424 = CARTESIAN_POINT('',(10.2,6.3,12.8));
#3425 = VECTOR('',#3426,1.);
#3426 = DIRECTION('',(0.,0.,1.));
#3427 = ORIENTED_EDGE('',*,*,#3428,.F.);
#3428 = EDGE_CURVE('',#3429,#3421,#3431,.T.);
#3429 = VERTEX_POINT('',#3430);
#3430 = CARTESIAN_POINT('',(8.,6.3,12.8));
#3431 = LINE('',#3432,#3433);
#3432 = CARTESIAN_POINT('',(8.,6.3,12.8));
#3433 = VECTOR('',#3434,1.);
#3434 = DIRECTION('',(1.,0.,-0.));
#3435 = ORIENTED_EDGE('',*,*,#3436,.T.);
#3436 = EDGE_CURVE('',#3429,#2312,#3437,.T.);
#3437 = LINE('',#3438,#3439);
#3438 = CARTESIAN_POINT('',(8.,6.3,12.8));
#3439 = VECTOR('',#3440,1.);
#3440 = DIRECTION('',(0.,0.,1.));
#3441 = ORIENTED_EDGE('',*,*,#2309,.F.);
#3442 = PLANE('',#3443);
#3443 = AXIS2_PLACEMENT_3D('',#3444,#3445,#3446);
#3444 = CARTESIAN_POINT('',(8.,6.3,12.8));
#3445 = DIRECTION('',(-0.,1.,0.));
#3446 = DIRECTION('',(0.,0.,1.));
#3447 = ADVANCED_FACE('',(#3448),#3466,.T.);
#3448 = FACE_BOUND('',#3449,.T.);
#3449 = EDGE_LOOP('',(#3450,#3451,#3459,#3465));
#3450 = ORIENTED_EDGE('',*,*,#3420,.F.);
#3451 = ORIENTED_EDGE('',*,*,#3452,.T.);
#3452 = EDGE_CURVE('',#3421,#3453,#3455,.T.);
#3453 = VERTEX_POINT('',#3454);
#3454 = CARTESIAN_POINT('',(10.2,7.3,12.8));
#3455 = LINE('',#3456,#3457);
#3456 = CARTESIAN_POINT('',(10.2,6.3,12.8));
#3457 = VECTOR('',#3458,1.);
#3458 = DIRECTION('',(-0.,1.,0.));
#3459 = ORIENTED_EDGE('',*,*,#3460,.T.);
#3460 = EDGE_CURVE('',#3453,#2328,#3461,.T.);
#3461 = LINE('',#3462,#3463);
#3462 = CARTESIAN_POINT('',(10.2,7.3,12.8));
#3463 = VECTOR('',#3464,1.);
#3464 = DIRECTION('',(0.,0.,1.));
#3465 = ORIENTED_EDGE('',*,*,#2335,.F.);
#3466 = PLANE('',#3467);
#3467 = AXIS2_PLACEMENT_3D('',#3468,#3469,#3470);
#3468 = CARTESIAN_POINT('',(10.2,6.3,12.8));
#3469 = DIRECTION('',(1.,0.,-0.));
#3470 = DIRECTION('',(0.,0.,1.));
#3471 = ADVANCED_FACE('',(#3472),#3490,.F.);
#3472 = FACE_BOUND('',#3473,.F.);
#3473 = EDGE_LOOP('',(#3474,#3475,#3483,#3489));
#3474 = ORIENTED_EDGE('',*,*,#3436,.F.);
#3475 = ORIENTED_EDGE('',*,*,#3476,.T.);
#3476 = EDGE_CURVE('',#3429,#3477,#3479,.T.);
#3477 = VERTEX_POINT('',#3478);
#3478 = CARTESIAN_POINT('',(8.,7.3,12.8));
#3479 = LINE('',#3480,#3481);
#3480 = CARTESIAN_POINT('',(8.,6.3,12.8));
#3481 = VECTOR('',#3482,1.);
#3482 = DIRECTION('',(-0.,1.,0.));
#3483 = ORIENTED_EDGE('',*,*,#3484,.T.);
#3484 = EDGE_CURVE('',#3477,#2320,#3485,.T.);
#3485 = LINE('',#3486,#3487);
#3486 = CARTESIAN_POINT('',(8.,7.3,12.8));
#3487 = VECTOR('',#3488,1.);
#3488 = DIRECTION('',(0.,0.,1.));
#3489 = ORIENTED_EDGE('',*,*,#2319,.F.);
#3490 = PLANE('',#3491);
#3491 = AXIS2_PLACEMENT_3D('',#3492,#3493,#3494);
#3492 = CARTESIAN_POINT('',(8.,6.3,12.8));
#3493 = DIRECTION('',(1.,0.,-0.));
#3494 = DIRECTION('',(0.,0.,1.));
#3495 = ADVANCED_FACE('',(#3496),#3507,.T.);
#3496 = FACE_BOUND('',#3497,.T.);
#3497 = EDGE_LOOP('',(#3498,#3499,#3505,#3506));
#3498 = ORIENTED_EDGE('',*,*,#3460,.F.);
#3499 = ORIENTED_EDGE('',*,*,#3500,.F.);
#3500 = EDGE_CURVE('',#3477,#3453,#3501,.T.);
#3501 = LINE('',#3502,#3503);
#3502 = CARTESIAN_POINT('',(8.,7.3,12.8));
#3503 = VECTOR('',#3504,1.);
#3504 = DIRECTION('',(1.,0.,-0.));
#3505 = ORIENTED_EDGE('',*,*,#3484,.T.);
#3506 = ORIENTED_EDGE('',*,*,#2327,.F.);
#3507 = PLANE('',#3508);
#3508 = AXIS2_PLACEMENT_3D('',#3509,#3510,#3511);
#3509 = CARTESIAN_POINT('',(8.,7.3,12.8));
#3510 = DIRECTION('',(-0.,1.,0.));
#3511 = DIRECTION('',(0.,0.,1.));
#3512 = ADVANCED_FACE('',(#3513),#3538,.F.);
#3513 = FACE_BOUND('',#3514,.F.);
#3514 = EDGE_LOOP('',(#3515,#3523,#3531,#3537));
#3515 = ORIENTED_EDGE('',*,*,#3516,.F.);
#3516 = EDGE_CURVE('',#3517,#2344,#3519,.T.);
#3517 = VERTEX_POINT('',#3518);
#3518 = CARTESIAN_POINT('',(34.,6.3,12.8));
#3519 = LINE('',#3520,#3521);
#3520 = CARTESIAN_POINT('',(34.,6.3,12.8));
#3521 = VECTOR('',#3522,1.);
#3522 = DIRECTION('',(0.,0.,1.));
#3523 = ORIENTED_EDGE('',*,*,#3524,.F.);
#3524 = EDGE_CURVE('',#3525,#3517,#3527,.T.);
#3525 = VERTEX_POINT('',#3526);
#3526 = CARTESIAN_POINT('',(31.8,6.3,12.8));
#3527 = LINE('',#3528,#3529);
#3528 = CARTESIAN_POINT('',(31.8,6.3,12.8));
#3529 = VECTOR('',#3530,1.);
#3530 = DIRECTION('',(1.,0.,-0.));
#3531 = ORIENTED_EDGE('',*,*,#3532,.T.);
#3532 = EDGE_CURVE('',#3525,#2346,#3533,.T.);
#3533 = LINE('',#3534,#3535);
#3534 = CARTESIAN_POINT('',(31.8,6.3,12.8));
#3535 = VECTOR('',#3536,1.);
#3536 = DIRECTION('',(0.,0.,1.));
#3537 = ORIENTED_EDGE('',*,*,#2343,.F.);
#3538 = PLANE('',#3539);
#3539 = AXIS2_PLACEMENT_3D('',#3540,#3541,#3542);
#3540 = CARTESIAN_POINT('',(31.8,6.3,12.8));
#3541 = DIRECTION('',(-0.,1.,0.));
#3542 = DIRECTION('',(0.,0.,1.));
#3543 = ADVANCED_FACE('',(#3544),#3562,.T.);
#3544 = FACE_BOUND('',#3545,.T.);
#3545 = EDGE_LOOP('',(#3546,#3547,#3555,#3561));
#3546 = ORIENTED_EDGE('',*,*,#3516,.F.);
#3547 = ORIENTED_EDGE('',*,*,#3548,.T.);
#3548 = EDGE_CURVE('',#3517,#3549,#3551,.T.);
#3549 = VERTEX_POINT('',#3550);
#3550 = CARTESIAN_POINT('',(34.,7.3,12.8));
#3551 = LINE('',#3552,#3553);
#3552 = CARTESIAN_POINT('',(34.,6.3,12.8));
#3553 = VECTOR('',#3554,1.);
#3554 = DIRECTION('',(-0.,1.,0.));
#3555 = ORIENTED_EDGE('',*,*,#3556,.T.);
#3556 = EDGE_CURVE('',#3549,#2362,#3557,.T.);
#3557 = LINE('',#3558,#3559);
#3558 = CARTESIAN_POINT('',(34.,7.3,12.8));
#3559 = VECTOR('',#3560,1.);
#3560 = DIRECTION('',(0.,0.,1.));
#3561 = ORIENTED_EDGE('',*,*,#2369,.F.);
#3562 = PLANE('',#3563);
#3563 = AXIS2_PLACEMENT_3D('',#3564,#3565,#3566);
#3564 = CARTESIAN_POINT('',(34.,6.3,12.8));
#3565 = DIRECTION('',(1.,0.,-0.));
#3566 = DIRECTION('',(0.,0.,1.));
#3567 = ADVANCED_FACE('',(#3568),#3586,.T.);
#3568 = FACE_BOUND('',#3569,.T.);
#3569 = EDGE_LOOP('',(#3570,#3571,#3579,#3585));
#3570 = ORIENTED_EDGE('',*,*,#3556,.F.);
#3571 = ORIENTED_EDGE('',*,*,#3572,.F.);
#3572 = EDGE_CURVE('',#3573,#3549,#3575,.T.);
#3573 = VERTEX_POINT('',#3574);
#3574 = CARTESIAN_POINT('',(31.8,7.3,12.8));
#3575 = LINE('',#3576,#3577);
#3576 = CARTESIAN_POINT('',(31.8,7.3,12.8));
#3577 = VECTOR('',#3578,1.);
#3578 = DIRECTION('',(1.,0.,-0.));
#3579 = ORIENTED_EDGE('',*,*,#3580,.T.);
#3580 = EDGE_CURVE('',#3573,#2354,#3581,.T.);
#3581 = LINE('',#3582,#3583);
#3582 = CARTESIAN_POINT('',(31.8,7.3,12.8));
#3583 = VECTOR('',#3584,1.);
#3584 = DIRECTION('',(0.,0.,1.));
#3585 = ORIENTED_EDGE('',*,*,#2361,.F.);
#3586 = PLANE('',#3587);
#3587 = AXIS2_PLACEMENT_3D('',#3588,#3589,#3590);
#3588 = CARTESIAN_POINT('',(31.8,7.3,12.8));
#3589 = DIRECTION('',(-0.,1.,0.));
#3590 = DIRECTION('',(0.,0.,1.));
#3591 = ADVANCED_FACE('',(#3592),#3603,.F.);
#3592 = FACE_BOUND('',#3593,.F.);
#3593 = EDGE_LOOP('',(#3594,#3595,#3601,#3602));
#3594 = ORIENTED_EDGE('',*,*,#3532,.F.);
#3595 = ORIENTED_EDGE('',*,*,#3596,.T.);
#3596 = EDGE_CURVE('',#3525,#3573,#3597,.T.);
#3597 = LINE('',#3598,#3599);
#3598 = CARTESIAN_POINT('',(31.8,6.3,12.8));
#3599 = VECTOR('',#3600,1.);
#3600 = DIRECTION('',(-0.,1.,0.));
#3601 = ORIENTED_EDGE('',*,*,#3580,.T.);
#3602 = ORIENTED_EDGE('',*,*,#2353,.F.);
#3603 = PLANE('',#3604);
#3604 = AXIS2_PLACEMENT_3D('',#3605,#3606,#3607);
#3605 = CARTESIAN_POINT('',(31.8,6.3,12.8));
#3606 = DIRECTION('',(1.,0.,-0.));
#3607 = DIRECTION('',(0.,0.,1.));
#3608 = ADVANCED_FACE('',(#3609),#3634,.T.);
#3609 = FACE_BOUND('',#3610,.T.);
#3610 = EDGE_LOOP('',(#3611,#3612,#3620,#3628));
#3611 = ORIENTED_EDGE('',*,*,#2645,.T.);
#3612 = ORIENTED_EDGE('',*,*,#3613,.T.);
#3613 = EDGE_CURVE('',#2638,#3614,#3616,.T.);
#3614 = VERTEX_POINT('',#3615);
#3615 = CARTESIAN_POINT('',(8.,2.8,13.2));
#3616 = LINE('',#3617,#3618);
#3617 = CARTESIAN_POINT('',(14.5,2.8,13.2));
#3618 = VECTOR('',#3619,1.);
#3619 = DIRECTION('',(-1.,0.,0.));
#3620 = ORIENTED_EDGE('',*,*,#3621,.T.);
#3621 = EDGE_CURVE('',#3614,#3622,#3624,.T.);
#3622 = VERTEX_POINT('',#3623);
#3623 = CARTESIAN_POINT('',(8.,2.8,14.75));
#3624 = LINE('',#3625,#3626);
#3625 = CARTESIAN_POINT('',(8.,2.8,13.1));
#3626 = VECTOR('',#3627,1.);
#3627 = DIRECTION('',(0.,0.,1.));
#3628 = ORIENTED_EDGE('',*,*,#3629,.F.);
#3629 = EDGE_CURVE('',#2646,#3622,#3630,.T.);
#3630 = LINE('',#3631,#3632);
#3631 = CARTESIAN_POINT('',(14.5,2.8,14.75));
#3632 = VECTOR('',#3633,1.);
#3633 = DIRECTION('',(-1.,0.,0.));
#3634 = PLANE('',#3635);
#3635 = AXIS2_PLACEMENT_3D('',#3636,#3637,#3638);
#3636 = CARTESIAN_POINT('',(8.,2.8,13.1));
#3637 = DIRECTION('',(0.,1.,0.));
#3638 = DIRECTION('',(1.,0.,0.));
#3639 = ADVANCED_FACE('',(#3640),#3667,.F.);
#3640 = FACE_BOUND('',#3641,.F.);
#3641 = EDGE_LOOP('',(#3642,#3643,#3652,#3658,#3659,#3660));
#3642 = ORIENTED_EDGE('',*,*,#3197,.F.);
#3643 = ORIENTED_EDGE('',*,*,#3644,.T.);
#3644 = EDGE_CURVE('',#3190,#3645,#3647,.T.);
#3645 = VERTEX_POINT('',#3646);
#3646 = CARTESIAN_POINT('',(8.,2.,13.2));
#3647 = CIRCLE('',#3648,6.);
#3648 = AXIS2_PLACEMENT_3D('',#3649,#3650,#3651);
#3649 = CARTESIAN_POINT('',(8.,8.,13.2));
#3650 = DIRECTION('',(0.,0.,1.));
#3651 = DIRECTION('',(-1.,0.,0.));
#3652 = ORIENTED_EDGE('',*,*,#3653,.T.);
#3653 = EDGE_CURVE('',#3645,#2630,#3654,.T.);
#3654 = LINE('',#3655,#3656);
#3655 = CARTESIAN_POINT('',(8.,2.,13.2));
#3656 = VECTOR('',#3657,1.);
#3657 = DIRECTION('',(1.,0.,0.));
#3658 = ORIENTED_EDGE('',*,*,#2637,.T.);
#3659 = ORIENTED_EDGE('',*,*,#3613,.T.);
#3660 = ORIENTED_EDGE('',*,*,#3661,.T.);
#3661 = EDGE_CURVE('',#3614,#3198,#3662,.T.);
#3662 = CIRCLE('',#3663,5.2);
#3663 = AXIS2_PLACEMENT_3D('',#3664,#3665,#3666);
#3664 = CARTESIAN_POINT('',(8.,8.,13.2));
#3665 = DIRECTION('',(-0.,0.,-1.));
#3666 = DIRECTION('',(-1.,-3.416070845E-16,0.));
#3667 = PLANE('',#3668);
#3668 = AXIS2_PLACEMENT_3D('',#3669,#3670,#3671);
#3669 = CARTESIAN_POINT('',(21.,30.,13.2));
#3670 = DIRECTION('',(0.,0.,1.));
#3671 = DIRECTION('',(1.,0.,-0.));
#3672 = ADVANCED_FACE('',(#3673),#3691,.F.);
#3673 = FACE_BOUND('',#3674,.F.);
#3674 = EDGE_LOOP('',(#3675,#3676,#3684,#3690));
#3675 = ORIENTED_EDGE('',*,*,#3653,.F.);
#3676 = ORIENTED_EDGE('',*,*,#3677,.T.);
#3677 = EDGE_CURVE('',#3645,#3678,#3680,.T.);
#3678 = VERTEX_POINT('',#3679);
#3679 = CARTESIAN_POINT('',(8.,2.,14.35));
#3680 = LINE('',#3681,#3682);
#3681 = CARTESIAN_POINT('',(8.,2.,13.2));
#3682 = VECTOR('',#3683,1.);
#3683 = DIRECTION('',(0.,0.,1.));
#3684 = ORIENTED_EDGE('',*,*,#3685,.T.);
#3685 = EDGE_CURVE('',#3678,#2622,#3686,.T.);
#3686 = LINE('',#3687,#3688);
#3687 = CARTESIAN_POINT('',(14.5,2.,14.35));
#3688 = VECTOR('',#3689,1.);
#3689 = DIRECTION('',(1.,0.,0.));
#3690 = ORIENTED_EDGE('',*,*,#2629,.T.);
#3691 = PLANE('',#3692);
#3692 = AXIS2_PLACEMENT_3D('',#3693,#3694,#3695);
#3693 = CARTESIAN_POINT('',(8.,2.,13.2));
#3694 = DIRECTION('',(0.,1.,0.));
#3695 = DIRECTION('',(1.,0.,0.));
#3696 = ADVANCED_FACE('',(#3697),#3722,.T.);
#3697 = FACE_BOUND('',#3698,.T.);
#3698 = EDGE_LOOP('',(#3699,#3709,#3715,#3716));
#3699 = ORIENTED_EDGE('',*,*,#3700,.F.);
#3700 = EDGE_CURVE('',#3701,#3703,#3705,.T.);
#3701 = VERTEX_POINT('',#3702);
#3702 = CARTESIAN_POINT('',(34.,2.8,13.2));
#3703 = VERTEX_POINT('',#3704);
#3704 = CARTESIAN_POINT('',(34.,2.8,14.75));
#3705 = LINE('',#3706,#3707);
#3706 = CARTESIAN_POINT('',(34.,2.8,13.1));
#3707 = VECTOR('',#3708,1.);
#3708 = DIRECTION('',(0.,0.,1.));
#3709 = ORIENTED_EDGE('',*,*,#3710,.T.);
#3710 = EDGE_CURVE('',#3701,#2685,#3711,.T.);
#3711 = LINE('',#3712,#3713);
#3712 = CARTESIAN_POINT('',(14.5,2.8,13.2));
#3713 = VECTOR('',#3714,1.);
#3714 = DIRECTION('',(-1.,0.,0.));
#3715 = ORIENTED_EDGE('',*,*,#2692,.F.);
#3716 = ORIENTED_EDGE('',*,*,#3717,.F.);
#3717 = EDGE_CURVE('',#3703,#2693,#3718,.T.);
#3718 = LINE('',#3719,#3720);
#3719 = CARTESIAN_POINT('',(14.5,2.8,14.75));
#3720 = VECTOR('',#3721,1.);
#3721 = DIRECTION('',(-1.,0.,0.));
#3722 = PLANE('',#3723);
#3723 = AXIS2_PLACEMENT_3D('',#3724,#3725,#3726);
#3724 = CARTESIAN_POINT('',(8.,2.8,13.1));
#3725 = DIRECTION('',(0.,1.,0.));
#3726 = DIRECTION('',(1.,0.,0.));
#3727 = ADVANCED_FACE('',(#3728),#3755,.F.);
#3728 = FACE_BOUND('',#3729,.F.);
#3729 = EDGE_LOOP('',(#3730,#3731,#3739,#3746,#3747,#3754));
#3730 = ORIENTED_EDGE('',*,*,#2684,.F.);
#3731 = ORIENTED_EDGE('',*,*,#3732,.T.);
#3732 = EDGE_CURVE('',#2677,#3733,#3735,.T.);
#3733 = VERTEX_POINT('',#3734);
#3734 = CARTESIAN_POINT('',(34.,2.,13.2));
#3735 = LINE('',#3736,#3737);
#3736 = CARTESIAN_POINT('',(8.,2.,13.2));
#3737 = VECTOR('',#3738,1.);
#3738 = DIRECTION('',(1.,0.,0.));
#3739 = ORIENTED_EDGE('',*,*,#3740,.T.);
#3740 = EDGE_CURVE('',#3733,#2752,#3741,.T.);
#3741 = CIRCLE('',#3742,6.);
#3742 = AXIS2_PLACEMENT_3D('',#3743,#3744,#3745);
#3743 = CARTESIAN_POINT('',(34.,8.,13.2));
#3744 = DIRECTION('',(0.,0.,1.));
#3745 = DIRECTION('',(0.,-1.,0.));
#3746 = ORIENTED_EDGE('',*,*,#2751,.F.);
#3747 = ORIENTED_EDGE('',*,*,#3748,.T.);
#3748 = EDGE_CURVE('',#2744,#3701,#3749,.T.);
#3749 = CIRCLE('',#3750,5.2);
#3750 = AXIS2_PLACEMENT_3D('',#3751,#3752,#3753);
#3751 = CARTESIAN_POINT('',(34.,8.,13.2));
#3752 = DIRECTION('',(0.,-0.,-1.));
#3753 = DIRECTION('',(1.366428338E-15,-1.,0.));
#3754 = ORIENTED_EDGE('',*,*,#3710,.T.);
#3755 = PLANE('',#3756);
#3756 = AXIS2_PLACEMENT_3D('',#3757,#3758,#3759);
#3757 = CARTESIAN_POINT('',(21.,30.,13.2));
#3758 = DIRECTION('',(0.,0.,1.));
#3759 = DIRECTION('',(1.,0.,-0.));
#3760 = ADVANCED_FACE('',(#3761),#3779,.F.);
#3761 = FACE_BOUND('',#3762,.F.);
#3762 = EDGE_LOOP('',(#3763,#3764,#3765,#3773));
#3763 = ORIENTED_EDGE('',*,*,#3732,.F.);
#3764 = ORIENTED_EDGE('',*,*,#2676,.F.);
#3765 = ORIENTED_EDGE('',*,*,#3766,.T.);
#3766 = EDGE_CURVE('',#2669,#3767,#3769,.T.);
#3767 = VERTEX_POINT('',#3768);
#3768 = CARTESIAN_POINT('',(34.,2.,14.35));
#3769 = LINE('',#3770,#3771);
#3770 = CARTESIAN_POINT('',(14.5,2.,14.35));
#3771 = VECTOR('',#3772,1.);
#3772 = DIRECTION('',(1.,0.,0.));
#3773 = ORIENTED_EDGE('',*,*,#3774,.F.);
#3774 = EDGE_CURVE('',#3733,#3767,#3775,.T.);
#3775 = LINE('',#3776,#3777);
#3776 = CARTESIAN_POINT('',(34.,2.,13.2));
#3777 = VECTOR('',#3778,1.);
#3778 = DIRECTION('',(0.,0.,1.));
#3779 = PLANE('',#3780);
#3780 = AXIS2_PLACEMENT_3D('',#3781,#3782,#3783);
#3781 = CARTESIAN_POINT('',(8.,2.,13.2));
#3782 = DIRECTION('',(0.,1.,0.));
#3783 = DIRECTION('',(1.,0.,0.));
#3784 = ADVANCED_FACE('',(#3785),#3797,.T.);
#3785 = FACE_BOUND('',#3786,.F.);
#3786 = EDGE_LOOP('',(#3787,#3788,#3789,#3796));
#3787 = ORIENTED_EDGE('',*,*,#3740,.F.);
#3788 = ORIENTED_EDGE('',*,*,#3774,.T.);
#3789 = ORIENTED_EDGE('',*,*,#3790,.F.);
#3790 = EDGE_CURVE('',#2761,#3767,#3791,.T.);
#3791 = CIRCLE('',#3792,6.);
#3792 = AXIS2_PLACEMENT_3D('',#3793,#3794,#3795);
#3793 = CARTESIAN_POINT('',(34.,8.,14.35));
#3794 = DIRECTION('',(-0.,-0.,-1.));
#3795 = DIRECTION('',(0.,-1.,0.));
#3796 = ORIENTED_EDGE('',*,*,#2760,.T.);
#3797 = CYLINDRICAL_SURFACE('',#3798,6.);
#3798 = AXIS2_PLACEMENT_3D('',#3799,#3800,#3801);
#3799 = CARTESIAN_POINT('',(34.,8.,13.2));
#3800 = DIRECTION('',(-0.,-0.,-1.));
#3801 = DIRECTION('',(0.,-1.,0.));
#3802 = ADVANCED_FACE('',(#3803),#3815,.F.);
#3803 = FACE_BOUND('',#3804,.T.);
#3804 = EDGE_LOOP('',(#3805,#3806,#3807,#3808));
#3805 = ORIENTED_EDGE('',*,*,#2743,.T.);
#3806 = ORIENTED_EDGE('',*,*,#3748,.T.);
#3807 = ORIENTED_EDGE('',*,*,#3700,.T.);
#3808 = ORIENTED_EDGE('',*,*,#3809,.F.);
#3809 = EDGE_CURVE('',#2733,#3703,#3810,.T.);
#3810 = CIRCLE('',#3811,5.2);
#3811 = AXIS2_PLACEMENT_3D('',#3812,#3813,#3814);
#3812 = CARTESIAN_POINT('',(34.,8.,14.75));
#3813 = DIRECTION('',(0.,-0.,-1.));
#3814 = DIRECTION('',(1.366428338E-15,-1.,0.));
#3815 = CYLINDRICAL_SURFACE('',#3816,5.2);
#3816 = AXIS2_PLACEMENT_3D('',#3817,#3818,#3819);
#3817 = CARTESIAN_POINT('',(34.,8.,13.1));
#3818 = DIRECTION('',(-0.,-0.,-1.));
#3819 = DIRECTION('',(1.366428338E-15,-1.,0.));
#3820 = ADVANCED_FACE('',(#3821),#3840,.F.);
#3821 = FACE_BOUND('',#3822,.F.);
#3822 = EDGE_LOOP('',(#3823,#3824,#3832,#3839));
#3823 = ORIENTED_EDGE('',*,*,#3276,.F.);
#3824 = ORIENTED_EDGE('',*,*,#3825,.F.);
#3825 = EDGE_CURVE('',#3826,#3277,#3828,.T.);
#3826 = VERTEX_POINT('',#3827);
#3827 = CARTESIAN_POINT('',(39.55,8.5,14.35));
#3828 = LINE('',#3829,#3830);
#3829 = CARTESIAN_POINT('',(39.55,8.5,14.25));
#3830 = VECTOR('',#3831,1.);
#3831 = DIRECTION('',(0.,0.,1.));
#3832 = ORIENTED_EDGE('',*,*,#3833,.T.);
#3833 = EDGE_CURVE('',#3826,#3826,#3834,.T.);
#3834 = CIRCLE('',#3835,1.15);
#3835 = AXIS2_PLACEMENT_3D('',#3836,#3837,#3838);
#3836 = CARTESIAN_POINT('',(38.4,8.5,14.35));
#3837 = DIRECTION('',(0.,0.,1.));
#3838 = DIRECTION('',(1.,0.,-0.));
#3839 = ORIENTED_EDGE('',*,*,#3825,.T.);
#3840 = CYLINDRICAL_SURFACE('',#3841,1.15);
#3841 = AXIS2_PLACEMENT_3D('',#3842,#3843,#3844);
#3842 = CARTESIAN_POINT('',(38.4,8.5,14.25));
#3843 = DIRECTION('',(0.,0.,1.));
#3844 = DIRECTION('',(1.,0.,-0.));
#3845 = ADVANCED_FACE('',(#3846),#3862,.F.);
#3846 = FACE_BOUND('',#3847,.F.);
#3847 = EDGE_LOOP('',(#3848,#3854,#3855,#3861));
#3848 = ORIENTED_EDGE('',*,*,#3849,.F.);
#3849 = EDGE_CURVE('',#2810,#2879,#3850,.T.);
#3850 = LINE('',#3851,#3852);
#3851 = CARTESIAN_POINT('',(40.,8.,13.2));
#3852 = VECTOR('',#3853,1.);
#3853 = DIRECTION('',(0.,1.,0.));
#3854 = ORIENTED_EDGE('',*,*,#2809,.T.);
#3855 = ORIENTED_EDGE('',*,*,#3856,.T.);
#3856 = EDGE_CURVE('',#2812,#2888,#3857,.T.);
#3857 = LINE('',#3858,#3859);
#3858 = CARTESIAN_POINT('',(40.,19.,14.35));
#3859 = VECTOR('',#3860,1.);
#3860 = DIRECTION('',(0.,1.,-0.));
#3861 = ORIENTED_EDGE('',*,*,#2887,.F.);
#3862 = PLANE('',#3863);
#3863 = AXIS2_PLACEMENT_3D('',#3864,#3865,#3866);
#3864 = CARTESIAN_POINT('',(40.,8.,13.2));
#3865 = DIRECTION('',(-1.,0.,0.));
#3866 = DIRECTION('',(0.,1.,0.));
#3867 = ADVANCED_FACE('',(#3868),#3884,.T.);
#3868 = FACE_BOUND('',#3869,.T.);
#3869 = EDGE_LOOP('',(#3870,#3871,#3877,#3878));
#3870 = ORIENTED_EDGE('',*,*,#2868,.F.);
#3871 = ORIENTED_EDGE('',*,*,#3872,.T.);
#3872 = EDGE_CURVE('',#2869,#2820,#3873,.T.);
#3873 = LINE('',#3874,#3875);
#3874 = CARTESIAN_POINT('',(39.2,19.,13.2));
#3875 = VECTOR('',#3876,1.);
#3876 = DIRECTION('',(0.,-1.,0.));
#3877 = ORIENTED_EDGE('',*,*,#2828,.T.);
#3878 = ORIENTED_EDGE('',*,*,#3879,.F.);
#3879 = EDGE_CURVE('',#2871,#2829,#3880,.T.);
#3880 = LINE('',#3881,#3882);
#3881 = CARTESIAN_POINT('',(39.2,19.,14.75));
#3882 = VECTOR('',#3883,1.);
#3883 = DIRECTION('',(0.,-1.,0.));
#3884 = PLANE('',#3885);
#3885 = AXIS2_PLACEMENT_3D('',#3886,#3887,#3888);
#3886 = CARTESIAN_POINT('',(39.2,8.,13.1));
#3887 = DIRECTION('',(-1.,0.,0.));
#3888 = DIRECTION('',(0.,1.,0.));
#3889 = ADVANCED_FACE('',(#3890),#3896,.F.);
#3890 = FACE_BOUND('',#3891,.F.);
#3891 = EDGE_LOOP('',(#3892,#3893,#3894,#3895));
#3892 = ORIENTED_EDGE('',*,*,#2819,.F.);
#3893 = ORIENTED_EDGE('',*,*,#3849,.T.);
#3894 = ORIENTED_EDGE('',*,*,#2878,.F.);
#3895 = ORIENTED_EDGE('',*,*,#3872,.T.);
#3896 = PLANE('',#3897);
#3897 = AXIS2_PLACEMENT_3D('',#3898,#3899,#3900);
#3898 = CARTESIAN_POINT('',(21.,30.,13.2));
#3899 = DIRECTION('',(0.,0.,1.));
#3900 = DIRECTION('',(1.,0.,-0.));
#3901 = ADVANCED_FACE('',(#3902),#3921,.F.);
#3902 = FACE_BOUND('',#3903,.F.);
#3903 = EDGE_LOOP('',(#3904,#3905,#3913,#3920));
#3904 = ORIENTED_EDGE('',*,*,#3403,.F.);
#3905 = ORIENTED_EDGE('',*,*,#3906,.F.);
#3906 = EDGE_CURVE('',#3907,#3404,#3909,.T.);
#3907 = VERTEX_POINT('',#3908);
#3908 = CARTESIAN_POINT('',(39.55,51.5,14.35));
#3909 = LINE('',#3910,#3911);
#3910 = CARTESIAN_POINT('',(39.55,51.5,14.25));
#3911 = VECTOR('',#3912,1.);
#3912 = DIRECTION('',(0.,0.,1.));
#3913 = ORIENTED_EDGE('',*,*,#3914,.T.);
#3914 = EDGE_CURVE('',#3907,#3907,#3915,.T.);
#3915 = CIRCLE('',#3916,1.15);
#3916 = AXIS2_PLACEMENT_3D('',#3917,#3918,#3919);
#3917 = CARTESIAN_POINT('',(38.4,51.5,14.35));
#3918 = DIRECTION('',(0.,0.,1.));
#3919 = DIRECTION('',(1.,0.,-0.));
#3920 = ORIENTED_EDGE('',*,*,#3906,.T.);
#3921 = CYLINDRICAL_SURFACE('',#3922,1.15);
#3922 = AXIS2_PLACEMENT_3D('',#3923,#3924,#3925);
#3923 = CARTESIAN_POINT('',(38.4,51.5,14.25));
#3924 = DIRECTION('',(0.,0.,1.));
#3925 = DIRECTION('',(1.,0.,-0.));
#3926 = ADVANCED_FACE('',(#3927),#3954,.F.);
#3927 = FACE_BOUND('',#3928,.T.);
#3928 = EDGE_LOOP('',(#3929,#3939,#3946,#3947));
#3929 = ORIENTED_EDGE('',*,*,#3930,.F.);
#3930 = EDGE_CURVE('',#3931,#3933,#3935,.T.);
#3931 = VERTEX_POINT('',#3932);
#3932 = CARTESIAN_POINT('',(34.,57.2,13.2));
#3933 = VERTEX_POINT('',#3934);
#3934 = CARTESIAN_POINT('',(34.,57.2,14.75));
#3935 = LINE('',#3936,#3937);
#3936 = CARTESIAN_POINT('',(34.,57.2,13.1));
#3937 = VECTOR('',#3938,1.);
#3938 = DIRECTION('',(0.,0.,1.));
#3939 = ORIENTED_EDGE('',*,*,#3940,.T.);
#3940 = EDGE_CURVE('',#3931,#2962,#3941,.T.);
#3941 = CIRCLE('',#3942,5.2);
#3942 = AXIS2_PLACEMENT_3D('',#3943,#3944,#3945);
#3943 = CARTESIAN_POINT('',(34.,52.,13.2));
#3944 = DIRECTION('',(0.,-0.,-1.));
#3945 = DIRECTION('',(1.,2.732856676E-15,-0.));
#3946 = ORIENTED_EDGE('',*,*,#2970,.F.);
#3947 = ORIENTED_EDGE('',*,*,#3948,.F.);
#3948 = EDGE_CURVE('',#3933,#2971,#3949,.T.);
#3949 = CIRCLE('',#3950,5.2);
#3950 = AXIS2_PLACEMENT_3D('',#3951,#3952,#3953);
#3951 = CARTESIAN_POINT('',(34.,52.,14.75));
#3952 = DIRECTION('',(0.,-0.,-1.));
#3953 = DIRECTION('',(1.,2.732856676E-15,-0.));
#3954 = CYLINDRICAL_SURFACE('',#3955,5.2);
#3955 = AXIS2_PLACEMENT_3D('',#3956,#3957,#3958);
#3956 = CARTESIAN_POINT('',(34.,52.,13.1));
#3957 = DIRECTION('',(-0.,-0.,-1.));
#3958 = DIRECTION('',(1.,2.732856676E-15,-0.));
#3959 = ADVANCED_FACE('',(#3960),#4004,.F.);
#3960 = FACE_BOUND('',#3961,.F.);
#3961 = EDGE_LOOP('',(#3962,#3963,#3972,#3980,#3987,#3988,#3997,#4003));
#3962 = ORIENTED_EDGE('',*,*,#2961,.F.);
#3963 = ORIENTED_EDGE('',*,*,#3964,.T.);
#3964 = EDGE_CURVE('',#2954,#3965,#3967,.T.);
#3965 = VERTEX_POINT('',#3966);
#3966 = CARTESIAN_POINT('',(34.,58.,13.2));
#3967 = CIRCLE('',#3968,6.);
#3968 = AXIS2_PLACEMENT_3D('',#3969,#3970,#3971);
#3969 = CARTESIAN_POINT('',(34.,52.,13.2));
#3970 = DIRECTION('',(0.,0.,1.));
#3971 = DIRECTION('',(1.,0.,-0.));
#3972 = ORIENTED_EDGE('',*,*,#3973,.T.);
#3973 = EDGE_CURVE('',#3965,#3974,#3976,.T.);
#3974 = VERTEX_POINT('',#3975);
#3975 = CARTESIAN_POINT('',(8.,58.,13.2));
#3976 = LINE('',#3977,#3978);
#3977 = CARTESIAN_POINT('',(34.,58.,13.2));
#3978 = VECTOR('',#3979,1.);
#3979 = DIRECTION('',(-1.,0.,0.));
#3980 = ORIENTED_EDGE('',*,*,#3981,.T.);
#3981 = EDGE_CURVE('',#3974,#3023,#3982,.T.);
#3982 = CIRCLE('',#3983,6.);
#3983 = AXIS2_PLACEMENT_3D('',#3984,#3985,#3986);
#3984 = CARTESIAN_POINT('',(8.,52.,13.2));
#3985 = DIRECTION('',(0.,0.,1.));
#3986 = DIRECTION('',(-5.921189464668E-16,1.,0.));
#3987 = ORIENTED_EDGE('',*,*,#3022,.F.);
#3988 = ORIENTED_EDGE('',*,*,#3989,.T.);
#3989 = EDGE_CURVE('',#3015,#3990,#3992,.T.);
#3990 = VERTEX_POINT('',#3991);
#3991 = CARTESIAN_POINT('',(8.,57.2,13.2));
#3992 = CIRCLE('',#3993,5.2);
#3993 = AXIS2_PLACEMENT_3D('',#3994,#3995,#3996);
#3994 = CARTESIAN_POINT('',(8.,52.,13.2));
#3995 = DIRECTION('',(-0.,0.,-1.));
#3996 = DIRECTION('',(-2.049642507E-15,1.,0.));
#3997 = ORIENTED_EDGE('',*,*,#3998,.T.);
#3998 = EDGE_CURVE('',#3990,#3931,#3999,.T.);
#3999 = LINE('',#4000,#4001);
#4000 = CARTESIAN_POINT('',(27.5,57.2,13.2));
#4001 = VECTOR('',#4002,1.);
#4002 = DIRECTION('',(1.,0.,-0.));
#4003 = ORIENTED_EDGE('',*,*,#3940,.T.);
#4004 = PLANE('',#4005);
#4005 = AXIS2_PLACEMENT_3D('',#4006,#4007,#4008);
#4006 = CARTESIAN_POINT('',(21.,30.,13.2));
#4007 = DIRECTION('',(0.,0.,1.));
#4008 = DIRECTION('',(1.,0.,-0.));
#4009 = ADVANCED_FACE('',(#4010),#4029,.T.);
#4010 = FACE_BOUND('',#4011,.F.);
#4011 = EDGE_LOOP('',(#4012,#4013,#4014,#4023));
#4012 = ORIENTED_EDGE('',*,*,#3964,.F.);
#4013 = ORIENTED_EDGE('',*,*,#2953,.F.);
#4014 = ORIENTED_EDGE('',*,*,#4015,.F.);
#4015 = EDGE_CURVE('',#4016,#2945,#4018,.T.);
#4016 = VERTEX_POINT('',#4017);
#4017 = CARTESIAN_POINT('',(34.,58.,14.35));
#4018 = CIRCLE('',#4019,6.);
#4019 = AXIS2_PLACEMENT_3D('',#4020,#4021,#4022);
#4020 = CARTESIAN_POINT('',(34.,52.,14.35));
#4021 = DIRECTION('',(0.,-0.,-1.));
#4022 = DIRECTION('',(1.,0.,-0.));
#4023 = ORIENTED_EDGE('',*,*,#4024,.F.);
#4024 = EDGE_CURVE('',#3965,#4016,#4025,.T.);
#4025 = LINE('',#4026,#4027);
#4026 = CARTESIAN_POINT('',(34.,58.,13.2));
#4027 = VECTOR('',#4028,1.);
#4028 = DIRECTION('',(0.,0.,1.));
#4029 = CYLINDRICAL_SURFACE('',#4030,6.);
#4030 = AXIS2_PLACEMENT_3D('',#4031,#4032,#4033);
#4031 = CARTESIAN_POINT('',(34.,52.,13.2));
#4032 = DIRECTION('',(-0.,-0.,-1.));
#4033 = DIRECTION('',(1.,0.,-0.));
#4034 = ADVANCED_FACE('',(#4035),#4053,.F.);
#4035 = FACE_BOUND('',#4036,.F.);
#4036 = EDGE_LOOP('',(#4037,#4038,#4039,#4047));
#4037 = ORIENTED_EDGE('',*,*,#3973,.F.);
#4038 = ORIENTED_EDGE('',*,*,#4024,.T.);
#4039 = ORIENTED_EDGE('',*,*,#4040,.T.);
#4040 = EDGE_CURVE('',#4016,#4041,#4043,.T.);
#4041 = VERTEX_POINT('',#4042);
#4042 = CARTESIAN_POINT('',(8.,58.,14.35));
#4043 = LINE('',#4044,#4045);
#4044 = CARTESIAN_POINT('',(27.5,58.,14.35));
#4045 = VECTOR('',#4046,1.);
#4046 = DIRECTION('',(-1.,0.,0.));
#4047 = ORIENTED_EDGE('',*,*,#4048,.F.);
#4048 = EDGE_CURVE('',#3974,#4041,#4049,.T.);
#4049 = LINE('',#4050,#4051);
#4050 = CARTESIAN_POINT('',(8.,58.,13.2));
#4051 = VECTOR('',#4052,1.);
#4052 = DIRECTION('',(0.,0.,1.));
#4053 = PLANE('',#4054);
#4054 = AXIS2_PLACEMENT_3D('',#4055,#4056,#4057);
#4055 = CARTESIAN_POINT('',(34.,58.,13.2));
#4056 = DIRECTION('',(0.,-1.,0.));
#4057 = DIRECTION('',(-1.,0.,0.));
#4058 = ADVANCED_FACE('',(#4059),#4071,.T.);
#4059 = FACE_BOUND('',#4060,.F.);
#4060 = EDGE_LOOP('',(#4061,#4062,#4063,#4070));
#4061 = ORIENTED_EDGE('',*,*,#3981,.F.);
#4062 = ORIENTED_EDGE('',*,*,#4048,.T.);
#4063 = ORIENTED_EDGE('',*,*,#4064,.F.);
#4064 = EDGE_CURVE('',#3032,#4041,#4065,.T.);
#4065 = CIRCLE('',#4066,6.);
#4066 = AXIS2_PLACEMENT_3D('',#4067,#4068,#4069);
#4067 = CARTESIAN_POINT('',(8.,52.,14.35));
#4068 = DIRECTION('',(-0.,0.,-1.));
#4069 = DIRECTION('',(-5.921189464668E-16,1.,0.));
#4070 = ORIENTED_EDGE('',*,*,#3031,.T.);
#4071 = CYLINDRICAL_SURFACE('',#4072,6.);
#4072 = AXIS2_PLACEMENT_3D('',#4073,#4074,#4075);
#4073 = CARTESIAN_POINT('',(8.,52.,13.2));
#4074 = DIRECTION('',(-0.,-0.,-1.));
#4075 = DIRECTION('',(-5.921189464668E-16,1.,0.));
#4076 = ADVANCED_FACE('',(#4077),#4096,.F.);
#4077 = FACE_BOUND('',#4078,.T.);
#4078 = EDGE_LOOP('',(#4079,#4080,#4081,#4089));
#4079 = ORIENTED_EDGE('',*,*,#3014,.T.);
#4080 = ORIENTED_EDGE('',*,*,#3989,.T.);
#4081 = ORIENTED_EDGE('',*,*,#4082,.T.);
#4082 = EDGE_CURVE('',#3990,#4083,#4085,.T.);
#4083 = VERTEX_POINT('',#4084);
#4084 = CARTESIAN_POINT('',(8.,57.2,14.75));
#4085 = LINE('',#4086,#4087);
#4086 = CARTESIAN_POINT('',(8.,57.2,13.1));
#4087 = VECTOR('',#4088,1.);
#4088 = DIRECTION('',(0.,0.,1.));
#4089 = ORIENTED_EDGE('',*,*,#4090,.F.);
#4090 = EDGE_CURVE('',#3004,#4083,#4091,.T.);
#4091 = CIRCLE('',#4092,5.2);
#4092 = AXIS2_PLACEMENT_3D('',#4093,#4094,#4095);
#4093 = CARTESIAN_POINT('',(8.,52.,14.75));
#4094 = DIRECTION('',(-0.,0.,-1.));
#4095 = DIRECTION('',(-2.049642507E-15,1.,0.));
#4096 = CYLINDRICAL_SURFACE('',#4097,5.2);
#4097 = AXIS2_PLACEMENT_3D('',#4098,#4099,#4100);
#4098 = CARTESIAN_POINT('',(8.,52.,13.1));
#4099 = DIRECTION('',(-0.,-0.,-1.));
#4100 = DIRECTION('',(-2.049642507E-15,1.,0.));
#4101 = ADVANCED_FACE('',(#4102),#4121,.F.);
#4102 = FACE_BOUND('',#4103,.F.);
#4103 = EDGE_LOOP('',(#4104,#4105,#4113,#4120));
#4104 = ORIENTED_EDGE('',*,*,#3296,.F.);
#4105 = ORIENTED_EDGE('',*,*,#4106,.F.);
#4106 = EDGE_CURVE('',#4107,#3297,#4109,.T.);
#4107 = VERTEX_POINT('',#4108);
#4108 = CARTESIAN_POINT('',(4.75,51.5,14.35));
#4109 = LINE('',#4110,#4111);
#4110 = CARTESIAN_POINT('',(4.75,51.5,14.25));
#4111 = VECTOR('',#4112,1.);
#4112 = DIRECTION('',(0.,0.,1.));
#4113 = ORIENTED_EDGE('',*,*,#4114,.T.);
#4114 = EDGE_CURVE('',#4107,#4107,#4115,.T.);
#4115 = CIRCLE('',#4116,1.15);
#4116 = AXIS2_PLACEMENT_3D('',#4117,#4118,#4119);
#4117 = CARTESIAN_POINT('',(3.6,51.5,14.35));
#4118 = DIRECTION('',(0.,0.,1.));
#4119 = DIRECTION('',(1.,0.,-0.));
#4120 = ORIENTED_EDGE('',*,*,#4106,.T.);
#4121 = CYLINDRICAL_SURFACE('',#4122,1.15);
#4122 = AXIS2_PLACEMENT_3D('',#4123,#4124,#4125);
#4123 = CARTESIAN_POINT('',(3.6,51.5,14.25));
#4124 = DIRECTION('',(0.,0.,1.));
#4125 = DIRECTION('',(1.,0.,-0.));
#4126 = ADVANCED_FACE('',(#4127),#4143,.F.);
#4127 = FACE_BOUND('',#4128,.F.);
#4128 = EDGE_LOOP('',(#4129,#4135,#4136,#4142));
#4129 = ORIENTED_EDGE('',*,*,#4130,.F.);
#4130 = EDGE_CURVE('',#3063,#3132,#4131,.T.);
#4131 = LINE('',#4132,#4133);
#4132 = CARTESIAN_POINT('',(2.,52.,13.2));
#4133 = VECTOR('',#4134,1.);
#4134 = DIRECTION('',(0.,-1.,0.));
#4135 = ORIENTED_EDGE('',*,*,#3062,.T.);
#4136 = ORIENTED_EDGE('',*,*,#4137,.T.);
#4137 = EDGE_CURVE('',#3065,#3141,#4138,.T.);
#4138 = LINE('',#4139,#4140);
#4139 = CARTESIAN_POINT('',(2.,41.,14.35));
#4140 = VECTOR('',#4141,1.);
#4141 = DIRECTION('',(0.,-1.,0.));
#4142 = ORIENTED_EDGE('',*,*,#3140,.F.);
#4143 = PLANE('',#4144);
#4144 = AXIS2_PLACEMENT_3D('',#4145,#4146,#4147);
#4145 = CARTESIAN_POINT('',(2.,52.,13.2));
#4146 = DIRECTION('',(1.,0.,-0.));
#4147 = DIRECTION('',(0.,-1.,0.));
#4148 = ADVANCED_FACE('',(#4149),#4165,.T.);
#4149 = FACE_BOUND('',#4150,.T.);
#4150 = EDGE_LOOP('',(#4151,#4152,#4158,#4159));
#4151 = ORIENTED_EDGE('',*,*,#3121,.F.);
#4152 = ORIENTED_EDGE('',*,*,#4153,.T.);
#4153 = EDGE_CURVE('',#3122,#3073,#4154,.T.);
#4154 = LINE('',#4155,#4156);
#4155 = CARTESIAN_POINT('',(2.8,41.,13.2));
#4156 = VECTOR('',#4157,1.);
#4157 = DIRECTION('',(-0.,1.,0.));
#4158 = ORIENTED_EDGE('',*,*,#3081,.T.);
#4159 = ORIENTED_EDGE('',*,*,#4160,.F.);
#4160 = EDGE_CURVE('',#3124,#3082,#4161,.T.);
#4161 = LINE('',#4162,#4163);
#4162 = CARTESIAN_POINT('',(2.8,41.,14.75));
#4163 = VECTOR('',#4164,1.);
#4164 = DIRECTION('',(-0.,1.,0.));
#4165 = PLANE('',#4166);
#4166 = AXIS2_PLACEMENT_3D('',#4167,#4168,#4169);
#4167 = CARTESIAN_POINT('',(2.8,52.,13.1));
#4168 = DIRECTION('',(1.,0.,-0.));
#4169 = DIRECTION('',(0.,-1.,0.));
#4170 = ADVANCED_FACE('',(#4171),#4177,.F.);
#4171 = FACE_BOUND('',#4172,.F.);
#4172 = EDGE_LOOP('',(#4173,#4174,#4175,#4176));
#4173 = ORIENTED_EDGE('',*,*,#3072,.F.);
#4174 = ORIENTED_EDGE('',*,*,#4130,.T.);
#4175 = ORIENTED_EDGE('',*,*,#3131,.F.);
#4176 = ORIENTED_EDGE('',*,*,#4153,.T.);
#4177 = PLANE('',#4178);
#4178 = AXIS2_PLACEMENT_3D('',#4179,#4180,#4181);
#4179 = CARTESIAN_POINT('',(21.,30.,13.2));
#4180 = DIRECTION('',(0.,0.,1.));
#4181 = DIRECTION('',(1.,0.,-0.));
#4182 = ADVANCED_FACE('',(#4183),#4202,.F.);
#4183 = FACE_BOUND('',#4184,.F.);
#4184 = EDGE_LOOP('',(#4185,#4186,#4194,#4201));
#4185 = ORIENTED_EDGE('',*,*,#3242,.F.);
#4186 = ORIENTED_EDGE('',*,*,#4187,.F.);
#4187 = EDGE_CURVE('',#4188,#3243,#4190,.T.);
#4188 = VERTEX_POINT('',#4189);
#4189 = CARTESIAN_POINT('',(4.75,8.5,14.35));
#4190 = LINE('',#4191,#4192);
#4191 = CARTESIAN_POINT('',(4.75,8.5,14.25));
#4192 = VECTOR('',#4193,1.);
#4193 = DIRECTION('',(0.,0.,1.));
#4194 = ORIENTED_EDGE('',*,*,#4195,.T.);
#4195 = EDGE_CURVE('',#4188,#4188,#4196,.T.);
#4196 = CIRCLE('',#4197,1.15);
#4197 = AXIS2_PLACEMENT_3D('',#4198,#4199,#4200);
#4198 = CARTESIAN_POINT('',(3.6,8.5,14.35));
#4199 = DIRECTION('',(0.,0.,1.));
#4200 = DIRECTION('',(1.,0.,-0.));
#4201 = ORIENTED_EDGE('',*,*,#4187,.T.);
#4202 = CYLINDRICAL_SURFACE('',#4203,1.15);
#4203 = AXIS2_PLACEMENT_3D('',#4204,#4205,#4206);
#4204 = CARTESIAN_POINT('',(3.6,8.5,14.25));
#4205 = DIRECTION('',(0.,0.,1.));
#4206 = DIRECTION('',(1.,0.,-0.));
#4207 = ADVANCED_FACE('',(#4208),#4220,.F.);
#4208 = FACE_BOUND('',#4209,.T.);
#4209 = EDGE_LOOP('',(#4210,#4211,#4212,#4213));
#4210 = ORIENTED_EDGE('',*,*,#3621,.F.);
#4211 = ORIENTED_EDGE('',*,*,#3661,.T.);
#4212 = ORIENTED_EDGE('',*,*,#3206,.F.);
#4213 = ORIENTED_EDGE('',*,*,#4214,.F.);
#4214 = EDGE_CURVE('',#3622,#3207,#4215,.T.);
#4215 = CIRCLE('',#4216,5.2);
#4216 = AXIS2_PLACEMENT_3D('',#4217,#4218,#4219);
#4217 = CARTESIAN_POINT('',(8.,8.,14.75));
#4218 = DIRECTION('',(-0.,0.,-1.));
#4219 = DIRECTION('',(-1.,-3.416070845E-16,0.));
#4220 = CYLINDRICAL_SURFACE('',#4221,5.2);
#4221 = AXIS2_PLACEMENT_3D('',#4222,#4223,#4224);
#4222 = CARTESIAN_POINT('',(8.,8.,13.1));
#4223 = DIRECTION('',(-0.,-0.,-1.));
#4224 = DIRECTION('',(-1.,-3.416070845E-16,0.));
#4225 = ADVANCED_FACE('',(#4226),#4238,.T.);
#4226 = FACE_BOUND('',#4227,.F.);
#4227 = EDGE_LOOP('',(#4228,#4229,#4230,#4237));
#4228 = ORIENTED_EDGE('',*,*,#3644,.F.);
#4229 = ORIENTED_EDGE('',*,*,#3189,.F.);
#4230 = ORIENTED_EDGE('',*,*,#4231,.F.);
#4231 = EDGE_CURVE('',#3678,#3181,#4232,.T.);
#4232 = CIRCLE('',#4233,6.);
#4233 = AXIS2_PLACEMENT_3D('',#4234,#4235,#4236);
#4234 = CARTESIAN_POINT('',(8.,8.,14.35));
#4235 = DIRECTION('',(-0.,0.,-1.));
#4236 = DIRECTION('',(-1.,0.,0.));
#4237 = ORIENTED_EDGE('',*,*,#3677,.F.);
#4238 = CYLINDRICAL_SURFACE('',#4239,6.);
#4239 = AXIS2_PLACEMENT_3D('',#4240,#4241,#4242);
#4240 = CARTESIAN_POINT('',(8.,8.,13.2));
#4241 = DIRECTION('',(-0.,-0.,-1.));
#4242 = DIRECTION('',(-1.,0.,0.));
#4243 = ADVANCED_FACE('',(#4244),#4269,.F.);
#4244 = FACE_BOUND('',#4245,.F.);
#4245 = EDGE_LOOP('',(#4246,#4247,#4255,#4263));
#4246 = ORIENTED_EDGE('',*,*,#3368,.F.);
#4247 = ORIENTED_EDGE('',*,*,#4248,.T.);
#4248 = EDGE_CURVE('',#3369,#4249,#4251,.T.);
#4249 = VERTEX_POINT('',#4250);
#4250 = CARTESIAN_POINT('',(25.405331375839,52.681342281879,20.));
#4251 = LINE('',#4252,#4253);
#4252 = CARTESIAN_POINT('',(25.405331375839,52.681342281879,19.6));
#4253 = VECTOR('',#4254,1.);
#4254 = DIRECTION('',(0.,0.,1.));
#4255 = ORIENTED_EDGE('',*,*,#4256,.F.);
#4256 = EDGE_CURVE('',#4257,#4249,#4259,.T.);
#4257 = VERTEX_POINT('',#4258);
#4258 = CARTESIAN_POINT('',(26.486161912752,52.681342281879,20.));
#4259 = LINE('',#4260,#4261);
#4260 = CARTESIAN_POINT('',(23.202665687919,52.681342281879,20.));
#4261 = VECTOR('',#4262,1.);
#4262 = DIRECTION('',(-1.,0.,0.));
#4263 = ORIENTED_EDGE('',*,*,#4264,.F.);
#4264 = EDGE_CURVE('',#3371,#4257,#4265,.T.);
#4265 = LINE('',#4266,#4267);
#4266 = CARTESIAN_POINT('',(26.486161912752,52.681342281879,19.6));
#4267 = VECTOR('',#4268,1.);
#4268 = DIRECTION('',(0.,0.,1.));
#4269 = PLANE('',#4270);
#4270 = AXIS2_PLACEMENT_3D('',#4271,#4272,#4273);
#4271 = CARTESIAN_POINT('',(25.405331375839,52.681342281879,19.6));
#4272 = DIRECTION('',(0.,1.,0.));
#4273 = DIRECTION('',(1.,0.,0.));
#4274 = ADVANCED_FACE('',(#4275),#4293,.F.);
#4275 = FACE_BOUND('',#4276,.F.);
#4276 = EDGE_LOOP('',(#4277,#4278,#4279,#4287));
#4277 = ORIENTED_EDGE('',*,*,#3378,.F.);
#4278 = ORIENTED_EDGE('',*,*,#4264,.T.);
#4279 = ORIENTED_EDGE('',*,*,#4280,.F.);
#4280 = EDGE_CURVE('',#4281,#4257,#4283,.T.);
#4281 = VERTEX_POINT('',#4282);
#4282 = CARTESIAN_POINT('',(25.94706795302,54.249295302013,20.));
#4283 = LINE('',#4284,#4285);
#4284 = CARTESIAN_POINT('',(29.683127204997,43.382979176982,20.));
#4285 = VECTOR('',#4286,1.);
#4286 = DIRECTION('',(0.325139159103,-0.945666181704,0.));
#4287 = ORIENTED_EDGE('',*,*,#4288,.F.);
#4288 = EDGE_CURVE('',#3379,#4281,#4289,.T.);
#4289 = LINE('',#4290,#4291);
#4290 = CARTESIAN_POINT('',(25.94706795302,54.249295302013,19.6));
#4291 = VECTOR('',#4292,1.);
#4292 = DIRECTION('',(0.,0.,1.));
#4293 = PLANE('',#4294);
#4294 = AXIS2_PLACEMENT_3D('',#4295,#4296,#4297);
#4295 = CARTESIAN_POINT('',(26.486161912752,52.681342281879,19.6));
#4296 = DIRECTION('',(-0.945666181704,-0.325139159103,0.));
#4297 = DIRECTION('',(-0.325139159103,0.945666181704,0.));
#4298 = ADVANCED_FACE('',(#4299),#4310,.F.);
#4299 = FACE_BOUND('',#4300,.F.);
#4300 = EDGE_LOOP('',(#4301,#4302,#4303,#4309));
#4301 = ORIENTED_EDGE('',*,*,#3386,.F.);
#4302 = ORIENTED_EDGE('',*,*,#4288,.T.);
#4303 = ORIENTED_EDGE('',*,*,#4304,.F.);
#4304 = EDGE_CURVE('',#4249,#4281,#4305,.T.);
#4305 = LINE('',#4306,#4307);
#4306 = CARTESIAN_POINT('',(21.940891892167,42.654184101496,20.));
#4307 = VECTOR('',#4308,1.);
#4308 = DIRECTION('',(0.326563378352,0.945175306448,-0.));
#4309 = ORIENTED_EDGE('',*,*,#4248,.F.);
#4310 = PLANE('',#4311);
#4311 = AXIS2_PLACEMENT_3D('',#4312,#4313,#4314);
#4312 = CARTESIAN_POINT('',(25.94706795302,54.249295302013,19.6));
#4313 = DIRECTION('',(0.945175306448,-0.326563378352,0.));
#4314 = DIRECTION('',(-0.326563378352,-0.945175306448,0.));
#4315 = ADVANCED_FACE('',(#4316),#4322,.F.);
#4316 = FACE_BOUND('',#4317,.F.);
#4317 = EDGE_LOOP('',(#4318,#4319,#4320,#4321));
#4318 = ORIENTED_EDGE('',*,*,#3476,.F.);
#4319 = ORIENTED_EDGE('',*,*,#3428,.T.);
#4320 = ORIENTED_EDGE('',*,*,#3452,.T.);
#4321 = ORIENTED_EDGE('',*,*,#3500,.F.);
#4322 = PLANE('',#4323);
#4323 = AXIS2_PLACEMENT_3D('',#4324,#4325,#4326);
#4324 = CARTESIAN_POINT('',(8.,6.3,12.8));
#4325 = DIRECTION('',(0.,0.,1.));
#4326 = DIRECTION('',(1.,0.,-0.));
#4327 = ADVANCED_FACE('',(#4328),#4334,.F.);
#4328 = FACE_BOUND('',#4329,.F.);
#4329 = EDGE_LOOP('',(#4330,#4331,#4332,#4333));
#4330 = ORIENTED_EDGE('',*,*,#3596,.F.);
#4331 = ORIENTED_EDGE('',*,*,#3524,.T.);
#4332 = ORIENTED_EDGE('',*,*,#3548,.T.);
#4333 = ORIENTED_EDGE('',*,*,#3572,.F.);
#4334 = PLANE('',#4335);
#4335 = AXIS2_PLACEMENT_3D('',#4336,#4337,#4338);
#4336 = CARTESIAN_POINT('',(31.8,6.3,12.8));
#4337 = DIRECTION('',(0.,0.,1.));
#4338 = DIRECTION('',(1.,0.,-0.));
#4339 = ADVANCED_FACE('',(#4340),#4351,.T.);
#4340 = FACE_BOUND('',#4341,.T.);
#4341 = EDGE_LOOP('',(#4342,#4343,#4344,#4350));
#4342 = ORIENTED_EDGE('',*,*,#3998,.T.);
#4343 = ORIENTED_EDGE('',*,*,#3930,.T.);
#4344 = ORIENTED_EDGE('',*,*,#4345,.F.);
#4345 = EDGE_CURVE('',#4083,#3933,#4346,.T.);
#4346 = LINE('',#4347,#4348);
#4347 = CARTESIAN_POINT('',(27.5,57.2,14.75));
#4348 = VECTOR('',#4349,1.);
#4349 = DIRECTION('',(1.,0.,-0.));
#4350 = ORIENTED_EDGE('',*,*,#4082,.F.);
#4351 = PLANE('',#4352);
#4352 = AXIS2_PLACEMENT_3D('',#4353,#4354,#4355);
#4353 = CARTESIAN_POINT('',(34.,57.2,13.1));
#4354 = DIRECTION('',(0.,-1.,0.));
#4355 = DIRECTION('',(-1.,0.,0.));
#4356 = ADVANCED_FACE('',(#4357),#4362,.T.);
#4357 = FACE_BOUND('',#4358,.T.);
#4358 = EDGE_LOOP('',(#4359,#4360,#4361));
#4359 = ORIENTED_EDGE('',*,*,#4256,.F.);
#4360 = ORIENTED_EDGE('',*,*,#4280,.F.);
#4361 = ORIENTED_EDGE('',*,*,#4304,.F.);
#4362 = PLANE('',#4363);
#4363 = AXIS2_PLACEMENT_3D('',#4364,#4365,#4366);
#4364 = CARTESIAN_POINT('',(21.,30.,20.));
#4365 = DIRECTION('',(0.,0.,1.));
#4366 = DIRECTION('',(1.,0.,-0.));
#4367 = ADVANCED_FACE('',(#4368,#4449,#4452,#4455,#4458),#4461,.T.);
#4368 = FACE_BOUND('',#4369,.T.);
#4369 = EDGE_LOOP('',(#4370,#4371,#4372,#4373,#4374,#4375,#4376,#4377,
    #4378,#4384,#4385,#4386,#4387,#4388,#4389,#4390,#4391,#4392,#4393,
    #4394,#4395,#4396,#4397,#4398,#4399,#4400,#4401,#4402,#4403,#4404,
    #4413,#4420,#4421,#4422,#4423,#4424,#4425,#4434,#4441,#4442,#4443,
    #4444,#4445,#4446,#4447,#4448));
#4370 = ORIENTED_EDGE('',*,*,#729,.F.);
#4371 = ORIENTED_EDGE('',*,*,#754,.F.);
#4372 = ORIENTED_EDGE('',*,*,#778,.F.);
#4373 = ORIENTED_EDGE('',*,*,#803,.F.);
#4374 = ORIENTED_EDGE('',*,*,#827,.F.);
#4375 = ORIENTED_EDGE('',*,*,#845,.F.);
#4376 = ORIENTED_EDGE('',*,*,#230,.F.);
#4377 = ORIENTED_EDGE('',*,*,#55,.F.);
#4378 = ORIENTED_EDGE('',*,*,#4379,.T.);
#4379 = EDGE_CURVE('',#56,#878,#4380,.T.);
#4380 = LINE('',#4381,#4382);
#4381 = CARTESIAN_POINT('',(29.8,14.5,14.35));
#4382 = VECTOR('',#4383,1.);
#4383 = DIRECTION('',(-0.,1.,0.));
#4384 = ORIENTED_EDGE('',*,*,#877,.F.);
#4385 = ORIENTED_EDGE('',*,*,#2668,.T.);
#4386 = ORIENTED_EDGE('',*,*,#3766,.T.);
#4387 = ORIENTED_EDGE('',*,*,#3790,.F.);
#4388 = ORIENTED_EDGE('',*,*,#2768,.T.);
#4389 = ORIENTED_EDGE('',*,*,#959,.F.);
#4390 = ORIENTED_EDGE('',*,*,#2715,.F.);
#4391 = ORIENTED_EDGE('',*,*,#2499,.F.);
#4392 = ORIENTED_EDGE('',*,*,#2853,.T.);
#4393 = ORIENTED_EDGE('',*,*,#3856,.T.);
#4394 = ORIENTED_EDGE('',*,*,#2895,.T.);
#4395 = ORIENTED_EDGE('',*,*,#2467,.F.);
#4396 = ORIENTED_EDGE('',*,*,#2792,.F.);
#4397 = ORIENTED_EDGE('',*,*,#2590,.F.);
#4398 = ORIENTED_EDGE('',*,*,#2944,.T.);
#4399 = ORIENTED_EDGE('',*,*,#4015,.F.);
#4400 = ORIENTED_EDGE('',*,*,#4040,.T.);
#4401 = ORIENTED_EDGE('',*,*,#4064,.F.);
#4402 = ORIENTED_EDGE('',*,*,#3039,.T.);
#4403 = ORIENTED_EDGE('',*,*,#2530,.F.);
#4404 = ORIENTED_EDGE('',*,*,#4405,.F.);
#4405 = EDGE_CURVE('',#4406,#2523,#4408,.T.);
#4406 = VERTEX_POINT('',#4407);
#4407 = CARTESIAN_POINT('',(5.8,51.5,14.35));
#4408 = CIRCLE('',#4409,2.2);
#4409 = AXIS2_PLACEMENT_3D('',#4410,#4411,#4412);
#4410 = CARTESIAN_POINT('',(3.6,51.5,14.35));
#4411 = DIRECTION('',(0.,0.,1.));
#4412 = DIRECTION('',(1.,0.,-0.));
#4413 = ORIENTED_EDGE('',*,*,#4414,.F.);
#4414 = EDGE_CURVE('',#2437,#4406,#4415,.T.);
#4415 = CIRCLE('',#4416,2.2);
#4416 = AXIS2_PLACEMENT_3D('',#4417,#4418,#4419);
#4417 = CARTESIAN_POINT('',(3.6,51.5,14.35));
#4418 = DIRECTION('',(0.,0.,1.));
#4419 = DIRECTION('',(1.,0.,-0.));
#4420 = ORIENTED_EDGE('',*,*,#2436,.F.);
#4421 = ORIENTED_EDGE('',*,*,#3106,.T.);
#4422 = ORIENTED_EDGE('',*,*,#4137,.T.);
#4423 = ORIENTED_EDGE('',*,*,#3148,.T.);
#4424 = ORIENTED_EDGE('',*,*,#2404,.F.);
#4425 = ORIENTED_EDGE('',*,*,#4426,.F.);
#4426 = EDGE_CURVE('',#4427,#2397,#4429,.T.);
#4427 = VERTEX_POINT('',#4428);
#4428 = CARTESIAN_POINT('',(5.8,8.5,14.35));
#4429 = CIRCLE('',#4430,2.2);
#4430 = AXIS2_PLACEMENT_3D('',#4431,#4432,#4433);
#4431 = CARTESIAN_POINT('',(3.6,8.5,14.35));
#4432 = DIRECTION('',(0.,0.,1.));
#4433 = DIRECTION('',(1.,0.,-0.));
#4434 = ORIENTED_EDGE('',*,*,#4435,.F.);
#4435 = EDGE_CURVE('',#1017,#4427,#4436,.T.);
#4436 = CIRCLE('',#4437,2.2);
#4437 = AXIS2_PLACEMENT_3D('',#4438,#4439,#4440);
#4438 = CARTESIAN_POINT('',(3.6,8.5,14.35));
#4439 = DIRECTION('',(0.,0.,1.));
#4440 = DIRECTION('',(1.,0.,-0.));
#4441 = ORIENTED_EDGE('',*,*,#1016,.F.);
#4442 = ORIENTED_EDGE('',*,*,#3180,.T.);
#4443 = ORIENTED_EDGE('',*,*,#4231,.F.);
#4444 = ORIENTED_EDGE('',*,*,#3685,.T.);
#4445 = ORIENTED_EDGE('',*,*,#2621,.F.);
#4446 = ORIENTED_EDGE('',*,*,#895,.F.);
#4447 = ORIENTED_EDGE('',*,*,#118,.F.);
#4448 = ORIENTED_EDGE('',*,*,#21,.F.);
#4449 = FACE_BOUND('',#4450,.T.);
#4450 = EDGE_LOOP('',(#4451));
#4451 = ORIENTED_EDGE('',*,*,#4195,.T.);
#4452 = FACE_BOUND('',#4453,.T.);
#4453 = EDGE_LOOP('',(#4454));
#4454 = ORIENTED_EDGE('',*,*,#3833,.T.);
#4455 = FACE_BOUND('',#4456,.T.);
#4456 = EDGE_LOOP('',(#4457));
#4457 = ORIENTED_EDGE('',*,*,#4114,.T.);
#4458 = FACE_BOUND('',#4459,.T.);
#4459 = EDGE_LOOP('',(#4460));
#4460 = ORIENTED_EDGE('',*,*,#3914,.T.);
#4461 = PLANE('',#4462);
#4462 = AXIS2_PLACEMENT_3D('',#4463,#4464,#4465);
#4463 = CARTESIAN_POINT('',(20.920303088907,32.462815934801,14.35));
#4464 = DIRECTION('',(-0.,-0.,-1.));
#4465 = DIRECTION('',(-1.,0.,0.));
#4466 = ADVANCED_FACE('',(#4467),#4473,.T.);
#4467 = FACE_BOUND('',#4468,.T.);
#4468 = EDGE_LOOP('',(#4469,#4470,#4471,#4472));
#4469 = ORIENTED_EDGE('',*,*,#190,.T.);
#4470 = ORIENTED_EDGE('',*,*,#885,.T.);
#4471 = ORIENTED_EDGE('',*,*,#4379,.F.);
#4472 = ORIENTED_EDGE('',*,*,#63,.F.);
#4473 = PLANE('',#4474);
#4474 = AXIS2_PLACEMENT_3D('',#4475,#4476,#4477);
#4475 = CARTESIAN_POINT('',(29.8,0.9,16.225));
#4476 = DIRECTION('',(-1.,-0.,-0.));
#4477 = DIRECTION('',(0.,0.,-1.));
#4478 = ADVANCED_FACE('',(#4479),#4488,.T.);
#4479 = FACE_BOUND('',#4480,.T.);
#4480 = EDGE_LOOP('',(#4481,#4482,#4483,#4484,#4485,#4486,#4487));
#4481 = ORIENTED_EDGE('',*,*,#2700,.F.);
#4482 = ORIENTED_EDGE('',*,*,#859,.T.);
#4483 = ORIENTED_EDGE('',*,*,#976,.F.);
#4484 = ORIENTED_EDGE('',*,*,#2776,.F.);
#4485 = ORIENTED_EDGE('',*,*,#2732,.F.);
#4486 = ORIENTED_EDGE('',*,*,#3809,.T.);
#4487 = ORIENTED_EDGE('',*,*,#3717,.T.);
#4488 = PLANE('',#4489);
#4489 = AXIS2_PLACEMENT_3D('',#4490,#4491,#4492);
#4490 = CARTESIAN_POINT('',(35.38439144411,3.374342115287,14.75));
#4491 = DIRECTION('',(0.,4.161166558841E-16,1.));
#4492 = DIRECTION('',(0.,1.,-4.161166558841E-16));
#4493 = ADVANCED_FACE('',(#4494),#4503,.T.);
#4494 = FACE_BOUND('',#4495,.T.);
#4495 = EDGE_LOOP('',(#4496,#4497,#4498,#4499,#4500,#4501,#4502));
#4496 = ORIENTED_EDGE('',*,*,#3223,.F.);
#4497 = ORIENTED_EDGE('',*,*,#999,.F.);
#4498 = ORIENTED_EDGE('',*,*,#911,.T.);
#4499 = ORIENTED_EDGE('',*,*,#2653,.T.);
#4500 = ORIENTED_EDGE('',*,*,#3629,.T.);
#4501 = ORIENTED_EDGE('',*,*,#4214,.T.);
#4502 = ORIENTED_EDGE('',*,*,#3214,.F.);
#4503 = PLANE('',#4504);
#4504 = AXIS2_PLACEMENT_3D('',#4505,#4506,#4507);
#4505 = CARTESIAN_POINT('',(6.61560855589,3.374342115287,14.75));
#4506 = DIRECTION('',(0.,4.161166558841E-16,1.));
#4507 = DIRECTION('',(0.,1.,-4.161166558841E-16));
#4508 = ADVANCED_FACE('',(#4509),#4517,.T.);
#4509 = FACE_BOUND('',#4510,.T.);
#4510 = EDGE_LOOP('',(#4511,#4512,#4513,#4514,#4515,#4516));
#4511 = ORIENTED_EDGE('',*,*,#2845,.F.);
#4512 = ORIENTED_EDGE('',*,*,#2483,.T.);
#4513 = ORIENTED_EDGE('',*,*,#2903,.F.);
#4514 = ORIENTED_EDGE('',*,*,#2912,.F.);
#4515 = ORIENTED_EDGE('',*,*,#3879,.T.);
#4516 = ORIENTED_EDGE('',*,*,#2836,.F.);
#4517 = PLANE('',#4518);
#4518 = AXIS2_PLACEMENT_3D('',#4519,#4520,#4521);
#4519 = CARTESIAN_POINT('',(39.708622196686,30.,14.75));
#4520 = DIRECTION('',(-1.77379613421E-15,0.,1.));
#4521 = DIRECTION('',(1.,0.,1.77379613421E-15));
#4522 = ADVANCED_FACE('',(#4523),#4535,.T.);
#4523 = FACE_BOUND('',#4524,.T.);
#4524 = EDGE_LOOP('',(#4525,#4526,#4527,#4528,#4529,#4530,#4531,#4532,
    #4533,#4534));
#4525 = ORIENTED_EDGE('',*,*,#2987,.F.);
#4526 = ORIENTED_EDGE('',*,*,#2571,.F.);
#4527 = ORIENTED_EDGE('',*,*,#2928,.T.);
#4528 = ORIENTED_EDGE('',*,*,#2547,.F.);
#4529 = ORIENTED_EDGE('',*,*,#3047,.F.);
#4530 = ORIENTED_EDGE('',*,*,#3003,.F.);
#4531 = ORIENTED_EDGE('',*,*,#4090,.T.);
#4532 = ORIENTED_EDGE('',*,*,#4345,.T.);
#4533 = ORIENTED_EDGE('',*,*,#3948,.T.);
#4534 = ORIENTED_EDGE('',*,*,#2978,.F.);
#4535 = PLANE('',#4536);
#4536 = AXIS2_PLACEMENT_3D('',#4537,#4538,#4539);
#4537 = CARTESIAN_POINT('',(21.,57.068123930101,14.75));
#4538 = DIRECTION('',(0.,0.,1.));
#4539 = DIRECTION('',(1.,0.,-0.));
#4540 = ADVANCED_FACE('',(#4541),#4549,.T.);
#4541 = FACE_BOUND('',#4542,.T.);
#4542 = EDGE_LOOP('',(#4543,#4544,#4545,#4546,#4547,#4548));
#4543 = ORIENTED_EDGE('',*,*,#3098,.F.);
#4544 = ORIENTED_EDGE('',*,*,#2420,.T.);
#4545 = ORIENTED_EDGE('',*,*,#3156,.F.);
#4546 = ORIENTED_EDGE('',*,*,#3165,.F.);
#4547 = ORIENTED_EDGE('',*,*,#4160,.T.);
#4548 = ORIENTED_EDGE('',*,*,#3089,.F.);
#4549 = PLANE('',#4550);
#4550 = AXIS2_PLACEMENT_3D('',#4551,#4552,#4553);
#4551 = CARTESIAN_POINT('',(2.291377803314,30.,14.75));
#4552 = DIRECTION('',(1.77379613421E-15,0.,1.));
#4553 = DIRECTION('',(1.,0.,-1.77379613421E-15));
#4554 = ADVANCED_FACE('',(#4555),#4563,.T.);
#4555 = FACE_BOUND('',#4556,.T.);
#4556 = EDGE_LOOP('',(#4557,#4558,#4559,#4560,#4561,#4562));
#4557 = ORIENTED_EDGE('',*,*,#2283,.F.);
#4558 = ORIENTED_EDGE('',*,*,#2444,.F.);
#4559 = ORIENTED_EDGE('',*,*,#4414,.T.);
#4560 = ORIENTED_EDGE('',*,*,#4405,.T.);
#4561 = ORIENTED_EDGE('',*,*,#2522,.F.);
#4562 = ORIENTED_EDGE('',*,*,#2274,.F.);
#4563 = CYLINDRICAL_SURFACE('',#4564,2.2);
#4564 = AXIS2_PLACEMENT_3D('',#4565,#4566,#4567);
#4565 = CARTESIAN_POINT('',(3.6,51.5,14.35));
#4566 = DIRECTION('',(0.,0.,1.));
#4567 = DIRECTION('',(1.,0.,-0.));
#4568 = ADVANCED_FACE('',(#4569),#4577,.T.);
#4569 = FACE_BOUND('',#4570,.T.);
#4570 = EDGE_LOOP('',(#4571,#4572,#4573,#4574,#4575,#4576));
#4571 = ORIENTED_EDGE('',*,*,#2210,.F.);
#4572 = ORIENTED_EDGE('',*,*,#1025,.T.);
#4573 = ORIENTED_EDGE('',*,*,#4435,.T.);
#4574 = ORIENTED_EDGE('',*,*,#4426,.T.);
#4575 = ORIENTED_EDGE('',*,*,#2396,.T.);
#4576 = ORIENTED_EDGE('',*,*,#2300,.F.);
#4577 = CYLINDRICAL_SURFACE('',#4578,2.2);
#4578 = AXIS2_PLACEMENT_3D('',#4579,#4580,#4581);
#4579 = CARTESIAN_POINT('',(3.6,8.5,14.35));
#4580 = DIRECTION('',(0.,0.,1.));
#4581 = DIRECTION('',(1.,0.,-0.));
#4582 = ( GEOMETRIC_REPRESENTATION_CONTEXT(3) 
GLOBAL_UNCERTAINTY_ASSIGNED_CONTEXT((#4586)) 
GLOBAL_UNIT_ASSIGNED_CONTEXT((#4583,#4584,#4585)) REPRESENTATION_CONTEXT
('Context #1','3D Context with UNIT and UNCERTAINTY') );
#4583 = ( LENGTH_UNIT() NAMED_UNIT(*) SI_UNIT(.MILLI.,.METRE.) );
#4584 = ( NAMED_UNIT(*) PLANE_ANGLE_UNIT() SI_UNIT($,.RADIAN.) );
#4585 = ( NAMED_UNIT(*) SI_UNIT($,.STERADIAN.) SOLID_ANGLE_UNIT() );
#4586 = UNCERTAINTY_MEASURE_WITH_UNIT(LENGTH_MEASURE(1.E-07),#4583,
  'distance_accuracy_value','confusion accuracy');
#4587 = PRODUCT_RELATED_PRODUCT_CATEGORY('part',$,(#7));
ENDSEC;
END-ISO-10303-21;
