ISO-10303-21;
HEADER;
FILE_DESCRIPTION(('FreeCAD Model'),'2;1');
FILE_NAME('Open CASCADE Shape Model','2026-09-28T04:10:27',('FreeCAD'),(
    'FreeCAD'),'Open CASCADE STEP processor 7.9','FreeCAD','Unknown');
FILE_SCHEMA(('AUTOMOTIVE_DESIGN { 1 0 10303 214 1 1 1 1 }'));
ENDSEC;
DATA;
#1 = APPLICATION_PROTOCOL_DEFINITION('international standard',
  'automotive_design',2000,#2);
#2 = APPLICATION_CONTEXT(
  'core data for automotive mechanical design processes');
#3 = SHAPE_DEFINITION_REPRESENTATION(#4,#10);
#4 = PRODUCT_DEFINITION_SHAPE('','',#5);
#5 = PRODUCT_DEFINITION('design','',#6,#9);
#6 = PRODUCT_DEFINITION_FORMATION('','',#7);
#7 = PRODUCT('Open CASCADE STEP translator 7.9 5',
  'Open CASCADE STEP translator 7.9 5','',(#8));
#8 = PRODUCT_CONTEXT('',#2,'mechanical');
#9 = PRODUCT_DEFINITION_CONTEXT('part definition',#2,'design');
#10 = ADVANCED_BREP_SHAPE_REPRESENTATION('',(#11,#15),#3429);
#11 = AXIS2_PLACEMENT_3D('',#12,#13,#14);
#12 = CARTESIAN_POINT('',(0.,0.,0.));
#13 = DIRECTION('',(0.,0.,1.));
#14 = DIRECTION('',(1.,0.,-0.));
#15 = MANIFOLD_SOLID_BREP('',#16);
#16 = CLOSED_SHELL('',(#17,#57,#90,#123,#154,#185,#216,#247,#280,#313,
    #344,#384,#408,#439,#472,#503,#770,#801,#825,#849,#883,#906,#946,
    #977,#1008,#1039,#1061,#1092,#1116,#1140,#1174,#1197,#1229,#1253,
    #1278,#1302,#1327,#1351,#1376,#1393,#1425,#1449,#1474,#1498,#1523,
    #1547,#1572,#1589,#1980,#2020,#2051,#2082,#2113,#2144,#2166,#2197,
    #2228,#2259,#2290,#2321,#2352,#2383,#2414,#2438,#2464,#2490,#2514,
    #2538,#2562,#2588,#2614,#2640,#2666,#2692,#2718,#2742,#2766,#2783,
    #2865,#2907,#2942,#2977,#3012,#3036,#3060,#3077,#3092,#3117,#3126,
    #3157,#3181,#3205,#3222,#3234,#3253,#3279,#3305,#3328,#3351,#3367,
    #3383,#3395,#3412));
#17 = ADVANCED_FACE('',(#18),#52,.F.);
#18 = FACE_BOUND('',#19,.F.);
#19 = EDGE_LOOP('',(#20,#30,#38,#46));
#20 = ORIENTED_EDGE('',*,*,#21,.T.);
#21 = EDGE_CURVE('',#22,#24,#26,.T.);
#22 = VERTEX_POINT('',#23);
#23 = CARTESIAN_POINT('',(3.,1.,-3.4));
#24 = VERTEX_POINT('',#25);
#25 = CARTESIAN_POINT('',(3.,1.,-0.4));
#26 = LINE('',#27,#28);
#27 = CARTESIAN_POINT('',(3.,1.,-3.4));
#28 = VECTOR('',#29,1.);
#29 = DIRECTION('',(0.,0.,1.));
#30 = ORIENTED_EDGE('',*,*,#31,.T.);
#31 = EDGE_CURVE('',#24,#32,#34,.T.);
#32 = VERTEX_POINT('',#33);
#33 = CARTESIAN_POINT('',(39.,1.,-0.4));
#34 = LINE('',#35,#36);
#35 = CARTESIAN_POINT('',(3.,1.,-0.4));
#36 = VECTOR('',#37,1.);
#37 = DIRECTION('',(1.,0.,0.));
#38 = ORIENTED_EDGE('',*,*,#39,.F.);
#39 = EDGE_CURVE('',#40,#32,#42,.T.);
#40 = VERTEX_POINT('',#41);
#41 = CARTESIAN_POINT('',(39.,1.,-3.4));
#42 = LINE('',#43,#44);
#43 = CARTESIAN_POINT('',(39.,1.,-3.4));
#44 = VECTOR('',#45,1.);
#45 = DIRECTION('',(0.,0.,1.));
#46 = ORIENTED_EDGE('',*,*,#47,.F.);
#47 = EDGE_CURVE('',#22,#40,#48,.T.);
#48 = LINE('',#49,#50);
#49 = CARTESIAN_POINT('',(3.,1.,-3.4));
#50 = VECTOR('',#51,1.);
#51 = DIRECTION('',(1.,0.,0.));
#52 = PLANE('',#53);
#53 = AXIS2_PLACEMENT_3D('',#54,#55,#56);
#54 = CARTESIAN_POINT('',(3.,1.,-3.4));
#55 = DIRECTION('',(0.,1.,0.));
#56 = DIRECTION('',(1.,0.,0.));
#57 = ADVANCED_FACE('',(#58),#85,.T.);
#58 = FACE_BOUND('',#59,.F.);
#59 = EDGE_LOOP('',(#60,#70,#77,#78));
#60 = ORIENTED_EDGE('',*,*,#61,.T.);
#61 = EDGE_CURVE('',#62,#64,#66,.T.);
#62 = VERTEX_POINT('',#63);
#63 = CARTESIAN_POINT('',(-3.,7.,-3.4));
#64 = VERTEX_POINT('',#65);
#65 = CARTESIAN_POINT('',(-3.,7.,-0.4));
#66 = LINE('',#67,#68);
#67 = CARTESIAN_POINT('',(-3.,7.,-3.4));
#68 = VECTOR('',#69,1.);
#69 = DIRECTION('',(0.,0.,1.));
#70 = ORIENTED_EDGE('',*,*,#71,.T.);
#71 = EDGE_CURVE('',#64,#24,#72,.T.);
#72 = CIRCLE('',#73,6.);
#73 = AXIS2_PLACEMENT_3D('',#74,#75,#76);
#74 = CARTESIAN_POINT('',(3.,7.,-0.4));
#75 = DIRECTION('',(0.,0.,1.));
#76 = DIRECTION('',(-1.,0.,0.));
#77 = ORIENTED_EDGE('',*,*,#21,.F.);
#78 = ORIENTED_EDGE('',*,*,#79,.F.);
#79 = EDGE_CURVE('',#62,#22,#80,.T.);
#80 = CIRCLE('',#81,6.);
#81 = AXIS2_PLACEMENT_3D('',#82,#83,#84);
#82 = CARTESIAN_POINT('',(3.,7.,-3.4));
#83 = DIRECTION('',(0.,0.,1.));
#84 = DIRECTION('',(-1.,0.,0.));
#85 = CYLINDRICAL_SURFACE('',#86,6.);
#86 = AXIS2_PLACEMENT_3D('',#87,#88,#89);
#87 = CARTESIAN_POINT('',(3.,7.,-3.4));
#88 = DIRECTION('',(-0.,-0.,-1.));
#89 = DIRECTION('',(-1.,0.,0.));
#90 = ADVANCED_FACE('',(#91),#118,.T.);
#91 = FACE_BOUND('',#92,.F.);
#92 = EDGE_LOOP('',(#93,#94,#103,#111));
#93 = ORIENTED_EDGE('',*,*,#39,.T.);
#94 = ORIENTED_EDGE('',*,*,#95,.T.);
#95 = EDGE_CURVE('',#32,#96,#98,.T.);
#96 = VERTEX_POINT('',#97);
#97 = CARTESIAN_POINT('',(45.,7.,-0.4));
#98 = CIRCLE('',#99,6.);
#99 = AXIS2_PLACEMENT_3D('',#100,#101,#102);
#100 = CARTESIAN_POINT('',(39.,7.,-0.4));
#101 = DIRECTION('',(0.,0.,1.));
#102 = DIRECTION('',(0.,-1.,0.));
#103 = ORIENTED_EDGE('',*,*,#104,.F.);
#104 = EDGE_CURVE('',#105,#96,#107,.T.);
#105 = VERTEX_POINT('',#106);
#106 = CARTESIAN_POINT('',(45.,7.,-3.4));
#107 = LINE('',#108,#109);
#108 = CARTESIAN_POINT('',(45.,7.,-3.4));
#109 = VECTOR('',#110,1.);
#110 = DIRECTION('',(0.,0.,1.));
#111 = ORIENTED_EDGE('',*,*,#112,.F.);
#112 = EDGE_CURVE('',#40,#105,#113,.T.);
#113 = CIRCLE('',#114,6.);
#114 = AXIS2_PLACEMENT_3D('',#115,#116,#117);
#115 = CARTESIAN_POINT('',(39.,7.,-3.4));
#116 = DIRECTION('',(0.,0.,1.));
#117 = DIRECTION('',(0.,-1.,0.));
#118 = CYLINDRICAL_SURFACE('',#119,6.);
#119 = AXIS2_PLACEMENT_3D('',#120,#121,#122);
#120 = CARTESIAN_POINT('',(39.,7.,-3.4));
#121 = DIRECTION('',(-0.,-0.,-1.));
#122 = DIRECTION('',(0.,-1.,0.));
#123 = ADVANCED_FACE('',(#124),#149,.F.);
#124 = FACE_BOUND('',#125,.F.);
#125 = EDGE_LOOP('',(#126,#134,#142,#148));
#126 = ORIENTED_EDGE('',*,*,#127,.F.);
#127 = EDGE_CURVE('',#128,#62,#130,.T.);
#128 = VERTEX_POINT('',#129);
#129 = CARTESIAN_POINT('',(-3.,11.,-3.4));
#130 = LINE('',#131,#132);
#131 = CARTESIAN_POINT('',(-3.,53.,-3.4));
#132 = VECTOR('',#133,1.);
#133 = DIRECTION('',(0.,-1.,0.));
#134 = ORIENTED_EDGE('',*,*,#135,.T.);
#135 = EDGE_CURVE('',#128,#136,#138,.T.);
#136 = VERTEX_POINT('',#137);
#137 = CARTESIAN_POINT('',(-3.,11.,-0.4));
#138 = LINE('',#139,#140);
#139 = CARTESIAN_POINT('',(-3.,11.,-3.4));
#140 = VECTOR('',#141,1.);
#141 = DIRECTION('',(0.,-0.,1.));
#142 = ORIENTED_EDGE('',*,*,#143,.T.);
#143 = EDGE_CURVE('',#136,#64,#144,.T.);
#144 = LINE('',#145,#146);
#145 = CARTESIAN_POINT('',(-3.,53.,-0.4));
#146 = VECTOR('',#147,1.);
#147 = DIRECTION('',(0.,-1.,0.));
#148 = ORIENTED_EDGE('',*,*,#61,.F.);
#149 = PLANE('',#150);
#150 = AXIS2_PLACEMENT_3D('',#151,#152,#153);
#151 = CARTESIAN_POINT('',(-3.,53.,-3.4));
#152 = DIRECTION('',(1.,0.,-0.));
#153 = DIRECTION('',(0.,-1.,0.));
#154 = ADVANCED_FACE('',(#155),#180,.F.);
#155 = FACE_BOUND('',#156,.F.);
#156 = EDGE_LOOP('',(#157,#165,#166,#174));
#157 = ORIENTED_EDGE('',*,*,#158,.F.);
#158 = EDGE_CURVE('',#105,#159,#161,.T.);
#159 = VERTEX_POINT('',#160);
#160 = CARTESIAN_POINT('',(45.,11.,-3.4));
#161 = LINE('',#162,#163);
#162 = CARTESIAN_POINT('',(45.,7.,-3.4));
#163 = VECTOR('',#164,1.);
#164 = DIRECTION('',(0.,1.,0.));
#165 = ORIENTED_EDGE('',*,*,#104,.T.);
#166 = ORIENTED_EDGE('',*,*,#167,.T.);
#167 = EDGE_CURVE('',#96,#168,#170,.T.);
#168 = VERTEX_POINT('',#169);
#169 = CARTESIAN_POINT('',(45.,11.,-0.4));
#170 = LINE('',#171,#172);
#171 = CARTESIAN_POINT('',(45.,7.,-0.4));
#172 = VECTOR('',#173,1.);
#173 = DIRECTION('',(0.,1.,0.));
#174 = ORIENTED_EDGE('',*,*,#175,.T.);
#175 = EDGE_CURVE('',#168,#159,#176,.T.);
#176 = LINE('',#177,#178);
#177 = CARTESIAN_POINT('',(45.,11.,-3.4));
#178 = VECTOR('',#179,1.);
#179 = DIRECTION('',(0.,0.,-1.));
#180 = PLANE('',#181);
#181 = AXIS2_PLACEMENT_3D('',#182,#183,#184);
#182 = CARTESIAN_POINT('',(45.,7.,-3.4));
#183 = DIRECTION('',(-1.,0.,0.));
#184 = DIRECTION('',(0.,1.,0.));
#185 = ADVANCED_FACE('',(#186),#211,.F.);
#186 = FACE_BOUND('',#187,.F.);
#187 = EDGE_LOOP('',(#188,#196,#204,#210));
#188 = ORIENTED_EDGE('',*,*,#189,.F.);
#189 = EDGE_CURVE('',#190,#128,#192,.T.);
#190 = VERTEX_POINT('',#191);
#191 = CARTESIAN_POINT('',(-6.5,11.,-3.4));
#192 = LINE('',#193,#194);
#193 = CARTESIAN_POINT('',(-6.5,11.,-3.4));
#194 = VECTOR('',#195,1.);
#195 = DIRECTION('',(1.,0.,0.));
#196 = ORIENTED_EDGE('',*,*,#197,.T.);
#197 = EDGE_CURVE('',#190,#198,#200,.T.);
#198 = VERTEX_POINT('',#199);
#199 = CARTESIAN_POINT('',(-6.5,11.,-0.4));
#200 = LINE('',#201,#202);
#201 = CARTESIAN_POINT('',(-6.5,11.,-3.4));
#202 = VECTOR('',#203,1.);
#203 = DIRECTION('',(0.,0.,1.));
#204 = ORIENTED_EDGE('',*,*,#205,.T.);
#205 = EDGE_CURVE('',#198,#136,#206,.T.);
#206 = LINE('',#207,#208);
#207 = CARTESIAN_POINT('',(-6.5,11.,-0.4));
#208 = VECTOR('',#209,1.);
#209 = DIRECTION('',(1.,0.,0.));
#210 = ORIENTED_EDGE('',*,*,#135,.F.);
#211 = PLANE('',#212);
#212 = AXIS2_PLACEMENT_3D('',#213,#214,#215);
#213 = CARTESIAN_POINT('',(-6.5,11.,-3.4));
#214 = DIRECTION('',(0.,1.,0.));
#215 = DIRECTION('',(1.,0.,0.));
#216 = ADVANCED_FACE('',(#217),#242,.F.);
#217 = FACE_BOUND('',#218,.F.);
#218 = EDGE_LOOP('',(#219,#227,#228,#236));
#219 = ORIENTED_EDGE('',*,*,#220,.F.);
#220 = EDGE_CURVE('',#159,#221,#223,.T.);
#221 = VERTEX_POINT('',#222);
#222 = CARTESIAN_POINT('',(48.5,11.,-3.4));
#223 = LINE('',#224,#225);
#224 = CARTESIAN_POINT('',(-6.5,11.,-3.4));
#225 = VECTOR('',#226,1.);
#226 = DIRECTION('',(1.,0.,0.));
#227 = ORIENTED_EDGE('',*,*,#175,.F.);
#228 = ORIENTED_EDGE('',*,*,#229,.T.);
#229 = EDGE_CURVE('',#168,#230,#232,.T.);
#230 = VERTEX_POINT('',#231);
#231 = CARTESIAN_POINT('',(48.5,11.,-0.4));
#232 = LINE('',#233,#234);
#233 = CARTESIAN_POINT('',(-6.5,11.,-0.4));
#234 = VECTOR('',#235,1.);
#235 = DIRECTION('',(1.,0.,0.));
#236 = ORIENTED_EDGE('',*,*,#237,.F.);
#237 = EDGE_CURVE('',#221,#230,#238,.T.);
#238 = LINE('',#239,#240);
#239 = CARTESIAN_POINT('',(48.5,11.,-3.4));
#240 = VECTOR('',#241,1.);
#241 = DIRECTION('',(0.,0.,1.));
#242 = PLANE('',#243);
#243 = AXIS2_PLACEMENT_3D('',#244,#245,#246);
#244 = CARTESIAN_POINT('',(-6.5,11.,-3.4));
#245 = DIRECTION('',(0.,1.,0.));
#246 = DIRECTION('',(1.,0.,0.));
#247 = ADVANCED_FACE('',(#248),#275,.T.);
#248 = FACE_BOUND('',#249,.F.);
#249 = EDGE_LOOP('',(#250,#260,#267,#268));
#250 = ORIENTED_EDGE('',*,*,#251,.T.);
#251 = EDGE_CURVE('',#252,#254,#256,.T.);
#252 = VERTEX_POINT('',#253);
#253 = CARTESIAN_POINT('',(-10.5,15.,-3.4));
#254 = VERTEX_POINT('',#255);
#255 = CARTESIAN_POINT('',(-10.5,15.,-0.4));
#256 = LINE('',#257,#258);
#257 = CARTESIAN_POINT('',(-10.5,15.,-3.4));
#258 = VECTOR('',#259,1.);
#259 = DIRECTION('',(0.,0.,1.));
#260 = ORIENTED_EDGE('',*,*,#261,.T.);
#261 = EDGE_CURVE('',#254,#198,#262,.T.);
#262 = CIRCLE('',#263,4.);
#263 = AXIS2_PLACEMENT_3D('',#264,#265,#266);
#264 = CARTESIAN_POINT('',(-6.5,15.,-0.4));
#265 = DIRECTION('',(0.,0.,1.));
#266 = DIRECTION('',(-1.,0.,0.));
#267 = ORIENTED_EDGE('',*,*,#197,.F.);
#268 = ORIENTED_EDGE('',*,*,#269,.F.);
#269 = EDGE_CURVE('',#252,#190,#270,.T.);
#270 = CIRCLE('',#271,4.);
#271 = AXIS2_PLACEMENT_3D('',#272,#273,#274);
#272 = CARTESIAN_POINT('',(-6.5,15.,-3.4));
#273 = DIRECTION('',(0.,0.,1.));
#274 = DIRECTION('',(-1.,0.,0.));
#275 = CYLINDRICAL_SURFACE('',#276,4.);
#276 = AXIS2_PLACEMENT_3D('',#277,#278,#279);
#277 = CARTESIAN_POINT('',(-6.5,15.,-3.4));
#278 = DIRECTION('',(-0.,-0.,-1.));
#279 = DIRECTION('',(-1.,0.,0.));
#280 = ADVANCED_FACE('',(#281),#308,.T.);
#281 = FACE_BOUND('',#282,.F.);
#282 = EDGE_LOOP('',(#283,#284,#293,#301));
#283 = ORIENTED_EDGE('',*,*,#237,.T.);
#284 = ORIENTED_EDGE('',*,*,#285,.T.);
#285 = EDGE_CURVE('',#230,#286,#288,.T.);
#286 = VERTEX_POINT('',#287);
#287 = CARTESIAN_POINT('',(52.5,15.,-0.4));
#288 = CIRCLE('',#289,4.);
#289 = AXIS2_PLACEMENT_3D('',#290,#291,#292);
#290 = CARTESIAN_POINT('',(48.5,15.,-0.4));
#291 = DIRECTION('',(0.,0.,1.));
#292 = DIRECTION('',(0.,-1.,0.));
#293 = ORIENTED_EDGE('',*,*,#294,.F.);
#294 = EDGE_CURVE('',#295,#286,#297,.T.);
#295 = VERTEX_POINT('',#296);
#296 = CARTESIAN_POINT('',(52.5,15.,-3.4));
#297 = LINE('',#298,#299);
#298 = CARTESIAN_POINT('',(52.5,15.,-3.4));
#299 = VECTOR('',#300,1.);
#300 = DIRECTION('',(0.,0.,1.));
#301 = ORIENTED_EDGE('',*,*,#302,.F.);
#302 = EDGE_CURVE('',#221,#295,#303,.T.);
#303 = CIRCLE('',#304,4.);
#304 = AXIS2_PLACEMENT_3D('',#305,#306,#307);
#305 = CARTESIAN_POINT('',(48.5,15.,-3.4));
#306 = DIRECTION('',(0.,0.,1.));
#307 = DIRECTION('',(0.,-1.,0.));
#308 = CYLINDRICAL_SURFACE('',#309,4.);
#309 = AXIS2_PLACEMENT_3D('',#310,#311,#312);
#310 = CARTESIAN_POINT('',(48.5,15.,-3.4));
#311 = DIRECTION('',(-0.,-0.,-1.));
#312 = DIRECTION('',(0.,-1.,0.));
#313 = ADVANCED_FACE('',(#314),#339,.F.);
#314 = FACE_BOUND('',#315,.F.);
#315 = EDGE_LOOP('',(#316,#317,#325,#333));
#316 = ORIENTED_EDGE('',*,*,#294,.T.);
#317 = ORIENTED_EDGE('',*,*,#318,.T.);
#318 = EDGE_CURVE('',#286,#319,#321,.T.);
#319 = VERTEX_POINT('',#320);
#320 = CARTESIAN_POINT('',(52.5,46.,-0.4));
#321 = LINE('',#322,#323);
#322 = CARTESIAN_POINT('',(52.5,15.,-0.4));
#323 = VECTOR('',#324,1.);
#324 = DIRECTION('',(0.,1.,0.));
#325 = ORIENTED_EDGE('',*,*,#326,.F.);
#326 = EDGE_CURVE('',#327,#319,#329,.T.);
#327 = VERTEX_POINT('',#328);
#328 = CARTESIAN_POINT('',(52.5,46.,-3.4));
#329 = LINE('',#330,#331);
#330 = CARTESIAN_POINT('',(52.5,46.,-3.4));
#331 = VECTOR('',#332,1.);
#332 = DIRECTION('',(0.,0.,1.));
#333 = ORIENTED_EDGE('',*,*,#334,.F.);
#334 = EDGE_CURVE('',#295,#327,#335,.T.);
#335 = LINE('',#336,#337);
#336 = CARTESIAN_POINT('',(52.5,15.,-3.4));
#337 = VECTOR('',#338,1.);
#338 = DIRECTION('',(0.,1.,0.));
#339 = PLANE('',#340);
#340 = AXIS2_PLACEMENT_3D('',#341,#342,#343);
#341 = CARTESIAN_POINT('',(52.5,15.,-3.4));
#342 = DIRECTION('',(-1.,0.,0.));
#343 = DIRECTION('',(0.,1.,0.));
#344 = ADVANCED_FACE('',(#345),#379,.F.);
#345 = FACE_BOUND('',#346,.F.);
#346 = EDGE_LOOP('',(#347,#357,#365,#373));
#347 = ORIENTED_EDGE('',*,*,#348,.F.);
#348 = EDGE_CURVE('',#349,#351,#353,.T.);
#349 = VERTEX_POINT('',#350);
#350 = CARTESIAN_POINT('',(48.5,50.,-3.4));
#351 = VERTEX_POINT('',#352);
#352 = CARTESIAN_POINT('',(45.,50.,-3.4));
#353 = LINE('',#354,#355);
#354 = CARTESIAN_POINT('',(48.5,50.,-3.4));
#355 = VECTOR('',#356,1.);
#356 = DIRECTION('',(-1.,0.,0.));
#357 = ORIENTED_EDGE('',*,*,#358,.T.);
#358 = EDGE_CURVE('',#349,#359,#361,.T.);
#359 = VERTEX_POINT('',#360);
#360 = CARTESIAN_POINT('',(48.5,50.,-0.4));
#361 = LINE('',#362,#363);
#362 = CARTESIAN_POINT('',(48.5,50.,-3.4));
#363 = VECTOR('',#364,1.);
#364 = DIRECTION('',(0.,0.,1.));
#365 = ORIENTED_EDGE('',*,*,#366,.T.);
#366 = EDGE_CURVE('',#359,#367,#369,.T.);
#367 = VERTEX_POINT('',#368);
#368 = CARTESIAN_POINT('',(45.,50.,-0.4));
#369 = LINE('',#370,#371);
#370 = CARTESIAN_POINT('',(48.5,50.,-0.4));
#371 = VECTOR('',#372,1.);
#372 = DIRECTION('',(-1.,0.,0.));
#373 = ORIENTED_EDGE('',*,*,#374,.F.);
#374 = EDGE_CURVE('',#351,#367,#375,.T.);
#375 = LINE('',#376,#377);
#376 = CARTESIAN_POINT('',(45.,50.,-3.4));
#377 = VECTOR('',#378,1.);
#378 = DIRECTION('',(0.,0.,1.));
#379 = PLANE('',#380);
#380 = AXIS2_PLACEMENT_3D('',#381,#382,#383);
#381 = CARTESIAN_POINT('',(48.5,50.,-3.4));
#382 = DIRECTION('',(0.,-1.,0.));
#383 = DIRECTION('',(-1.,0.,0.));
#384 = ADVANCED_FACE('',(#385),#403,.T.);
#385 = FACE_BOUND('',#386,.F.);
#386 = EDGE_LOOP('',(#387,#388,#395,#396));
#387 = ORIENTED_EDGE('',*,*,#326,.T.);
#388 = ORIENTED_EDGE('',*,*,#389,.T.);
#389 = EDGE_CURVE('',#319,#359,#390,.T.);
#390 = CIRCLE('',#391,4.);
#391 = AXIS2_PLACEMENT_3D('',#392,#393,#394);
#392 = CARTESIAN_POINT('',(48.5,46.,-0.4));
#393 = DIRECTION('',(0.,0.,1.));
#394 = DIRECTION('',(1.,0.,-0.));
#395 = ORIENTED_EDGE('',*,*,#358,.F.);
#396 = ORIENTED_EDGE('',*,*,#397,.F.);
#397 = EDGE_CURVE('',#327,#349,#398,.T.);
#398 = CIRCLE('',#399,4.);
#399 = AXIS2_PLACEMENT_3D('',#400,#401,#402);
#400 = CARTESIAN_POINT('',(48.5,46.,-3.4));
#401 = DIRECTION('',(0.,0.,1.));
#402 = DIRECTION('',(1.,0.,-0.));
#403 = CYLINDRICAL_SURFACE('',#404,4.);
#404 = AXIS2_PLACEMENT_3D('',#405,#406,#407);
#405 = CARTESIAN_POINT('',(48.5,46.,-3.4));
#406 = DIRECTION('',(-0.,-0.,-1.));
#407 = DIRECTION('',(1.,0.,-0.));
#408 = ADVANCED_FACE('',(#409),#434,.F.);
#409 = FACE_BOUND('',#410,.F.);
#410 = EDGE_LOOP('',(#411,#421,#427,#428));
#411 = ORIENTED_EDGE('',*,*,#412,.T.);
#412 = EDGE_CURVE('',#413,#415,#417,.T.);
#413 = VERTEX_POINT('',#414);
#414 = CARTESIAN_POINT('',(-10.5,46.,-3.4));
#415 = VERTEX_POINT('',#416);
#416 = CARTESIAN_POINT('',(-10.5,46.,-0.4));
#417 = LINE('',#418,#419);
#418 = CARTESIAN_POINT('',(-10.5,46.,-3.4));
#419 = VECTOR('',#420,1.);
#420 = DIRECTION('',(0.,0.,1.));
#421 = ORIENTED_EDGE('',*,*,#422,.T.);
#422 = EDGE_CURVE('',#415,#254,#423,.T.);
#423 = LINE('',#424,#425);
#424 = CARTESIAN_POINT('',(-10.5,46.,-0.4));
#425 = VECTOR('',#426,1.);
#426 = DIRECTION('',(0.,-1.,0.));
#427 = ORIENTED_EDGE('',*,*,#251,.F.);
#428 = ORIENTED_EDGE('',*,*,#429,.F.);
#429 = EDGE_CURVE('',#413,#252,#430,.T.);
#430 = LINE('',#431,#432);
#431 = CARTESIAN_POINT('',(-10.5,46.,-3.4));
#432 = VECTOR('',#433,1.);
#433 = DIRECTION('',(0.,-1.,0.));
#434 = PLANE('',#435);
#435 = AXIS2_PLACEMENT_3D('',#436,#437,#438);
#436 = CARTESIAN_POINT('',(-10.5,46.,-3.4));
#437 = DIRECTION('',(1.,0.,-0.));
#438 = DIRECTION('',(0.,-1.,0.));
#439 = ADVANCED_FACE('',(#440),#467,.T.);
#440 = FACE_BOUND('',#441,.F.);
#441 = EDGE_LOOP('',(#442,#452,#459,#460));
#442 = ORIENTED_EDGE('',*,*,#443,.T.);
#443 = EDGE_CURVE('',#444,#446,#448,.T.);
#444 = VERTEX_POINT('',#445);
#445 = CARTESIAN_POINT('',(-6.5,50.,-3.4));
#446 = VERTEX_POINT('',#447);
#447 = CARTESIAN_POINT('',(-6.5,50.,-0.4));
#448 = LINE('',#449,#450);
#449 = CARTESIAN_POINT('',(-6.5,50.,-3.4));
#450 = VECTOR('',#451,1.);
#451 = DIRECTION('',(0.,0.,1.));
#452 = ORIENTED_EDGE('',*,*,#453,.T.);
#453 = EDGE_CURVE('',#446,#415,#454,.T.);
#454 = CIRCLE('',#455,4.);
#455 = AXIS2_PLACEMENT_3D('',#456,#457,#458);
#456 = CARTESIAN_POINT('',(-6.5,46.,-0.4));
#457 = DIRECTION('',(0.,0.,1.));
#458 = DIRECTION('',(4.440892098501E-16,1.,-0.));
#459 = ORIENTED_EDGE('',*,*,#412,.F.);
#460 = ORIENTED_EDGE('',*,*,#461,.F.);
#461 = EDGE_CURVE('',#444,#413,#462,.T.);
#462 = CIRCLE('',#463,4.);
#463 = AXIS2_PLACEMENT_3D('',#464,#465,#466);
#464 = CARTESIAN_POINT('',(-6.5,46.,-3.4));
#465 = DIRECTION('',(0.,0.,1.));
#466 = DIRECTION('',(4.440892098501E-16,1.,-0.));
#467 = CYLINDRICAL_SURFACE('',#468,4.);
#468 = AXIS2_PLACEMENT_3D('',#469,#470,#471);
#469 = CARTESIAN_POINT('',(-6.5,46.,-3.4));
#470 = DIRECTION('',(-0.,-0.,-1.));
#471 = DIRECTION('',(4.440892098501E-16,1.,-0.));
#472 = ADVANCED_FACE('',(#473),#498,.F.);
#473 = FACE_BOUND('',#474,.F.);
#474 = EDGE_LOOP('',(#475,#483,#491,#497));
#475 = ORIENTED_EDGE('',*,*,#476,.F.);
#476 = EDGE_CURVE('',#477,#444,#479,.T.);
#477 = VERTEX_POINT('',#478);
#478 = CARTESIAN_POINT('',(-3.,50.,-3.4));
#479 = LINE('',#480,#481);
#480 = CARTESIAN_POINT('',(48.5,50.,-3.4));
#481 = VECTOR('',#482,1.);
#482 = DIRECTION('',(-1.,0.,0.));
#483 = ORIENTED_EDGE('',*,*,#484,.F.);
#484 = EDGE_CURVE('',#485,#477,#487,.T.);
#485 = VERTEX_POINT('',#486);
#486 = CARTESIAN_POINT('',(-3.,50.,-0.4));
#487 = LINE('',#488,#489);
#488 = CARTESIAN_POINT('',(-3.,50.,-3.4));
#489 = VECTOR('',#490,1.);
#490 = DIRECTION('',(0.,-0.,-1.));
#491 = ORIENTED_EDGE('',*,*,#492,.T.);
#492 = EDGE_CURVE('',#485,#446,#493,.T.);
#493 = LINE('',#494,#495);
#494 = CARTESIAN_POINT('',(48.5,50.,-0.4));
#495 = VECTOR('',#496,1.);
#496 = DIRECTION('',(-1.,0.,0.));
#497 = ORIENTED_EDGE('',*,*,#443,.F.);
#498 = PLANE('',#499);
#499 = AXIS2_PLACEMENT_3D('',#500,#501,#502);
#500 = CARTESIAN_POINT('',(48.5,50.,-3.4));
#501 = DIRECTION('',(0.,-1.,0.));
#502 = DIRECTION('',(-1.,0.,0.));
#503 = ADVANCED_FACE('',(#504,#625,#695),#765,.T.);
#504 = FACE_BOUND('',#505,.T.);
#505 = EDGE_LOOP('',(#506,#507,#508,#509,#510,#511,#512,#513,#521,#530,
    #538,#546,#554,#562,#570,#578,#586,#594,#602,#611,#617,#618,#619,
    #620,#621,#622,#623,#624));
#506 = ORIENTED_EDGE('',*,*,#79,.F.);
#507 = ORIENTED_EDGE('',*,*,#127,.F.);
#508 = ORIENTED_EDGE('',*,*,#189,.F.);
#509 = ORIENTED_EDGE('',*,*,#269,.F.);
#510 = ORIENTED_EDGE('',*,*,#429,.F.);
#511 = ORIENTED_EDGE('',*,*,#461,.F.);
#512 = ORIENTED_EDGE('',*,*,#476,.F.);
#513 = ORIENTED_EDGE('',*,*,#514,.F.);
#514 = EDGE_CURVE('',#515,#477,#517,.T.);
#515 = VERTEX_POINT('',#516);
#516 = CARTESIAN_POINT('',(-3.,53.,-3.4));
#517 = LINE('',#518,#519);
#518 = CARTESIAN_POINT('',(-3.,53.,-3.4));
#519 = VECTOR('',#520,1.);
#520 = DIRECTION('',(0.,-1.,0.));
#521 = ORIENTED_EDGE('',*,*,#522,.F.);
#522 = EDGE_CURVE('',#523,#515,#525,.T.);
#523 = VERTEX_POINT('',#524);
#524 = CARTESIAN_POINT('',(3.,59.,-3.4));
#525 = CIRCLE('',#526,6.);
#526 = AXIS2_PLACEMENT_3D('',#527,#528,#529);
#527 = CARTESIAN_POINT('',(3.,53.,-3.4));
#528 = DIRECTION('',(0.,0.,1.));
#529 = DIRECTION('',(-7.401486830834E-16,1.,0.));
#530 = ORIENTED_EDGE('',*,*,#531,.F.);
#531 = EDGE_CURVE('',#532,#523,#534,.T.);
#532 = VERTEX_POINT('',#533);
#533 = CARTESIAN_POINT('',(16.2,59.,-3.4));
#534 = LINE('',#535,#536);
#535 = CARTESIAN_POINT('',(39.,59.,-3.4));
#536 = VECTOR('',#537,1.);
#537 = DIRECTION('',(-1.,0.,0.));
#538 = ORIENTED_EDGE('',*,*,#539,.F.);
#539 = EDGE_CURVE('',#540,#532,#542,.T.);
#540 = VERTEX_POINT('',#541);
#541 = CARTESIAN_POINT('',(16.2,45.,-3.4));
#542 = LINE('',#543,#544);
#543 = CARTESIAN_POINT('',(16.2,37.5,-3.4));
#544 = VECTOR('',#545,1.);
#545 = DIRECTION('',(-0.,1.,0.));
#546 = ORIENTED_EDGE('',*,*,#547,.F.);
#547 = EDGE_CURVE('',#548,#540,#550,.T.);
#548 = VERTEX_POINT('',#549);
#549 = CARTESIAN_POINT('',(17.,45.,-3.4));
#550 = LINE('',#551,#552);
#551 = CARTESIAN_POINT('',(18.6,45.,-3.4));
#552 = VECTOR('',#553,1.);
#553 = DIRECTION('',(-1.,-0.,0.));
#554 = ORIENTED_EDGE('',*,*,#555,.T.);
#555 = EDGE_CURVE('',#548,#556,#558,.T.);
#556 = VERTEX_POINT('',#557);
#557 = CARTESIAN_POINT('',(17.,64.,-3.4));
#558 = LINE('',#559,#560);
#559 = CARTESIAN_POINT('',(17.,37.5,-3.4));
#560 = VECTOR('',#561,1.);
#561 = DIRECTION('',(-0.,1.,0.));
#562 = ORIENTED_EDGE('',*,*,#563,.T.);
#563 = EDGE_CURVE('',#556,#564,#566,.T.);
#564 = VERTEX_POINT('',#565);
#565 = CARTESIAN_POINT('',(25.,64.,-3.4));
#566 = LINE('',#567,#568);
#567 = CARTESIAN_POINT('',(17.,64.,-3.4));
#568 = VECTOR('',#569,1.);
#569 = DIRECTION('',(1.,0.,-0.));
#570 = ORIENTED_EDGE('',*,*,#571,.F.);
#571 = EDGE_CURVE('',#572,#564,#574,.T.);
#572 = VERTEX_POINT('',#573);
#573 = CARTESIAN_POINT('',(25.,45.,-3.4));
#574 = LINE('',#575,#576);
#575 = CARTESIAN_POINT('',(25.,59.,-3.4));
#576 = VECTOR('',#577,1.);
#577 = DIRECTION('',(-0.,1.,0.));
#578 = ORIENTED_EDGE('',*,*,#579,.F.);
#579 = EDGE_CURVE('',#580,#572,#582,.T.);
#580 = VERTEX_POINT('',#581);
#581 = CARTESIAN_POINT('',(25.8,45.,-3.4));
#582 = LINE('',#583,#584);
#583 = CARTESIAN_POINT('',(23.,45.,-3.4));
#584 = VECTOR('',#585,1.);
#585 = DIRECTION('',(-1.,-0.,0.));
#586 = ORIENTED_EDGE('',*,*,#587,.T.);
#587 = EDGE_CURVE('',#580,#588,#590,.T.);
#588 = VERTEX_POINT('',#589);
#589 = CARTESIAN_POINT('',(25.8,59.,-3.4));
#590 = LINE('',#591,#592);
#591 = CARTESIAN_POINT('',(25.8,37.5,-3.4));
#592 = VECTOR('',#593,1.);
#593 = DIRECTION('',(-0.,1.,0.));
#594 = ORIENTED_EDGE('',*,*,#595,.F.);
#595 = EDGE_CURVE('',#596,#588,#598,.T.);
#596 = VERTEX_POINT('',#597);
#597 = CARTESIAN_POINT('',(39.,59.,-3.4));
#598 = LINE('',#599,#600);
#599 = CARTESIAN_POINT('',(39.,59.,-3.4));
#600 = VECTOR('',#601,1.);
#601 = DIRECTION('',(-1.,0.,0.));
#602 = ORIENTED_EDGE('',*,*,#603,.F.);
#603 = EDGE_CURVE('',#604,#596,#606,.T.);
#604 = VERTEX_POINT('',#605);
#605 = CARTESIAN_POINT('',(45.,53.,-3.4));
#606 = CIRCLE('',#607,6.);
#607 = AXIS2_PLACEMENT_3D('',#608,#609,#610);
#608 = CARTESIAN_POINT('',(39.,53.,-3.4));
#609 = DIRECTION('',(0.,0.,1.));
#610 = DIRECTION('',(1.,0.,-0.));
#611 = ORIENTED_EDGE('',*,*,#612,.F.);
#612 = EDGE_CURVE('',#351,#604,#613,.T.);
#613 = LINE('',#614,#615);
#614 = CARTESIAN_POINT('',(45.,7.,-3.4));
#615 = VECTOR('',#616,1.);
#616 = DIRECTION('',(0.,1.,0.));
#617 = ORIENTED_EDGE('',*,*,#348,.F.);
#618 = ORIENTED_EDGE('',*,*,#397,.F.);
#619 = ORIENTED_EDGE('',*,*,#334,.F.);
#620 = ORIENTED_EDGE('',*,*,#302,.F.);
#621 = ORIENTED_EDGE('',*,*,#220,.F.);
#622 = ORIENTED_EDGE('',*,*,#158,.F.);
#623 = ORIENTED_EDGE('',*,*,#112,.F.);
#624 = ORIENTED_EDGE('',*,*,#47,.F.);
#625 = FACE_BOUND('',#626,.T.);
#626 = EDGE_LOOP('',(#627,#638,#646,#655,#663,#672,#680,#689));
#627 = ORIENTED_EDGE('',*,*,#628,.F.);
#628 = EDGE_CURVE('',#629,#631,#633,.T.);
#629 = VERTEX_POINT('',#630);
#630 = CARTESIAN_POINT('',(49.8,13.75,-3.4));
#631 = VERTEX_POINT('',#632);
#632 = CARTESIAN_POINT('',(48.8,12.75,-3.4));
#633 = CIRCLE('',#634,1.);
#634 = AXIS2_PLACEMENT_3D('',#635,#636,#637);
#635 = CARTESIAN_POINT('',(48.8,13.75,-3.4));
#636 = DIRECTION('',(-0.,-0.,-1.));
#637 = DIRECTION('',(0.,-1.,0.));
#638 = ORIENTED_EDGE('',*,*,#639,.F.);
#639 = EDGE_CURVE('',#640,#629,#642,.T.);
#640 = VERTEX_POINT('',#641);
#641 = CARTESIAN_POINT('',(49.8,47.25,-3.4));
#642 = LINE('',#643,#644);
#643 = CARTESIAN_POINT('',(49.8,22.125,-3.4));
#644 = VECTOR('',#645,1.);
#645 = DIRECTION('',(0.,-1.,0.));
#646 = ORIENTED_EDGE('',*,*,#647,.F.);
#647 = EDGE_CURVE('',#648,#640,#650,.T.);
#648 = VERTEX_POINT('',#649);
#649 = CARTESIAN_POINT('',(48.8,48.25,-3.4));
#650 = CIRCLE('',#651,1.);
#651 = AXIS2_PLACEMENT_3D('',#652,#653,#654);
#652 = CARTESIAN_POINT('',(48.8,47.25,-3.4));
#653 = DIRECTION('',(0.,-0.,-1.));
#654 = DIRECTION('',(1.,0.,-0.));
#655 = ORIENTED_EDGE('',*,*,#656,.F.);
#656 = EDGE_CURVE('',#657,#648,#659,.T.);
#657 = VERTEX_POINT('',#658);
#658 = CARTESIAN_POINT('',(46.8,48.25,-3.4));
#659 = LINE('',#660,#661);
#660 = CARTESIAN_POINT('',(34.9,48.25,-3.4));
#661 = VECTOR('',#662,1.);
#662 = DIRECTION('',(1.,0.,-0.));
#663 = ORIENTED_EDGE('',*,*,#664,.F.);
#664 = EDGE_CURVE('',#665,#657,#667,.T.);
#665 = VERTEX_POINT('',#666);
#666 = CARTESIAN_POINT('',(45.8,47.25,-3.4));
#667 = CIRCLE('',#668,1.);
#668 = AXIS2_PLACEMENT_3D('',#669,#670,#671);
#669 = CARTESIAN_POINT('',(46.8,47.25,-3.4));
#670 = DIRECTION('',(-0.,0.,-1.));
#671 = DIRECTION('',(0.,1.,0.));
#672 = ORIENTED_EDGE('',*,*,#673,.F.);
#673 = EDGE_CURVE('',#674,#665,#676,.T.);
#674 = VERTEX_POINT('',#675);
#675 = CARTESIAN_POINT('',(45.8,13.75,-3.4));
#676 = LINE('',#677,#678);
#677 = CARTESIAN_POINT('',(45.8,38.875,-3.4));
#678 = VECTOR('',#679,1.);
#679 = DIRECTION('',(-0.,1.,0.));
#680 = ORIENTED_EDGE('',*,*,#681,.F.);
#681 = EDGE_CURVE('',#682,#674,#684,.T.);
#682 = VERTEX_POINT('',#683);
#683 = CARTESIAN_POINT('',(46.8,12.75,-3.4));
#684 = CIRCLE('',#685,1.);
#685 = AXIS2_PLACEMENT_3D('',#686,#687,#688);
#686 = CARTESIAN_POINT('',(46.8,13.75,-3.4));
#687 = DIRECTION('',(-0.,0.,-1.));
#688 = DIRECTION('',(-1.,-1.7763568394E-15,0.));
#689 = ORIENTED_EDGE('',*,*,#690,.F.);
#690 = EDGE_CURVE('',#631,#682,#691,.T.);
#691 = LINE('',#692,#693);
#692 = CARTESIAN_POINT('',(33.9,12.75,-3.4));
#693 = VECTOR('',#694,1.);
#694 = DIRECTION('',(-1.,0.,0.));
#695 = FACE_BOUND('',#696,.T.);
#696 = EDGE_LOOP('',(#697,#708,#716,#725,#733,#742,#750,#759));
#697 = ORIENTED_EDGE('',*,*,#698,.F.);
#698 = EDGE_CURVE('',#699,#701,#703,.T.);
#699 = VERTEX_POINT('',#700);
#700 = CARTESIAN_POINT('',(-3.8,13.75,-3.4));
#701 = VERTEX_POINT('',#702);
#702 = CARTESIAN_POINT('',(-4.8,12.75,-3.4));
#703 = CIRCLE('',#704,1.);
#704 = AXIS2_PLACEMENT_3D('',#705,#706,#707);
#705 = CARTESIAN_POINT('',(-4.8,13.75,-3.4));
#706 = DIRECTION('',(-0.,0.,-1.));
#707 = DIRECTION('',(-8.881784197001E-16,-1.,0.));
#708 = ORIENTED_EDGE('',*,*,#709,.F.);
#709 = EDGE_CURVE('',#710,#699,#712,.T.);
#710 = VERTEX_POINT('',#711);
#711 = CARTESIAN_POINT('',(-3.8,47.25,-3.4));
#712 = LINE('',#713,#714);
#713 = CARTESIAN_POINT('',(-3.8,22.125,-3.4));
#714 = VECTOR('',#715,1.);
#715 = DIRECTION('',(0.,-1.,0.));
#716 = ORIENTED_EDGE('',*,*,#717,.F.);
#717 = EDGE_CURVE('',#718,#710,#720,.T.);
#718 = VERTEX_POINT('',#719);
#719 = CARTESIAN_POINT('',(-4.8,48.25,-3.4));
#720 = CIRCLE('',#721,1.);
#721 = AXIS2_PLACEMENT_3D('',#722,#723,#724);
#722 = CARTESIAN_POINT('',(-4.8,47.25,-3.4));
#723 = DIRECTION('',(0.,-0.,-1.));
#724 = DIRECTION('',(1.,0.,-0.));
#725 = ORIENTED_EDGE('',*,*,#726,.F.);
#726 = EDGE_CURVE('',#727,#718,#729,.T.);
#727 = VERTEX_POINT('',#728);
#728 = CARTESIAN_POINT('',(-6.8,48.25,-3.4));
#729 = LINE('',#730,#731);
#730 = CARTESIAN_POINT('',(8.1,48.25,-3.4));
#731 = VECTOR('',#732,1.);
#732 = DIRECTION('',(1.,0.,-0.));
#733 = ORIENTED_EDGE('',*,*,#734,.F.);
#734 = EDGE_CURVE('',#735,#727,#737,.T.);
#735 = VERTEX_POINT('',#736);
#736 = CARTESIAN_POINT('',(-7.8,47.25,-3.4));
#737 = CIRCLE('',#738,1.);
#738 = AXIS2_PLACEMENT_3D('',#739,#740,#741);
#739 = CARTESIAN_POINT('',(-6.8,47.25,-3.4));
#740 = DIRECTION('',(-0.,0.,-1.));
#741 = DIRECTION('',(-1.7763568394E-15,1.,0.));
#742 = ORIENTED_EDGE('',*,*,#743,.F.);
#743 = EDGE_CURVE('',#744,#735,#746,.T.);
#744 = VERTEX_POINT('',#745);
#745 = CARTESIAN_POINT('',(-7.8,13.75,-3.4));
#746 = LINE('',#747,#748);
#747 = CARTESIAN_POINT('',(-7.8,38.875,-3.4));
#748 = VECTOR('',#749,1.);
#749 = DIRECTION('',(-0.,1.,0.));
#750 = ORIENTED_EDGE('',*,*,#751,.F.);
#751 = EDGE_CURVE('',#752,#744,#754,.T.);
#752 = VERTEX_POINT('',#753);
#753 = CARTESIAN_POINT('',(-6.8,12.75,-3.4));
#754 = CIRCLE('',#755,1.);
#755 = AXIS2_PLACEMENT_3D('',#756,#757,#758);
#756 = CARTESIAN_POINT('',(-6.8,13.75,-3.4));
#757 = DIRECTION('',(-0.,0.,-1.));
#758 = DIRECTION('',(-1.,0.,0.));
#759 = ORIENTED_EDGE('',*,*,#760,.F.);
#760 = EDGE_CURVE('',#701,#752,#761,.T.);
#761 = LINE('',#762,#763);
#762 = CARTESIAN_POINT('',(7.1,12.75,-3.4));
#763 = VECTOR('',#764,1.);
#764 = DIRECTION('',(-1.,0.,0.));
#765 = PLANE('',#766);
#766 = AXIS2_PLACEMENT_3D('',#767,#768,#769);
#767 = CARTESIAN_POINT('',(21.,35.432379507607,-3.4));
#768 = DIRECTION('',(-0.,-0.,-1.));
#769 = DIRECTION('',(-1.,0.,0.));
#770 = ADVANCED_FACE('',(#771),#796,.T.);
#771 = FACE_BOUND('',#772,.T.);
#772 = EDGE_LOOP('',(#773,#781,#782,#790));
#773 = ORIENTED_EDGE('',*,*,#774,.F.);
#774 = EDGE_CURVE('',#540,#775,#777,.T.);
#775 = VERTEX_POINT('',#776);
#776 = CARTESIAN_POINT('',(16.2,45.,-0.4));
#777 = LINE('',#778,#779);
#778 = CARTESIAN_POINT('',(16.2,45.,-3.6));
#779 = VECTOR('',#780,1.);
#780 = DIRECTION('',(0.,0.,1.));
#781 = ORIENTED_EDGE('',*,*,#539,.T.);
#782 = ORIENTED_EDGE('',*,*,#783,.T.);
#783 = EDGE_CURVE('',#532,#784,#786,.T.);
#784 = VERTEX_POINT('',#785);
#785 = CARTESIAN_POINT('',(16.2,59.,-0.4));
#786 = LINE('',#787,#788);
#787 = CARTESIAN_POINT('',(16.2,59.,-3.5));
#788 = VECTOR('',#789,1.);
#789 = DIRECTION('',(0.,0.,1.));
#790 = ORIENTED_EDGE('',*,*,#791,.F.);
#791 = EDGE_CURVE('',#775,#784,#792,.T.);
#792 = LINE('',#793,#794);
#793 = CARTESIAN_POINT('',(16.2,37.5,-0.4));
#794 = VECTOR('',#795,1.);
#795 = DIRECTION('',(-0.,1.,0.));
#796 = PLANE('',#797);
#797 = AXIS2_PLACEMENT_3D('',#798,#799,#800);
#798 = CARTESIAN_POINT('',(16.2,45.,-3.6));
#799 = DIRECTION('',(1.,0.,-0.));
#800 = DIRECTION('',(0.,0.,1.));
#801 = ADVANCED_FACE('',(#802),#820,.T.);
#802 = FACE_BOUND('',#803,.T.);
#803 = EDGE_LOOP('',(#804,#812,#813,#814));
#804 = ORIENTED_EDGE('',*,*,#805,.F.);
#805 = EDGE_CURVE('',#548,#806,#808,.T.);
#806 = VERTEX_POINT('',#807);
#807 = CARTESIAN_POINT('',(17.,45.,-0.4));
#808 = LINE('',#809,#810);
#809 = CARTESIAN_POINT('',(17.,45.,-3.6));
#810 = VECTOR('',#811,1.);
#811 = DIRECTION('',(0.,0.,1.));
#812 = ORIENTED_EDGE('',*,*,#547,.T.);
#813 = ORIENTED_EDGE('',*,*,#774,.T.);
#814 = ORIENTED_EDGE('',*,*,#815,.F.);
#815 = EDGE_CURVE('',#806,#775,#816,.T.);
#816 = LINE('',#817,#818);
#817 = CARTESIAN_POINT('',(18.6,45.,-0.4));
#818 = VECTOR('',#819,1.);
#819 = DIRECTION('',(-1.,-0.,0.));
#820 = PLANE('',#821);
#821 = AXIS2_PLACEMENT_3D('',#822,#823,#824);
#822 = CARTESIAN_POINT('',(16.2,45.,-3.6));
#823 = DIRECTION('',(-0.,1.,0.));
#824 = DIRECTION('',(0.,0.,1.));
#825 = ADVANCED_FACE('',(#826),#844,.F.);
#826 = FACE_BOUND('',#827,.F.);
#827 = EDGE_LOOP('',(#828,#829,#830,#838));
#828 = ORIENTED_EDGE('',*,*,#531,.F.);
#829 = ORIENTED_EDGE('',*,*,#783,.T.);
#830 = ORIENTED_EDGE('',*,*,#831,.T.);
#831 = EDGE_CURVE('',#784,#832,#834,.T.);
#832 = VERTEX_POINT('',#833);
#833 = CARTESIAN_POINT('',(3.,59.,-0.4));
#834 = LINE('',#835,#836);
#835 = CARTESIAN_POINT('',(39.,59.,-0.4));
#836 = VECTOR('',#837,1.);
#837 = DIRECTION('',(-1.,0.,0.));
#838 = ORIENTED_EDGE('',*,*,#839,.F.);
#839 = EDGE_CURVE('',#523,#832,#840,.T.);
#840 = LINE('',#841,#842);
#841 = CARTESIAN_POINT('',(3.,59.,-3.4));
#842 = VECTOR('',#843,1.);
#843 = DIRECTION('',(0.,0.,1.));
#844 = PLANE('',#845);
#845 = AXIS2_PLACEMENT_3D('',#846,#847,#848);
#846 = CARTESIAN_POINT('',(39.,59.,-3.4));
#847 = DIRECTION('',(0.,-1.,0.));
#848 = DIRECTION('',(-1.,0.,0.));
#849 = ADVANCED_FACE('',(#850),#878,.T.);
#850 = FACE_BOUND('',#851,.F.);
#851 = EDGE_LOOP('',(#852,#853,#862,#871,#877));
#852 = ORIENTED_EDGE('',*,*,#839,.T.);
#853 = ORIENTED_EDGE('',*,*,#854,.T.);
#854 = EDGE_CURVE('',#832,#855,#857,.T.);
#855 = VERTEX_POINT('',#856);
#856 = CARTESIAN_POINT('',(-0.316624790356,58.,-0.4));
#857 = CIRCLE('',#858,6.);
#858 = AXIS2_PLACEMENT_3D('',#859,#860,#861);
#859 = CARTESIAN_POINT('',(3.,53.,-0.4));
#860 = DIRECTION('',(0.,0.,1.));
#861 = DIRECTION('',(-7.401486830834E-16,1.,0.));
#862 = ORIENTED_EDGE('',*,*,#863,.T.);
#863 = EDGE_CURVE('',#855,#864,#866,.T.);
#864 = VERTEX_POINT('',#865);
#865 = CARTESIAN_POINT('',(-3.,53.,-0.4));
#866 = CIRCLE('',#867,6.);
#867 = AXIS2_PLACEMENT_3D('',#868,#869,#870);
#868 = CARTESIAN_POINT('',(3.,53.,-0.4));
#869 = DIRECTION('',(0.,0.,1.));
#870 = DIRECTION('',(-7.401486830834E-16,1.,0.));
#871 = ORIENTED_EDGE('',*,*,#872,.F.);
#872 = EDGE_CURVE('',#515,#864,#873,.T.);
#873 = LINE('',#874,#875);
#874 = CARTESIAN_POINT('',(-3.,53.,-3.4));
#875 = VECTOR('',#876,1.);
#876 = DIRECTION('',(0.,0.,1.));
#877 = ORIENTED_EDGE('',*,*,#522,.F.);
#878 = CYLINDRICAL_SURFACE('',#879,6.);
#879 = AXIS2_PLACEMENT_3D('',#880,#881,#882);
#880 = CARTESIAN_POINT('',(3.,53.,-3.4));
#881 = DIRECTION('',(-0.,-0.,-1.));
#882 = DIRECTION('',(-7.401486830834E-16,1.,0.));
#883 = ADVANCED_FACE('',(#884),#901,.F.);
#884 = FACE_BOUND('',#885,.F.);
#885 = EDGE_LOOP('',(#886,#894,#895));
#886 = ORIENTED_EDGE('',*,*,#887,.F.);
#887 = EDGE_CURVE('',#864,#888,#890,.T.);
#888 = VERTEX_POINT('',#889);
#889 = CARTESIAN_POINT('',(-3.,58.,-0.4));
#890 = LINE('',#891,#892);
#891 = CARTESIAN_POINT('',(-3.,12.,-0.4));
#892 = VECTOR('',#893,1.);
#893 = DIRECTION('',(-0.,1.,0.));
#894 = ORIENTED_EDGE('',*,*,#863,.F.);
#895 = ORIENTED_EDGE('',*,*,#896,.F.);
#896 = EDGE_CURVE('',#888,#855,#897,.T.);
#897 = LINE('',#898,#899);
#898 = CARTESIAN_POINT('',(-3.,58.,-0.4));
#899 = VECTOR('',#900,1.);
#900 = DIRECTION('',(1.,0.,-0.));
#901 = PLANE('',#902);
#902 = AXIS2_PLACEMENT_3D('',#903,#904,#905);
#903 = CARTESIAN_POINT('',(-3.,12.,-0.4));
#904 = DIRECTION('',(0.,0.,1.));
#905 = DIRECTION('',(1.,0.,-0.));
#906 = ADVANCED_FACE('',(#907),#941,.T.);
#907 = FACE_BOUND('',#908,.T.);
#908 = EDGE_LOOP('',(#909,#919,#927,#935));
#909 = ORIENTED_EDGE('',*,*,#910,.T.);
#910 = EDGE_CURVE('',#911,#913,#915,.T.);
#911 = VERTEX_POINT('',#912);
#912 = CARTESIAN_POINT('',(17.,60.3,-1.8));
#913 = VERTEX_POINT('',#914);
#914 = CARTESIAN_POINT('',(25.,60.3,-1.8));
#915 = LINE('',#916,#917);
#916 = CARTESIAN_POINT('',(17.,60.3,-1.8));
#917 = VECTOR('',#918,1.);
#918 = DIRECTION('',(1.,0.,0.));
#919 = ORIENTED_EDGE('',*,*,#920,.T.);
#920 = EDGE_CURVE('',#913,#921,#923,.T.);
#921 = VERTEX_POINT('',#922);
#922 = CARTESIAN_POINT('',(25.,60.3,1.6));
#923 = LINE('',#924,#925);
#924 = CARTESIAN_POINT('',(25.,60.3,-1.8));
#925 = VECTOR('',#926,1.);
#926 = DIRECTION('',(0.,0.,1.));
#927 = ORIENTED_EDGE('',*,*,#928,.F.);
#928 = EDGE_CURVE('',#929,#921,#931,.T.);
#929 = VERTEX_POINT('',#930);
#930 = CARTESIAN_POINT('',(17.,60.3,1.6));
#931 = LINE('',#932,#933);
#932 = CARTESIAN_POINT('',(17.,60.3,1.6));
#933 = VECTOR('',#934,1.);
#934 = DIRECTION('',(1.,0.,0.));
#935 = ORIENTED_EDGE('',*,*,#936,.F.);
#936 = EDGE_CURVE('',#911,#929,#937,.T.);
#937 = LINE('',#938,#939);
#938 = CARTESIAN_POINT('',(17.,60.3,-1.8));
#939 = VECTOR('',#940,1.);
#940 = DIRECTION('',(0.,0.,1.));
#941 = PLANE('',#942);
#942 = AXIS2_PLACEMENT_3D('',#943,#944,#945);
#943 = CARTESIAN_POINT('',(17.,60.3,-1.8));
#944 = DIRECTION('',(0.,-1.,0.));
#945 = DIRECTION('',(0.,0.,1.));
#946 = ADVANCED_FACE('',(#947),#972,.T.);
#947 = FACE_BOUND('',#948,.T.);
#948 = EDGE_LOOP('',(#949,#950,#958,#966));
#949 = ORIENTED_EDGE('',*,*,#928,.T.);
#950 = ORIENTED_EDGE('',*,*,#951,.T.);
#951 = EDGE_CURVE('',#921,#952,#954,.T.);
#952 = VERTEX_POINT('',#953);
#953 = CARTESIAN_POINT('',(25.,61.,1.6));
#954 = LINE('',#955,#956);
#955 = CARTESIAN_POINT('',(25.,60.3,1.6));
#956 = VECTOR('',#957,1.);
#957 = DIRECTION('',(0.,1.,0.));
#958 = ORIENTED_EDGE('',*,*,#959,.F.);
#959 = EDGE_CURVE('',#960,#952,#962,.T.);
#960 = VERTEX_POINT('',#961);
#961 = CARTESIAN_POINT('',(17.,61.,1.6));
#962 = LINE('',#963,#964);
#963 = CARTESIAN_POINT('',(17.,61.,1.6));
#964 = VECTOR('',#965,1.);
#965 = DIRECTION('',(1.,0.,0.));
#966 = ORIENTED_EDGE('',*,*,#967,.F.);
#967 = EDGE_CURVE('',#929,#960,#968,.T.);
#968 = LINE('',#969,#970);
#969 = CARTESIAN_POINT('',(17.,60.3,1.6));
#970 = VECTOR('',#971,1.);
#971 = DIRECTION('',(0.,1.,0.));
#972 = PLANE('',#973);
#973 = AXIS2_PLACEMENT_3D('',#974,#975,#976);
#974 = CARTESIAN_POINT('',(17.,60.3,1.6));
#975 = DIRECTION('',(0.,0.,1.));
#976 = DIRECTION('',(0.,1.,0.));
#977 = ADVANCED_FACE('',(#978),#1003,.T.);
#978 = FACE_BOUND('',#979,.T.);
#979 = EDGE_LOOP('',(#980,#981,#989,#997));
#980 = ORIENTED_EDGE('',*,*,#959,.T.);
#981 = ORIENTED_EDGE('',*,*,#982,.T.);
#982 = EDGE_CURVE('',#952,#983,#985,.T.);
#983 = VERTEX_POINT('',#984);
#984 = CARTESIAN_POINT('',(25.,62.6,-1.8));
#985 = LINE('',#986,#987);
#986 = CARTESIAN_POINT('',(25.,61.,1.6));
#987 = VECTOR('',#988,1.);
#988 = DIRECTION('',(0.,0.42579703633,-0.904818702201));
#989 = ORIENTED_EDGE('',*,*,#990,.F.);
#990 = EDGE_CURVE('',#991,#983,#993,.T.);
#991 = VERTEX_POINT('',#992);
#992 = CARTESIAN_POINT('',(17.,62.6,-1.8));
#993 = LINE('',#994,#995);
#994 = CARTESIAN_POINT('',(17.,62.6,-1.8));
#995 = VECTOR('',#996,1.);
#996 = DIRECTION('',(1.,0.,0.));
#997 = ORIENTED_EDGE('',*,*,#998,.F.);
#998 = EDGE_CURVE('',#960,#991,#999,.T.);
#999 = LINE('',#1000,#1001);
#1000 = CARTESIAN_POINT('',(17.,61.,1.6));
#1001 = VECTOR('',#1002,1.);
#1002 = DIRECTION('',(0.,0.42579703633,-0.904818702201));
#1003 = PLANE('',#1004);
#1004 = AXIS2_PLACEMENT_3D('',#1005,#1006,#1007);
#1005 = CARTESIAN_POINT('',(17.,61.,1.6));
#1006 = DIRECTION('',(-0.,0.904818702201,0.42579703633));
#1007 = DIRECTION('',(0.,0.42579703633,-0.904818702201));
#1008 = ADVANCED_FACE('',(#1009),#1034,.T.);
#1009 = FACE_BOUND('',#1010,.T.);
#1010 = EDGE_LOOP('',(#1011,#1019,#1020,#1028));
#1011 = ORIENTED_EDGE('',*,*,#1012,.F.);
#1012 = EDGE_CURVE('',#991,#1013,#1015,.T.);
#1013 = VERTEX_POINT('',#1014);
#1014 = CARTESIAN_POINT('',(17.,64.,-1.8));
#1015 = LINE('',#1016,#1017);
#1016 = CARTESIAN_POINT('',(17.,59.,-1.8));
#1017 = VECTOR('',#1018,1.);
#1018 = DIRECTION('',(-0.,1.,0.));
#1019 = ORIENTED_EDGE('',*,*,#990,.T.);
#1020 = ORIENTED_EDGE('',*,*,#1021,.T.);
#1021 = EDGE_CURVE('',#983,#1022,#1024,.T.);
#1022 = VERTEX_POINT('',#1023);
#1023 = CARTESIAN_POINT('',(25.,64.,-1.8));
#1024 = LINE('',#1025,#1026);
#1025 = CARTESIAN_POINT('',(25.,59.,-1.8));
#1026 = VECTOR('',#1027,1.);
#1027 = DIRECTION('',(-0.,1.,0.));
#1028 = ORIENTED_EDGE('',*,*,#1029,.F.);
#1029 = EDGE_CURVE('',#1013,#1022,#1030,.T.);
#1030 = LINE('',#1031,#1032);
#1031 = CARTESIAN_POINT('',(17.,64.,-1.8));
#1032 = VECTOR('',#1033,1.);
#1033 = DIRECTION('',(1.,0.,-0.));
#1034 = PLANE('',#1035);
#1035 = AXIS2_PLACEMENT_3D('',#1036,#1037,#1038);
#1036 = CARTESIAN_POINT('',(17.,59.,-1.8));
#1037 = DIRECTION('',(0.,0.,1.));
#1038 = DIRECTION('',(1.,0.,-0.));
#1039 = ADVANCED_FACE('',(#1040),#1056,.T.);
#1040 = FACE_BOUND('',#1041,.T.);
#1041 = EDGE_LOOP('',(#1042,#1043,#1049,#1050));
#1042 = ORIENTED_EDGE('',*,*,#563,.F.);
#1043 = ORIENTED_EDGE('',*,*,#1044,.T.);
#1044 = EDGE_CURVE('',#556,#1013,#1045,.T.);
#1045 = LINE('',#1046,#1047);
#1046 = CARTESIAN_POINT('',(17.,64.,-3.4));
#1047 = VECTOR('',#1048,1.);
#1048 = DIRECTION('',(0.,0.,1.));
#1049 = ORIENTED_EDGE('',*,*,#1029,.T.);
#1050 = ORIENTED_EDGE('',*,*,#1051,.F.);
#1051 = EDGE_CURVE('',#564,#1022,#1052,.T.);
#1052 = LINE('',#1053,#1054);
#1053 = CARTESIAN_POINT('',(25.,64.,-3.4));
#1054 = VECTOR('',#1055,1.);
#1055 = DIRECTION('',(0.,0.,1.));
#1056 = PLANE('',#1057);
#1057 = AXIS2_PLACEMENT_3D('',#1058,#1059,#1060);
#1058 = CARTESIAN_POINT('',(17.,64.,-3.4));
#1059 = DIRECTION('',(-0.,1.,0.));
#1060 = DIRECTION('',(0.,0.,1.));
#1061 = ADVANCED_FACE('',(#1062),#1087,.T.);
#1062 = FACE_BOUND('',#1063,.T.);
#1063 = EDGE_LOOP('',(#1064,#1072,#1073,#1081));
#1064 = ORIENTED_EDGE('',*,*,#1065,.F.);
#1065 = EDGE_CURVE('',#580,#1066,#1068,.T.);
#1066 = VERTEX_POINT('',#1067);
#1067 = CARTESIAN_POINT('',(25.8,45.,-0.4));
#1068 = LINE('',#1069,#1070);
#1069 = CARTESIAN_POINT('',(25.8,45.,-3.6));
#1070 = VECTOR('',#1071,1.);
#1071 = DIRECTION('',(0.,0.,1.));
#1072 = ORIENTED_EDGE('',*,*,#579,.T.);
#1073 = ORIENTED_EDGE('',*,*,#1074,.T.);
#1074 = EDGE_CURVE('',#572,#1075,#1077,.T.);
#1075 = VERTEX_POINT('',#1076);
#1076 = CARTESIAN_POINT('',(25.,45.,-0.4));
#1077 = LINE('',#1078,#1079);
#1078 = CARTESIAN_POINT('',(25.,45.,-3.6));
#1079 = VECTOR('',#1080,1.);
#1080 = DIRECTION('',(0.,0.,1.));
#1081 = ORIENTED_EDGE('',*,*,#1082,.F.);
#1082 = EDGE_CURVE('',#1066,#1075,#1083,.T.);
#1083 = LINE('',#1084,#1085);
#1084 = CARTESIAN_POINT('',(23.,45.,-0.4));
#1085 = VECTOR('',#1086,1.);
#1086 = DIRECTION('',(-1.,-0.,0.));
#1087 = PLANE('',#1088);
#1088 = AXIS2_PLACEMENT_3D('',#1089,#1090,#1091);
#1089 = CARTESIAN_POINT('',(25.,45.,-3.6));
#1090 = DIRECTION('',(-0.,1.,0.));
#1091 = DIRECTION('',(0.,0.,1.));
#1092 = ADVANCED_FACE('',(#1093),#1111,.F.);
#1093 = FACE_BOUND('',#1094,.F.);
#1094 = EDGE_LOOP('',(#1095,#1096,#1097,#1105));
#1095 = ORIENTED_EDGE('',*,*,#1065,.F.);
#1096 = ORIENTED_EDGE('',*,*,#587,.T.);
#1097 = ORIENTED_EDGE('',*,*,#1098,.T.);
#1098 = EDGE_CURVE('',#588,#1099,#1101,.T.);
#1099 = VERTEX_POINT('',#1100);
#1100 = CARTESIAN_POINT('',(25.8,59.,-0.4));
#1101 = LINE('',#1102,#1103);
#1102 = CARTESIAN_POINT('',(25.8,59.,-3.5));
#1103 = VECTOR('',#1104,1.);
#1104 = DIRECTION('',(0.,0.,1.));
#1105 = ORIENTED_EDGE('',*,*,#1106,.F.);
#1106 = EDGE_CURVE('',#1066,#1099,#1107,.T.);
#1107 = LINE('',#1108,#1109);
#1108 = CARTESIAN_POINT('',(25.8,37.5,-0.4));
#1109 = VECTOR('',#1110,1.);
#1110 = DIRECTION('',(-0.,1.,0.));
#1111 = PLANE('',#1112);
#1112 = AXIS2_PLACEMENT_3D('',#1113,#1114,#1115);
#1113 = CARTESIAN_POINT('',(25.8,45.,-3.6));
#1114 = DIRECTION('',(1.,0.,-0.));
#1115 = DIRECTION('',(0.,0.,1.));
#1116 = ADVANCED_FACE('',(#1117),#1135,.F.);
#1117 = FACE_BOUND('',#1118,.F.);
#1118 = EDGE_LOOP('',(#1119,#1120,#1128,#1134));
#1119 = ORIENTED_EDGE('',*,*,#595,.F.);
#1120 = ORIENTED_EDGE('',*,*,#1121,.T.);
#1121 = EDGE_CURVE('',#596,#1122,#1124,.T.);
#1122 = VERTEX_POINT('',#1123);
#1123 = CARTESIAN_POINT('',(39.,59.,-0.4));
#1124 = LINE('',#1125,#1126);
#1125 = CARTESIAN_POINT('',(39.,59.,-3.4));
#1126 = VECTOR('',#1127,1.);
#1127 = DIRECTION('',(0.,0.,1.));
#1128 = ORIENTED_EDGE('',*,*,#1129,.T.);
#1129 = EDGE_CURVE('',#1122,#1099,#1130,.T.);
#1130 = LINE('',#1131,#1132);
#1131 = CARTESIAN_POINT('',(39.,59.,-0.4));
#1132 = VECTOR('',#1133,1.);
#1133 = DIRECTION('',(-1.,0.,0.));
#1134 = ORIENTED_EDGE('',*,*,#1098,.F.);
#1135 = PLANE('',#1136);
#1136 = AXIS2_PLACEMENT_3D('',#1137,#1138,#1139);
#1137 = CARTESIAN_POINT('',(39.,59.,-3.4));
#1138 = DIRECTION('',(0.,-1.,0.));
#1139 = DIRECTION('',(-1.,0.,0.));
#1140 = ADVANCED_FACE('',(#1141),#1169,.T.);
#1141 = FACE_BOUND('',#1142,.F.);
#1142 = EDGE_LOOP('',(#1143,#1151,#1160,#1167,#1168));
#1143 = ORIENTED_EDGE('',*,*,#1144,.T.);
#1144 = EDGE_CURVE('',#604,#1145,#1147,.T.);
#1145 = VERTEX_POINT('',#1146);
#1146 = CARTESIAN_POINT('',(45.,53.,-0.4));
#1147 = LINE('',#1148,#1149);
#1148 = CARTESIAN_POINT('',(45.,53.,-3.4));
#1149 = VECTOR('',#1150,1.);
#1150 = DIRECTION('',(0.,0.,1.));
#1151 = ORIENTED_EDGE('',*,*,#1152,.T.);
#1152 = EDGE_CURVE('',#1145,#1153,#1155,.T.);
#1153 = VERTEX_POINT('',#1154);
#1154 = CARTESIAN_POINT('',(42.316624790356,58.,-0.4));
#1155 = CIRCLE('',#1156,6.);
#1156 = AXIS2_PLACEMENT_3D('',#1157,#1158,#1159);
#1157 = CARTESIAN_POINT('',(39.,53.,-0.4));
#1158 = DIRECTION('',(0.,0.,1.));
#1159 = DIRECTION('',(1.,0.,-0.));
#1160 = ORIENTED_EDGE('',*,*,#1161,.T.);
#1161 = EDGE_CURVE('',#1153,#1122,#1162,.T.);
#1162 = CIRCLE('',#1163,6.);
#1163 = AXIS2_PLACEMENT_3D('',#1164,#1165,#1166);
#1164 = CARTESIAN_POINT('',(39.,53.,-0.4));
#1165 = DIRECTION('',(0.,0.,1.));
#1166 = DIRECTION('',(1.,0.,-0.));
#1167 = ORIENTED_EDGE('',*,*,#1121,.F.);
#1168 = ORIENTED_EDGE('',*,*,#603,.F.);
#1169 = CYLINDRICAL_SURFACE('',#1170,6.);
#1170 = AXIS2_PLACEMENT_3D('',#1171,#1172,#1173);
#1171 = CARTESIAN_POINT('',(39.,53.,-3.4));
#1172 = DIRECTION('',(-0.,-0.,-1.));
#1173 = DIRECTION('',(1.,0.,-0.));
#1174 = ADVANCED_FACE('',(#1175),#1192,.F.);
#1175 = FACE_BOUND('',#1176,.F.);
#1176 = EDGE_LOOP('',(#1177,#1185,#1186));
#1177 = ORIENTED_EDGE('',*,*,#1178,.F.);
#1178 = EDGE_CURVE('',#1153,#1179,#1181,.T.);
#1179 = VERTEX_POINT('',#1180);
#1180 = CARTESIAN_POINT('',(45.,58.,-0.4));
#1181 = LINE('',#1182,#1183);
#1182 = CARTESIAN_POINT('',(42.2,58.,-0.4));
#1183 = VECTOR('',#1184,1.);
#1184 = DIRECTION('',(1.,0.,-0.));
#1185 = ORIENTED_EDGE('',*,*,#1152,.F.);
#1186 = ORIENTED_EDGE('',*,*,#1187,.T.);
#1187 = EDGE_CURVE('',#1145,#1179,#1188,.T.);
#1188 = LINE('',#1189,#1190);
#1189 = CARTESIAN_POINT('',(45.,12.,-0.4));
#1190 = VECTOR('',#1191,1.);
#1191 = DIRECTION('',(-0.,1.,0.));
#1192 = PLANE('',#1193);
#1193 = AXIS2_PLACEMENT_3D('',#1194,#1195,#1196);
#1194 = CARTESIAN_POINT('',(42.2,12.,-0.4));
#1195 = DIRECTION('',(0.,0.,1.));
#1196 = DIRECTION('',(1.,0.,-0.));
#1197 = ADVANCED_FACE('',(#1198),#1224,.F.);
#1198 = FACE_BOUND('',#1199,.T.);
#1199 = EDGE_LOOP('',(#1200,#1201,#1209,#1218));
#1200 = ORIENTED_EDGE('',*,*,#628,.T.);
#1201 = ORIENTED_EDGE('',*,*,#1202,.T.);
#1202 = EDGE_CURVE('',#631,#1203,#1205,.T.);
#1203 = VERTEX_POINT('',#1204);
#1204 = CARTESIAN_POINT('',(48.8,12.75,-0.4));
#1205 = LINE('',#1206,#1207);
#1206 = CARTESIAN_POINT('',(48.8,12.75,-3.6));
#1207 = VECTOR('',#1208,1.);
#1208 = DIRECTION('',(0.,0.,1.));
#1209 = ORIENTED_EDGE('',*,*,#1210,.F.);
#1210 = EDGE_CURVE('',#1211,#1203,#1213,.T.);
#1211 = VERTEX_POINT('',#1212);
#1212 = CARTESIAN_POINT('',(49.8,13.75,-0.4));
#1213 = CIRCLE('',#1214,1.);
#1214 = AXIS2_PLACEMENT_3D('',#1215,#1216,#1217);
#1215 = CARTESIAN_POINT('',(48.8,13.75,-0.4));
#1216 = DIRECTION('',(-0.,-0.,-1.));
#1217 = DIRECTION('',(0.,-1.,0.));
#1218 = ORIENTED_EDGE('',*,*,#1219,.F.);
#1219 = EDGE_CURVE('',#629,#1211,#1220,.T.);
#1220 = LINE('',#1221,#1222);
#1221 = CARTESIAN_POINT('',(49.8,13.75,-3.6));
#1222 = VECTOR('',#1223,1.);
#1223 = DIRECTION('',(0.,0.,1.));
#1224 = CYLINDRICAL_SURFACE('',#1225,1.);
#1225 = AXIS2_PLACEMENT_3D('',#1226,#1227,#1228);
#1226 = CARTESIAN_POINT('',(48.8,13.75,-3.6));
#1227 = DIRECTION('',(-0.,-0.,-1.));
#1228 = DIRECTION('',(0.,-1.,0.));
#1229 = ADVANCED_FACE('',(#1230),#1248,.T.);
#1230 = FACE_BOUND('',#1231,.T.);
#1231 = EDGE_LOOP('',(#1232,#1233,#1234,#1242));
#1232 = ORIENTED_EDGE('',*,*,#639,.T.);
#1233 = ORIENTED_EDGE('',*,*,#1219,.T.);
#1234 = ORIENTED_EDGE('',*,*,#1235,.F.);
#1235 = EDGE_CURVE('',#1236,#1211,#1238,.T.);
#1236 = VERTEX_POINT('',#1237);
#1237 = CARTESIAN_POINT('',(49.8,47.25,-0.4));
#1238 = LINE('',#1239,#1240);
#1239 = CARTESIAN_POINT('',(49.8,22.125,-0.4));
#1240 = VECTOR('',#1241,1.);
#1241 = DIRECTION('',(0.,-1.,0.));
#1242 = ORIENTED_EDGE('',*,*,#1243,.F.);
#1243 = EDGE_CURVE('',#640,#1236,#1244,.T.);
#1244 = LINE('',#1245,#1246);
#1245 = CARTESIAN_POINT('',(49.8,47.25,-3.6));
#1246 = VECTOR('',#1247,1.);
#1247 = DIRECTION('',(0.,0.,1.));
#1248 = PLANE('',#1249);
#1249 = AXIS2_PLACEMENT_3D('',#1250,#1251,#1252);
#1250 = CARTESIAN_POINT('',(49.8,13.75,-3.6));
#1251 = DIRECTION('',(-1.,0.,0.));
#1252 = DIRECTION('',(0.,1.,0.));
#1253 = ADVANCED_FACE('',(#1254),#1273,.F.);
#1254 = FACE_BOUND('',#1255,.T.);
#1255 = EDGE_LOOP('',(#1256,#1257,#1258,#1267));
#1256 = ORIENTED_EDGE('',*,*,#647,.T.);
#1257 = ORIENTED_EDGE('',*,*,#1243,.T.);
#1258 = ORIENTED_EDGE('',*,*,#1259,.F.);
#1259 = EDGE_CURVE('',#1260,#1236,#1262,.T.);
#1260 = VERTEX_POINT('',#1261);
#1261 = CARTESIAN_POINT('',(48.8,48.25,-0.4));
#1262 = CIRCLE('',#1263,1.);
#1263 = AXIS2_PLACEMENT_3D('',#1264,#1265,#1266);
#1264 = CARTESIAN_POINT('',(48.8,47.25,-0.4));
#1265 = DIRECTION('',(0.,-0.,-1.));
#1266 = DIRECTION('',(1.,0.,-0.));
#1267 = ORIENTED_EDGE('',*,*,#1268,.F.);
#1268 = EDGE_CURVE('',#648,#1260,#1269,.T.);
#1269 = LINE('',#1270,#1271);
#1270 = CARTESIAN_POINT('',(48.8,48.25,-3.6));
#1271 = VECTOR('',#1272,1.);
#1272 = DIRECTION('',(0.,0.,1.));
#1273 = CYLINDRICAL_SURFACE('',#1274,1.);
#1274 = AXIS2_PLACEMENT_3D('',#1275,#1276,#1277);
#1275 = CARTESIAN_POINT('',(48.8,47.25,-3.6));
#1276 = DIRECTION('',(-0.,-0.,-1.));
#1277 = DIRECTION('',(1.,0.,-0.));
#1278 = ADVANCED_FACE('',(#1279),#1297,.T.);
#1279 = FACE_BOUND('',#1280,.T.);
#1280 = EDGE_LOOP('',(#1281,#1282,#1283,#1291));
#1281 = ORIENTED_EDGE('',*,*,#656,.T.);
#1282 = ORIENTED_EDGE('',*,*,#1268,.T.);
#1283 = ORIENTED_EDGE('',*,*,#1284,.F.);
#1284 = EDGE_CURVE('',#1285,#1260,#1287,.T.);
#1285 = VERTEX_POINT('',#1286);
#1286 = CARTESIAN_POINT('',(46.8,48.25,-0.4));
#1287 = LINE('',#1288,#1289);
#1288 = CARTESIAN_POINT('',(34.9,48.25,-0.4));
#1289 = VECTOR('',#1290,1.);
#1290 = DIRECTION('',(1.,0.,-0.));
#1291 = ORIENTED_EDGE('',*,*,#1292,.F.);
#1292 = EDGE_CURVE('',#657,#1285,#1293,.T.);
#1293 = LINE('',#1294,#1295);
#1294 = CARTESIAN_POINT('',(46.8,48.25,-3.6));
#1295 = VECTOR('',#1296,1.);
#1296 = DIRECTION('',(0.,0.,1.));
#1297 = PLANE('',#1298);
#1298 = AXIS2_PLACEMENT_3D('',#1299,#1300,#1301);
#1299 = CARTESIAN_POINT('',(48.8,48.25,-3.6));
#1300 = DIRECTION('',(0.,-1.,0.));
#1301 = DIRECTION('',(-1.,0.,0.));
#1302 = ADVANCED_FACE('',(#1303),#1322,.F.);
#1303 = FACE_BOUND('',#1304,.T.);
#1304 = EDGE_LOOP('',(#1305,#1306,#1307,#1316));
#1305 = ORIENTED_EDGE('',*,*,#664,.T.);
#1306 = ORIENTED_EDGE('',*,*,#1292,.T.);
#1307 = ORIENTED_EDGE('',*,*,#1308,.F.);
#1308 = EDGE_CURVE('',#1309,#1285,#1311,.T.);
#1309 = VERTEX_POINT('',#1310);
#1310 = CARTESIAN_POINT('',(45.8,47.25,-0.4));
#1311 = CIRCLE('',#1312,1.);
#1312 = AXIS2_PLACEMENT_3D('',#1313,#1314,#1315);
#1313 = CARTESIAN_POINT('',(46.8,47.25,-0.4));
#1314 = DIRECTION('',(-0.,0.,-1.));
#1315 = DIRECTION('',(0.,1.,0.));
#1316 = ORIENTED_EDGE('',*,*,#1317,.F.);
#1317 = EDGE_CURVE('',#665,#1309,#1318,.T.);
#1318 = LINE('',#1319,#1320);
#1319 = CARTESIAN_POINT('',(45.8,47.25,-3.6));
#1320 = VECTOR('',#1321,1.);
#1321 = DIRECTION('',(0.,0.,1.));
#1322 = CYLINDRICAL_SURFACE('',#1323,1.);
#1323 = AXIS2_PLACEMENT_3D('',#1324,#1325,#1326);
#1324 = CARTESIAN_POINT('',(46.8,47.25,-3.6));
#1325 = DIRECTION('',(-0.,0.,-1.));
#1326 = DIRECTION('',(0.,1.,0.));
#1327 = ADVANCED_FACE('',(#1328),#1346,.T.);
#1328 = FACE_BOUND('',#1329,.T.);
#1329 = EDGE_LOOP('',(#1330,#1331,#1332,#1340));
#1330 = ORIENTED_EDGE('',*,*,#673,.T.);
#1331 = ORIENTED_EDGE('',*,*,#1317,.T.);
#1332 = ORIENTED_EDGE('',*,*,#1333,.F.);
#1333 = EDGE_CURVE('',#1334,#1309,#1336,.T.);
#1334 = VERTEX_POINT('',#1335);
#1335 = CARTESIAN_POINT('',(45.8,13.75,-0.4));
#1336 = LINE('',#1337,#1338);
#1337 = CARTESIAN_POINT('',(45.8,38.875,-0.4));
#1338 = VECTOR('',#1339,1.);
#1339 = DIRECTION('',(-0.,1.,0.));
#1340 = ORIENTED_EDGE('',*,*,#1341,.F.);
#1341 = EDGE_CURVE('',#674,#1334,#1342,.T.);
#1342 = LINE('',#1343,#1344);
#1343 = CARTESIAN_POINT('',(45.8,13.75,-3.6));
#1344 = VECTOR('',#1345,1.);
#1345 = DIRECTION('',(0.,0.,1.));
#1346 = PLANE('',#1347);
#1347 = AXIS2_PLACEMENT_3D('',#1348,#1349,#1350);
#1348 = CARTESIAN_POINT('',(45.8,47.25,-3.6));
#1349 = DIRECTION('',(1.,0.,-0.));
#1350 = DIRECTION('',(0.,-1.,0.));
#1351 = ADVANCED_FACE('',(#1352),#1371,.F.);
#1352 = FACE_BOUND('',#1353,.T.);
#1353 = EDGE_LOOP('',(#1354,#1355,#1356,#1365));
#1354 = ORIENTED_EDGE('',*,*,#681,.T.);
#1355 = ORIENTED_EDGE('',*,*,#1341,.T.);
#1356 = ORIENTED_EDGE('',*,*,#1357,.F.);
#1357 = EDGE_CURVE('',#1358,#1334,#1360,.T.);
#1358 = VERTEX_POINT('',#1359);
#1359 = CARTESIAN_POINT('',(46.8,12.75,-0.4));
#1360 = CIRCLE('',#1361,1.);
#1361 = AXIS2_PLACEMENT_3D('',#1362,#1363,#1364);
#1362 = CARTESIAN_POINT('',(46.8,13.75,-0.4));
#1363 = DIRECTION('',(-0.,0.,-1.));
#1364 = DIRECTION('',(-1.,-1.7763568394E-15,0.));
#1365 = ORIENTED_EDGE('',*,*,#1366,.F.);
#1366 = EDGE_CURVE('',#682,#1358,#1367,.T.);
#1367 = LINE('',#1368,#1369);
#1368 = CARTESIAN_POINT('',(46.8,12.75,-3.6));
#1369 = VECTOR('',#1370,1.);
#1370 = DIRECTION('',(0.,0.,1.));
#1371 = CYLINDRICAL_SURFACE('',#1372,1.);
#1372 = AXIS2_PLACEMENT_3D('',#1373,#1374,#1375);
#1373 = CARTESIAN_POINT('',(46.8,13.75,-3.6));
#1374 = DIRECTION('',(-0.,-0.,-1.));
#1375 = DIRECTION('',(-1.,-1.7763568394E-15,0.));
#1376 = ADVANCED_FACE('',(#1377),#1388,.T.);
#1377 = FACE_BOUND('',#1378,.T.);
#1378 = EDGE_LOOP('',(#1379,#1380,#1381,#1387));
#1379 = ORIENTED_EDGE('',*,*,#690,.T.);
#1380 = ORIENTED_EDGE('',*,*,#1366,.T.);
#1381 = ORIENTED_EDGE('',*,*,#1382,.F.);
#1382 = EDGE_CURVE('',#1203,#1358,#1383,.T.);
#1383 = LINE('',#1384,#1385);
#1384 = CARTESIAN_POINT('',(33.9,12.75,-0.4));
#1385 = VECTOR('',#1386,1.);
#1386 = DIRECTION('',(-1.,0.,0.));
#1387 = ORIENTED_EDGE('',*,*,#1202,.F.);
#1388 = PLANE('',#1389);
#1389 = AXIS2_PLACEMENT_3D('',#1390,#1391,#1392);
#1390 = CARTESIAN_POINT('',(46.8,12.75,-3.6));
#1391 = DIRECTION('',(0.,1.,0.));
#1392 = DIRECTION('',(1.,0.,0.));
#1393 = ADVANCED_FACE('',(#1394),#1420,.F.);
#1394 = FACE_BOUND('',#1395,.T.);
#1395 = EDGE_LOOP('',(#1396,#1397,#1405,#1414));
#1396 = ORIENTED_EDGE('',*,*,#698,.T.);
#1397 = ORIENTED_EDGE('',*,*,#1398,.T.);
#1398 = EDGE_CURVE('',#701,#1399,#1401,.T.);
#1399 = VERTEX_POINT('',#1400);
#1400 = CARTESIAN_POINT('',(-4.8,12.75,-0.4));
#1401 = LINE('',#1402,#1403);
#1402 = CARTESIAN_POINT('',(-4.8,12.75,-3.6));
#1403 = VECTOR('',#1404,1.);
#1404 = DIRECTION('',(0.,0.,1.));
#1405 = ORIENTED_EDGE('',*,*,#1406,.F.);
#1406 = EDGE_CURVE('',#1407,#1399,#1409,.T.);
#1407 = VERTEX_POINT('',#1408);
#1408 = CARTESIAN_POINT('',(-3.8,13.75,-0.4));
#1409 = CIRCLE('',#1410,1.);
#1410 = AXIS2_PLACEMENT_3D('',#1411,#1412,#1413);
#1411 = CARTESIAN_POINT('',(-4.8,13.75,-0.4));
#1412 = DIRECTION('',(-0.,0.,-1.));
#1413 = DIRECTION('',(-8.881784197001E-16,-1.,0.));
#1414 = ORIENTED_EDGE('',*,*,#1415,.F.);
#1415 = EDGE_CURVE('',#699,#1407,#1416,.T.);
#1416 = LINE('',#1417,#1418);
#1417 = CARTESIAN_POINT('',(-3.8,13.75,-3.6));
#1418 = VECTOR('',#1419,1.);
#1419 = DIRECTION('',(0.,0.,1.));
#1420 = CYLINDRICAL_SURFACE('',#1421,1.);
#1421 = AXIS2_PLACEMENT_3D('',#1422,#1423,#1424);
#1422 = CARTESIAN_POINT('',(-4.8,13.75,-3.6));
#1423 = DIRECTION('',(-0.,-0.,-1.));
#1424 = DIRECTION('',(-8.881784197001E-16,-1.,0.));
#1425 = ADVANCED_FACE('',(#1426),#1444,.T.);
#1426 = FACE_BOUND('',#1427,.T.);
#1427 = EDGE_LOOP('',(#1428,#1429,#1430,#1438));
#1428 = ORIENTED_EDGE('',*,*,#709,.T.);
#1429 = ORIENTED_EDGE('',*,*,#1415,.T.);
#1430 = ORIENTED_EDGE('',*,*,#1431,.F.);
#1431 = EDGE_CURVE('',#1432,#1407,#1434,.T.);
#1432 = VERTEX_POINT('',#1433);
#1433 = CARTESIAN_POINT('',(-3.8,47.25,-0.4));
#1434 = LINE('',#1435,#1436);
#1435 = CARTESIAN_POINT('',(-3.8,22.125,-0.4));
#1436 = VECTOR('',#1437,1.);
#1437 = DIRECTION('',(0.,-1.,0.));
#1438 = ORIENTED_EDGE('',*,*,#1439,.F.);
#1439 = EDGE_CURVE('',#710,#1432,#1440,.T.);
#1440 = LINE('',#1441,#1442);
#1441 = CARTESIAN_POINT('',(-3.8,47.25,-3.6));
#1442 = VECTOR('',#1443,1.);
#1443 = DIRECTION('',(0.,0.,1.));
#1444 = PLANE('',#1445);
#1445 = AXIS2_PLACEMENT_3D('',#1446,#1447,#1448);
#1446 = CARTESIAN_POINT('',(-3.8,13.75,-3.6));
#1447 = DIRECTION('',(-1.,0.,0.));
#1448 = DIRECTION('',(0.,1.,0.));
#1449 = ADVANCED_FACE('',(#1450),#1469,.F.);
#1450 = FACE_BOUND('',#1451,.T.);
#1451 = EDGE_LOOP('',(#1452,#1453,#1454,#1463));
#1452 = ORIENTED_EDGE('',*,*,#717,.T.);
#1453 = ORIENTED_EDGE('',*,*,#1439,.T.);
#1454 = ORIENTED_EDGE('',*,*,#1455,.F.);
#1455 = EDGE_CURVE('',#1456,#1432,#1458,.T.);
#1456 = VERTEX_POINT('',#1457);
#1457 = CARTESIAN_POINT('',(-4.8,48.25,-0.4));
#1458 = CIRCLE('',#1459,1.);
#1459 = AXIS2_PLACEMENT_3D('',#1460,#1461,#1462);
#1460 = CARTESIAN_POINT('',(-4.8,47.25,-0.4));
#1461 = DIRECTION('',(0.,-0.,-1.));
#1462 = DIRECTION('',(1.,0.,-0.));
#1463 = ORIENTED_EDGE('',*,*,#1464,.F.);
#1464 = EDGE_CURVE('',#718,#1456,#1465,.T.);
#1465 = LINE('',#1466,#1467);
#1466 = CARTESIAN_POINT('',(-4.8,48.25,-3.6));
#1467 = VECTOR('',#1468,1.);
#1468 = DIRECTION('',(0.,0.,1.));
#1469 = CYLINDRICAL_SURFACE('',#1470,1.);
#1470 = AXIS2_PLACEMENT_3D('',#1471,#1472,#1473);
#1471 = CARTESIAN_POINT('',(-4.8,47.25,-3.6));
#1472 = DIRECTION('',(-0.,-0.,-1.));
#1473 = DIRECTION('',(1.,0.,-0.));
#1474 = ADVANCED_FACE('',(#1475),#1493,.T.);
#1475 = FACE_BOUND('',#1476,.T.);
#1476 = EDGE_LOOP('',(#1477,#1478,#1479,#1487));
#1477 = ORIENTED_EDGE('',*,*,#726,.T.);
#1478 = ORIENTED_EDGE('',*,*,#1464,.T.);
#1479 = ORIENTED_EDGE('',*,*,#1480,.F.);
#1480 = EDGE_CURVE('',#1481,#1456,#1483,.T.);
#1481 = VERTEX_POINT('',#1482);
#1482 = CARTESIAN_POINT('',(-6.8,48.25,-0.4));
#1483 = LINE('',#1484,#1485);
#1484 = CARTESIAN_POINT('',(8.1,48.25,-0.4));
#1485 = VECTOR('',#1486,1.);
#1486 = DIRECTION('',(1.,0.,-0.));
#1487 = ORIENTED_EDGE('',*,*,#1488,.F.);
#1488 = EDGE_CURVE('',#727,#1481,#1489,.T.);
#1489 = LINE('',#1490,#1491);
#1490 = CARTESIAN_POINT('',(-6.8,48.25,-3.6));
#1491 = VECTOR('',#1492,1.);
#1492 = DIRECTION('',(0.,0.,1.));
#1493 = PLANE('',#1494);
#1494 = AXIS2_PLACEMENT_3D('',#1495,#1496,#1497);
#1495 = CARTESIAN_POINT('',(-4.8,48.25,-3.6));
#1496 = DIRECTION('',(0.,-1.,0.));
#1497 = DIRECTION('',(-1.,0.,0.));
#1498 = ADVANCED_FACE('',(#1499),#1518,.F.);
#1499 = FACE_BOUND('',#1500,.T.);
#1500 = EDGE_LOOP('',(#1501,#1502,#1503,#1512));
#1501 = ORIENTED_EDGE('',*,*,#734,.T.);
#1502 = ORIENTED_EDGE('',*,*,#1488,.T.);
#1503 = ORIENTED_EDGE('',*,*,#1504,.F.);
#1504 = EDGE_CURVE('',#1505,#1481,#1507,.T.);
#1505 = VERTEX_POINT('',#1506);
#1506 = CARTESIAN_POINT('',(-7.8,47.25,-0.4));
#1507 = CIRCLE('',#1508,1.);
#1508 = AXIS2_PLACEMENT_3D('',#1509,#1510,#1511);
#1509 = CARTESIAN_POINT('',(-6.8,47.25,-0.4));
#1510 = DIRECTION('',(-0.,0.,-1.));
#1511 = DIRECTION('',(-1.7763568394E-15,1.,0.));
#1512 = ORIENTED_EDGE('',*,*,#1513,.F.);
#1513 = EDGE_CURVE('',#735,#1505,#1514,.T.);
#1514 = LINE('',#1515,#1516);
#1515 = CARTESIAN_POINT('',(-7.8,47.25,-3.6));
#1516 = VECTOR('',#1517,1.);
#1517 = DIRECTION('',(0.,0.,1.));
#1518 = CYLINDRICAL_SURFACE('',#1519,1.);
#1519 = AXIS2_PLACEMENT_3D('',#1520,#1521,#1522);
#1520 = CARTESIAN_POINT('',(-6.8,47.25,-3.6));
#1521 = DIRECTION('',(-0.,-0.,-1.));
#1522 = DIRECTION('',(-1.7763568394E-15,1.,0.));
#1523 = ADVANCED_FACE('',(#1524),#1542,.T.);
#1524 = FACE_BOUND('',#1525,.T.);
#1525 = EDGE_LOOP('',(#1526,#1527,#1528,#1536));
#1526 = ORIENTED_EDGE('',*,*,#743,.T.);
#1527 = ORIENTED_EDGE('',*,*,#1513,.T.);
#1528 = ORIENTED_EDGE('',*,*,#1529,.F.);
#1529 = EDGE_CURVE('',#1530,#1505,#1532,.T.);
#1530 = VERTEX_POINT('',#1531);
#1531 = CARTESIAN_POINT('',(-7.8,13.75,-0.4));
#1532 = LINE('',#1533,#1534);
#1533 = CARTESIAN_POINT('',(-7.8,38.875,-0.4));
#1534 = VECTOR('',#1535,1.);
#1535 = DIRECTION('',(-0.,1.,0.));
#1536 = ORIENTED_EDGE('',*,*,#1537,.F.);
#1537 = EDGE_CURVE('',#744,#1530,#1538,.T.);
#1538 = LINE('',#1539,#1540);
#1539 = CARTESIAN_POINT('',(-7.8,13.75,-3.6));
#1540 = VECTOR('',#1541,1.);
#1541 = DIRECTION('',(0.,0.,1.));
#1542 = PLANE('',#1543);
#1543 = AXIS2_PLACEMENT_3D('',#1544,#1545,#1546);
#1544 = CARTESIAN_POINT('',(-7.8,47.25,-3.6));
#1545 = DIRECTION('',(1.,0.,-0.));
#1546 = DIRECTION('',(0.,-1.,0.));
#1547 = ADVANCED_FACE('',(#1548),#1567,.F.);
#1548 = FACE_BOUND('',#1549,.T.);
#1549 = EDGE_LOOP('',(#1550,#1551,#1552,#1561));
#1550 = ORIENTED_EDGE('',*,*,#751,.T.);
#1551 = ORIENTED_EDGE('',*,*,#1537,.T.);
#1552 = ORIENTED_EDGE('',*,*,#1553,.F.);
#1553 = EDGE_CURVE('',#1554,#1530,#1556,.T.);
#1554 = VERTEX_POINT('',#1555);
#1555 = CARTESIAN_POINT('',(-6.8,12.75,-0.4));
#1556 = CIRCLE('',#1557,1.);
#1557 = AXIS2_PLACEMENT_3D('',#1558,#1559,#1560);
#1558 = CARTESIAN_POINT('',(-6.8,13.75,-0.4));
#1559 = DIRECTION('',(-0.,0.,-1.));
#1560 = DIRECTION('',(-1.,0.,0.));
#1561 = ORIENTED_EDGE('',*,*,#1562,.F.);
#1562 = EDGE_CURVE('',#752,#1554,#1563,.T.);
#1563 = LINE('',#1564,#1565);
#1564 = CARTESIAN_POINT('',(-6.8,12.75,-3.6));
#1565 = VECTOR('',#1566,1.);
#1566 = DIRECTION('',(0.,0.,1.));
#1567 = CYLINDRICAL_SURFACE('',#1568,1.);
#1568 = AXIS2_PLACEMENT_3D('',#1569,#1570,#1571);
#1569 = CARTESIAN_POINT('',(-6.8,13.75,-3.6));
#1570 = DIRECTION('',(-0.,-0.,-1.));
#1571 = DIRECTION('',(-1.,0.,0.));
#1572 = ADVANCED_FACE('',(#1573),#1584,.T.);
#1573 = FACE_BOUND('',#1574,.T.);
#1574 = EDGE_LOOP('',(#1575,#1576,#1577,#1583));
#1575 = ORIENTED_EDGE('',*,*,#760,.T.);
#1576 = ORIENTED_EDGE('',*,*,#1562,.T.);
#1577 = ORIENTED_EDGE('',*,*,#1578,.F.);
#1578 = EDGE_CURVE('',#1399,#1554,#1579,.T.);
#1579 = LINE('',#1580,#1581);
#1580 = CARTESIAN_POINT('',(7.1,12.75,-0.4));
#1581 = VECTOR('',#1582,1.);
#1582 = DIRECTION('',(-1.,0.,0.));
#1583 = ORIENTED_EDGE('',*,*,#1398,.F.);
#1584 = PLANE('',#1585);
#1585 = AXIS2_PLACEMENT_3D('',#1586,#1587,#1588);
#1586 = CARTESIAN_POINT('',(-6.8,12.75,-3.6));
#1587 = DIRECTION('',(0.,1.,0.));
#1588 = DIRECTION('',(1.,0.,0.));
#1589 = ADVANCED_FACE('',(#1590,#1697,#1707,#1717,#1919,#1930,#1964),
  #1975,.T.);
#1590 = FACE_BOUND('',#1591,.T.);
#1591 = EDGE_LOOP('',(#1592,#1593,#1594,#1595,#1596,#1597,#1598,#1599,
    #1600,#1601,#1609,#1617,#1625,#1631,#1632,#1633,#1634,#1635,#1643,
    #1651,#1657,#1658,#1659,#1660,#1661,#1669,#1677,#1685,#1691,#1692,
    #1693,#1694,#1695,#1696));
#1592 = ORIENTED_EDGE('',*,*,#71,.T.);
#1593 = ORIENTED_EDGE('',*,*,#31,.T.);
#1594 = ORIENTED_EDGE('',*,*,#95,.T.);
#1595 = ORIENTED_EDGE('',*,*,#167,.T.);
#1596 = ORIENTED_EDGE('',*,*,#229,.T.);
#1597 = ORIENTED_EDGE('',*,*,#285,.T.);
#1598 = ORIENTED_EDGE('',*,*,#318,.T.);
#1599 = ORIENTED_EDGE('',*,*,#389,.T.);
#1600 = ORIENTED_EDGE('',*,*,#366,.T.);
#1601 = ORIENTED_EDGE('',*,*,#1602,.F.);
#1602 = EDGE_CURVE('',#1603,#367,#1605,.T.);
#1603 = VERTEX_POINT('',#1604);
#1604 = CARTESIAN_POINT('',(45.,12.,-0.4));
#1605 = LINE('',#1606,#1607);
#1606 = CARTESIAN_POINT('',(45.,7.,-0.4));
#1607 = VECTOR('',#1608,1.);
#1608 = DIRECTION('',(0.,1.,0.));
#1609 = ORIENTED_EDGE('',*,*,#1610,.F.);
#1610 = EDGE_CURVE('',#1611,#1603,#1613,.T.);
#1611 = VERTEX_POINT('',#1612);
#1612 = CARTESIAN_POINT('',(42.2,12.,-0.4));
#1613 = LINE('',#1614,#1615);
#1614 = CARTESIAN_POINT('',(42.2,12.,-0.4));
#1615 = VECTOR('',#1616,1.);
#1616 = DIRECTION('',(1.,0.,-0.));
#1617 = ORIENTED_EDGE('',*,*,#1618,.T.);
#1618 = EDGE_CURVE('',#1611,#1619,#1621,.T.);
#1619 = VERTEX_POINT('',#1620);
#1620 = CARTESIAN_POINT('',(42.2,58.,-0.4));
#1621 = LINE('',#1622,#1623);
#1622 = CARTESIAN_POINT('',(42.2,12.,-0.4));
#1623 = VECTOR('',#1624,1.);
#1624 = DIRECTION('',(-0.,1.,0.));
#1625 = ORIENTED_EDGE('',*,*,#1626,.T.);
#1626 = EDGE_CURVE('',#1619,#1153,#1627,.T.);
#1627 = LINE('',#1628,#1629);
#1628 = CARTESIAN_POINT('',(42.2,58.,-0.4));
#1629 = VECTOR('',#1630,1.);
#1630 = DIRECTION('',(1.,0.,-0.));
#1631 = ORIENTED_EDGE('',*,*,#1161,.T.);
#1632 = ORIENTED_EDGE('',*,*,#1129,.T.);
#1633 = ORIENTED_EDGE('',*,*,#1106,.F.);
#1634 = ORIENTED_EDGE('',*,*,#1082,.T.);
#1635 = ORIENTED_EDGE('',*,*,#1636,.T.);
#1636 = EDGE_CURVE('',#1075,#1637,#1639,.T.);
#1637 = VERTEX_POINT('',#1638);
#1638 = CARTESIAN_POINT('',(25.,46.5,-0.4));
#1639 = LINE('',#1640,#1641);
#1640 = CARTESIAN_POINT('',(25.,37.5,-0.4));
#1641 = VECTOR('',#1642,1.);
#1642 = DIRECTION('',(-0.,1.,0.));
#1643 = ORIENTED_EDGE('',*,*,#1644,.T.);
#1644 = EDGE_CURVE('',#1637,#1645,#1647,.T.);
#1645 = VERTEX_POINT('',#1646);
#1646 = CARTESIAN_POINT('',(17.,46.5,-0.4));
#1647 = LINE('',#1648,#1649);
#1648 = CARTESIAN_POINT('',(19.,46.5,-0.4));
#1649 = VECTOR('',#1650,1.);
#1650 = DIRECTION('',(-1.,-0.,0.));
#1651 = ORIENTED_EDGE('',*,*,#1652,.F.);
#1652 = EDGE_CURVE('',#806,#1645,#1653,.T.);
#1653 = LINE('',#1654,#1655);
#1654 = CARTESIAN_POINT('',(17.,37.5,-0.4));
#1655 = VECTOR('',#1656,1.);
#1656 = DIRECTION('',(-0.,1.,0.));
#1657 = ORIENTED_EDGE('',*,*,#815,.T.);
#1658 = ORIENTED_EDGE('',*,*,#791,.T.);
#1659 = ORIENTED_EDGE('',*,*,#831,.T.);
#1660 = ORIENTED_EDGE('',*,*,#854,.T.);
#1661 = ORIENTED_EDGE('',*,*,#1662,.T.);
#1662 = EDGE_CURVE('',#855,#1663,#1665,.T.);
#1663 = VERTEX_POINT('',#1664);
#1664 = CARTESIAN_POINT('',(-0.2,58.,-0.4));
#1665 = LINE('',#1666,#1667);
#1666 = CARTESIAN_POINT('',(-3.,58.,-0.4));
#1667 = VECTOR('',#1668,1.);
#1668 = DIRECTION('',(1.,0.,-0.));
#1669 = ORIENTED_EDGE('',*,*,#1670,.F.);
#1670 = EDGE_CURVE('',#1671,#1663,#1673,.T.);
#1671 = VERTEX_POINT('',#1672);
#1672 = CARTESIAN_POINT('',(-0.2,12.,-0.4));
#1673 = LINE('',#1674,#1675);
#1674 = CARTESIAN_POINT('',(-0.2,12.,-0.4));
#1675 = VECTOR('',#1676,1.);
#1676 = DIRECTION('',(-0.,1.,0.));
#1677 = ORIENTED_EDGE('',*,*,#1678,.F.);
#1678 = EDGE_CURVE('',#1679,#1671,#1681,.T.);
#1679 = VERTEX_POINT('',#1680);
#1680 = CARTESIAN_POINT('',(-3.,12.,-0.4));
#1681 = LINE('',#1682,#1683);
#1682 = CARTESIAN_POINT('',(-3.,12.,-0.4));
#1683 = VECTOR('',#1684,1.);
#1684 = DIRECTION('',(1.,0.,-0.));
#1685 = ORIENTED_EDGE('',*,*,#1686,.F.);
#1686 = EDGE_CURVE('',#485,#1679,#1687,.T.);
#1687 = LINE('',#1688,#1689);
#1688 = CARTESIAN_POINT('',(-3.,53.,-0.4));
#1689 = VECTOR('',#1690,1.);
#1690 = DIRECTION('',(0.,-1.,0.));
#1691 = ORIENTED_EDGE('',*,*,#492,.T.);
#1692 = ORIENTED_EDGE('',*,*,#453,.T.);
#1693 = ORIENTED_EDGE('',*,*,#422,.T.);
#1694 = ORIENTED_EDGE('',*,*,#261,.T.);
#1695 = ORIENTED_EDGE('',*,*,#205,.T.);
#1696 = ORIENTED_EDGE('',*,*,#143,.T.);
#1697 = FACE_BOUND('',#1698,.T.);
#1698 = EDGE_LOOP('',(#1699,#1700,#1701,#1702,#1703,#1704,#1705,#1706));
#1699 = ORIENTED_EDGE('',*,*,#1406,.T.);
#1700 = ORIENTED_EDGE('',*,*,#1578,.T.);
#1701 = ORIENTED_EDGE('',*,*,#1553,.T.);
#1702 = ORIENTED_EDGE('',*,*,#1529,.T.);
#1703 = ORIENTED_EDGE('',*,*,#1504,.T.);
#1704 = ORIENTED_EDGE('',*,*,#1480,.T.);
#1705 = ORIENTED_EDGE('',*,*,#1455,.T.);
#1706 = ORIENTED_EDGE('',*,*,#1431,.T.);
#1707 = FACE_BOUND('',#1708,.T.);
#1708 = EDGE_LOOP('',(#1709,#1710,#1711,#1712,#1713,#1714,#1715,#1716));
#1709 = ORIENTED_EDGE('',*,*,#1210,.T.);
#1710 = ORIENTED_EDGE('',*,*,#1382,.T.);
#1711 = ORIENTED_EDGE('',*,*,#1357,.T.);
#1712 = ORIENTED_EDGE('',*,*,#1333,.T.);
#1713 = ORIENTED_EDGE('',*,*,#1308,.T.);
#1714 = ORIENTED_EDGE('',*,*,#1284,.T.);
#1715 = ORIENTED_EDGE('',*,*,#1259,.T.);
#1716 = ORIENTED_EDGE('',*,*,#1235,.T.);
#1717 = FACE_BOUND('',#1718,.T.);
#1718 = EDGE_LOOP('',(#1719,#1729,#1737,#1745,#1753,#1775,#1798,#1815,
    #1832,#1847,#1859,#1867,#1875,#1883,#1898,#1913));
#1719 = ORIENTED_EDGE('',*,*,#1720,.F.);
#1720 = EDGE_CURVE('',#1721,#1723,#1725,.T.);
#1721 = VERTEX_POINT('',#1722);
#1722 = CARTESIAN_POINT('',(19.727139261745,18.711409395973,-0.4));
#1723 = VERTEX_POINT('',#1724);
#1724 = CARTESIAN_POINT('',(19.727139261745,21.191946308725,-0.4));
#1725 = LINE('',#1726,#1727);
#1726 = CARTESIAN_POINT('',(19.727139261745,25.595973154362,-0.4));
#1727 = VECTOR('',#1728,1.);
#1728 = DIRECTION('',(-0.,1.,0.));
#1729 = ORIENTED_EDGE('',*,*,#1730,.F.);
#1730 = EDGE_CURVE('',#1731,#1721,#1733,.T.);
#1731 = VERTEX_POINT('',#1732);
#1732 = CARTESIAN_POINT('',(18.031459731544,18.711409395973,-0.4));
#1733 = LINE('',#1734,#1735);
#1734 = CARTESIAN_POINT('',(20.363569630872,18.711409395973,-0.4));
#1735 = VECTOR('',#1736,1.);
#1736 = DIRECTION('',(1.,0.,-0.));
#1737 = ORIENTED_EDGE('',*,*,#1738,.F.);
#1738 = EDGE_CURVE('',#1739,#1731,#1741,.T.);
#1739 = VERTEX_POINT('',#1740);
#1740 = CARTESIAN_POINT('',(18.031459731544,25.288590604027,-0.4));
#1741 = LINE('',#1742,#1743);
#1742 = CARTESIAN_POINT('',(18.031459731544,24.355704697987,-0.4));
#1743 = VECTOR('',#1744,1.);
#1744 = DIRECTION('',(0.,-1.,0.));
#1745 = ORIENTED_EDGE('',*,*,#1746,.F.);
#1746 = EDGE_CURVE('',#1747,#1739,#1749,.T.);
#1747 = VERTEX_POINT('',#1748);
#1748 = CARTESIAN_POINT('',(20.621224832215,25.288590604027,-0.4));
#1749 = LINE('',#1750,#1751);
#1750 = CARTESIAN_POINT('',(19.515729865772,25.288590604027,-0.4));
#1751 = VECTOR('',#1752,1.);
#1752 = DIRECTION('',(-1.,0.,0.));
#1753 = ORIENTED_EDGE('',*,*,#1754,.F.);
#1754 = EDGE_CURVE('',#1755,#1747,#1757,.T.);
#1755 = VERTEX_POINT('',#1756);
#1756 = CARTESIAN_POINT('',(22.525964765101,24.850796979866,-0.4));
#1757 = B_SPLINE_CURVE_WITH_KNOTS('',6,(#1758,#1759,#1760,#1761,#1762,
    #1763,#1764,#1765,#1766,#1767,#1768,#1769,#1770,#1771,#1772,#1773,
    #1774),.UNSPECIFIED.,.F.,.F.,(7,5,5,7),(0.,0.309766416513,
    0.818922848261,1.),.UNSPECIFIED.);
#1758 = CARTESIAN_POINT('',(22.525964765101,24.850796979866,-0.4));
#1759 = CARTESIAN_POINT('',(22.448524018336,24.906793174544,-0.4));
#1760 = CARTESIAN_POINT('',(22.36596651653,24.957267052529,-0.4));
#1761 = CARTESIAN_POINT('',(22.279122454724,25.002376155497,-0.4));
#1762 = CARTESIAN_POINT('',(22.188793404968,25.042479767654,-0.4));
#1763 = CARTESIAN_POINT('',(22.095633056937,25.07797800105,-0.4));
#1764 = CARTESIAN_POINT('',(21.843121199142,25.160704876361,-0.4));
#1765 = CARTESIAN_POINT('',(21.679878255247,25.200738192407,-0.4));
#1766 = CARTESIAN_POINT('',(21.512360051967,25.23122295086,-0.4));
#1767 = CARTESIAN_POINT('',(21.341960770102,25.253637574137,-0.4));
#1768 = CARTESIAN_POINT('',(21.169534778976,25.269172664955,-0.4));
#1769 = CARTESIAN_POINT('',(20.933469964498,25.282142876784,-0.4));
#1770 = CARTESIAN_POINT('',(20.871338709409,25.284790059923,-0.4));
#1771 = CARTESIAN_POINT('',(20.809029530036,25.286722671081,-0.4));
#1772 = CARTESIAN_POINT('',(20.746563002729,25.287978170409,-0.4));
#1773 = CARTESIAN_POINT('',(20.683956628339,25.288590604027,-0.4));
#1774 = CARTESIAN_POINT('',(20.621224832215,25.288590604027,-0.4));
#1775 = ORIENTED_EDGE('',*,*,#1776,.F.);
#1776 = EDGE_CURVE('',#1777,#1755,#1779,.T.);
#1777 = VERTEX_POINT('',#1778);
#1778 = CARTESIAN_POINT('',(23.131711409396,23.467533557047,-0.4));
#1779 = B_SPLINE_CURVE_WITH_KNOTS('',5,(#1780,#1781,#1782,#1783,#1784,
    #1785,#1786,#1787,#1788,#1789,#1790,#1791,#1792,#1793,#1794,#1795,
    #1796,#1797),.UNSPECIFIED.,.F.,.F.,(6,4,4,4,6),(0.,0.319563966541,
    0.554846890849,0.780313798204,1.),.UNSPECIFIED.);
#1780 = CARTESIAN_POINT('',(23.131711409396,23.467533557047,-0.4));
#1781 = CARTESIAN_POINT('',(23.131711409396,23.572877269577,-0.4));
#1782 = CARTESIAN_POINT('',(23.127013760471,23.67735412655,-0.4));
#1783 = CARTESIAN_POINT('',(23.117073984244,23.78063311466,-0.4));
#1784 = CARTESIAN_POINT('',(23.101253633886,23.882178556154,-0.4));
#1785 = CARTESIAN_POINT('',(23.062609075866,24.054283473385,-0.4));
#1786 = CARTESIAN_POINT('',(23.042733347866,24.125948947435,-0.4));
#1787 = CARTESIAN_POINT('',(23.019153267497,24.196012807547,-0.4));
#1788 = CARTESIAN_POINT('',(22.99168575776,24.264137033946,-0.4));
#1789 = CARTESIAN_POINT('',(22.93016602789,24.393066382431,-0.4));
#1790 = CARTESIAN_POINT('',(22.89643390805,24.454063769828,-0.4));
#1791 = CARTESIAN_POINT('',(22.859025559392,24.512652104043,-0.4));
#1792 = CARTESIAN_POINT('',(22.817986002674,24.568552208698,-0.4));
#1793 = CARTESIAN_POINT('',(22.730147592674,24.673190047441,-0.4));
#1794 = CARTESIAN_POINT('',(22.68351784625,24.722081260371,-0.4));
#1795 = CARTESIAN_POINT('',(22.633772656226,24.768025566403,-0.4));
#1796 = CARTESIAN_POINT('',(22.581157206524,24.810934285866,-0.4));
#1797 = CARTESIAN_POINT('',(22.525964765101,24.850796979866,-0.4));
#1798 = ORIENTED_EDGE('',*,*,#1799,.F.);
#1799 = EDGE_CURVE('',#1800,#1777,#1802,.T.);
#1800 = VERTEX_POINT('',#1801);
#1801 = CARTESIAN_POINT('',(22.816652684564,22.393162751678,-0.4));
#1802 = B_SPLINE_CURVE_WITH_KNOTS('',6,(#1803,#1804,#1805,#1806,#1807,
    #1808,#1809,#1810,#1811,#1812,#1813,#1814),.UNSPECIFIED.,.F.,.F.,(7,
    5,7),(0.,0.487497399823,1.),.UNSPECIFIED.);
#1803 = CARTESIAN_POINT('',(22.816652684564,22.393162751678,-0.4));
#1804 = CARTESIAN_POINT('',(22.870207017356,22.464585165682,-0.4));
#1805 = CARTESIAN_POINT('',(22.918315925507,22.540086691424,-0.4));
#1806 = CARTESIAN_POINT('',(22.960751847973,22.61937692086,-0.4));
#1807 = CARTESIAN_POINT('',(22.997467515993,22.70209338039,-0.4));
#1808 = CARTESIAN_POINT('',(23.028554527601,22.787826530897,-0.4));
#1809 = CARTESIAN_POINT('',(23.081164848305,22.968993111314,-0.4));
#1810 = CARTESIAN_POINT('',(23.102119645102,23.064711633082,-0.4));
#1811 = CARTESIAN_POINT('',(23.117292679024,23.162832632959,-0.4));
#1812 = CARTESIAN_POINT('',(23.127030093117,23.262916618089,-0.4));
#1813 = CARTESIAN_POINT('',(23.131711409396,23.3645848494,-0.4));
#1814 = CARTESIAN_POINT('',(23.131711409396,23.467533557047,-0.4));
#1815 = ORIENTED_EDGE('',*,*,#1816,.F.);
#1816 = EDGE_CURVE('',#1817,#1800,#1819,.T.);
#1817 = VERTEX_POINT('',#1818);
#1818 = CARTESIAN_POINT('',(21.867659395973,21.774496644295,-0.4));
#1819 = B_SPLINE_CURVE_WITH_KNOTS('',6,(#1820,#1821,#1822,#1823,#1824,
    #1825,#1826,#1827,#1828,#1829,#1830,#1831),.UNSPECIFIED.,.F.,.F.,(7,
    5,7),(0.,0.517784496077,1.),.UNSPECIFIED.);
#1820 = CARTESIAN_POINT('',(21.867659395973,21.774496644295,-0.4));
#1821 = CARTESIAN_POINT('',(21.968094652873,21.805975657685,-0.4));
#1822 = CARTESIAN_POINT('',(22.065912307136,21.841467522767,-0.4));
#1823 = CARTESIAN_POINT('',(22.160713898031,21.881242640302,-0.4));
#1824 = CARTESIAN_POINT('',(22.252021771431,21.925558192795,-0.4));
#1825 = CARTESIAN_POINT('',(22.339302305315,21.974628588045,-0.4));
#1826 = CARTESIAN_POINT('',(22.499058936486,22.07877686214,-0.4));
#1827 = CARTESIAN_POINT('',(22.572148065663,22.133215784196,-0.4));
#1828 = CARTESIAN_POINT('',(22.640834735373,22.191939783004,-0.4));
#1829 = CARTESIAN_POINT('',(22.704696589998,22.254941331581,-0.4));
#1830 = CARTESIAN_POINT('',(22.763382667531,22.322102934181,-0.4));
#1831 = CARTESIAN_POINT('',(22.816652684564,22.393162751678,-0.4));
#1832 = ORIENTED_EDGE('',*,*,#1833,.F.);
#1833 = EDGE_CURVE('',#1834,#1817,#1836,.T.);
#1834 = VERTEX_POINT('',#1835);
#1835 = CARTESIAN_POINT('',(22.490729865772,21.417156040268,-0.4));
#1836 = B_SPLINE_CURVE_WITH_KNOTS('',5,(#1837,#1838,#1839,#1840,#1841,
    #1842,#1843,#1844,#1845,#1846),.UNSPECIFIED.,.F.,.F.,(6,4,6),(0.,
    0.789871166779,1.),.UNSPECIFIED.);
#1837 = CARTESIAN_POINT('',(22.490729865772,21.417156040268,-0.4));
#1838 = CARTESIAN_POINT('',(22.406045589942,21.502834475153,-0.4));
#1839 = CARTESIAN_POINT('',(22.31559924499,21.578174467528,-0.4));
#1840 = CARTESIAN_POINT('',(22.219475237064,21.641984302798,-0.4));
#1841 = CARTESIAN_POINT('',(22.118002113883,21.693361016481,-0.4));
#1842 = CARTESIAN_POINT('',(21.983692916805,21.742338002412,-0.4));
#1843 = CARTESIAN_POINT('',(21.955142929688,21.751731744255,-0.4));
#1844 = CARTESIAN_POINT('',(21.92627801365,21.760223128162,-0.4));
#1845 = CARTESIAN_POINT('',(21.897111933587,21.767810793985,-0.4));
#1846 = CARTESIAN_POINT('',(21.867659395973,21.774496644295,-0.4));
#1847 = ORIENTED_EDGE('',*,*,#1848,.F.);
#1848 = EDGE_CURVE('',#1849,#1834,#1851,.T.);
#1849 = VERTEX_POINT('',#1850);
#1850 = CARTESIAN_POINT('',(23.04802852349,20.572986577181,-0.4));
#1851 = B_SPLINE_CURVE_WITH_KNOTS('',6,(#1852,#1853,#1854,#1855,#1856,
    #1857,#1858),.UNSPECIFIED.,.F.,.F.,(7,7),(0.,1.),
  .PIECEWISE_BEZIER_KNOTS.);
#1852 = CARTESIAN_POINT('',(23.04802852349,20.572986577181,-0.4));
#1853 = CARTESIAN_POINT('',(22.964737860441,20.74017523103,-0.4));
#1854 = CARTESIAN_POINT('',(22.878115806345,20.899672989932,-0.4));
#1855 = CARTESIAN_POINT('',(22.787659849556,21.050101834858,-0.4));
#1856 = CARTESIAN_POINT('',(22.693025225075,21.188996658797,-0.4));
#1857 = CARTESIAN_POINT('',(22.594017584842,21.312767172807,-0.4));
#1858 = CARTESIAN_POINT('',(22.490729865772,21.417156040268,-0.4));
#1859 = ORIENTED_EDGE('',*,*,#1860,.F.);
#1860 = EDGE_CURVE('',#1861,#1849,#1863,.T.);
#1861 = VERTEX_POINT('',#1862);
#1862 = CARTESIAN_POINT('',(23.968540268456,18.711409395973,-0.4));
#1863 = LINE('',#1864,#1865);
#1864 = CARTESIAN_POINT('',(20.974028172398,24.767296697092,-0.4));
#1865 = VECTOR('',#1866,1.);
#1866 = DIRECTION('',(-0.443250359983,0.89639785719,0.));
#1867 = ORIENTED_EDGE('',*,*,#1868,.F.);
#1868 = EDGE_CURVE('',#1869,#1861,#1871,.T.);
#1869 = VERTEX_POINT('',#1870);
#1870 = CARTESIAN_POINT('',(22.162751677852,18.711409395973,-0.4));
#1871 = LINE('',#1872,#1873);
#1872 = CARTESIAN_POINT('',(22.484270134228,18.711409395973,-0.4));
#1873 = VECTOR('',#1874,1.);
#1874 = DIRECTION('',(1.,0.,-0.));
#1875 = ORIENTED_EDGE('',*,*,#1876,.F.);
#1876 = EDGE_CURVE('',#1877,#1869,#1879,.T.);
#1877 = VERTEX_POINT('',#1878);
#1878 = CARTESIAN_POINT('',(21.361157718121,20.34014261745,-0.4));
#1879 = LINE('',#1880,#1881);
#1880 = CARTESIAN_POINT('',(19.813162609393,23.485464547162,-0.4));
#1881 = VECTOR('',#1882,1.);
#1882 = DIRECTION('',(0.441575860289,-0.897223918323,0.));
#1883 = ORIENTED_EDGE('',*,*,#1884,.F.);
#1884 = EDGE_CURVE('',#1885,#1877,#1887,.T.);
#1885 = VERTEX_POINT('',#1886);
#1886 = CARTESIAN_POINT('',(20.869924496644,21.011954697987,-0.4));
#1887 = B_SPLINE_CURVE_WITH_KNOTS('',5,(#1888,#1889,#1890,#1891,#1892,
    #1893,#1894,#1895,#1896,#1897),.UNSPECIFIED.,.F.,.F.,(6,4,6),(0.,
    0.426615210308,1.),.UNSPECIFIED.);
#1888 = CARTESIAN_POINT('',(20.869924496644,21.011954697987,-0.4));
#1889 = CARTESIAN_POINT('',(20.917360458914,20.977664314884,-0.4));
#1890 = CARTESIAN_POINT('',(20.963748015772,20.936946810655,-0.4));
#1891 = CARTESIAN_POINT('',(21.008939441599,20.890455893825,-0.4));
#1892 = CARTESIAN_POINT('',(21.052887422716,20.838924839313,-0.4));
#1893 = CARTESIAN_POINT('',(21.15301204631,20.707745887871,-0.4));
#1894 = CARTESIAN_POINT('',(21.208184176098,20.624537469182,-0.4));
#1895 = CARTESIAN_POINT('',(21.261169599844,20.534803893204,-0.4));
#1896 = CARTESIAN_POINT('',(21.312102233595,20.439740116335,-0.4));
#1897 = CARTESIAN_POINT('',(21.361157718121,20.34014261745,-0.4));
#1898 = ORIENTED_EDGE('',*,*,#1899,.F.);
#1899 = EDGE_CURVE('',#1900,#1885,#1902,.T.);
#1900 = VERTEX_POINT('',#1901);
#1901 = CARTESIAN_POINT('',(20.207214765101,21.191946308725,-0.4));
#1902 = B_SPLINE_CURVE_WITH_KNOTS('',5,(#1903,#1904,#1905,#1906,#1907,
    #1908,#1909,#1910,#1911,#1912),.UNSPECIFIED.,.F.,.F.,(6,4,6),(0.,
    0.512909629311,1.),.UNSPECIFIED.);
#1903 = CARTESIAN_POINT('',(20.207214765101,21.191946308725,-0.4));
#1904 = CARTESIAN_POINT('',(20.28707622907,21.191946308725,-0.4));
#1905 = CARTESIAN_POINT('',(20.364657752521,21.187760230806,-0.4));
#1906 = CARTESIAN_POINT('',(20.439602218909,21.179061397177,-0.4));
#1907 = CARTESIAN_POINT('',(20.511488617887,21.165528149138,-0.4));
#1908 = CARTESIAN_POINT('',(20.64486223723,21.129303945037,-0.4));
#1909 = CARTESIAN_POINT('',(20.706694582958,21.107107421574,-0.4));
#1910 = CARTESIAN_POINT('',(20.765025384531,21.080180308239,-0.4));
#1911 = CARTESIAN_POINT('',(20.819517528981,21.048435773757,-0.4));
#1912 = CARTESIAN_POINT('',(20.869924496644,21.011954697987,-0.4));
#1913 = ORIENTED_EDGE('',*,*,#1914,.F.);
#1914 = EDGE_CURVE('',#1723,#1900,#1915,.T.);
#1915 = LINE('',#1916,#1917);
#1916 = CARTESIAN_POINT('',(20.60360738255,21.191946308725,-0.4));
#1917 = VECTOR('',#1918,1.);
#1918 = DIRECTION('',(1.,0.,-0.));
#1919 = FACE_BOUND('',#1920,.T.);
#1920 = EDGE_LOOP('',(#1921));
#1921 = ORIENTED_EDGE('',*,*,#1922,.F.);
#1922 = EDGE_CURVE('',#1923,#1923,#1925,.T.);
#1923 = VERTEX_POINT('',#1924);
#1924 = CARTESIAN_POINT('',(33.4,44.3,-0.4));
#1925 = CIRCLE('',#1926,2.4);
#1926 = AXIS2_PLACEMENT_3D('',#1927,#1928,#1929);
#1927 = CARTESIAN_POINT('',(31.,44.3,-0.4));
#1928 = DIRECTION('',(0.,0.,1.));
#1929 = DIRECTION('',(1.,0.,-0.));
#1930 = FACE_BOUND('',#1931,.T.);
#1931 = EDGE_LOOP('',(#1932,#1942,#1950,#1958));
#1932 = ORIENTED_EDGE('',*,*,#1933,.T.);
#1933 = EDGE_CURVE('',#1934,#1936,#1938,.T.);
#1934 = VERTEX_POINT('',#1935);
#1935 = CARTESIAN_POINT('',(2.2,48.,-0.4));
#1936 = VERTEX_POINT('',#1937);
#1937 = CARTESIAN_POINT('',(2.2,52.,-0.4));
#1938 = LINE('',#1939,#1940);
#1939 = CARTESIAN_POINT('',(2.2,48.,-0.4));
#1940 = VECTOR('',#1941,1.);
#1941 = DIRECTION('',(-0.,1.,0.));
#1942 = ORIENTED_EDGE('',*,*,#1943,.T.);
#1943 = EDGE_CURVE('',#1936,#1944,#1946,.T.);
#1944 = VERTEX_POINT('',#1945);
#1945 = CARTESIAN_POINT('',(4.8,52.,-0.4));
#1946 = LINE('',#1947,#1948);
#1947 = CARTESIAN_POINT('',(2.2,52.,-0.4));
#1948 = VECTOR('',#1949,1.);
#1949 = DIRECTION('',(1.,0.,-0.));
#1950 = ORIENTED_EDGE('',*,*,#1951,.F.);
#1951 = EDGE_CURVE('',#1952,#1944,#1954,.T.);
#1952 = VERTEX_POINT('',#1953);
#1953 = CARTESIAN_POINT('',(4.8,48.,-0.4));
#1954 = LINE('',#1955,#1956);
#1955 = CARTESIAN_POINT('',(4.8,48.,-0.4));
#1956 = VECTOR('',#1957,1.);
#1957 = DIRECTION('',(-0.,1.,0.));
#1958 = ORIENTED_EDGE('',*,*,#1959,.F.);
#1959 = EDGE_CURVE('',#1934,#1952,#1960,.T.);
#1960 = LINE('',#1961,#1962);
#1961 = CARTESIAN_POINT('',(2.2,48.,-0.4));
#1962 = VECTOR('',#1963,1.);
#1963 = DIRECTION('',(1.,0.,-0.));
#1964 = FACE_BOUND('',#1965,.T.);
#1965 = EDGE_LOOP('',(#1966));
#1966 = ORIENTED_EDGE('',*,*,#1967,.F.);
#1967 = EDGE_CURVE('',#1968,#1968,#1970,.T.);
#1968 = VERTEX_POINT('',#1969);
#1969 = CARTESIAN_POINT('',(-8.3,44.,-0.4));
#1970 = CIRCLE('',#1971,0.8);
#1971 = AXIS2_PLACEMENT_3D('',#1972,#1973,#1974);
#1972 = CARTESIAN_POINT('',(-9.1,44.,-0.4));
#1973 = DIRECTION('',(0.,0.,1.));
#1974 = DIRECTION('',(1.,0.,-0.));
#1975 = PLANE('',#1976);
#1976 = AXIS2_PLACEMENT_3D('',#1977,#1978,#1979);
#1977 = CARTESIAN_POINT('',(21.,31.380529757958,-0.4));
#1978 = DIRECTION('',(0.,0.,1.));
#1979 = DIRECTION('',(1.,0.,-0.));
#1980 = ADVANCED_FACE('',(#1981),#2015,.T.);
#1981 = FACE_BOUND('',#1982,.T.);
#1982 = EDGE_LOOP('',(#1983,#1993,#2001,#2009));
#1983 = ORIENTED_EDGE('',*,*,#1984,.F.);
#1984 = EDGE_CURVE('',#1985,#1987,#1989,.T.);
#1985 = VERTEX_POINT('',#1986);
#1986 = CARTESIAN_POINT('',(42.2,12.,3.2));
#1987 = VERTEX_POINT('',#1988);
#1988 = CARTESIAN_POINT('',(42.2,58.,3.2));
#1989 = LINE('',#1990,#1991);
#1990 = CARTESIAN_POINT('',(42.2,12.,3.2));
#1991 = VECTOR('',#1992,1.);
#1992 = DIRECTION('',(-0.,1.,0.));
#1993 = ORIENTED_EDGE('',*,*,#1994,.T.);
#1994 = EDGE_CURVE('',#1985,#1995,#1997,.T.);
#1995 = VERTEX_POINT('',#1996);
#1996 = CARTESIAN_POINT('',(45.,12.,3.2));
#1997 = LINE('',#1998,#1999);
#1998 = CARTESIAN_POINT('',(42.2,12.,3.2));
#1999 = VECTOR('',#2000,1.);
#2000 = DIRECTION('',(1.,0.,-0.));
#2001 = ORIENTED_EDGE('',*,*,#2002,.T.);
#2002 = EDGE_CURVE('',#1995,#2003,#2005,.T.);
#2003 = VERTEX_POINT('',#2004);
#2004 = CARTESIAN_POINT('',(45.,58.,3.2));
#2005 = LINE('',#2006,#2007);
#2006 = CARTESIAN_POINT('',(45.,12.,3.2));
#2007 = VECTOR('',#2008,1.);
#2008 = DIRECTION('',(-0.,1.,0.));
#2009 = ORIENTED_EDGE('',*,*,#2010,.F.);
#2010 = EDGE_CURVE('',#1987,#2003,#2011,.T.);
#2011 = LINE('',#2012,#2013);
#2012 = CARTESIAN_POINT('',(42.2,58.,3.2));
#2013 = VECTOR('',#2014,1.);
#2014 = DIRECTION('',(1.,0.,-0.));
#2015 = PLANE('',#2016);
#2016 = AXIS2_PLACEMENT_3D('',#2017,#2018,#2019);
#2017 = CARTESIAN_POINT('',(42.2,12.,3.2));
#2018 = DIRECTION('',(0.,0.,1.));
#2019 = DIRECTION('',(1.,0.,-0.));
#2020 = ADVANCED_FACE('',(#2021),#2046,.F.);
#2021 = FACE_BOUND('',#2022,.F.);
#2022 = EDGE_LOOP('',(#2023,#2031,#2039,#2045));
#2023 = ORIENTED_EDGE('',*,*,#2024,.F.);
#2024 = EDGE_CURVE('',#2025,#1985,#2027,.T.);
#2025 = VERTEX_POINT('',#2026);
#2026 = CARTESIAN_POINT('',(42.2,12.,2.6));
#2027 = LINE('',#2028,#2029);
#2028 = CARTESIAN_POINT('',(42.2,12.,-0.4));
#2029 = VECTOR('',#2030,1.);
#2030 = DIRECTION('',(0.,0.,1.));
#2031 = ORIENTED_EDGE('',*,*,#2032,.T.);
#2032 = EDGE_CURVE('',#2025,#2033,#2035,.T.);
#2033 = VERTEX_POINT('',#2034);
#2034 = CARTESIAN_POINT('',(42.2,58.,2.6));
#2035 = LINE('',#2036,#2037);
#2036 = CARTESIAN_POINT('',(42.2,12.,2.6));
#2037 = VECTOR('',#2038,1.);
#2038 = DIRECTION('',(0.,1.,0.));
#2039 = ORIENTED_EDGE('',*,*,#2040,.T.);
#2040 = EDGE_CURVE('',#2033,#1987,#2041,.T.);
#2041 = LINE('',#2042,#2043);
#2042 = CARTESIAN_POINT('',(42.2,58.,-0.4));
#2043 = VECTOR('',#2044,1.);
#2044 = DIRECTION('',(0.,0.,1.));
#2045 = ORIENTED_EDGE('',*,*,#1984,.F.);
#2046 = PLANE('',#2047);
#2047 = AXIS2_PLACEMENT_3D('',#2048,#2049,#2050);
#2048 = CARTESIAN_POINT('',(42.2,12.,-0.4));
#2049 = DIRECTION('',(1.,0.,-0.));
#2050 = DIRECTION('',(0.,0.,1.));
#2051 = ADVANCED_FACE('',(#2052),#2077,.T.);
#2052 = FACE_BOUND('',#2053,.T.);
#2053 = EDGE_LOOP('',(#2054,#2055,#2063,#2071));
#2054 = ORIENTED_EDGE('',*,*,#2032,.T.);
#2055 = ORIENTED_EDGE('',*,*,#2056,.T.);
#2056 = EDGE_CURVE('',#2033,#2057,#2059,.T.);
#2057 = VERTEX_POINT('',#2058);
#2058 = CARTESIAN_POINT('',(41.4,58.,1.8));
#2059 = LINE('',#2060,#2061);
#2060 = CARTESIAN_POINT('',(42.2,58.,2.6));
#2061 = VECTOR('',#2062,1.);
#2062 = DIRECTION('',(-0.707106781187,0.,-0.707106781187));
#2063 = ORIENTED_EDGE('',*,*,#2064,.F.);
#2064 = EDGE_CURVE('',#2065,#2057,#2067,.T.);
#2065 = VERTEX_POINT('',#2066);
#2066 = CARTESIAN_POINT('',(41.4,12.,1.8));
#2067 = LINE('',#2068,#2069);
#2068 = CARTESIAN_POINT('',(41.4,12.,1.8));
#2069 = VECTOR('',#2070,1.);
#2070 = DIRECTION('',(0.,1.,0.));
#2071 = ORIENTED_EDGE('',*,*,#2072,.F.);
#2072 = EDGE_CURVE('',#2025,#2065,#2073,.T.);
#2073 = LINE('',#2074,#2075);
#2074 = CARTESIAN_POINT('',(42.2,12.,2.6));
#2075 = VECTOR('',#2076,1.);
#2076 = DIRECTION('',(-0.707106781187,0.,-0.707106781187));
#2077 = PLANE('',#2078);
#2078 = AXIS2_PLACEMENT_3D('',#2079,#2080,#2081);
#2079 = CARTESIAN_POINT('',(42.2,12.,2.6));
#2080 = DIRECTION('',(-0.707106781187,0.,0.707106781187));
#2081 = DIRECTION('',(-0.707106781187,0.,-0.707106781187));
#2082 = ADVANCED_FACE('',(#2083),#2108,.T.);
#2083 = FACE_BOUND('',#2084,.T.);
#2084 = EDGE_LOOP('',(#2085,#2086,#2094,#2102));
#2085 = ORIENTED_EDGE('',*,*,#2064,.T.);
#2086 = ORIENTED_EDGE('',*,*,#2087,.T.);
#2087 = EDGE_CURVE('',#2057,#2088,#2090,.T.);
#2088 = VERTEX_POINT('',#2089);
#2089 = CARTESIAN_POINT('',(41.4,58.,1.4));
#2090 = LINE('',#2091,#2092);
#2091 = CARTESIAN_POINT('',(41.4,58.,1.8));
#2092 = VECTOR('',#2093,1.);
#2093 = DIRECTION('',(0.,0.,-1.));
#2094 = ORIENTED_EDGE('',*,*,#2095,.F.);
#2095 = EDGE_CURVE('',#2096,#2088,#2098,.T.);
#2096 = VERTEX_POINT('',#2097);
#2097 = CARTESIAN_POINT('',(41.4,12.,1.4));
#2098 = LINE('',#2099,#2100);
#2099 = CARTESIAN_POINT('',(41.4,12.,1.4));
#2100 = VECTOR('',#2101,1.);
#2101 = DIRECTION('',(0.,1.,0.));
#2102 = ORIENTED_EDGE('',*,*,#2103,.F.);
#2103 = EDGE_CURVE('',#2065,#2096,#2104,.T.);
#2104 = LINE('',#2105,#2106);
#2105 = CARTESIAN_POINT('',(41.4,12.,1.8));
#2106 = VECTOR('',#2107,1.);
#2107 = DIRECTION('',(0.,0.,-1.));
#2108 = PLANE('',#2109);
#2109 = AXIS2_PLACEMENT_3D('',#2110,#2111,#2112);
#2110 = CARTESIAN_POINT('',(41.4,12.,1.8));
#2111 = DIRECTION('',(-1.,0.,0.));
#2112 = DIRECTION('',(0.,0.,-1.));
#2113 = ADVANCED_FACE('',(#2114),#2139,.F.);
#2114 = FACE_BOUND('',#2115,.F.);
#2115 = EDGE_LOOP('',(#2116,#2124,#2125,#2133));
#2116 = ORIENTED_EDGE('',*,*,#2117,.F.);
#2117 = EDGE_CURVE('',#1611,#2118,#2120,.T.);
#2118 = VERTEX_POINT('',#2119);
#2119 = CARTESIAN_POINT('',(42.2,12.,1.4));
#2120 = LINE('',#2121,#2122);
#2121 = CARTESIAN_POINT('',(42.2,12.,-0.4));
#2122 = VECTOR('',#2123,1.);
#2123 = DIRECTION('',(0.,0.,1.));
#2124 = ORIENTED_EDGE('',*,*,#1618,.T.);
#2125 = ORIENTED_EDGE('',*,*,#2126,.T.);
#2126 = EDGE_CURVE('',#1619,#2127,#2129,.T.);
#2127 = VERTEX_POINT('',#2128);
#2128 = CARTESIAN_POINT('',(42.2,58.,1.4));
#2129 = LINE('',#2130,#2131);
#2130 = CARTESIAN_POINT('',(42.2,58.,-0.4));
#2131 = VECTOR('',#2132,1.);
#2132 = DIRECTION('',(0.,0.,1.));
#2133 = ORIENTED_EDGE('',*,*,#2134,.F.);
#2134 = EDGE_CURVE('',#2118,#2127,#2135,.T.);
#2135 = LINE('',#2136,#2137);
#2136 = CARTESIAN_POINT('',(42.2,12.,1.4));
#2137 = VECTOR('',#2138,1.);
#2138 = DIRECTION('',(0.,1.,0.));
#2139 = PLANE('',#2140);
#2140 = AXIS2_PLACEMENT_3D('',#2141,#2142,#2143);
#2141 = CARTESIAN_POINT('',(42.2,12.,-0.4));
#2142 = DIRECTION('',(1.,0.,-0.));
#2143 = DIRECTION('',(0.,0.,1.));
#2144 = ADVANCED_FACE('',(#2145),#2161,.T.);
#2145 = FACE_BOUND('',#2146,.T.);
#2146 = EDGE_LOOP('',(#2147,#2148,#2154,#2155));
#2147 = ORIENTED_EDGE('',*,*,#2095,.T.);
#2148 = ORIENTED_EDGE('',*,*,#2149,.T.);
#2149 = EDGE_CURVE('',#2088,#2127,#2150,.T.);
#2150 = LINE('',#2151,#2152);
#2151 = CARTESIAN_POINT('',(41.4,58.,1.4));
#2152 = VECTOR('',#2153,1.);
#2153 = DIRECTION('',(1.,0.,0.));
#2154 = ORIENTED_EDGE('',*,*,#2134,.F.);
#2155 = ORIENTED_EDGE('',*,*,#2156,.F.);
#2156 = EDGE_CURVE('',#2096,#2118,#2157,.T.);
#2157 = LINE('',#2158,#2159);
#2158 = CARTESIAN_POINT('',(41.4,12.,1.4));
#2159 = VECTOR('',#2160,1.);
#2160 = DIRECTION('',(1.,0.,0.));
#2161 = PLANE('',#2162);
#2162 = AXIS2_PLACEMENT_3D('',#2163,#2164,#2165);
#2163 = CARTESIAN_POINT('',(41.4,12.,1.4));
#2164 = DIRECTION('',(0.,0.,-1.));
#2165 = DIRECTION('',(1.,0.,0.));
#2166 = ADVANCED_FACE('',(#2167),#2192,.T.);
#2167 = FACE_BOUND('',#2168,.T.);
#2168 = EDGE_LOOP('',(#2169,#2179,#2185,#2186));
#2169 = ORIENTED_EDGE('',*,*,#2170,.F.);
#2170 = EDGE_CURVE('',#2171,#2173,#2175,.T.);
#2171 = VERTEX_POINT('',#2172);
#2172 = CARTESIAN_POINT('',(17.,46.5,-1.8));
#2173 = VERTEX_POINT('',#2174);
#2174 = CARTESIAN_POINT('',(25.,46.5,-1.8));
#2175 = LINE('',#2176,#2177);
#2176 = CARTESIAN_POINT('',(17.,46.5,-1.8));
#2177 = VECTOR('',#2178,1.);
#2178 = DIRECTION('',(1.,0.,-0.));
#2179 = ORIENTED_EDGE('',*,*,#2180,.T.);
#2180 = EDGE_CURVE('',#2171,#1645,#2181,.T.);
#2181 = LINE('',#2182,#2183);
#2182 = CARTESIAN_POINT('',(17.,46.5,-1.8));
#2183 = VECTOR('',#2184,1.);
#2184 = DIRECTION('',(0.,0.,1.));
#2185 = ORIENTED_EDGE('',*,*,#1644,.F.);
#2186 = ORIENTED_EDGE('',*,*,#2187,.F.);
#2187 = EDGE_CURVE('',#2173,#1637,#2188,.T.);
#2188 = LINE('',#2189,#2190);
#2189 = CARTESIAN_POINT('',(25.,46.5,-1.8));
#2190 = VECTOR('',#2191,1.);
#2191 = DIRECTION('',(0.,0.,1.));
#2192 = PLANE('',#2193);
#2193 = AXIS2_PLACEMENT_3D('',#2194,#2195,#2196);
#2194 = CARTESIAN_POINT('',(17.,46.5,-1.8));
#2195 = DIRECTION('',(-0.,1.,0.));
#2196 = DIRECTION('',(0.,0.,1.));
#2197 = ADVANCED_FACE('',(#2198),#2223,.T.);
#2198 = FACE_BOUND('',#2199,.T.);
#2199 = EDGE_LOOP('',(#2200,#2208,#2209,#2217));
#2200 = ORIENTED_EDGE('',*,*,#2201,.F.);
#2201 = EDGE_CURVE('',#1671,#2202,#2204,.T.);
#2202 = VERTEX_POINT('',#2203);
#2203 = CARTESIAN_POINT('',(-0.2,12.,1.4));
#2204 = LINE('',#2205,#2206);
#2205 = CARTESIAN_POINT('',(-0.2,12.,-0.4));
#2206 = VECTOR('',#2207,1.);
#2207 = DIRECTION('',(0.,0.,1.));
#2208 = ORIENTED_EDGE('',*,*,#1670,.T.);
#2209 = ORIENTED_EDGE('',*,*,#2210,.T.);
#2210 = EDGE_CURVE('',#1663,#2211,#2213,.T.);
#2211 = VERTEX_POINT('',#2212);
#2212 = CARTESIAN_POINT('',(-0.2,58.,1.4));
#2213 = LINE('',#2214,#2215);
#2214 = CARTESIAN_POINT('',(-0.2,58.,-0.4));
#2215 = VECTOR('',#2216,1.);
#2216 = DIRECTION('',(0.,0.,1.));
#2217 = ORIENTED_EDGE('',*,*,#2218,.F.);
#2218 = EDGE_CURVE('',#2202,#2211,#2219,.T.);
#2219 = LINE('',#2220,#2221);
#2220 = CARTESIAN_POINT('',(-0.2,12.,1.4));
#2221 = VECTOR('',#2222,1.);
#2222 = DIRECTION('',(0.,1.,0.));
#2223 = PLANE('',#2224);
#2224 = AXIS2_PLACEMENT_3D('',#2225,#2226,#2227);
#2225 = CARTESIAN_POINT('',(-0.2,12.,-0.4));
#2226 = DIRECTION('',(1.,0.,-0.));
#2227 = DIRECTION('',(0.,0.,1.));
#2228 = ADVANCED_FACE('',(#2229),#2254,.T.);
#2229 = FACE_BOUND('',#2230,.T.);
#2230 = EDGE_LOOP('',(#2231,#2232,#2240,#2248));
#2231 = ORIENTED_EDGE('',*,*,#2218,.T.);
#2232 = ORIENTED_EDGE('',*,*,#2233,.T.);
#2233 = EDGE_CURVE('',#2211,#2234,#2236,.T.);
#2234 = VERTEX_POINT('',#2235);
#2235 = CARTESIAN_POINT('',(0.6,58.,1.4));
#2236 = LINE('',#2237,#2238);
#2237 = CARTESIAN_POINT('',(-0.2,58.,1.4));
#2238 = VECTOR('',#2239,1.);
#2239 = DIRECTION('',(1.,0.,0.));
#2240 = ORIENTED_EDGE('',*,*,#2241,.F.);
#2241 = EDGE_CURVE('',#2242,#2234,#2244,.T.);
#2242 = VERTEX_POINT('',#2243);
#2243 = CARTESIAN_POINT('',(0.6,12.,1.4));
#2244 = LINE('',#2245,#2246);
#2245 = CARTESIAN_POINT('',(0.6,12.,1.4));
#2246 = VECTOR('',#2247,1.);
#2247 = DIRECTION('',(0.,1.,0.));
#2248 = ORIENTED_EDGE('',*,*,#2249,.F.);
#2249 = EDGE_CURVE('',#2202,#2242,#2250,.T.);
#2250 = LINE('',#2251,#2252);
#2251 = CARTESIAN_POINT('',(-0.2,12.,1.4));
#2252 = VECTOR('',#2253,1.);
#2253 = DIRECTION('',(1.,0.,0.));
#2254 = PLANE('',#2255);
#2255 = AXIS2_PLACEMENT_3D('',#2256,#2257,#2258);
#2256 = CARTESIAN_POINT('',(-0.2,12.,1.4));
#2257 = DIRECTION('',(0.,0.,-1.));
#2258 = DIRECTION('',(1.,0.,0.));
#2259 = ADVANCED_FACE('',(#2260),#2285,.T.);
#2260 = FACE_BOUND('',#2261,.T.);
#2261 = EDGE_LOOP('',(#2262,#2263,#2271,#2279));
#2262 = ORIENTED_EDGE('',*,*,#2241,.T.);
#2263 = ORIENTED_EDGE('',*,*,#2264,.T.);
#2264 = EDGE_CURVE('',#2234,#2265,#2267,.T.);
#2265 = VERTEX_POINT('',#2266);
#2266 = CARTESIAN_POINT('',(0.6,58.,1.8));
#2267 = LINE('',#2268,#2269);
#2268 = CARTESIAN_POINT('',(0.6,58.,1.4));
#2269 = VECTOR('',#2270,1.);
#2270 = DIRECTION('',(0.,0.,1.));
#2271 = ORIENTED_EDGE('',*,*,#2272,.F.);
#2272 = EDGE_CURVE('',#2273,#2265,#2275,.T.);
#2273 = VERTEX_POINT('',#2274);
#2274 = CARTESIAN_POINT('',(0.6,12.,1.8));
#2275 = LINE('',#2276,#2277);
#2276 = CARTESIAN_POINT('',(0.6,12.,1.8));
#2277 = VECTOR('',#2278,1.);
#2278 = DIRECTION('',(0.,1.,0.));
#2279 = ORIENTED_EDGE('',*,*,#2280,.F.);
#2280 = EDGE_CURVE('',#2242,#2273,#2281,.T.);
#2281 = LINE('',#2282,#2283);
#2282 = CARTESIAN_POINT('',(0.6,12.,1.4));
#2283 = VECTOR('',#2284,1.);
#2284 = DIRECTION('',(0.,0.,1.));
#2285 = PLANE('',#2286);
#2286 = AXIS2_PLACEMENT_3D('',#2287,#2288,#2289);
#2287 = CARTESIAN_POINT('',(0.6,12.,1.4));
#2288 = DIRECTION('',(1.,0.,0.));
#2289 = DIRECTION('',(0.,0.,1.));
#2290 = ADVANCED_FACE('',(#2291),#2316,.T.);
#2291 = FACE_BOUND('',#2292,.T.);
#2292 = EDGE_LOOP('',(#2293,#2294,#2302,#2310));
#2293 = ORIENTED_EDGE('',*,*,#2272,.T.);
#2294 = ORIENTED_EDGE('',*,*,#2295,.T.);
#2295 = EDGE_CURVE('',#2265,#2296,#2298,.T.);
#2296 = VERTEX_POINT('',#2297);
#2297 = CARTESIAN_POINT('',(-0.2,58.,2.6));
#2298 = LINE('',#2299,#2300);
#2299 = CARTESIAN_POINT('',(0.6,58.,1.8));
#2300 = VECTOR('',#2301,1.);
#2301 = DIRECTION('',(-0.707106781187,0.,0.707106781187));
#2302 = ORIENTED_EDGE('',*,*,#2303,.F.);
#2303 = EDGE_CURVE('',#2304,#2296,#2306,.T.);
#2304 = VERTEX_POINT('',#2305);
#2305 = CARTESIAN_POINT('',(-0.2,12.,2.6));
#2306 = LINE('',#2307,#2308);
#2307 = CARTESIAN_POINT('',(-0.2,12.,2.6));
#2308 = VECTOR('',#2309,1.);
#2309 = DIRECTION('',(0.,1.,0.));
#2310 = ORIENTED_EDGE('',*,*,#2311,.F.);
#2311 = EDGE_CURVE('',#2273,#2304,#2312,.T.);
#2312 = LINE('',#2313,#2314);
#2313 = CARTESIAN_POINT('',(0.6,12.,1.8));
#2314 = VECTOR('',#2315,1.);
#2315 = DIRECTION('',(-0.707106781187,0.,0.707106781187));
#2316 = PLANE('',#2317);
#2317 = AXIS2_PLACEMENT_3D('',#2318,#2319,#2320);
#2318 = CARTESIAN_POINT('',(0.6,12.,1.8));
#2319 = DIRECTION('',(0.707106781187,-0.,0.707106781187));
#2320 = DIRECTION('',(-0.707106781187,0.,0.707106781187));
#2321 = ADVANCED_FACE('',(#2322),#2347,.T.);
#2322 = FACE_BOUND('',#2323,.T.);
#2323 = EDGE_LOOP('',(#2324,#2332,#2333,#2341));
#2324 = ORIENTED_EDGE('',*,*,#2325,.F.);
#2325 = EDGE_CURVE('',#2304,#2326,#2328,.T.);
#2326 = VERTEX_POINT('',#2327);
#2327 = CARTESIAN_POINT('',(-0.2,12.,3.2));
#2328 = LINE('',#2329,#2330);
#2329 = CARTESIAN_POINT('',(-0.2,12.,-0.4));
#2330 = VECTOR('',#2331,1.);
#2331 = DIRECTION('',(0.,0.,1.));
#2332 = ORIENTED_EDGE('',*,*,#2303,.T.);
#2333 = ORIENTED_EDGE('',*,*,#2334,.T.);
#2334 = EDGE_CURVE('',#2296,#2335,#2337,.T.);
#2335 = VERTEX_POINT('',#2336);
#2336 = CARTESIAN_POINT('',(-0.2,58.,3.2));
#2337 = LINE('',#2338,#2339);
#2338 = CARTESIAN_POINT('',(-0.2,58.,-0.4));
#2339 = VECTOR('',#2340,1.);
#2340 = DIRECTION('',(0.,0.,1.));
#2341 = ORIENTED_EDGE('',*,*,#2342,.F.);
#2342 = EDGE_CURVE('',#2326,#2335,#2343,.T.);
#2343 = LINE('',#2344,#2345);
#2344 = CARTESIAN_POINT('',(-0.2,12.,3.2));
#2345 = VECTOR('',#2346,1.);
#2346 = DIRECTION('',(-0.,1.,0.));
#2347 = PLANE('',#2348);
#2348 = AXIS2_PLACEMENT_3D('',#2349,#2350,#2351);
#2349 = CARTESIAN_POINT('',(-0.2,12.,-0.4));
#2350 = DIRECTION('',(1.,0.,-0.));
#2351 = DIRECTION('',(0.,0.,1.));
#2352 = ADVANCED_FACE('',(#2353),#2378,.T.);
#2353 = FACE_BOUND('',#2354,.T.);
#2354 = EDGE_LOOP('',(#2355,#2365,#2371,#2372));
#2355 = ORIENTED_EDGE('',*,*,#2356,.F.);
#2356 = EDGE_CURVE('',#2357,#2359,#2361,.T.);
#2357 = VERTEX_POINT('',#2358);
#2358 = CARTESIAN_POINT('',(-3.,12.,3.2));
#2359 = VERTEX_POINT('',#2360);
#2360 = CARTESIAN_POINT('',(-3.,58.,3.2));
#2361 = LINE('',#2362,#2363);
#2362 = CARTESIAN_POINT('',(-3.,12.,3.2));
#2363 = VECTOR('',#2364,1.);
#2364 = DIRECTION('',(-0.,1.,0.));
#2365 = ORIENTED_EDGE('',*,*,#2366,.T.);
#2366 = EDGE_CURVE('',#2357,#2326,#2367,.T.);
#2367 = LINE('',#2368,#2369);
#2368 = CARTESIAN_POINT('',(-3.,12.,3.2));
#2369 = VECTOR('',#2370,1.);
#2370 = DIRECTION('',(1.,0.,-0.));
#2371 = ORIENTED_EDGE('',*,*,#2342,.T.);
#2372 = ORIENTED_EDGE('',*,*,#2373,.F.);
#2373 = EDGE_CURVE('',#2359,#2335,#2374,.T.);
#2374 = LINE('',#2375,#2376);
#2375 = CARTESIAN_POINT('',(-3.,58.,3.2));
#2376 = VECTOR('',#2377,1.);
#2377 = DIRECTION('',(1.,0.,-0.));
#2378 = PLANE('',#2379);
#2379 = AXIS2_PLACEMENT_3D('',#2380,#2381,#2382);
#2380 = CARTESIAN_POINT('',(-3.,12.,3.2));
#2381 = DIRECTION('',(0.,0.,1.));
#2382 = DIRECTION('',(1.,0.,-0.));
#2383 = ADVANCED_FACE('',(#2384),#2409,.F.);
#2384 = FACE_BOUND('',#2385,.F.);
#2385 = EDGE_LOOP('',(#2386,#2396,#2402,#2403));
#2386 = ORIENTED_EDGE('',*,*,#2387,.F.);
#2387 = EDGE_CURVE('',#2388,#2390,#2392,.T.);
#2388 = VERTEX_POINT('',#2389);
#2389 = CARTESIAN_POINT('',(19.727139261745,21.191946308725,-0.9));
#2390 = VERTEX_POINT('',#2391);
#2391 = CARTESIAN_POINT('',(19.727139261745,18.711409395973,-0.9));
#2392 = LINE('',#2393,#2394);
#2393 = CARTESIAN_POINT('',(19.727139261745,21.191946308725,-0.9));
#2394 = VECTOR('',#2395,1.);
#2395 = DIRECTION('',(0.,-1.,-0.));
#2396 = ORIENTED_EDGE('',*,*,#2397,.T.);
#2397 = EDGE_CURVE('',#2388,#1723,#2398,.T.);
#2398 = LINE('',#2399,#2400);
#2399 = CARTESIAN_POINT('',(19.727139261745,21.191946308725,-0.9));
#2400 = VECTOR('',#2401,1.);
#2401 = DIRECTION('',(0.,0.,1.));
#2402 = ORIENTED_EDGE('',*,*,#1720,.F.);
#2403 = ORIENTED_EDGE('',*,*,#2404,.F.);
#2404 = EDGE_CURVE('',#2390,#1721,#2405,.T.);
#2405 = LINE('',#2406,#2407);
#2406 = CARTESIAN_POINT('',(19.727139261745,18.711409395973,-0.9));
#2407 = VECTOR('',#2408,1.);
#2408 = DIRECTION('',(0.,0.,1.));
#2409 = PLANE('',#2410);
#2410 = AXIS2_PLACEMENT_3D('',#2411,#2412,#2413);
#2411 = CARTESIAN_POINT('',(19.727139261745,21.191946308725,-0.9));
#2412 = DIRECTION('',(1.,0.,-0.));
#2413 = DIRECTION('',(0.,-1.,0.));
#2414 = ADVANCED_FACE('',(#2415),#2433,.F.);
#2415 = FACE_BOUND('',#2416,.F.);
#2416 = EDGE_LOOP('',(#2417,#2425,#2431,#2432));
#2417 = ORIENTED_EDGE('',*,*,#2418,.F.);
#2418 = EDGE_CURVE('',#2419,#2388,#2421,.T.);
#2419 = VERTEX_POINT('',#2420);
#2420 = CARTESIAN_POINT('',(20.207214765101,21.191946308725,-0.9));
#2421 = LINE('',#2422,#2423);
#2422 = CARTESIAN_POINT('',(20.207214765101,21.191946308725,-0.9));
#2423 = VECTOR('',#2424,1.);
#2424 = DIRECTION('',(-1.,0.,0.));
#2425 = ORIENTED_EDGE('',*,*,#2426,.T.);
#2426 = EDGE_CURVE('',#2419,#1900,#2427,.T.);
#2427 = LINE('',#2428,#2429);
#2428 = CARTESIAN_POINT('',(20.207214765101,21.191946308725,-0.9));
#2429 = VECTOR('',#2430,1.);
#2430 = DIRECTION('',(0.,0.,1.));
#2431 = ORIENTED_EDGE('',*,*,#1914,.F.);
#2432 = ORIENTED_EDGE('',*,*,#2397,.F.);
#2433 = PLANE('',#2434);
#2434 = AXIS2_PLACEMENT_3D('',#2435,#2436,#2437);
#2435 = CARTESIAN_POINT('',(20.207214765101,21.191946308725,-0.9));
#2436 = DIRECTION('',(0.,-1.,0.));
#2437 = DIRECTION('',(-1.,0.,0.));
#2438 = ADVANCED_FACE('',(#2439),#2457,.F.);
#2439 = FACE_BOUND('',#2440,.F.);
#2440 = EDGE_LOOP('',(#2441,#2449,#2455,#2456));
#2441 = ORIENTED_EDGE('',*,*,#2442,.F.);
#2442 = EDGE_CURVE('',#2443,#2419,#2445,.T.);
#2443 = VERTEX_POINT('',#2444);
#2444 = CARTESIAN_POINT('',(20.869924496644,21.011954697987,-0.9));
#2445 = B_SPLINE_CURVE_WITH_KNOTS('',2,(#2446,#2447,#2448),
  .UNSPECIFIED.,.F.,.F.,(3,3),(0.,1.),.PIECEWISE_BEZIER_KNOTS.);
#2446 = CARTESIAN_POINT('',(20.869924496644,21.011954697987,-0.9));
#2447 = CARTESIAN_POINT('',(20.621224832215,21.191946308725,-0.9));
#2448 = CARTESIAN_POINT('',(20.207214765101,21.191946308725,-0.9));
#2449 = ORIENTED_EDGE('',*,*,#2450,.T.);
#2450 = EDGE_CURVE('',#2443,#1885,#2451,.T.);
#2451 = LINE('',#2452,#2453);
#2452 = CARTESIAN_POINT('',(20.869924496644,21.011954697987,-0.9));
#2453 = VECTOR('',#2454,1.);
#2454 = DIRECTION('',(0.,0.,1.));
#2455 = ORIENTED_EDGE('',*,*,#1899,.F.);
#2456 = ORIENTED_EDGE('',*,*,#2426,.F.);
#2457 = SURFACE_OF_LINEAR_EXTRUSION('',#2458,#2462);
#2458 = B_SPLINE_CURVE_WITH_KNOTS('',2,(#2459,#2460,#2461),
  .UNSPECIFIED.,.F.,.F.,(3,3),(0.,1.),.PIECEWISE_BEZIER_KNOTS.);
#2459 = CARTESIAN_POINT('',(20.869924496644,21.011954697987,-0.9));
#2460 = CARTESIAN_POINT('',(20.621224832215,21.191946308725,-0.9));
#2461 = CARTESIAN_POINT('',(20.207214765101,21.191946308725,-0.9));
#2462 = VECTOR('',#2463,1.);
#2463 = DIRECTION('',(-0.,-0.,-1.));
#2464 = ADVANCED_FACE('',(#2465),#2483,.F.);
#2465 = FACE_BOUND('',#2466,.F.);
#2466 = EDGE_LOOP('',(#2467,#2475,#2481,#2482));
#2467 = ORIENTED_EDGE('',*,*,#2468,.F.);
#2468 = EDGE_CURVE('',#2469,#2443,#2471,.T.);
#2469 = VERTEX_POINT('',#2470);
#2470 = CARTESIAN_POINT('',(21.361157718121,20.34014261745,-0.9));
#2471 = B_SPLINE_CURVE_WITH_KNOTS('',2,(#2472,#2473,#2474),
  .UNSPECIFIED.,.F.,.F.,(3,3),(0.,1.),.PIECEWISE_BEZIER_KNOTS.);
#2472 = CARTESIAN_POINT('',(21.361157718121,20.34014261745,-0.9));
#2473 = CARTESIAN_POINT('',(21.118917785235,20.831963087248,-0.9));
#2474 = CARTESIAN_POINT('',(20.869924496644,21.011954697987,-0.9));
#2475 = ORIENTED_EDGE('',*,*,#2476,.T.);
#2476 = EDGE_CURVE('',#2469,#1877,#2477,.T.);
#2477 = LINE('',#2478,#2479);
#2478 = CARTESIAN_POINT('',(21.361157718121,20.34014261745,-0.9));
#2479 = VECTOR('',#2480,1.);
#2480 = DIRECTION('',(0.,0.,1.));
#2481 = ORIENTED_EDGE('',*,*,#1884,.F.);
#2482 = ORIENTED_EDGE('',*,*,#2450,.F.);
#2483 = SURFACE_OF_LINEAR_EXTRUSION('',#2484,#2488);
#2484 = B_SPLINE_CURVE_WITH_KNOTS('',2,(#2485,#2486,#2487),
  .UNSPECIFIED.,.F.,.F.,(3,3),(0.,1.),.PIECEWISE_BEZIER_KNOTS.);
#2485 = CARTESIAN_POINT('',(21.361157718121,20.34014261745,-0.9));
#2486 = CARTESIAN_POINT('',(21.118917785235,20.831963087248,-0.9));
#2487 = CARTESIAN_POINT('',(20.869924496644,21.011954697987,-0.9));
#2488 = VECTOR('',#2489,1.);
#2489 = DIRECTION('',(-0.,-0.,-1.));
#2490 = ADVANCED_FACE('',(#2491),#2509,.F.);
#2491 = FACE_BOUND('',#2492,.F.);
#2492 = EDGE_LOOP('',(#2493,#2501,#2507,#2508));
#2493 = ORIENTED_EDGE('',*,*,#2494,.F.);
#2494 = EDGE_CURVE('',#2495,#2469,#2497,.T.);
#2495 = VERTEX_POINT('',#2496);
#2496 = CARTESIAN_POINT('',(22.162751677852,18.711409395973,-0.9));
#2497 = LINE('',#2498,#2499);
#2498 = CARTESIAN_POINT('',(22.162751677852,18.711409395973,-0.9));
#2499 = VECTOR('',#2500,1.);
#2500 = DIRECTION('',(-0.441575860289,0.897223918323,0.));
#2501 = ORIENTED_EDGE('',*,*,#2502,.T.);
#2502 = EDGE_CURVE('',#2495,#1869,#2503,.T.);
#2503 = LINE('',#2504,#2505);
#2504 = CARTESIAN_POINT('',(22.162751677852,18.711409395973,-0.9));
#2505 = VECTOR('',#2506,1.);
#2506 = DIRECTION('',(0.,0.,1.));
#2507 = ORIENTED_EDGE('',*,*,#1876,.F.);
#2508 = ORIENTED_EDGE('',*,*,#2476,.F.);
#2509 = PLANE('',#2510);
#2510 = AXIS2_PLACEMENT_3D('',#2511,#2512,#2513);
#2511 = CARTESIAN_POINT('',(22.162751677852,18.711409395973,-0.9));
#2512 = DIRECTION('',(-0.897223918323,-0.441575860289,0.));
#2513 = DIRECTION('',(-0.441575860289,0.897223918323,0.));
#2514 = ADVANCED_FACE('',(#2515),#2533,.F.);
#2515 = FACE_BOUND('',#2516,.F.);
#2516 = EDGE_LOOP('',(#2517,#2525,#2531,#2532));
#2517 = ORIENTED_EDGE('',*,*,#2518,.F.);
#2518 = EDGE_CURVE('',#2519,#2495,#2521,.T.);
#2519 = VERTEX_POINT('',#2520);
#2520 = CARTESIAN_POINT('',(23.968540268456,18.711409395973,-0.9));
#2521 = LINE('',#2522,#2523);
#2522 = CARTESIAN_POINT('',(23.968540268456,18.711409395973,-0.9));
#2523 = VECTOR('',#2524,1.);
#2524 = DIRECTION('',(-1.,0.,0.));
#2525 = ORIENTED_EDGE('',*,*,#2526,.T.);
#2526 = EDGE_CURVE('',#2519,#1861,#2527,.T.);
#2527 = LINE('',#2528,#2529);
#2528 = CARTESIAN_POINT('',(23.968540268456,18.711409395973,-0.9));
#2529 = VECTOR('',#2530,1.);
#2530 = DIRECTION('',(0.,0.,1.));
#2531 = ORIENTED_EDGE('',*,*,#1868,.F.);
#2532 = ORIENTED_EDGE('',*,*,#2502,.F.);
#2533 = PLANE('',#2534);
#2534 = AXIS2_PLACEMENT_3D('',#2535,#2536,#2537);
#2535 = CARTESIAN_POINT('',(23.968540268456,18.711409395973,-0.9));
#2536 = DIRECTION('',(0.,-1.,0.));
#2537 = DIRECTION('',(-1.,0.,0.));
#2538 = ADVANCED_FACE('',(#2539),#2557,.F.);
#2539 = FACE_BOUND('',#2540,.F.);
#2540 = EDGE_LOOP('',(#2541,#2549,#2555,#2556));
#2541 = ORIENTED_EDGE('',*,*,#2542,.F.);
#2542 = EDGE_CURVE('',#2543,#2519,#2545,.T.);
#2543 = VERTEX_POINT('',#2544);
#2544 = CARTESIAN_POINT('',(23.04802852349,20.572986577181,-0.9));
#2545 = LINE('',#2546,#2547);
#2546 = CARTESIAN_POINT('',(23.04802852349,20.572986577181,-0.9));
#2547 = VECTOR('',#2548,1.);
#2548 = DIRECTION('',(0.443250359983,-0.89639785719,-0.));
#2549 = ORIENTED_EDGE('',*,*,#2550,.T.);
#2550 = EDGE_CURVE('',#2543,#1849,#2551,.T.);
#2551 = LINE('',#2552,#2553);
#2552 = CARTESIAN_POINT('',(23.04802852349,20.572986577181,-0.9));
#2553 = VECTOR('',#2554,1.);
#2554 = DIRECTION('',(0.,0.,1.));
#2555 = ORIENTED_EDGE('',*,*,#1860,.F.);
#2556 = ORIENTED_EDGE('',*,*,#2526,.F.);
#2557 = PLANE('',#2558);
#2558 = AXIS2_PLACEMENT_3D('',#2559,#2560,#2561);
#2559 = CARTESIAN_POINT('',(23.04802852349,20.572986577181,-0.9));
#2560 = DIRECTION('',(0.89639785719,0.443250359983,-0.));
#2561 = DIRECTION('',(0.443250359983,-0.89639785719,0.));
#2562 = ADVANCED_FACE('',(#2563),#2581,.F.);
#2563 = FACE_BOUND('',#2564,.F.);
#2564 = EDGE_LOOP('',(#2565,#2573,#2579,#2580));
#2565 = ORIENTED_EDGE('',*,*,#2566,.F.);
#2566 = EDGE_CURVE('',#2567,#2543,#2569,.T.);
#2567 = VERTEX_POINT('',#2568);
#2568 = CARTESIAN_POINT('',(22.490729865772,21.417156040268,-0.9));
#2569 = B_SPLINE_CURVE_WITH_KNOTS('',2,(#2570,#2571,#2572),
  .UNSPECIFIED.,.F.,.F.,(3,3),(0.,1.),.PIECEWISE_BEZIER_KNOTS.);
#2570 = CARTESIAN_POINT('',(22.490729865772,21.417156040268,-0.9));
#2571 = CARTESIAN_POINT('',(22.766149328859,21.13880033557,-0.9));
#2572 = CARTESIAN_POINT('',(23.04802852349,20.572986577181,-0.9));
#2573 = ORIENTED_EDGE('',*,*,#2574,.T.);
#2574 = EDGE_CURVE('',#2567,#1834,#2575,.T.);
#2575 = LINE('',#2576,#2577);
#2576 = CARTESIAN_POINT('',(22.490729865772,21.417156040268,-0.9));
#2577 = VECTOR('',#2578,1.);
#2578 = DIRECTION('',(0.,0.,1.));
#2579 = ORIENTED_EDGE('',*,*,#1848,.F.);
#2580 = ORIENTED_EDGE('',*,*,#2550,.F.);
#2581 = SURFACE_OF_LINEAR_EXTRUSION('',#2582,#2586);
#2582 = B_SPLINE_CURVE_WITH_KNOTS('',2,(#2583,#2584,#2585),
  .UNSPECIFIED.,.F.,.F.,(3,3),(0.,1.),.PIECEWISE_BEZIER_KNOTS.);
#2583 = CARTESIAN_POINT('',(22.490729865772,21.417156040268,-0.9));
#2584 = CARTESIAN_POINT('',(22.766149328859,21.13880033557,-0.9));
#2585 = CARTESIAN_POINT('',(23.04802852349,20.572986577181,-0.9));
#2586 = VECTOR('',#2587,1.);
#2587 = DIRECTION('',(-0.,-0.,-1.));
#2588 = ADVANCED_FACE('',(#2589),#2607,.F.);
#2589 = FACE_BOUND('',#2590,.F.);
#2590 = EDGE_LOOP('',(#2591,#2599,#2605,#2606));
#2591 = ORIENTED_EDGE('',*,*,#2592,.F.);
#2592 = EDGE_CURVE('',#2593,#2567,#2595,.T.);
#2593 = VERTEX_POINT('',#2594);
#2594 = CARTESIAN_POINT('',(21.867659395973,21.774496644295,-0.9));
#2595 = B_SPLINE_CURVE_WITH_KNOTS('',2,(#2596,#2597,#2598),
  .UNSPECIFIED.,.F.,.F.,(3,3),(0.,1.),.PIECEWISE_BEZIER_KNOTS.);
#2596 = CARTESIAN_POINT('',(21.867659395973,21.774496644295,-0.9));
#2597 = CARTESIAN_POINT('',(22.215604026846,21.695511744966,-0.9));
#2598 = CARTESIAN_POINT('',(22.490729865772,21.417156040268,-0.9));
#2599 = ORIENTED_EDGE('',*,*,#2600,.T.);
#2600 = EDGE_CURVE('',#2593,#1817,#2601,.T.);
#2601 = LINE('',#2602,#2603);
#2602 = CARTESIAN_POINT('',(21.867659395973,21.774496644295,-0.9));
#2603 = VECTOR('',#2604,1.);
#2604 = DIRECTION('',(0.,0.,1.));
#2605 = ORIENTED_EDGE('',*,*,#1833,.F.);
#2606 = ORIENTED_EDGE('',*,*,#2574,.F.);
#2607 = SURFACE_OF_LINEAR_EXTRUSION('',#2608,#2612);
#2608 = B_SPLINE_CURVE_WITH_KNOTS('',2,(#2609,#2610,#2611),
  .UNSPECIFIED.,.F.,.F.,(3,3),(0.,1.),.PIECEWISE_BEZIER_KNOTS.);
#2609 = CARTESIAN_POINT('',(21.867659395973,21.774496644295,-0.9));
#2610 = CARTESIAN_POINT('',(22.215604026846,21.695511744966,-0.9));
#2611 = CARTESIAN_POINT('',(22.490729865772,21.417156040268,-0.9));
#2612 = VECTOR('',#2613,1.);
#2613 = DIRECTION('',(-0.,-0.,-1.));
#2614 = ADVANCED_FACE('',(#2615),#2633,.F.);
#2615 = FACE_BOUND('',#2616,.F.);
#2616 = EDGE_LOOP('',(#2617,#2625,#2631,#2632));
#2617 = ORIENTED_EDGE('',*,*,#2618,.F.);
#2618 = EDGE_CURVE('',#2619,#2593,#2621,.T.);
#2619 = VERTEX_POINT('',#2620);
#2620 = CARTESIAN_POINT('',(22.816652684564,22.393162751678,-0.9));
#2621 = B_SPLINE_CURVE_WITH_KNOTS('',2,(#2622,#2623,#2624),
  .UNSPECIFIED.,.F.,.F.,(3,3),(0.,1.),.PIECEWISE_BEZIER_KNOTS.);
#2622 = CARTESIAN_POINT('',(22.816652684564,22.393162751678,-0.9));
#2623 = CARTESIAN_POINT('',(22.501887583893,21.973280201342,-0.9));
#2624 = CARTESIAN_POINT('',(21.867659395973,21.774496644295,-0.9));
#2625 = ORIENTED_EDGE('',*,*,#2626,.T.);
#2626 = EDGE_CURVE('',#2619,#1800,#2627,.T.);
#2627 = LINE('',#2628,#2629);
#2628 = CARTESIAN_POINT('',(22.816652684564,22.393162751678,-0.9));
#2629 = VECTOR('',#2630,1.);
#2630 = DIRECTION('',(0.,0.,1.));
#2631 = ORIENTED_EDGE('',*,*,#1816,.F.);
#2632 = ORIENTED_EDGE('',*,*,#2600,.F.);
#2633 = SURFACE_OF_LINEAR_EXTRUSION('',#2634,#2638);
#2634 = B_SPLINE_CURVE_WITH_KNOTS('',2,(#2635,#2636,#2637),
  .UNSPECIFIED.,.F.,.F.,(3,3),(0.,1.),.PIECEWISE_BEZIER_KNOTS.);
#2635 = CARTESIAN_POINT('',(22.816652684564,22.393162751678,-0.9));
#2636 = CARTESIAN_POINT('',(22.501887583893,21.973280201342,-0.9));
#2637 = CARTESIAN_POINT('',(21.867659395973,21.774496644295,-0.9));
#2638 = VECTOR('',#2639,1.);
#2639 = DIRECTION('',(-0.,-0.,-1.));
#2640 = ADVANCED_FACE('',(#2641),#2659,.F.);
#2641 = FACE_BOUND('',#2642,.F.);
#2642 = EDGE_LOOP('',(#2643,#2651,#2657,#2658));
#2643 = ORIENTED_EDGE('',*,*,#2644,.F.);
#2644 = EDGE_CURVE('',#2645,#2619,#2647,.T.);
#2645 = VERTEX_POINT('',#2646);
#2646 = CARTESIAN_POINT('',(23.131711409396,23.467533557047,-0.9));
#2647 = B_SPLINE_CURVE_WITH_KNOTS('',2,(#2648,#2649,#2650),
  .UNSPECIFIED.,.F.,.F.,(3,3),(0.,1.),.PIECEWISE_BEZIER_KNOTS.);
#2648 = CARTESIAN_POINT('',(23.131711409396,23.467533557047,-0.9));
#2649 = CARTESIAN_POINT('',(23.131711409396,22.813338926174,-0.9));
#2650 = CARTESIAN_POINT('',(22.816652684564,22.393162751678,-0.9));
#2651 = ORIENTED_EDGE('',*,*,#2652,.T.);
#2652 = EDGE_CURVE('',#2645,#1777,#2653,.T.);
#2653 = LINE('',#2654,#2655);
#2654 = CARTESIAN_POINT('',(23.131711409396,23.467533557047,-0.9));
#2655 = VECTOR('',#2656,1.);
#2656 = DIRECTION('',(0.,0.,1.));
#2657 = ORIENTED_EDGE('',*,*,#1799,.F.);
#2658 = ORIENTED_EDGE('',*,*,#2626,.F.);
#2659 = SURFACE_OF_LINEAR_EXTRUSION('',#2660,#2664);
#2660 = B_SPLINE_CURVE_WITH_KNOTS('',2,(#2661,#2662,#2663),
  .UNSPECIFIED.,.F.,.F.,(3,3),(0.,1.),.PIECEWISE_BEZIER_KNOTS.);
#2661 = CARTESIAN_POINT('',(23.131711409396,23.467533557047,-0.9));
#2662 = CARTESIAN_POINT('',(23.131711409396,22.813338926174,-0.9));
#2663 = CARTESIAN_POINT('',(22.816652684564,22.393162751678,-0.9));
#2664 = VECTOR('',#2665,1.);
#2665 = DIRECTION('',(-0.,-0.,-1.));
#2666 = ADVANCED_FACE('',(#2667),#2685,.F.);
#2667 = FACE_BOUND('',#2668,.F.);
#2668 = EDGE_LOOP('',(#2669,#2677,#2683,#2684));
#2669 = ORIENTED_EDGE('',*,*,#2670,.F.);
#2670 = EDGE_CURVE('',#2671,#2645,#2673,.T.);
#2671 = VERTEX_POINT('',#2672);
#2672 = CARTESIAN_POINT('',(22.525964765101,24.850796979866,-0.9));
#2673 = B_SPLINE_CURVE_WITH_KNOTS('',2,(#2674,#2675,#2676),
  .UNSPECIFIED.,.F.,.F.,(3,3),(0.,1.),.PIECEWISE_BEZIER_KNOTS.);
#2674 = CARTESIAN_POINT('',(22.525964765101,24.850796979866,-0.9));
#2675 = CARTESIAN_POINT('',(23.131711409396,24.413296979866,-0.9));
#2676 = CARTESIAN_POINT('',(23.131711409396,23.467533557047,-0.9));
#2677 = ORIENTED_EDGE('',*,*,#2678,.T.);
#2678 = EDGE_CURVE('',#2671,#1755,#2679,.T.);
#2679 = LINE('',#2680,#2681);
#2680 = CARTESIAN_POINT('',(22.525964765101,24.850796979866,-0.9));
#2681 = VECTOR('',#2682,1.);
#2682 = DIRECTION('',(0.,0.,1.));
#2683 = ORIENTED_EDGE('',*,*,#1776,.F.);
#2684 = ORIENTED_EDGE('',*,*,#2652,.F.);
#2685 = SURFACE_OF_LINEAR_EXTRUSION('',#2686,#2690);
#2686 = B_SPLINE_CURVE_WITH_KNOTS('',2,(#2687,#2688,#2689),
  .UNSPECIFIED.,.F.,.F.,(3,3),(0.,1.),.PIECEWISE_BEZIER_KNOTS.);
#2687 = CARTESIAN_POINT('',(22.525964765101,24.850796979866,-0.9));
#2688 = CARTESIAN_POINT('',(23.131711409396,24.413296979866,-0.9));
#2689 = CARTESIAN_POINT('',(23.131711409396,23.467533557047,-0.9));
#2690 = VECTOR('',#2691,1.);
#2691 = DIRECTION('',(-0.,-0.,-1.));
#2692 = ADVANCED_FACE('',(#2693),#2711,.F.);
#2693 = FACE_BOUND('',#2694,.F.);
#2694 = EDGE_LOOP('',(#2695,#2703,#2709,#2710));
#2695 = ORIENTED_EDGE('',*,*,#2696,.F.);
#2696 = EDGE_CURVE('',#2697,#2671,#2699,.T.);
#2697 = VERTEX_POINT('',#2698);
#2698 = CARTESIAN_POINT('',(20.621224832215,25.288590604027,-0.9));
#2699 = B_SPLINE_CURVE_WITH_KNOTS('',2,(#2700,#2701,#2702),
  .UNSPECIFIED.,.F.,.F.,(3,3),(0.,1.),.PIECEWISE_BEZIER_KNOTS.);
#2700 = CARTESIAN_POINT('',(20.621224832215,25.288590604027,-0.9));
#2701 = CARTESIAN_POINT('',(21.920511744966,25.288590604027,-0.9));
#2702 = CARTESIAN_POINT('',(22.525964765101,24.850796979866,-0.9));
#2703 = ORIENTED_EDGE('',*,*,#2704,.T.);
#2704 = EDGE_CURVE('',#2697,#1747,#2705,.T.);
#2705 = LINE('',#2706,#2707);
#2706 = CARTESIAN_POINT('',(20.621224832215,25.288590604027,-0.9));
#2707 = VECTOR('',#2708,1.);
#2708 = DIRECTION('',(0.,0.,1.));
#2709 = ORIENTED_EDGE('',*,*,#1754,.F.);
#2710 = ORIENTED_EDGE('',*,*,#2678,.F.);
#2711 = SURFACE_OF_LINEAR_EXTRUSION('',#2712,#2716);
#2712 = B_SPLINE_CURVE_WITH_KNOTS('',2,(#2713,#2714,#2715),
  .UNSPECIFIED.,.F.,.F.,(3,3),(0.,1.),.PIECEWISE_BEZIER_KNOTS.);
#2713 = CARTESIAN_POINT('',(20.621224832215,25.288590604027,-0.9));
#2714 = CARTESIAN_POINT('',(21.920511744966,25.288590604027,-0.9));
#2715 = CARTESIAN_POINT('',(22.525964765101,24.850796979866,-0.9));
#2716 = VECTOR('',#2717,1.);
#2717 = DIRECTION('',(-0.,-0.,-1.));
#2718 = ADVANCED_FACE('',(#2719),#2737,.F.);
#2719 = FACE_BOUND('',#2720,.F.);
#2720 = EDGE_LOOP('',(#2721,#2729,#2735,#2736));
#2721 = ORIENTED_EDGE('',*,*,#2722,.F.);
#2722 = EDGE_CURVE('',#2723,#2697,#2725,.T.);
#2723 = VERTEX_POINT('',#2724);
#2724 = CARTESIAN_POINT('',(18.031459731544,25.288590604027,-0.9));
#2725 = LINE('',#2726,#2727);
#2726 = CARTESIAN_POINT('',(18.031459731544,25.288590604027,-0.9));
#2727 = VECTOR('',#2728,1.);
#2728 = DIRECTION('',(1.,0.,0.));
#2729 = ORIENTED_EDGE('',*,*,#2730,.T.);
#2730 = EDGE_CURVE('',#2723,#1739,#2731,.T.);
#2731 = LINE('',#2732,#2733);
#2732 = CARTESIAN_POINT('',(18.031459731544,25.288590604027,-0.9));
#2733 = VECTOR('',#2734,1.);
#2734 = DIRECTION('',(0.,0.,1.));
#2735 = ORIENTED_EDGE('',*,*,#1746,.F.);
#2736 = ORIENTED_EDGE('',*,*,#2704,.F.);
#2737 = PLANE('',#2738);
#2738 = AXIS2_PLACEMENT_3D('',#2739,#2740,#2741);
#2739 = CARTESIAN_POINT('',(18.031459731544,25.288590604027,-0.9));
#2740 = DIRECTION('',(0.,1.,0.));
#2741 = DIRECTION('',(1.,0.,0.));
#2742 = ADVANCED_FACE('',(#2743),#2761,.F.);
#2743 = FACE_BOUND('',#2744,.F.);
#2744 = EDGE_LOOP('',(#2745,#2753,#2759,#2760));
#2745 = ORIENTED_EDGE('',*,*,#2746,.F.);
#2746 = EDGE_CURVE('',#2747,#2723,#2749,.T.);
#2747 = VERTEX_POINT('',#2748);
#2748 = CARTESIAN_POINT('',(18.031459731544,18.711409395973,-0.9));
#2749 = LINE('',#2750,#2751);
#2750 = CARTESIAN_POINT('',(18.031459731544,18.711409395973,-0.9));
#2751 = VECTOR('',#2752,1.);
#2752 = DIRECTION('',(0.,1.,0.));
#2753 = ORIENTED_EDGE('',*,*,#2754,.T.);
#2754 = EDGE_CURVE('',#2747,#1731,#2755,.T.);
#2755 = LINE('',#2756,#2757);
#2756 = CARTESIAN_POINT('',(18.031459731544,18.711409395973,-0.9));
#2757 = VECTOR('',#2758,1.);
#2758 = DIRECTION('',(0.,0.,1.));
#2759 = ORIENTED_EDGE('',*,*,#1738,.F.);
#2760 = ORIENTED_EDGE('',*,*,#2730,.F.);
#2761 = PLANE('',#2762);
#2762 = AXIS2_PLACEMENT_3D('',#2763,#2764,#2765);
#2763 = CARTESIAN_POINT('',(18.031459731544,18.711409395973,-0.9));
#2764 = DIRECTION('',(-1.,0.,0.));
#2765 = DIRECTION('',(0.,1.,0.));
#2766 = ADVANCED_FACE('',(#2767),#2778,.F.);
#2767 = FACE_BOUND('',#2768,.F.);
#2768 = EDGE_LOOP('',(#2769,#2775,#2776,#2777));
#2769 = ORIENTED_EDGE('',*,*,#2770,.F.);
#2770 = EDGE_CURVE('',#2390,#2747,#2771,.T.);
#2771 = LINE('',#2772,#2773);
#2772 = CARTESIAN_POINT('',(19.727139261745,18.711409395973,-0.9));
#2773 = VECTOR('',#2774,1.);
#2774 = DIRECTION('',(-1.,0.,0.));
#2775 = ORIENTED_EDGE('',*,*,#2404,.T.);
#2776 = ORIENTED_EDGE('',*,*,#1730,.F.);
#2777 = ORIENTED_EDGE('',*,*,#2754,.F.);
#2778 = PLANE('',#2779);
#2779 = AXIS2_PLACEMENT_3D('',#2780,#2781,#2782);
#2780 = CARTESIAN_POINT('',(19.727139261745,18.711409395973,-0.9));
#2781 = DIRECTION('',(0.,-1.,0.));
#2782 = DIRECTION('',(-1.,0.,0.));
#2783 = ADVANCED_FACE('',(#2784,#2802),#2860,.T.);
#2784 = FACE_BOUND('',#2785,.F.);
#2785 = EDGE_LOOP('',(#2786,#2787,#2788,#2789,#2790,#2791,#2792,#2793,
    #2794,#2795,#2796,#2797,#2798,#2799,#2800,#2801));
#2786 = ORIENTED_EDGE('',*,*,#2387,.T.);
#2787 = ORIENTED_EDGE('',*,*,#2770,.T.);
#2788 = ORIENTED_EDGE('',*,*,#2746,.T.);
#2789 = ORIENTED_EDGE('',*,*,#2722,.T.);
#2790 = ORIENTED_EDGE('',*,*,#2696,.T.);
#2791 = ORIENTED_EDGE('',*,*,#2670,.T.);
#2792 = ORIENTED_EDGE('',*,*,#2644,.T.);
#2793 = ORIENTED_EDGE('',*,*,#2618,.T.);
#2794 = ORIENTED_EDGE('',*,*,#2592,.T.);
#2795 = ORIENTED_EDGE('',*,*,#2566,.T.);
#2796 = ORIENTED_EDGE('',*,*,#2542,.T.);
#2797 = ORIENTED_EDGE('',*,*,#2518,.T.);
#2798 = ORIENTED_EDGE('',*,*,#2494,.T.);
#2799 = ORIENTED_EDGE('',*,*,#2468,.T.);
#2800 = ORIENTED_EDGE('',*,*,#2442,.T.);
#2801 = ORIENTED_EDGE('',*,*,#2418,.T.);
#2802 = FACE_BOUND('',#2803,.F.);
#2803 = EDGE_LOOP('',(#2804,#2814,#2822,#2830,#2838,#2846,#2854));
#2804 = ORIENTED_EDGE('',*,*,#2805,.T.);
#2805 = EDGE_CURVE('',#2806,#2808,#2810,.T.);
#2806 = VERTEX_POINT('',#2807);
#2807 = CARTESIAN_POINT('',(20.440645973154,22.357046979866,-0.9));
#2808 = VERTEX_POINT('',#2809);
#2809 = CARTESIAN_POINT('',(21.204656040268,22.55788590604,-0.9));
#2810 = B_SPLINE_CURVE_WITH_KNOTS('',2,(#2811,#2812,#2813),
  .UNSPECIFIED.,.F.,.F.,(3,3),(0.,1.),.PIECEWISE_BEZIER_KNOTS.);
#2811 = CARTESIAN_POINT('',(20.440645973154,22.357046979866,-0.9));
#2812 = CARTESIAN_POINT('',(20.973573825503,22.357046979866,-0.9));
#2813 = CARTESIAN_POINT('',(21.204656040268,22.55788590604,-0.9));
#2814 = ORIENTED_EDGE('',*,*,#2815,.T.);
#2815 = EDGE_CURVE('',#2808,#2816,#2818,.T.);
#2816 = VERTEX_POINT('',#2817);
#2817 = CARTESIAN_POINT('',(21.436031879195,23.218833892617,-0.9));
#2818 = B_SPLINE_CURVE_WITH_KNOTS('',2,(#2819,#2820,#2821),
  .UNSPECIFIED.,.F.,.F.,(3,3),(0.,1.),.PIECEWISE_BEZIER_KNOTS.);
#2819 = CARTESIAN_POINT('',(21.204656040268,22.55788590604,-0.9));
#2820 = CARTESIAN_POINT('',(21.436031879195,22.759018456376,-0.9));
#2821 = CARTESIAN_POINT('',(21.436031879195,23.218833892617,-0.9));
#2822 = ORIENTED_EDGE('',*,*,#2823,.T.);
#2823 = EDGE_CURVE('',#2816,#2824,#2826,.T.);
#2824 = VERTEX_POINT('',#2825);
#2825 = CARTESIAN_POINT('',(21.204656040268,23.870679530201,-0.9));
#2826 = B_SPLINE_CURVE_WITH_KNOTS('',2,(#2827,#2828,#2829),
  .UNSPECIFIED.,.F.,.F.,(3,3),(0.,1.),.PIECEWISE_BEZIER_KNOTS.);
#2827 = CARTESIAN_POINT('',(21.436031879195,23.218833892617,-0.9));
#2828 = CARTESIAN_POINT('',(21.436031879195,23.674244966443,-0.9));
#2829 = CARTESIAN_POINT('',(21.204656040268,23.870679530201,-0.9));
#2830 = ORIENTED_EDGE('',*,*,#2831,.T.);
#2831 = EDGE_CURVE('',#2824,#2832,#2834,.T.);
#2832 = VERTEX_POINT('',#2833);
#2833 = CARTESIAN_POINT('',(20.440645973154,24.06711409396,-0.9));
#2834 = B_SPLINE_CURVE_WITH_KNOTS('',2,(#2835,#2836,#2837),
  .UNSPECIFIED.,.F.,.F.,(3,3),(0.,1.),.PIECEWISE_BEZIER_KNOTS.);
#2835 = CARTESIAN_POINT('',(21.204656040268,23.870679530201,-0.9));
#2836 = CARTESIAN_POINT('',(20.973573825503,24.06711409396,-0.9));
#2837 = CARTESIAN_POINT('',(20.440645973154,24.06711409396,-0.9));
#2838 = ORIENTED_EDGE('',*,*,#2839,.T.);
#2839 = EDGE_CURVE('',#2832,#2840,#2842,.T.);
#2840 = VERTEX_POINT('',#2841);
#2841 = CARTESIAN_POINT('',(19.727139261745,24.06711409396,-0.9));
#2842 = LINE('',#2843,#2844);
#2843 = CARTESIAN_POINT('',(20.440645973154,24.06711409396,-0.9));
#2844 = VECTOR('',#2845,1.);
#2845 = DIRECTION('',(-1.,0.,0.));
#2846 = ORIENTED_EDGE('',*,*,#2847,.T.);
#2847 = EDGE_CURVE('',#2840,#2848,#2850,.T.);
#2848 = VERTEX_POINT('',#2849);
#2849 = CARTESIAN_POINT('',(19.727139261745,22.357046979866,-0.9));
#2850 = LINE('',#2851,#2852);
#2851 = CARTESIAN_POINT('',(19.727139261745,24.06711409396,-0.9));
#2852 = VECTOR('',#2853,1.);
#2853 = DIRECTION('',(0.,-1.,-0.));
#2854 = ORIENTED_EDGE('',*,*,#2855,.T.);
#2855 = EDGE_CURVE('',#2848,#2806,#2856,.T.);
#2856 = LINE('',#2857,#2858);
#2857 = CARTESIAN_POINT('',(19.727139261745,22.357046979866,-0.9));
#2858 = VECTOR('',#2859,1.);
#2859 = DIRECTION('',(1.,0.,0.));
#2860 = PLANE('',#2861);
#2861 = AXIS2_PLACEMENT_3D('',#2862,#2863,#2864);
#2862 = CARTESIAN_POINT('',(20.610367922752,21.923954411562,-0.9));
#2863 = DIRECTION('',(0.,0.,1.));
#2864 = DIRECTION('',(1.,0.,-0.));
#2865 = ADVANCED_FACE('',(#2866),#2900,.F.);
#2866 = FACE_BOUND('',#2867,.F.);
#2867 = EDGE_LOOP('',(#2868,#2869,#2877,#2894));
#2868 = ORIENTED_EDGE('',*,*,#2805,.F.);
#2869 = ORIENTED_EDGE('',*,*,#2870,.T.);
#2870 = EDGE_CURVE('',#2806,#2871,#2873,.T.);
#2871 = VERTEX_POINT('',#2872);
#2872 = CARTESIAN_POINT('',(20.440645973154,22.357046979866,-0.4));
#2873 = LINE('',#2874,#2875);
#2874 = CARTESIAN_POINT('',(20.440645973154,22.357046979866,-0.9));
#2875 = VECTOR('',#2876,1.);
#2876 = DIRECTION('',(0.,0.,1.));
#2877 = ORIENTED_EDGE('',*,*,#2878,.F.);
#2878 = EDGE_CURVE('',#2879,#2871,#2881,.T.);
#2879 = VERTEX_POINT('',#2880);
#2880 = CARTESIAN_POINT('',(21.204656040268,22.55788590604,-0.4));
#2881 = B_SPLINE_CURVE_WITH_KNOTS('',6,(#2882,#2883,#2884,#2885,#2886,
    #2887,#2888,#2889,#2890,#2891,#2892,#2893),.UNSPECIFIED.,.F.,.F.,(7,
    5,7),(0.,0.473460059179,1.),.UNSPECIFIED.);
#2882 = CARTESIAN_POINT('',(21.204656040268,22.55788590604,-0.4));
#2883 = CARTESIAN_POINT('',(21.164574783294,22.5230503536,-0.4));
#2884 = CARTESIAN_POINT('',(21.119400222248,22.492148961417,-0.4));
#2885 = CARTESIAN_POINT('',(21.06951422135,22.465235581988,-0.4));
#2886 = CARTESIAN_POINT('',(21.015414396791,22.442190040761,-0.4));
#2887 = CARTESIAN_POINT('',(20.957612704804,22.422809568884,-0.4));
#2888 = CARTESIAN_POINT('',(20.828711617943,22.389113522804,-0.4));
#2889 = CARTESIAN_POINT('',(20.756847097647,22.375609240789,-0.4));
#2890 = CARTESIAN_POINT('',(20.681605492268,22.366005604158,-0.4));
#2891 = CARTESIAN_POINT('',(20.603544558558,22.359932537428,-0.4));
#2892 = CARTESIAN_POINT('',(20.523114369146,22.357046979866,-0.4));
#2893 = CARTESIAN_POINT('',(20.440645973154,22.357046979866,-0.4));
#2894 = ORIENTED_EDGE('',*,*,#2895,.F.);
#2895 = EDGE_CURVE('',#2808,#2879,#2896,.T.);
#2896 = LINE('',#2897,#2898);
#2897 = CARTESIAN_POINT('',(21.204656040268,22.55788590604,-0.9));
#2898 = VECTOR('',#2899,1.);
#2899 = DIRECTION('',(0.,0.,1.));
#2900 = SURFACE_OF_LINEAR_EXTRUSION('',#2901,#2905);
#2901 = B_SPLINE_CURVE_WITH_KNOTS('',2,(#2902,#2903,#2904),
  .UNSPECIFIED.,.F.,.F.,(3,3),(0.,1.),.PIECEWISE_BEZIER_KNOTS.);
#2902 = CARTESIAN_POINT('',(20.440645973154,22.357046979866,-0.9));
#2903 = CARTESIAN_POINT('',(20.973573825503,22.357046979866,-0.9));
#2904 = CARTESIAN_POINT('',(21.204656040268,22.55788590604,-0.9));
#2905 = VECTOR('',#2906,1.);
#2906 = DIRECTION('',(-0.,-0.,-1.));
#2907 = ADVANCED_FACE('',(#2908),#2935,.F.);
#2908 = FACE_BOUND('',#2909,.F.);
#2909 = EDGE_LOOP('',(#2910,#2911,#2912,#2929));
#2910 = ORIENTED_EDGE('',*,*,#2815,.F.);
#2911 = ORIENTED_EDGE('',*,*,#2895,.T.);
#2912 = ORIENTED_EDGE('',*,*,#2913,.F.);
#2913 = EDGE_CURVE('',#2914,#2879,#2916,.T.);
#2914 = VERTEX_POINT('',#2915);
#2915 = CARTESIAN_POINT('',(21.436031879195,23.218833892617,-0.4));
#2916 = B_SPLINE_CURVE_WITH_KNOTS('',6,(#2917,#2918,#2919,#2920,#2921,
    #2922,#2923,#2924,#2925,#2926,#2927,#2928),.UNSPECIFIED.,.F.,.F.,(7,
    5,7),(0.,0.513204588712,1.),.UNSPECIFIED.);
#2917 = CARTESIAN_POINT('',(21.436031879195,23.218833892617,-0.4));
#2918 = CARTESIAN_POINT('',(21.436031879195,23.147282139607,-0.4));
#2919 = CARTESIAN_POINT('',(21.432670341868,23.077766379679,-0.4));
#2920 = CARTESIAN_POINT('',(21.425643584144,23.010618335078,-0.4));
#2921 = CARTESIAN_POINT('',(21.414634452765,22.946245301888,-0.4));
#2922 = CARTESIAN_POINT('',(21.39934296592,22.885108407384,-0.4));
#2923 = CARTESIAN_POINT('',(21.360810338994,22.773175992336,-0.4));
#2924 = CARTESIAN_POINT('',(21.33801549832,22.722000850108,-0.4));
#2925 = CARTESIAN_POINT('',(21.311018674968,22.674556490459,-0.4));
#2926 = CARTESIAN_POINT('',(21.279737203728,22.631217186081,-0.4));
#2927 = CARTESIAN_POINT('',(21.244213147104,22.592272477338,-0.4));
#2928 = CARTESIAN_POINT('',(21.204656040268,22.55788590604,-0.4));
#2929 = ORIENTED_EDGE('',*,*,#2930,.F.);
#2930 = EDGE_CURVE('',#2816,#2914,#2931,.T.);
#2931 = LINE('',#2932,#2933);
#2932 = CARTESIAN_POINT('',(21.436031879195,23.218833892617,-0.9));
#2933 = VECTOR('',#2934,1.);
#2934 = DIRECTION('',(0.,0.,1.));
#2935 = SURFACE_OF_LINEAR_EXTRUSION('',#2936,#2940);
#2936 = B_SPLINE_CURVE_WITH_KNOTS('',2,(#2937,#2938,#2939),
  .UNSPECIFIED.,.F.,.F.,(3,3),(0.,1.),.PIECEWISE_BEZIER_KNOTS.);
#2937 = CARTESIAN_POINT('',(21.204656040268,22.55788590604,-0.9));
#2938 = CARTESIAN_POINT('',(21.436031879195,22.759018456376,-0.9));
#2939 = CARTESIAN_POINT('',(21.436031879195,23.218833892617,-0.9));
#2940 = VECTOR('',#2941,1.);
#2941 = DIRECTION('',(-0.,-0.,-1.));
#2942 = ADVANCED_FACE('',(#2943),#2970,.F.);
#2943 = FACE_BOUND('',#2944,.F.);
#2944 = EDGE_LOOP('',(#2945,#2946,#2947,#2964));
#2945 = ORIENTED_EDGE('',*,*,#2823,.F.);
#2946 = ORIENTED_EDGE('',*,*,#2930,.T.);
#2947 = ORIENTED_EDGE('',*,*,#2948,.F.);
#2948 = EDGE_CURVE('',#2949,#2914,#2951,.T.);
#2949 = VERTEX_POINT('',#2950);
#2950 = CARTESIAN_POINT('',(21.204656040268,23.870679530201,-0.4));
#2951 = B_SPLINE_CURVE_WITH_KNOTS('',6,(#2952,#2953,#2954,#2955,#2956,
    #2957,#2958,#2959,#2960,#2961,#2962,#2963),.UNSPECIFIED.,.F.,.F.,(7,
    5,7),(0.,0.492934954388,1.),.UNSPECIFIED.);
#2952 = CARTESIAN_POINT('',(21.204656040268,23.870679530201,-0.4));
#2953 = CARTESIAN_POINT('',(21.244665513221,23.836712096946,-0.4));
#2954 = CARTESIAN_POINT('',(21.280563785738,23.798064530249,-0.4));
#2955 = CARTESIAN_POINT('',(21.312126224916,23.754897190921,-0.4));
#2956 = CARTESIAN_POINT('',(21.339304688673,23.707505224735,-0.4));
#2957 = CARTESIAN_POINT('',(21.362182781701,23.656275142255,-0.4));
#2958 = CARTESIAN_POINT('',(21.400216866201,23.545441566525,-0.4));
#2959 = CARTESIAN_POINT('',(21.415136537573,23.485629124814,-0.4));
#2960 = CARTESIAN_POINT('',(21.425883779047,23.422644170559,-0.4));
#2961 = CARTESIAN_POINT('',(21.432746993355,23.356932082613,-0.4));
#2962 = CARTESIAN_POINT('',(21.436031879195,23.28888763877,-0.4));
#2963 = CARTESIAN_POINT('',(21.436031879195,23.218833892617,-0.4));
#2964 = ORIENTED_EDGE('',*,*,#2965,.F.);
#2965 = EDGE_CURVE('',#2824,#2949,#2966,.T.);
#2966 = LINE('',#2967,#2968);
#2967 = CARTESIAN_POINT('',(21.204656040268,23.870679530201,-0.9));
#2968 = VECTOR('',#2969,1.);
#2969 = DIRECTION('',(0.,0.,1.));
#2970 = SURFACE_OF_LINEAR_EXTRUSION('',#2971,#2975);
#2971 = B_SPLINE_CURVE_WITH_KNOTS('',2,(#2972,#2973,#2974),
  .UNSPECIFIED.,.F.,.F.,(3,3),(0.,1.),.PIECEWISE_BEZIER_KNOTS.);
#2972 = CARTESIAN_POINT('',(21.436031879195,23.218833892617,-0.9));
#2973 = CARTESIAN_POINT('',(21.436031879195,23.674244966443,-0.9));
#2974 = CARTESIAN_POINT('',(21.204656040268,23.870679530201,-0.9));
#2975 = VECTOR('',#2976,1.);
#2976 = DIRECTION('',(-0.,-0.,-1.));
#2977 = ADVANCED_FACE('',(#2978),#3005,.F.);
#2978 = FACE_BOUND('',#2979,.F.);
#2979 = EDGE_LOOP('',(#2980,#2981,#2982,#2999));
#2980 = ORIENTED_EDGE('',*,*,#2831,.F.);
#2981 = ORIENTED_EDGE('',*,*,#2965,.T.);
#2982 = ORIENTED_EDGE('',*,*,#2983,.F.);
#2983 = EDGE_CURVE('',#2984,#2949,#2986,.T.);
#2984 = VERTEX_POINT('',#2985);
#2985 = CARTESIAN_POINT('',(20.440645973154,24.06711409396,-0.4));
#2986 = B_SPLINE_CURVE_WITH_KNOTS('',6,(#2987,#2988,#2989,#2990,#2991,
    #2992,#2993,#2994,#2995,#2996,#2997,#2998),.UNSPECIFIED.,.F.,.F.,(7,
    5,7),(0.,0.528824936364,1.),.UNSPECIFIED.);
#2987 = CARTESIAN_POINT('',(20.440645973154,24.06711409396,-0.4));
#2988 = CARTESIAN_POINT('',(20.523410859367,24.06711409396,-0.4));
#2989 = CARTESIAN_POINT('',(20.604122613363,24.06427148593,-0.4));
#2990 = CARTESIAN_POINT('',(20.682449854935,24.058287779031,-0.4));
#2991 = CARTESIAN_POINT('',(20.757941132288,24.048822938342,-0.4));
#2992 = CARTESIAN_POINT('',(20.830035783932,24.035508630163,-0.4));
#2993 = CARTESIAN_POINT('',(20.958767671357,24.002410385471,-0.4));
#2994 = CARTESIAN_POINT('',(21.016233030893,23.983490081289,-0.4));
#2995 = CARTESIAN_POINT('',(21.07004435907,23.961011082313,-0.4));
#2996 = CARTESIAN_POINT('',(21.11969701604,23.93477199611,-0.4));
#2997 = CARTESIAN_POINT('',(21.164696078287,23.904648036638,-0.4));
#2998 = CARTESIAN_POINT('',(21.204656040268,23.870679530201,-0.4));
#2999 = ORIENTED_EDGE('',*,*,#3000,.F.);
#3000 = EDGE_CURVE('',#2832,#2984,#3001,.T.);
#3001 = LINE('',#3002,#3003);
#3002 = CARTESIAN_POINT('',(20.440645973154,24.06711409396,-0.9));
#3003 = VECTOR('',#3004,1.);
#3004 = DIRECTION('',(0.,0.,1.));
#3005 = SURFACE_OF_LINEAR_EXTRUSION('',#3006,#3010);
#3006 = B_SPLINE_CURVE_WITH_KNOTS('',2,(#3007,#3008,#3009),
  .UNSPECIFIED.,.F.,.F.,(3,3),(0.,1.),.PIECEWISE_BEZIER_KNOTS.);
#3007 = CARTESIAN_POINT('',(21.204656040268,23.870679530201,-0.9));
#3008 = CARTESIAN_POINT('',(20.973573825503,24.06711409396,-0.9));
#3009 = CARTESIAN_POINT('',(20.440645973154,24.06711409396,-0.9));
#3010 = VECTOR('',#3011,1.);
#3011 = DIRECTION('',(-0.,-0.,-1.));
#3012 = ADVANCED_FACE('',(#3013),#3031,.F.);
#3013 = FACE_BOUND('',#3014,.F.);
#3014 = EDGE_LOOP('',(#3015,#3016,#3017,#3025));
#3015 = ORIENTED_EDGE('',*,*,#2839,.F.);
#3016 = ORIENTED_EDGE('',*,*,#3000,.T.);
#3017 = ORIENTED_EDGE('',*,*,#3018,.F.);
#3018 = EDGE_CURVE('',#3019,#2984,#3021,.T.);
#3019 = VERTEX_POINT('',#3020);
#3020 = CARTESIAN_POINT('',(19.727139261745,24.06711409396,-0.4));
#3021 = LINE('',#3022,#3023);
#3022 = CARTESIAN_POINT('',(20.720322986577,24.06711409396,-0.4));
#3023 = VECTOR('',#3024,1.);
#3024 = DIRECTION('',(1.,0.,-0.));
#3025 = ORIENTED_EDGE('',*,*,#3026,.F.);
#3026 = EDGE_CURVE('',#2840,#3019,#3027,.T.);
#3027 = LINE('',#3028,#3029);
#3028 = CARTESIAN_POINT('',(19.727139261745,24.06711409396,-0.9));
#3029 = VECTOR('',#3030,1.);
#3030 = DIRECTION('',(0.,0.,1.));
#3031 = PLANE('',#3032);
#3032 = AXIS2_PLACEMENT_3D('',#3033,#3034,#3035);
#3033 = CARTESIAN_POINT('',(20.440645973154,24.06711409396,-0.9));
#3034 = DIRECTION('',(0.,-1.,0.));
#3035 = DIRECTION('',(-1.,0.,0.));
#3036 = ADVANCED_FACE('',(#3037),#3055,.F.);
#3037 = FACE_BOUND('',#3038,.F.);
#3038 = EDGE_LOOP('',(#3039,#3040,#3041,#3049));
#3039 = ORIENTED_EDGE('',*,*,#2847,.F.);
#3040 = ORIENTED_EDGE('',*,*,#3026,.T.);
#3041 = ORIENTED_EDGE('',*,*,#3042,.F.);
#3042 = EDGE_CURVE('',#3043,#3019,#3045,.T.);
#3043 = VERTEX_POINT('',#3044);
#3044 = CARTESIAN_POINT('',(19.727139261745,22.357046979866,-0.4));
#3045 = LINE('',#3046,#3047);
#3046 = CARTESIAN_POINT('',(19.727139261745,27.03355704698,-0.4));
#3047 = VECTOR('',#3048,1.);
#3048 = DIRECTION('',(-0.,1.,0.));
#3049 = ORIENTED_EDGE('',*,*,#3050,.F.);
#3050 = EDGE_CURVE('',#2848,#3043,#3051,.T.);
#3051 = LINE('',#3052,#3053);
#3052 = CARTESIAN_POINT('',(19.727139261745,22.357046979866,-0.9));
#3053 = VECTOR('',#3054,1.);
#3054 = DIRECTION('',(0.,0.,1.));
#3055 = PLANE('',#3056);
#3056 = AXIS2_PLACEMENT_3D('',#3057,#3058,#3059);
#3057 = CARTESIAN_POINT('',(19.727139261745,24.06711409396,-0.9));
#3058 = DIRECTION('',(1.,0.,-0.));
#3059 = DIRECTION('',(0.,-1.,0.));
#3060 = ADVANCED_FACE('',(#3061),#3072,.F.);
#3061 = FACE_BOUND('',#3062,.F.);
#3062 = EDGE_LOOP('',(#3063,#3064,#3065,#3071));
#3063 = ORIENTED_EDGE('',*,*,#2855,.F.);
#3064 = ORIENTED_EDGE('',*,*,#3050,.T.);
#3065 = ORIENTED_EDGE('',*,*,#3066,.F.);
#3066 = EDGE_CURVE('',#2871,#3043,#3067,.T.);
#3067 = LINE('',#3068,#3069);
#3068 = CARTESIAN_POINT('',(20.363569630872,22.357046979866,-0.4));
#3069 = VECTOR('',#3070,1.);
#3070 = DIRECTION('',(-1.,0.,0.));
#3071 = ORIENTED_EDGE('',*,*,#2870,.F.);
#3072 = PLANE('',#3073);
#3073 = AXIS2_PLACEMENT_3D('',#3074,#3075,#3076);
#3074 = CARTESIAN_POINT('',(19.727139261745,22.357046979866,-0.9));
#3075 = DIRECTION('',(0.,1.,0.));
#3076 = DIRECTION('',(1.,0.,0.));
#3077 = ADVANCED_FACE('',(#3078),#3087,.T.);
#3078 = FACE_BOUND('',#3079,.T.);
#3079 = EDGE_LOOP('',(#3080,#3081,#3082,#3083,#3084,#3085,#3086));
#3080 = ORIENTED_EDGE('',*,*,#2878,.F.);
#3081 = ORIENTED_EDGE('',*,*,#2913,.F.);
#3082 = ORIENTED_EDGE('',*,*,#2948,.F.);
#3083 = ORIENTED_EDGE('',*,*,#2983,.F.);
#3084 = ORIENTED_EDGE('',*,*,#3018,.F.);
#3085 = ORIENTED_EDGE('',*,*,#3042,.F.);
#3086 = ORIENTED_EDGE('',*,*,#3066,.F.);
#3087 = PLANE('',#3088);
#3088 = AXIS2_PLACEMENT_3D('',#3089,#3090,#3091);
#3089 = CARTESIAN_POINT('',(21.,30.,-0.4));
#3090 = DIRECTION('',(0.,0.,1.));
#3091 = DIRECTION('',(1.,0.,-0.));
#3092 = ADVANCED_FACE('',(#3093),#3112,.F.);
#3093 = FACE_BOUND('',#3094,.F.);
#3094 = EDGE_LOOP('',(#3095,#3096,#3104,#3111));
#3095 = ORIENTED_EDGE('',*,*,#1922,.F.);
#3096 = ORIENTED_EDGE('',*,*,#3097,.F.);
#3097 = EDGE_CURVE('',#3098,#1923,#3100,.T.);
#3098 = VERTEX_POINT('',#3099);
#3099 = CARTESIAN_POINT('',(33.4,44.3,-2.));
#3100 = LINE('',#3101,#3102);
#3101 = CARTESIAN_POINT('',(33.4,44.3,-2.));
#3102 = VECTOR('',#3103,1.);
#3103 = DIRECTION('',(0.,0.,1.));
#3104 = ORIENTED_EDGE('',*,*,#3105,.T.);
#3105 = EDGE_CURVE('',#3098,#3098,#3106,.T.);
#3106 = CIRCLE('',#3107,2.4);
#3107 = AXIS2_PLACEMENT_3D('',#3108,#3109,#3110);
#3108 = CARTESIAN_POINT('',(31.,44.3,-2.));
#3109 = DIRECTION('',(0.,0.,1.));
#3110 = DIRECTION('',(1.,0.,-0.));
#3111 = ORIENTED_EDGE('',*,*,#3097,.T.);
#3112 = CYLINDRICAL_SURFACE('',#3113,2.4);
#3113 = AXIS2_PLACEMENT_3D('',#3114,#3115,#3116);
#3114 = CARTESIAN_POINT('',(31.,44.3,-2.));
#3115 = DIRECTION('',(0.,0.,1.));
#3116 = DIRECTION('',(1.,0.,-0.));
#3117 = ADVANCED_FACE('',(#3118),#3121,.T.);
#3118 = FACE_BOUND('',#3119,.F.);
#3119 = EDGE_LOOP('',(#3120));
#3120 = ORIENTED_EDGE('',*,*,#3105,.F.);
#3121 = PLANE('',#3122);
#3122 = AXIS2_PLACEMENT_3D('',#3123,#3124,#3125);
#3123 = CARTESIAN_POINT('',(31.,44.3,-2.));
#3124 = DIRECTION('',(0.,0.,1.));
#3125 = DIRECTION('',(1.,0.,-0.));
#3126 = ADVANCED_FACE('',(#3127),#3152,.F.);
#3127 = FACE_BOUND('',#3128,.F.);
#3128 = EDGE_LOOP('',(#3129,#3137,#3138,#3146));
#3129 = ORIENTED_EDGE('',*,*,#3130,.F.);
#3130 = EDGE_CURVE('',#1934,#3131,#3133,.T.);
#3131 = VERTEX_POINT('',#3132);
#3132 = CARTESIAN_POINT('',(2.2,48.,0.8));
#3133 = LINE('',#3134,#3135);
#3134 = CARTESIAN_POINT('',(2.2,48.,-0.4));
#3135 = VECTOR('',#3136,1.);
#3136 = DIRECTION('',(0.,0.,1.));
#3137 = ORIENTED_EDGE('',*,*,#1933,.T.);
#3138 = ORIENTED_EDGE('',*,*,#3139,.T.);
#3139 = EDGE_CURVE('',#1936,#3140,#3142,.T.);
#3140 = VERTEX_POINT('',#3141);
#3141 = CARTESIAN_POINT('',(2.2,52.,0.8));
#3142 = LINE('',#3143,#3144);
#3143 = CARTESIAN_POINT('',(2.2,52.,-0.4));
#3144 = VECTOR('',#3145,1.);
#3145 = DIRECTION('',(0.,0.,1.));
#3146 = ORIENTED_EDGE('',*,*,#3147,.F.);
#3147 = EDGE_CURVE('',#3131,#3140,#3148,.T.);
#3148 = LINE('',#3149,#3150);
#3149 = CARTESIAN_POINT('',(2.2,48.,0.8));
#3150 = VECTOR('',#3151,1.);
#3151 = DIRECTION('',(-0.,1.,0.));
#3152 = PLANE('',#3153);
#3153 = AXIS2_PLACEMENT_3D('',#3154,#3155,#3156);
#3154 = CARTESIAN_POINT('',(2.2,48.,-0.4));
#3155 = DIRECTION('',(1.,0.,-0.));
#3156 = DIRECTION('',(0.,0.,1.));
#3157 = ADVANCED_FACE('',(#3158),#3176,.F.);
#3158 = FACE_BOUND('',#3159,.F.);
#3159 = EDGE_LOOP('',(#3160,#3161,#3162,#3170));
#3160 = ORIENTED_EDGE('',*,*,#1959,.F.);
#3161 = ORIENTED_EDGE('',*,*,#3130,.T.);
#3162 = ORIENTED_EDGE('',*,*,#3163,.T.);
#3163 = EDGE_CURVE('',#3131,#3164,#3166,.T.);
#3164 = VERTEX_POINT('',#3165);
#3165 = CARTESIAN_POINT('',(4.8,48.,0.8));
#3166 = LINE('',#3167,#3168);
#3167 = CARTESIAN_POINT('',(2.2,48.,0.8));
#3168 = VECTOR('',#3169,1.);
#3169 = DIRECTION('',(1.,0.,-0.));
#3170 = ORIENTED_EDGE('',*,*,#3171,.F.);
#3171 = EDGE_CURVE('',#1952,#3164,#3172,.T.);
#3172 = LINE('',#3173,#3174);
#3173 = CARTESIAN_POINT('',(4.8,48.,-0.4));
#3174 = VECTOR('',#3175,1.);
#3175 = DIRECTION('',(0.,0.,1.));
#3176 = PLANE('',#3177);
#3177 = AXIS2_PLACEMENT_3D('',#3178,#3179,#3180);
#3178 = CARTESIAN_POINT('',(2.2,48.,-0.4));
#3179 = DIRECTION('',(-0.,1.,0.));
#3180 = DIRECTION('',(0.,0.,1.));
#3181 = ADVANCED_FACE('',(#3182),#3200,.T.);
#3182 = FACE_BOUND('',#3183,.T.);
#3183 = EDGE_LOOP('',(#3184,#3185,#3186,#3194));
#3184 = ORIENTED_EDGE('',*,*,#3171,.F.);
#3185 = ORIENTED_EDGE('',*,*,#1951,.T.);
#3186 = ORIENTED_EDGE('',*,*,#3187,.T.);
#3187 = EDGE_CURVE('',#1944,#3188,#3190,.T.);
#3188 = VERTEX_POINT('',#3189);
#3189 = CARTESIAN_POINT('',(4.8,52.,0.8));
#3190 = LINE('',#3191,#3192);
#3191 = CARTESIAN_POINT('',(4.8,52.,-0.4));
#3192 = VECTOR('',#3193,1.);
#3193 = DIRECTION('',(0.,0.,1.));
#3194 = ORIENTED_EDGE('',*,*,#3195,.F.);
#3195 = EDGE_CURVE('',#3164,#3188,#3196,.T.);
#3196 = LINE('',#3197,#3198);
#3197 = CARTESIAN_POINT('',(4.8,48.,0.8));
#3198 = VECTOR('',#3199,1.);
#3199 = DIRECTION('',(-0.,1.,0.));
#3200 = PLANE('',#3201);
#3201 = AXIS2_PLACEMENT_3D('',#3202,#3203,#3204);
#3202 = CARTESIAN_POINT('',(4.8,48.,-0.4));
#3203 = DIRECTION('',(1.,0.,-0.));
#3204 = DIRECTION('',(0.,0.,1.));
#3205 = ADVANCED_FACE('',(#3206),#3217,.T.);
#3206 = FACE_BOUND('',#3207,.T.);
#3207 = EDGE_LOOP('',(#3208,#3209,#3210,#3216));
#3208 = ORIENTED_EDGE('',*,*,#1943,.F.);
#3209 = ORIENTED_EDGE('',*,*,#3139,.T.);
#3210 = ORIENTED_EDGE('',*,*,#3211,.T.);
#3211 = EDGE_CURVE('',#3140,#3188,#3212,.T.);
#3212 = LINE('',#3213,#3214);
#3213 = CARTESIAN_POINT('',(2.2,52.,0.8));
#3214 = VECTOR('',#3215,1.);
#3215 = DIRECTION('',(1.,0.,-0.));
#3216 = ORIENTED_EDGE('',*,*,#3187,.F.);
#3217 = PLANE('',#3218);
#3218 = AXIS2_PLACEMENT_3D('',#3219,#3220,#3221);
#3219 = CARTESIAN_POINT('',(2.2,52.,-0.4));
#3220 = DIRECTION('',(-0.,1.,0.));
#3221 = DIRECTION('',(0.,0.,1.));
#3222 = ADVANCED_FACE('',(#3223),#3229,.T.);
#3223 = FACE_BOUND('',#3224,.T.);
#3224 = EDGE_LOOP('',(#3225,#3226,#3227,#3228));
#3225 = ORIENTED_EDGE('',*,*,#3147,.F.);
#3226 = ORIENTED_EDGE('',*,*,#3163,.T.);
#3227 = ORIENTED_EDGE('',*,*,#3195,.T.);
#3228 = ORIENTED_EDGE('',*,*,#3211,.F.);
#3229 = PLANE('',#3230);
#3230 = AXIS2_PLACEMENT_3D('',#3231,#3232,#3233);
#3231 = CARTESIAN_POINT('',(2.2,48.,0.8));
#3232 = DIRECTION('',(0.,0.,1.));
#3233 = DIRECTION('',(1.,0.,-0.));
#3234 = ADVANCED_FACE('',(#3235),#3248,.T.);
#3235 = FACE_BOUND('',#3236,.T.);
#3236 = EDGE_LOOP('',(#3237,#3246,#3247));
#3237 = ORIENTED_EDGE('',*,*,#3238,.T.);
#3238 = EDGE_CURVE('',#1968,#3239,#3241,.T.);
#3239 = VERTEX_POINT('',#3240);
#3240 = CARTESIAN_POINT('',(-9.1,44.,0.4));
#3241 = CIRCLE('',#3242,0.8);
#3242 = AXIS2_PLACEMENT_3D('',#3243,#3244,#3245);
#3243 = CARTESIAN_POINT('',(-9.1,44.,-0.4));
#3244 = DIRECTION('',(-2.449293598295E-16,-1.,0.));
#3245 = DIRECTION('',(1.,-2.449293598295E-16,0.));
#3246 = ORIENTED_EDGE('',*,*,#3238,.F.);
#3247 = ORIENTED_EDGE('',*,*,#1967,.T.);
#3248 = SPHERICAL_SURFACE('',#3249,0.8);
#3249 = AXIS2_PLACEMENT_3D('',#3250,#3251,#3252);
#3250 = CARTESIAN_POINT('',(-9.1,44.,-0.4));
#3251 = DIRECTION('',(0.,0.,1.));
#3252 = DIRECTION('',(1.,0.,-0.));
#3253 = ADVANCED_FACE('',(#3254),#3274,.T.);
#3254 = FACE_BOUND('',#3255,.T.);
#3255 = EDGE_LOOP('',(#3256,#3257,#3258,#3259,#3265,#3266,#3272,#3273));
#3256 = ORIENTED_EDGE('',*,*,#514,.T.);
#3257 = ORIENTED_EDGE('',*,*,#484,.F.);
#3258 = ORIENTED_EDGE('',*,*,#1686,.T.);
#3259 = ORIENTED_EDGE('',*,*,#3260,.T.);
#3260 = EDGE_CURVE('',#1679,#2357,#3261,.T.);
#3261 = LINE('',#3262,#3263);
#3262 = CARTESIAN_POINT('',(-3.,12.,-0.4));
#3263 = VECTOR('',#3264,1.);
#3264 = DIRECTION('',(0.,0.,1.));
#3265 = ORIENTED_EDGE('',*,*,#2356,.T.);
#3266 = ORIENTED_EDGE('',*,*,#3267,.F.);
#3267 = EDGE_CURVE('',#888,#2359,#3268,.T.);
#3268 = LINE('',#3269,#3270);
#3269 = CARTESIAN_POINT('',(-3.,58.,-0.4));
#3270 = VECTOR('',#3271,1.);
#3271 = DIRECTION('',(0.,0.,1.));
#3272 = ORIENTED_EDGE('',*,*,#887,.F.);
#3273 = ORIENTED_EDGE('',*,*,#872,.F.);
#3274 = PLANE('',#3275);
#3275 = AXIS2_PLACEMENT_3D('',#3276,#3277,#3278);
#3276 = CARTESIAN_POINT('',(-3.,35.941064638783,1.126235741445));
#3277 = DIRECTION('',(-1.,-0.,-0.));
#3278 = DIRECTION('',(0.,0.,-1.));
#3279 = ADVANCED_FACE('',(#3280),#3300,.T.);
#3280 = FACE_BOUND('',#3281,.T.);
#3281 = EDGE_LOOP('',(#3282,#3283,#3284,#3285,#3291,#3292,#3298,#3299));
#3282 = ORIENTED_EDGE('',*,*,#612,.T.);
#3283 = ORIENTED_EDGE('',*,*,#1144,.T.);
#3284 = ORIENTED_EDGE('',*,*,#1187,.T.);
#3285 = ORIENTED_EDGE('',*,*,#3286,.T.);
#3286 = EDGE_CURVE('',#1179,#2003,#3287,.T.);
#3287 = LINE('',#3288,#3289);
#3288 = CARTESIAN_POINT('',(45.,58.,-0.4));
#3289 = VECTOR('',#3290,1.);
#3290 = DIRECTION('',(0.,0.,1.));
#3291 = ORIENTED_EDGE('',*,*,#2002,.F.);
#3292 = ORIENTED_EDGE('',*,*,#3293,.F.);
#3293 = EDGE_CURVE('',#1603,#1995,#3294,.T.);
#3294 = LINE('',#3295,#3296);
#3295 = CARTESIAN_POINT('',(45.,12.,-0.4));
#3296 = VECTOR('',#3297,1.);
#3297 = DIRECTION('',(0.,0.,1.));
#3298 = ORIENTED_EDGE('',*,*,#1602,.T.);
#3299 = ORIENTED_EDGE('',*,*,#374,.F.);
#3300 = PLANE('',#3301);
#3301 = AXIS2_PLACEMENT_3D('',#3302,#3303,#3304);
#3302 = CARTESIAN_POINT('',(45.,35.941064638783,1.126235741445));
#3303 = DIRECTION('',(1.,0.,0.));
#3304 = DIRECTION('',(-0.,0.,1.));
#3305 = ADVANCED_FACE('',(#3306),#3323,.T.);
#3306 = FACE_BOUND('',#3307,.T.);
#3307 = EDGE_LOOP('',(#3308,#3309,#3310,#3311,#3317,#3318,#3319,#3320,
    #3321,#3322));
#3308 = ORIENTED_EDGE('',*,*,#805,.T.);
#3309 = ORIENTED_EDGE('',*,*,#1652,.T.);
#3310 = ORIENTED_EDGE('',*,*,#2180,.F.);
#3311 = ORIENTED_EDGE('',*,*,#3312,.T.);
#3312 = EDGE_CURVE('',#2171,#911,#3313,.T.);
#3313 = LINE('',#3314,#3315);
#3314 = CARTESIAN_POINT('',(17.,46.5,-1.8));
#3315 = VECTOR('',#3316,1.);
#3316 = DIRECTION('',(-0.,1.,0.));
#3317 = ORIENTED_EDGE('',*,*,#936,.T.);
#3318 = ORIENTED_EDGE('',*,*,#967,.T.);
#3319 = ORIENTED_EDGE('',*,*,#998,.T.);
#3320 = ORIENTED_EDGE('',*,*,#1012,.T.);
#3321 = ORIENTED_EDGE('',*,*,#1044,.F.);
#3322 = ORIENTED_EDGE('',*,*,#555,.F.);
#3323 = PLANE('',#3324);
#3324 = AXIS2_PLACEMENT_3D('',#3325,#3326,#3327);
#3325 = CARTESIAN_POINT('',(17.,54.72137667171,-2.089601653847));
#3326 = DIRECTION('',(-1.,-0.,-0.));
#3327 = DIRECTION('',(0.,0.,-1.));
#3328 = ADVANCED_FACE('',(#3329),#3346,.T.);
#3329 = FACE_BOUND('',#3330,.T.);
#3330 = EDGE_LOOP('',(#3331,#3332,#3333,#3334,#3335,#3336,#3337,#3338,
    #3344,#3345));
#3331 = ORIENTED_EDGE('',*,*,#1074,.F.);
#3332 = ORIENTED_EDGE('',*,*,#571,.T.);
#3333 = ORIENTED_EDGE('',*,*,#1051,.T.);
#3334 = ORIENTED_EDGE('',*,*,#1021,.F.);
#3335 = ORIENTED_EDGE('',*,*,#982,.F.);
#3336 = ORIENTED_EDGE('',*,*,#951,.F.);
#3337 = ORIENTED_EDGE('',*,*,#920,.F.);
#3338 = ORIENTED_EDGE('',*,*,#3339,.F.);
#3339 = EDGE_CURVE('',#2173,#913,#3340,.T.);
#3340 = LINE('',#3341,#3342);
#3341 = CARTESIAN_POINT('',(25.,59.,-1.8));
#3342 = VECTOR('',#3343,1.);
#3343 = DIRECTION('',(-0.,1.,0.));
#3344 = ORIENTED_EDGE('',*,*,#2187,.T.);
#3345 = ORIENTED_EDGE('',*,*,#1636,.F.);
#3346 = PLANE('',#3347);
#3347 = AXIS2_PLACEMENT_3D('',#3348,#3349,#3350);
#3348 = CARTESIAN_POINT('',(25.,54.72137667171,-2.089601653847));
#3349 = DIRECTION('',(1.,0.,0.));
#3350 = DIRECTION('',(-0.,0.,1.));
#3351 = ADVANCED_FACE('',(#3352),#3362,.T.);
#3352 = FACE_BOUND('',#3353,.T.);
#3353 = EDGE_LOOP('',(#3354,#3355,#3356,#3357,#3358,#3359,#3360,#3361));
#3354 = ORIENTED_EDGE('',*,*,#1678,.T.);
#3355 = ORIENTED_EDGE('',*,*,#2201,.T.);
#3356 = ORIENTED_EDGE('',*,*,#2249,.T.);
#3357 = ORIENTED_EDGE('',*,*,#2280,.T.);
#3358 = ORIENTED_EDGE('',*,*,#2311,.T.);
#3359 = ORIENTED_EDGE('',*,*,#2325,.T.);
#3360 = ORIENTED_EDGE('',*,*,#2366,.F.);
#3361 = ORIENTED_EDGE('',*,*,#3260,.F.);
#3362 = PLANE('',#3363);
#3363 = AXIS2_PLACEMENT_3D('',#3364,#3365,#3366);
#3364 = CARTESIAN_POINT('',(-1.407881969502,12.,1.41902875767));
#3365 = DIRECTION('',(-0.,-1.,-0.));
#3366 = DIRECTION('',(0.,0.,-1.));
#3367 = ADVANCED_FACE('',(#3368),#3378,.T.);
#3368 = FACE_BOUND('',#3369,.T.);
#3369 = EDGE_LOOP('',(#3370,#3371,#3372,#3373,#3374,#3375,#3376,#3377));
#3370 = ORIENTED_EDGE('',*,*,#1610,.T.);
#3371 = ORIENTED_EDGE('',*,*,#3293,.T.);
#3372 = ORIENTED_EDGE('',*,*,#1994,.F.);
#3373 = ORIENTED_EDGE('',*,*,#2024,.F.);
#3374 = ORIENTED_EDGE('',*,*,#2072,.T.);
#3375 = ORIENTED_EDGE('',*,*,#2103,.T.);
#3376 = ORIENTED_EDGE('',*,*,#2156,.T.);
#3377 = ORIENTED_EDGE('',*,*,#2117,.F.);
#3378 = PLANE('',#3379);
#3379 = AXIS2_PLACEMENT_3D('',#3380,#3381,#3382);
#3380 = CARTESIAN_POINT('',(43.407881969502,12.,1.41902875767));
#3381 = DIRECTION('',(-0.,-1.,-0.));
#3382 = DIRECTION('',(0.,0.,-1.));
#3383 = ADVANCED_FACE('',(#3384),#3390,.T.);
#3384 = FACE_BOUND('',#3385,.T.);
#3385 = EDGE_LOOP('',(#3386,#3387,#3388,#3389));
#3386 = ORIENTED_EDGE('',*,*,#3312,.F.);
#3387 = ORIENTED_EDGE('',*,*,#2170,.T.);
#3388 = ORIENTED_EDGE('',*,*,#3339,.T.);
#3389 = ORIENTED_EDGE('',*,*,#910,.F.);
#3390 = PLANE('',#3391);
#3391 = AXIS2_PLACEMENT_3D('',#3392,#3393,#3394);
#3392 = CARTESIAN_POINT('',(21.,53.4,-1.8));
#3393 = DIRECTION('',(0.,0.,1.));
#3394 = DIRECTION('',(1.,0.,-0.));
#3395 = ADVANCED_FACE('',(#3396),#3407,.T.);
#3396 = FACE_BOUND('',#3397,.T.);
#3397 = EDGE_LOOP('',(#3398,#3399,#3400,#3401,#3402,#3403,#3404,#3405,
    #3406));
#3398 = ORIENTED_EDGE('',*,*,#896,.F.);
#3399 = ORIENTED_EDGE('',*,*,#3267,.T.);
#3400 = ORIENTED_EDGE('',*,*,#2373,.T.);
#3401 = ORIENTED_EDGE('',*,*,#2334,.F.);
#3402 = ORIENTED_EDGE('',*,*,#2295,.F.);
#3403 = ORIENTED_EDGE('',*,*,#2264,.F.);
#3404 = ORIENTED_EDGE('',*,*,#2233,.F.);
#3405 = ORIENTED_EDGE('',*,*,#2210,.F.);
#3406 = ORIENTED_EDGE('',*,*,#1662,.F.);
#3407 = PLANE('',#3408);
#3408 = AXIS2_PLACEMENT_3D('',#3409,#3410,#3411);
#3409 = CARTESIAN_POINT('',(-1.407881969502,58.,1.41902875767));
#3410 = DIRECTION('',(0.,1.,0.));
#3411 = DIRECTION('',(0.,-0.,1.));
#3412 = ADVANCED_FACE('',(#3413),#3424,.T.);
#3413 = FACE_BOUND('',#3414,.T.);
#3414 = EDGE_LOOP('',(#3415,#3416,#3417,#3418,#3419,#3420,#3421,#3422,
    #3423));
#3415 = ORIENTED_EDGE('',*,*,#1626,.F.);
#3416 = ORIENTED_EDGE('',*,*,#2126,.T.);
#3417 = ORIENTED_EDGE('',*,*,#2149,.F.);
#3418 = ORIENTED_EDGE('',*,*,#2087,.F.);
#3419 = ORIENTED_EDGE('',*,*,#2056,.F.);
#3420 = ORIENTED_EDGE('',*,*,#2040,.T.);
#3421 = ORIENTED_EDGE('',*,*,#2010,.T.);
#3422 = ORIENTED_EDGE('',*,*,#3286,.F.);
#3423 = ORIENTED_EDGE('',*,*,#1178,.F.);
#3424 = PLANE('',#3425);
#3425 = AXIS2_PLACEMENT_3D('',#3426,#3427,#3428);
#3426 = CARTESIAN_POINT('',(43.407881969502,58.,1.41902875767));
#3427 = DIRECTION('',(0.,1.,0.));
#3428 = DIRECTION('',(0.,-0.,1.));
#3429 = ( GEOMETRIC_REPRESENTATION_CONTEXT(3) 
GLOBAL_UNCERTAINTY_ASSIGNED_CONTEXT((#3433)) 
GLOBAL_UNIT_ASSIGNED_CONTEXT((#3430,#3431,#3432)) REPRESENTATION_CONTEXT
('Context #1','3D Context with UNIT and UNCERTAINTY') );
#3430 = ( LENGTH_UNIT() NAMED_UNIT(*) SI_UNIT(.MILLI.,.METRE.) );
#3431 = ( NAMED_UNIT(*) PLANE_ANGLE_UNIT() SI_UNIT($,.RADIAN.) );
#3432 = ( NAMED_UNIT(*) SI_UNIT($,.STERADIAN.) SOLID_ANGLE_UNIT() );
#3433 = UNCERTAINTY_MEASURE_WITH_UNIT(LENGTH_MEASURE(5.E-07),#3430,
  'distance_accuracy_value','confusion accuracy');
#3434 = PRODUCT_RELATED_PRODUCT_CATEGORY('part',$,(#7));
ENDSEC;
END-ISO-10303-21;
