ISO-10303-21;
HEADER;
FILE_DESCRIPTION(('FreeCAD Model'),'2;1');
FILE_NAME('Open CASCADE Shape Model','2026-09-27T22:40:25',('FreeCAD'),(
    'FreeCAD'),'Open CASCADE STEP processor 7.9','FreeCAD','Unknown');
FILE_SCHEMA(('AUTOMOTIVE_DESIGN { 1 0 10303 214 1 1 1 1 }'));
ENDSEC;
DATA;
#1 = APPLICATION_PROTOCOL_DEFINITION('international standard',
  'automotive_design',2000,#2);
#2 = APPLICATION_CONTEXT(
  'core data for automotive mechanical design processes');
#3 = SHAPE_DEFINITION_REPRESENTATION(#4,#10);
#4 = PRODUCT_DEFINITION_SHAPE('','',#5);
#5 = PRODUCT_DEFINITION('design','',#6,#9);
#6 = PRODUCT_DEFINITION_FORMATION('','',#7);
#7 = PRODUCT('Open CASCADE STEP translator 7.9 12',
  'Open CASCADE STEP translator 7.9 12','',(#8));
#8 = PRODUCT_CONTEXT('',#2,'mechanical');
#9 = PRODUCT_DEFINITION_CONTEXT('part definition',#2,'design');
#10 = ADVANCED_BREP_SHAPE_REPRESENTATION('',(#11,#15),#2756);
#11 = AXIS2_PLACEMENT_3D('',#12,#13,#14);
#12 = CARTESIAN_POINT('',(0.,0.,0.));
#13 = DIRECTION('',(0.,0.,1.));
#14 = DIRECTION('',(1.,0.,-0.));
#15 = MANIFOLD_SOLID_BREP('',#16);
#16 = CLOSED_SHELL('',(#17,#57,#90,#123,#154,#185,#216,#247,#280,#313,
    #344,#384,#408,#439,#472,#503,#770,#801,#825,#849,#883,#906,#946,
    #977,#1008,#1039,#1061,#1092,#1116,#1140,#1174,#1197,#1229,#1253,
    #1278,#1302,#1327,#1351,#1376,#1393,#1425,#1449,#1474,#1498,#1523,
    #1547,#1572,#1589,#1839,#1879,#1910,#1941,#1972,#2003,#2025,#2056,
    #2087,#2118,#2149,#2180,#2211,#2242,#2273,#2297,#2321,#2345,#2369,
    #2386,#2400,#2425,#2434,#2465,#2489,#2513,#2530,#2542,#2561,#2580,
    #2606,#2632,#2655,#2678,#2694,#2710,#2722,#2739));
#17 = ADVANCED_FACE('',(#18),#52,.F.);
#18 = FACE_BOUND('',#19,.F.);
#19 = EDGE_LOOP('',(#20,#30,#38,#46));
#20 = ORIENTED_EDGE('',*,*,#21,.T.);
#21 = EDGE_CURVE('',#22,#24,#26,.T.);
#22 = VERTEX_POINT('',#23);
#23 = CARTESIAN_POINT('',(3.,1.,-3.4));
#24 = VERTEX_POINT('',#25);
#25 = CARTESIAN_POINT('',(3.,1.,-0.4));
#26 = LINE('',#27,#28);
#27 = CARTESIAN_POINT('',(3.,1.,-3.4));
#28 = VECTOR('',#29,1.);
#29 = DIRECTION('',(0.,0.,1.));
#30 = ORIENTED_EDGE('',*,*,#31,.T.);
#31 = EDGE_CURVE('',#24,#32,#34,.T.);
#32 = VERTEX_POINT('',#33);
#33 = CARTESIAN_POINT('',(39.,1.,-0.4));
#34 = LINE('',#35,#36);
#35 = CARTESIAN_POINT('',(3.,1.,-0.4));
#36 = VECTOR('',#37,1.);
#37 = DIRECTION('',(1.,0.,0.));
#38 = ORIENTED_EDGE('',*,*,#39,.F.);
#39 = EDGE_CURVE('',#40,#32,#42,.T.);
#40 = VERTEX_POINT('',#41);
#41 = CARTESIAN_POINT('',(39.,1.,-3.4));
#42 = LINE('',#43,#44);
#43 = CARTESIAN_POINT('',(39.,1.,-3.4));
#44 = VECTOR('',#45,1.);
#45 = DIRECTION('',(0.,0.,1.));
#46 = ORIENTED_EDGE('',*,*,#47,.F.);
#47 = EDGE_CURVE('',#22,#40,#48,.T.);
#48 = LINE('',#49,#50);
#49 = CARTESIAN_POINT('',(3.,1.,-3.4));
#50 = VECTOR('',#51,1.);
#51 = DIRECTION('',(1.,0.,0.));
#52 = PLANE('',#53);
#53 = AXIS2_PLACEMENT_3D('',#54,#55,#56);
#54 = CARTESIAN_POINT('',(3.,1.,-3.4));
#55 = DIRECTION('',(0.,1.,0.));
#56 = DIRECTION('',(1.,0.,0.));
#57 = ADVANCED_FACE('',(#58),#85,.T.);
#58 = FACE_BOUND('',#59,.F.);
#59 = EDGE_LOOP('',(#60,#70,#77,#78));
#60 = ORIENTED_EDGE('',*,*,#61,.T.);
#61 = EDGE_CURVE('',#62,#64,#66,.T.);
#62 = VERTEX_POINT('',#63);
#63 = CARTESIAN_POINT('',(-3.,7.,-3.4));
#64 = VERTEX_POINT('',#65);
#65 = CARTESIAN_POINT('',(-3.,7.,-0.4));
#66 = LINE('',#67,#68);
#67 = CARTESIAN_POINT('',(-3.,7.,-3.4));
#68 = VECTOR('',#69,1.);
#69 = DIRECTION('',(0.,0.,1.));
#70 = ORIENTED_EDGE('',*,*,#71,.T.);
#71 = EDGE_CURVE('',#64,#24,#72,.T.);
#72 = CIRCLE('',#73,6.);
#73 = AXIS2_PLACEMENT_3D('',#74,#75,#76);
#74 = CARTESIAN_POINT('',(3.,7.,-0.4));
#75 = DIRECTION('',(0.,0.,1.));
#76 = DIRECTION('',(-1.,0.,0.));
#77 = ORIENTED_EDGE('',*,*,#21,.F.);
#78 = ORIENTED_EDGE('',*,*,#79,.F.);
#79 = EDGE_CURVE('',#62,#22,#80,.T.);
#80 = CIRCLE('',#81,6.);
#81 = AXIS2_PLACEMENT_3D('',#82,#83,#84);
#82 = CARTESIAN_POINT('',(3.,7.,-3.4));
#83 = DIRECTION('',(0.,0.,1.));
#84 = DIRECTION('',(-1.,0.,0.));
#85 = CYLINDRICAL_SURFACE('',#86,6.);
#86 = AXIS2_PLACEMENT_3D('',#87,#88,#89);
#87 = CARTESIAN_POINT('',(3.,7.,-3.4));
#88 = DIRECTION('',(-0.,-0.,-1.));
#89 = DIRECTION('',(-1.,0.,0.));
#90 = ADVANCED_FACE('',(#91),#118,.T.);
#91 = FACE_BOUND('',#92,.F.);
#92 = EDGE_LOOP('',(#93,#94,#103,#111));
#93 = ORIENTED_EDGE('',*,*,#39,.T.);
#94 = ORIENTED_EDGE('',*,*,#95,.T.);
#95 = EDGE_CURVE('',#32,#96,#98,.T.);
#96 = VERTEX_POINT('',#97);
#97 = CARTESIAN_POINT('',(45.,7.,-0.4));
#98 = CIRCLE('',#99,6.);
#99 = AXIS2_PLACEMENT_3D('',#100,#101,#102);
#100 = CARTESIAN_POINT('',(39.,7.,-0.4));
#101 = DIRECTION('',(0.,0.,1.));
#102 = DIRECTION('',(0.,-1.,0.));
#103 = ORIENTED_EDGE('',*,*,#104,.F.);
#104 = EDGE_CURVE('',#105,#96,#107,.T.);
#105 = VERTEX_POINT('',#106);
#106 = CARTESIAN_POINT('',(45.,7.,-3.4));
#107 = LINE('',#108,#109);
#108 = CARTESIAN_POINT('',(45.,7.,-3.4));
#109 = VECTOR('',#110,1.);
#110 = DIRECTION('',(0.,0.,1.));
#111 = ORIENTED_EDGE('',*,*,#112,.F.);
#112 = EDGE_CURVE('',#40,#105,#113,.T.);
#113 = CIRCLE('',#114,6.);
#114 = AXIS2_PLACEMENT_3D('',#115,#116,#117);
#115 = CARTESIAN_POINT('',(39.,7.,-3.4));
#116 = DIRECTION('',(0.,0.,1.));
#117 = DIRECTION('',(0.,-1.,0.));
#118 = CYLINDRICAL_SURFACE('',#119,6.);
#119 = AXIS2_PLACEMENT_3D('',#120,#121,#122);
#120 = CARTESIAN_POINT('',(39.,7.,-3.4));
#121 = DIRECTION('',(-0.,-0.,-1.));
#122 = DIRECTION('',(0.,-1.,0.));
#123 = ADVANCED_FACE('',(#124),#149,.F.);
#124 = FACE_BOUND('',#125,.F.);
#125 = EDGE_LOOP('',(#126,#134,#142,#148));
#126 = ORIENTED_EDGE('',*,*,#127,.F.);
#127 = EDGE_CURVE('',#128,#62,#130,.T.);
#128 = VERTEX_POINT('',#129);
#129 = CARTESIAN_POINT('',(-3.,11.,-3.4));
#130 = LINE('',#131,#132);
#131 = CARTESIAN_POINT('',(-3.,53.,-3.4));
#132 = VECTOR('',#133,1.);
#133 = DIRECTION('',(0.,-1.,0.));
#134 = ORIENTED_EDGE('',*,*,#135,.T.);
#135 = EDGE_CURVE('',#128,#136,#138,.T.);
#136 = VERTEX_POINT('',#137);
#137 = CARTESIAN_POINT('',(-3.,11.,-0.4));
#138 = LINE('',#139,#140);
#139 = CARTESIAN_POINT('',(-3.,11.,-3.4));
#140 = VECTOR('',#141,1.);
#141 = DIRECTION('',(0.,-0.,1.));
#142 = ORIENTED_EDGE('',*,*,#143,.T.);
#143 = EDGE_CURVE('',#136,#64,#144,.T.);
#144 = LINE('',#145,#146);
#145 = CARTESIAN_POINT('',(-3.,53.,-0.4));
#146 = VECTOR('',#147,1.);
#147 = DIRECTION('',(0.,-1.,0.));
#148 = ORIENTED_EDGE('',*,*,#61,.F.);
#149 = PLANE('',#150);
#150 = AXIS2_PLACEMENT_3D('',#151,#152,#153);
#151 = CARTESIAN_POINT('',(-3.,53.,-3.4));
#152 = DIRECTION('',(1.,0.,-0.));
#153 = DIRECTION('',(0.,-1.,0.));
#154 = ADVANCED_FACE('',(#155),#180,.F.);
#155 = FACE_BOUND('',#156,.F.);
#156 = EDGE_LOOP('',(#157,#165,#166,#174));
#157 = ORIENTED_EDGE('',*,*,#158,.F.);
#158 = EDGE_CURVE('',#105,#159,#161,.T.);
#159 = VERTEX_POINT('',#160);
#160 = CARTESIAN_POINT('',(45.,11.,-3.4));
#161 = LINE('',#162,#163);
#162 = CARTESIAN_POINT('',(45.,7.,-3.4));
#163 = VECTOR('',#164,1.);
#164 = DIRECTION('',(0.,1.,0.));
#165 = ORIENTED_EDGE('',*,*,#104,.T.);
#166 = ORIENTED_EDGE('',*,*,#167,.T.);
#167 = EDGE_CURVE('',#96,#168,#170,.T.);
#168 = VERTEX_POINT('',#169);
#169 = CARTESIAN_POINT('',(45.,11.,-0.4));
#170 = LINE('',#171,#172);
#171 = CARTESIAN_POINT('',(45.,7.,-0.4));
#172 = VECTOR('',#173,1.);
#173 = DIRECTION('',(0.,1.,0.));
#174 = ORIENTED_EDGE('',*,*,#175,.T.);
#175 = EDGE_CURVE('',#168,#159,#176,.T.);
#176 = LINE('',#177,#178);
#177 = CARTESIAN_POINT('',(45.,11.,-3.4));
#178 = VECTOR('',#179,1.);
#179 = DIRECTION('',(0.,0.,-1.));
#180 = PLANE('',#181);
#181 = AXIS2_PLACEMENT_3D('',#182,#183,#184);
#182 = CARTESIAN_POINT('',(45.,7.,-3.4));
#183 = DIRECTION('',(-1.,0.,0.));
#184 = DIRECTION('',(0.,1.,0.));
#185 = ADVANCED_FACE('',(#186),#211,.F.);
#186 = FACE_BOUND('',#187,.F.);
#187 = EDGE_LOOP('',(#188,#196,#204,#210));
#188 = ORIENTED_EDGE('',*,*,#189,.F.);
#189 = EDGE_CURVE('',#190,#128,#192,.T.);
#190 = VERTEX_POINT('',#191);
#191 = CARTESIAN_POINT('',(-6.5,11.,-3.4));
#192 = LINE('',#193,#194);
#193 = CARTESIAN_POINT('',(-6.5,11.,-3.4));
#194 = VECTOR('',#195,1.);
#195 = DIRECTION('',(1.,0.,0.));
#196 = ORIENTED_EDGE('',*,*,#197,.T.);
#197 = EDGE_CURVE('',#190,#198,#200,.T.);
#198 = VERTEX_POINT('',#199);
#199 = CARTESIAN_POINT('',(-6.5,11.,-0.4));
#200 = LINE('',#201,#202);
#201 = CARTESIAN_POINT('',(-6.5,11.,-3.4));
#202 = VECTOR('',#203,1.);
#203 = DIRECTION('',(0.,0.,1.));
#204 = ORIENTED_EDGE('',*,*,#205,.T.);
#205 = EDGE_CURVE('',#198,#136,#206,.T.);
#206 = LINE('',#207,#208);
#207 = CARTESIAN_POINT('',(-6.5,11.,-0.4));
#208 = VECTOR('',#209,1.);
#209 = DIRECTION('',(1.,0.,0.));
#210 = ORIENTED_EDGE('',*,*,#135,.F.);
#211 = PLANE('',#212);
#212 = AXIS2_PLACEMENT_3D('',#213,#214,#215);
#213 = CARTESIAN_POINT('',(-6.5,11.,-3.4));
#214 = DIRECTION('',(0.,1.,0.));
#215 = DIRECTION('',(1.,0.,0.));
#216 = ADVANCED_FACE('',(#217),#242,.F.);
#217 = FACE_BOUND('',#218,.F.);
#218 = EDGE_LOOP('',(#219,#227,#228,#236));
#219 = ORIENTED_EDGE('',*,*,#220,.F.);
#220 = EDGE_CURVE('',#159,#221,#223,.T.);
#221 = VERTEX_POINT('',#222);
#222 = CARTESIAN_POINT('',(48.5,11.,-3.4));
#223 = LINE('',#224,#225);
#224 = CARTESIAN_POINT('',(-6.5,11.,-3.4));
#225 = VECTOR('',#226,1.);
#226 = DIRECTION('',(1.,0.,0.));
#227 = ORIENTED_EDGE('',*,*,#175,.F.);
#228 = ORIENTED_EDGE('',*,*,#229,.T.);
#229 = EDGE_CURVE('',#168,#230,#232,.T.);
#230 = VERTEX_POINT('',#231);
#231 = CARTESIAN_POINT('',(48.5,11.,-0.4));
#232 = LINE('',#233,#234);
#233 = CARTESIAN_POINT('',(-6.5,11.,-0.4));
#234 = VECTOR('',#235,1.);
#235 = DIRECTION('',(1.,0.,0.));
#236 = ORIENTED_EDGE('',*,*,#237,.F.);
#237 = EDGE_CURVE('',#221,#230,#238,.T.);
#238 = LINE('',#239,#240);
#239 = CARTESIAN_POINT('',(48.5,11.,-3.4));
#240 = VECTOR('',#241,1.);
#241 = DIRECTION('',(0.,0.,1.));
#242 = PLANE('',#243);
#243 = AXIS2_PLACEMENT_3D('',#244,#245,#246);
#244 = CARTESIAN_POINT('',(-6.5,11.,-3.4));
#245 = DIRECTION('',(0.,1.,0.));
#246 = DIRECTION('',(1.,0.,0.));
#247 = ADVANCED_FACE('',(#248),#275,.T.);
#248 = FACE_BOUND('',#249,.F.);
#249 = EDGE_LOOP('',(#250,#260,#267,#268));
#250 = ORIENTED_EDGE('',*,*,#251,.T.);
#251 = EDGE_CURVE('',#252,#254,#256,.T.);
#252 = VERTEX_POINT('',#253);
#253 = CARTESIAN_POINT('',(-10.5,15.,-3.4));
#254 = VERTEX_POINT('',#255);
#255 = CARTESIAN_POINT('',(-10.5,15.,-0.4));
#256 = LINE('',#257,#258);
#257 = CARTESIAN_POINT('',(-10.5,15.,-3.4));
#258 = VECTOR('',#259,1.);
#259 = DIRECTION('',(0.,0.,1.));
#260 = ORIENTED_EDGE('',*,*,#261,.T.);
#261 = EDGE_CURVE('',#254,#198,#262,.T.);
#262 = CIRCLE('',#263,4.);
#263 = AXIS2_PLACEMENT_3D('',#264,#265,#266);
#264 = CARTESIAN_POINT('',(-6.5,15.,-0.4));
#265 = DIRECTION('',(0.,0.,1.));
#266 = DIRECTION('',(-1.,0.,0.));
#267 = ORIENTED_EDGE('',*,*,#197,.F.);
#268 = ORIENTED_EDGE('',*,*,#269,.F.);
#269 = EDGE_CURVE('',#252,#190,#270,.T.);
#270 = CIRCLE('',#271,4.);
#271 = AXIS2_PLACEMENT_3D('',#272,#273,#274);
#272 = CARTESIAN_POINT('',(-6.5,15.,-3.4));
#273 = DIRECTION('',(0.,0.,1.));
#274 = DIRECTION('',(-1.,0.,0.));
#275 = CYLINDRICAL_SURFACE('',#276,4.);
#276 = AXIS2_PLACEMENT_3D('',#277,#278,#279);
#277 = CARTESIAN_POINT('',(-6.5,15.,-3.4));
#278 = DIRECTION('',(-0.,-0.,-1.));
#279 = DIRECTION('',(-1.,0.,0.));
#280 = ADVANCED_FACE('',(#281),#308,.T.);
#281 = FACE_BOUND('',#282,.F.);
#282 = EDGE_LOOP('',(#283,#284,#293,#301));
#283 = ORIENTED_EDGE('',*,*,#237,.T.);
#284 = ORIENTED_EDGE('',*,*,#285,.T.);
#285 = EDGE_CURVE('',#230,#286,#288,.T.);
#286 = VERTEX_POINT('',#287);
#287 = CARTESIAN_POINT('',(52.5,15.,-0.4));
#288 = CIRCLE('',#289,4.);
#289 = AXIS2_PLACEMENT_3D('',#290,#291,#292);
#290 = CARTESIAN_POINT('',(48.5,15.,-0.4));
#291 = DIRECTION('',(0.,0.,1.));
#292 = DIRECTION('',(0.,-1.,0.));
#293 = ORIENTED_EDGE('',*,*,#294,.F.);
#294 = EDGE_CURVE('',#295,#286,#297,.T.);
#295 = VERTEX_POINT('',#296);
#296 = CARTESIAN_POINT('',(52.5,15.,-3.4));
#297 = LINE('',#298,#299);
#298 = CARTESIAN_POINT('',(52.5,15.,-3.4));
#299 = VECTOR('',#300,1.);
#300 = DIRECTION('',(0.,0.,1.));
#301 = ORIENTED_EDGE('',*,*,#302,.F.);
#302 = EDGE_CURVE('',#221,#295,#303,.T.);
#303 = CIRCLE('',#304,4.);
#304 = AXIS2_PLACEMENT_3D('',#305,#306,#307);
#305 = CARTESIAN_POINT('',(48.5,15.,-3.4));
#306 = DIRECTION('',(0.,0.,1.));
#307 = DIRECTION('',(0.,-1.,0.));
#308 = CYLINDRICAL_SURFACE('',#309,4.);
#309 = AXIS2_PLACEMENT_3D('',#310,#311,#312);
#310 = CARTESIAN_POINT('',(48.5,15.,-3.4));
#311 = DIRECTION('',(-0.,-0.,-1.));
#312 = DIRECTION('',(0.,-1.,0.));
#313 = ADVANCED_FACE('',(#314),#339,.F.);
#314 = FACE_BOUND('',#315,.F.);
#315 = EDGE_LOOP('',(#316,#317,#325,#333));
#316 = ORIENTED_EDGE('',*,*,#294,.T.);
#317 = ORIENTED_EDGE('',*,*,#318,.T.);
#318 = EDGE_CURVE('',#286,#319,#321,.T.);
#319 = VERTEX_POINT('',#320);
#320 = CARTESIAN_POINT('',(52.5,46.,-0.4));
#321 = LINE('',#322,#323);
#322 = CARTESIAN_POINT('',(52.5,15.,-0.4));
#323 = VECTOR('',#324,1.);
#324 = DIRECTION('',(0.,1.,0.));
#325 = ORIENTED_EDGE('',*,*,#326,.F.);
#326 = EDGE_CURVE('',#327,#319,#329,.T.);
#327 = VERTEX_POINT('',#328);
#328 = CARTESIAN_POINT('',(52.5,46.,-3.4));
#329 = LINE('',#330,#331);
#330 = CARTESIAN_POINT('',(52.5,46.,-3.4));
#331 = VECTOR('',#332,1.);
#332 = DIRECTION('',(0.,0.,1.));
#333 = ORIENTED_EDGE('',*,*,#334,.F.);
#334 = EDGE_CURVE('',#295,#327,#335,.T.);
#335 = LINE('',#336,#337);
#336 = CARTESIAN_POINT('',(52.5,15.,-3.4));
#337 = VECTOR('',#338,1.);
#338 = DIRECTION('',(0.,1.,0.));
#339 = PLANE('',#340);
#340 = AXIS2_PLACEMENT_3D('',#341,#342,#343);
#341 = CARTESIAN_POINT('',(52.5,15.,-3.4));
#342 = DIRECTION('',(-1.,0.,0.));
#343 = DIRECTION('',(0.,1.,0.));
#344 = ADVANCED_FACE('',(#345),#379,.F.);
#345 = FACE_BOUND('',#346,.F.);
#346 = EDGE_LOOP('',(#347,#357,#365,#373));
#347 = ORIENTED_EDGE('',*,*,#348,.F.);
#348 = EDGE_CURVE('',#349,#351,#353,.T.);
#349 = VERTEX_POINT('',#350);
#350 = CARTESIAN_POINT('',(48.5,50.,-3.4));
#351 = VERTEX_POINT('',#352);
#352 = CARTESIAN_POINT('',(45.,50.,-3.4));
#353 = LINE('',#354,#355);
#354 = CARTESIAN_POINT('',(48.5,50.,-3.4));
#355 = VECTOR('',#356,1.);
#356 = DIRECTION('',(-1.,0.,0.));
#357 = ORIENTED_EDGE('',*,*,#358,.T.);
#358 = EDGE_CURVE('',#349,#359,#361,.T.);
#359 = VERTEX_POINT('',#360);
#360 = CARTESIAN_POINT('',(48.5,50.,-0.4));
#361 = LINE('',#362,#363);
#362 = CARTESIAN_POINT('',(48.5,50.,-3.4));
#363 = VECTOR('',#364,1.);
#364 = DIRECTION('',(0.,0.,1.));
#365 = ORIENTED_EDGE('',*,*,#366,.T.);
#366 = EDGE_CURVE('',#359,#367,#369,.T.);
#367 = VERTEX_POINT('',#368);
#368 = CARTESIAN_POINT('',(45.,50.,-0.4));
#369 = LINE('',#370,#371);
#370 = CARTESIAN_POINT('',(48.5,50.,-0.4));
#371 = VECTOR('',#372,1.);
#372 = DIRECTION('',(-1.,0.,0.));
#373 = ORIENTED_EDGE('',*,*,#374,.F.);
#374 = EDGE_CURVE('',#351,#367,#375,.T.);
#375 = LINE('',#376,#377);
#376 = CARTESIAN_POINT('',(45.,50.,-3.4));
#377 = VECTOR('',#378,1.);
#378 = DIRECTION('',(0.,0.,1.));
#379 = PLANE('',#380);
#380 = AXIS2_PLACEMENT_3D('',#381,#382,#383);
#381 = CARTESIAN_POINT('',(48.5,50.,-3.4));
#382 = DIRECTION('',(0.,-1.,0.));
#383 = DIRECTION('',(-1.,0.,0.));
#384 = ADVANCED_FACE('',(#385),#403,.T.);
#385 = FACE_BOUND('',#386,.F.);
#386 = EDGE_LOOP('',(#387,#388,#395,#396));
#387 = ORIENTED_EDGE('',*,*,#326,.T.);
#388 = ORIENTED_EDGE('',*,*,#389,.T.);
#389 = EDGE_CURVE('',#319,#359,#390,.T.);
#390 = CIRCLE('',#391,4.);
#391 = AXIS2_PLACEMENT_3D('',#392,#393,#394);
#392 = CARTESIAN_POINT('',(48.5,46.,-0.4));
#393 = DIRECTION('',(0.,0.,1.));
#394 = DIRECTION('',(1.,0.,-0.));
#395 = ORIENTED_EDGE('',*,*,#358,.F.);
#396 = ORIENTED_EDGE('',*,*,#397,.F.);
#397 = EDGE_CURVE('',#327,#349,#398,.T.);
#398 = CIRCLE('',#399,4.);
#399 = AXIS2_PLACEMENT_3D('',#400,#401,#402);
#400 = CARTESIAN_POINT('',(48.5,46.,-3.4));
#401 = DIRECTION('',(0.,0.,1.));
#402 = DIRECTION('',(1.,0.,-0.));
#403 = CYLINDRICAL_SURFACE('',#404,4.);
#404 = AXIS2_PLACEMENT_3D('',#405,#406,#407);
#405 = CARTESIAN_POINT('',(48.5,46.,-3.4));
#406 = DIRECTION('',(-0.,-0.,-1.));
#407 = DIRECTION('',(1.,0.,-0.));
#408 = ADVANCED_FACE('',(#409),#434,.F.);
#409 = FACE_BOUND('',#410,.F.);
#410 = EDGE_LOOP('',(#411,#421,#427,#428));
#411 = ORIENTED_EDGE('',*,*,#412,.T.);
#412 = EDGE_CURVE('',#413,#415,#417,.T.);
#413 = VERTEX_POINT('',#414);
#414 = CARTESIAN_POINT('',(-10.5,46.,-3.4));
#415 = VERTEX_POINT('',#416);
#416 = CARTESIAN_POINT('',(-10.5,46.,-0.4));
#417 = LINE('',#418,#419);
#418 = CARTESIAN_POINT('',(-10.5,46.,-3.4));
#419 = VECTOR('',#420,1.);
#420 = DIRECTION('',(0.,0.,1.));
#421 = ORIENTED_EDGE('',*,*,#422,.T.);
#422 = EDGE_CURVE('',#415,#254,#423,.T.);
#423 = LINE('',#424,#425);
#424 = CARTESIAN_POINT('',(-10.5,46.,-0.4));
#425 = VECTOR('',#426,1.);
#426 = DIRECTION('',(0.,-1.,0.));
#427 = ORIENTED_EDGE('',*,*,#251,.F.);
#428 = ORIENTED_EDGE('',*,*,#429,.F.);
#429 = EDGE_CURVE('',#413,#252,#430,.T.);
#430 = LINE('',#431,#432);
#431 = CARTESIAN_POINT('',(-10.5,46.,-3.4));
#432 = VECTOR('',#433,1.);
#433 = DIRECTION('',(0.,-1.,0.));
#434 = PLANE('',#435);
#435 = AXIS2_PLACEMENT_3D('',#436,#437,#438);
#436 = CARTESIAN_POINT('',(-10.5,46.,-3.4));
#437 = DIRECTION('',(1.,0.,-0.));
#438 = DIRECTION('',(0.,-1.,0.));
#439 = ADVANCED_FACE('',(#440),#467,.T.);
#440 = FACE_BOUND('',#441,.F.);
#441 = EDGE_LOOP('',(#442,#452,#459,#460));
#442 = ORIENTED_EDGE('',*,*,#443,.T.);
#443 = EDGE_CURVE('',#444,#446,#448,.T.);
#444 = VERTEX_POINT('',#445);
#445 = CARTESIAN_POINT('',(-6.5,50.,-3.4));
#446 = VERTEX_POINT('',#447);
#447 = CARTESIAN_POINT('',(-6.5,50.,-0.4));
#448 = LINE('',#449,#450);
#449 = CARTESIAN_POINT('',(-6.5,50.,-3.4));
#450 = VECTOR('',#451,1.);
#451 = DIRECTION('',(0.,0.,1.));
#452 = ORIENTED_EDGE('',*,*,#453,.T.);
#453 = EDGE_CURVE('',#446,#415,#454,.T.);
#454 = CIRCLE('',#455,4.);
#455 = AXIS2_PLACEMENT_3D('',#456,#457,#458);
#456 = CARTESIAN_POINT('',(-6.5,46.,-0.4));
#457 = DIRECTION('',(0.,0.,1.));
#458 = DIRECTION('',(4.440892098501E-16,1.,-0.));
#459 = ORIENTED_EDGE('',*,*,#412,.F.);
#460 = ORIENTED_EDGE('',*,*,#461,.F.);
#461 = EDGE_CURVE('',#444,#413,#462,.T.);
#462 = CIRCLE('',#463,4.);
#463 = AXIS2_PLACEMENT_3D('',#464,#465,#466);
#464 = CARTESIAN_POINT('',(-6.5,46.,-3.4));
#465 = DIRECTION('',(0.,0.,1.));
#466 = DIRECTION('',(4.440892098501E-16,1.,-0.));
#467 = CYLINDRICAL_SURFACE('',#468,4.);
#468 = AXIS2_PLACEMENT_3D('',#469,#470,#471);
#469 = CARTESIAN_POINT('',(-6.5,46.,-3.4));
#470 = DIRECTION('',(-0.,-0.,-1.));
#471 = DIRECTION('',(4.440892098501E-16,1.,-0.));
#472 = ADVANCED_FACE('',(#473),#498,.F.);
#473 = FACE_BOUND('',#474,.F.);
#474 = EDGE_LOOP('',(#475,#483,#491,#497));
#475 = ORIENTED_EDGE('',*,*,#476,.F.);
#476 = EDGE_CURVE('',#477,#444,#479,.T.);
#477 = VERTEX_POINT('',#478);
#478 = CARTESIAN_POINT('',(-3.,50.,-3.4));
#479 = LINE('',#480,#481);
#480 = CARTESIAN_POINT('',(48.5,50.,-3.4));
#481 = VECTOR('',#482,1.);
#482 = DIRECTION('',(-1.,0.,0.));
#483 = ORIENTED_EDGE('',*,*,#484,.F.);
#484 = EDGE_CURVE('',#485,#477,#487,.T.);
#485 = VERTEX_POINT('',#486);
#486 = CARTESIAN_POINT('',(-3.,50.,-0.4));
#487 = LINE('',#488,#489);
#488 = CARTESIAN_POINT('',(-3.,50.,-3.4));
#489 = VECTOR('',#490,1.);
#490 = DIRECTION('',(0.,-0.,-1.));
#491 = ORIENTED_EDGE('',*,*,#492,.T.);
#492 = EDGE_CURVE('',#485,#446,#493,.T.);
#493 = LINE('',#494,#495);
#494 = CARTESIAN_POINT('',(48.5,50.,-0.4));
#495 = VECTOR('',#496,1.);
#496 = DIRECTION('',(-1.,0.,0.));
#497 = ORIENTED_EDGE('',*,*,#443,.F.);
#498 = PLANE('',#499);
#499 = AXIS2_PLACEMENT_3D('',#500,#501,#502);
#500 = CARTESIAN_POINT('',(48.5,50.,-3.4));
#501 = DIRECTION('',(0.,-1.,0.));
#502 = DIRECTION('',(-1.,0.,0.));
#503 = ADVANCED_FACE('',(#504,#625,#695),#765,.T.);
#504 = FACE_BOUND('',#505,.T.);
#505 = EDGE_LOOP('',(#506,#507,#508,#509,#510,#511,#512,#513,#521,#530,
    #538,#546,#554,#562,#570,#578,#586,#594,#602,#611,#617,#618,#619,
    #620,#621,#622,#623,#624));
#506 = ORIENTED_EDGE('',*,*,#79,.F.);
#507 = ORIENTED_EDGE('',*,*,#127,.F.);
#508 = ORIENTED_EDGE('',*,*,#189,.F.);
#509 = ORIENTED_EDGE('',*,*,#269,.F.);
#510 = ORIENTED_EDGE('',*,*,#429,.F.);
#511 = ORIENTED_EDGE('',*,*,#461,.F.);
#512 = ORIENTED_EDGE('',*,*,#476,.F.);
#513 = ORIENTED_EDGE('',*,*,#514,.F.);
#514 = EDGE_CURVE('',#515,#477,#517,.T.);
#515 = VERTEX_POINT('',#516);
#516 = CARTESIAN_POINT('',(-3.,53.,-3.4));
#517 = LINE('',#518,#519);
#518 = CARTESIAN_POINT('',(-3.,53.,-3.4));
#519 = VECTOR('',#520,1.);
#520 = DIRECTION('',(0.,-1.,0.));
#521 = ORIENTED_EDGE('',*,*,#522,.F.);
#522 = EDGE_CURVE('',#523,#515,#525,.T.);
#523 = VERTEX_POINT('',#524);
#524 = CARTESIAN_POINT('',(3.,59.,-3.4));
#525 = CIRCLE('',#526,6.);
#526 = AXIS2_PLACEMENT_3D('',#527,#528,#529);
#527 = CARTESIAN_POINT('',(3.,53.,-3.4));
#528 = DIRECTION('',(0.,0.,1.));
#529 = DIRECTION('',(-7.401486830834E-16,1.,0.));
#530 = ORIENTED_EDGE('',*,*,#531,.F.);
#531 = EDGE_CURVE('',#532,#523,#534,.T.);
#532 = VERTEX_POINT('',#533);
#533 = CARTESIAN_POINT('',(16.2,59.,-3.4));
#534 = LINE('',#535,#536);
#535 = CARTESIAN_POINT('',(39.,59.,-3.4));
#536 = VECTOR('',#537,1.);
#537 = DIRECTION('',(-1.,0.,0.));
#538 = ORIENTED_EDGE('',*,*,#539,.F.);
#539 = EDGE_CURVE('',#540,#532,#542,.T.);
#540 = VERTEX_POINT('',#541);
#541 = CARTESIAN_POINT('',(16.2,45.,-3.4));
#542 = LINE('',#543,#544);
#543 = CARTESIAN_POINT('',(16.2,37.5,-3.4));
#544 = VECTOR('',#545,1.);
#545 = DIRECTION('',(-0.,1.,0.));
#546 = ORIENTED_EDGE('',*,*,#547,.F.);
#547 = EDGE_CURVE('',#548,#540,#550,.T.);
#548 = VERTEX_POINT('',#549);
#549 = CARTESIAN_POINT('',(17.,45.,-3.4));
#550 = LINE('',#551,#552);
#551 = CARTESIAN_POINT('',(18.6,45.,-3.4));
#552 = VECTOR('',#553,1.);
#553 = DIRECTION('',(-1.,-0.,0.));
#554 = ORIENTED_EDGE('',*,*,#555,.T.);
#555 = EDGE_CURVE('',#548,#556,#558,.T.);
#556 = VERTEX_POINT('',#557);
#557 = CARTESIAN_POINT('',(17.,64.,-3.4));
#558 = LINE('',#559,#560);
#559 = CARTESIAN_POINT('',(17.,37.5,-3.4));
#560 = VECTOR('',#561,1.);
#561 = DIRECTION('',(-0.,1.,0.));
#562 = ORIENTED_EDGE('',*,*,#563,.T.);
#563 = EDGE_CURVE('',#556,#564,#566,.T.);
#564 = VERTEX_POINT('',#565);
#565 = CARTESIAN_POINT('',(25.,64.,-3.4));
#566 = LINE('',#567,#568);
#567 = CARTESIAN_POINT('',(17.,64.,-3.4));
#568 = VECTOR('',#569,1.);
#569 = DIRECTION('',(1.,0.,-0.));
#570 = ORIENTED_EDGE('',*,*,#571,.F.);
#571 = EDGE_CURVE('',#572,#564,#574,.T.);
#572 = VERTEX_POINT('',#573);
#573 = CARTESIAN_POINT('',(25.,45.,-3.4));
#574 = LINE('',#575,#576);
#575 = CARTESIAN_POINT('',(25.,59.,-3.4));
#576 = VECTOR('',#577,1.);
#577 = DIRECTION('',(-0.,1.,0.));
#578 = ORIENTED_EDGE('',*,*,#579,.F.);
#579 = EDGE_CURVE('',#580,#572,#582,.T.);
#580 = VERTEX_POINT('',#581);
#581 = CARTESIAN_POINT('',(25.8,45.,-3.4));
#582 = LINE('',#583,#584);
#583 = CARTESIAN_POINT('',(23.,45.,-3.4));
#584 = VECTOR('',#585,1.);
#585 = DIRECTION('',(-1.,-0.,0.));
#586 = ORIENTED_EDGE('',*,*,#587,.T.);
#587 = EDGE_CURVE('',#580,#588,#590,.T.);
#588 = VERTEX_POINT('',#589);
#589 = CARTESIAN_POINT('',(25.8,59.,-3.4));
#590 = LINE('',#591,#592);
#591 = CARTESIAN_POINT('',(25.8,37.5,-3.4));
#592 = VECTOR('',#593,1.);
#593 = DIRECTION('',(-0.,1.,0.));
#594 = ORIENTED_EDGE('',*,*,#595,.F.);
#595 = EDGE_CURVE('',#596,#588,#598,.T.);
#596 = VERTEX_POINT('',#597);
#597 = CARTESIAN_POINT('',(39.,59.,-3.4));
#598 = LINE('',#599,#600);
#599 = CARTESIAN_POINT('',(39.,59.,-3.4));
#600 = VECTOR('',#601,1.);
#601 = DIRECTION('',(-1.,0.,0.));
#602 = ORIENTED_EDGE('',*,*,#603,.F.);
#603 = EDGE_CURVE('',#604,#596,#606,.T.);
#604 = VERTEX_POINT('',#605);
#605 = CARTESIAN_POINT('',(45.,53.,-3.4));
#606 = CIRCLE('',#607,6.);
#607 = AXIS2_PLACEMENT_3D('',#608,#609,#610);
#608 = CARTESIAN_POINT('',(39.,53.,-3.4));
#609 = DIRECTION('',(0.,0.,1.));
#610 = DIRECTION('',(1.,0.,-0.));
#611 = ORIENTED_EDGE('',*,*,#612,.F.);
#612 = EDGE_CURVE('',#351,#604,#613,.T.);
#613 = LINE('',#614,#615);
#614 = CARTESIAN_POINT('',(45.,7.,-3.4));
#615 = VECTOR('',#616,1.);
#616 = DIRECTION('',(0.,1.,0.));
#617 = ORIENTED_EDGE('',*,*,#348,.F.);
#618 = ORIENTED_EDGE('',*,*,#397,.F.);
#619 = ORIENTED_EDGE('',*,*,#334,.F.);
#620 = ORIENTED_EDGE('',*,*,#302,.F.);
#621 = ORIENTED_EDGE('',*,*,#220,.F.);
#622 = ORIENTED_EDGE('',*,*,#158,.F.);
#623 = ORIENTED_EDGE('',*,*,#112,.F.);
#624 = ORIENTED_EDGE('',*,*,#47,.F.);
#625 = FACE_BOUND('',#626,.T.);
#626 = EDGE_LOOP('',(#627,#638,#646,#655,#663,#672,#680,#689));
#627 = ORIENTED_EDGE('',*,*,#628,.F.);
#628 = EDGE_CURVE('',#629,#631,#633,.T.);
#629 = VERTEX_POINT('',#630);
#630 = CARTESIAN_POINT('',(49.8,13.75,-3.4));
#631 = VERTEX_POINT('',#632);
#632 = CARTESIAN_POINT('',(48.8,12.75,-3.4));
#633 = CIRCLE('',#634,1.);
#634 = AXIS2_PLACEMENT_3D('',#635,#636,#637);
#635 = CARTESIAN_POINT('',(48.8,13.75,-3.4));
#636 = DIRECTION('',(-0.,-0.,-1.));
#637 = DIRECTION('',(0.,-1.,0.));
#638 = ORIENTED_EDGE('',*,*,#639,.F.);
#639 = EDGE_CURVE('',#640,#629,#642,.T.);
#640 = VERTEX_POINT('',#641);
#641 = CARTESIAN_POINT('',(49.8,47.25,-3.4));
#642 = LINE('',#643,#644);
#643 = CARTESIAN_POINT('',(49.8,22.125,-3.4));
#644 = VECTOR('',#645,1.);
#645 = DIRECTION('',(0.,-1.,0.));
#646 = ORIENTED_EDGE('',*,*,#647,.F.);
#647 = EDGE_CURVE('',#648,#640,#650,.T.);
#648 = VERTEX_POINT('',#649);
#649 = CARTESIAN_POINT('',(48.8,48.25,-3.4));
#650 = CIRCLE('',#651,1.);
#651 = AXIS2_PLACEMENT_3D('',#652,#653,#654);
#652 = CARTESIAN_POINT('',(48.8,47.25,-3.4));
#653 = DIRECTION('',(0.,-0.,-1.));
#654 = DIRECTION('',(1.,0.,-0.));
#655 = ORIENTED_EDGE('',*,*,#656,.F.);
#656 = EDGE_CURVE('',#657,#648,#659,.T.);
#657 = VERTEX_POINT('',#658);
#658 = CARTESIAN_POINT('',(46.8,48.25,-3.4));
#659 = LINE('',#660,#661);
#660 = CARTESIAN_POINT('',(34.9,48.25,-3.4));
#661 = VECTOR('',#662,1.);
#662 = DIRECTION('',(1.,0.,-0.));
#663 = ORIENTED_EDGE('',*,*,#664,.F.);
#664 = EDGE_CURVE('',#665,#657,#667,.T.);
#665 = VERTEX_POINT('',#666);
#666 = CARTESIAN_POINT('',(45.8,47.25,-3.4));
#667 = CIRCLE('',#668,1.);
#668 = AXIS2_PLACEMENT_3D('',#669,#670,#671);
#669 = CARTESIAN_POINT('',(46.8,47.25,-3.4));
#670 = DIRECTION('',(-0.,0.,-1.));
#671 = DIRECTION('',(0.,1.,0.));
#672 = ORIENTED_EDGE('',*,*,#673,.F.);
#673 = EDGE_CURVE('',#674,#665,#676,.T.);
#674 = VERTEX_POINT('',#675);
#675 = CARTESIAN_POINT('',(45.8,13.75,-3.4));
#676 = LINE('',#677,#678);
#677 = CARTESIAN_POINT('',(45.8,38.875,-3.4));
#678 = VECTOR('',#679,1.);
#679 = DIRECTION('',(-0.,1.,0.));
#680 = ORIENTED_EDGE('',*,*,#681,.F.);
#681 = EDGE_CURVE('',#682,#674,#684,.T.);
#682 = VERTEX_POINT('',#683);
#683 = CARTESIAN_POINT('',(46.8,12.75,-3.4));
#684 = CIRCLE('',#685,1.);
#685 = AXIS2_PLACEMENT_3D('',#686,#687,#688);
#686 = CARTESIAN_POINT('',(46.8,13.75,-3.4));
#687 = DIRECTION('',(-0.,0.,-1.));
#688 = DIRECTION('',(-1.,-1.7763568394E-15,0.));
#689 = ORIENTED_EDGE('',*,*,#690,.F.);
#690 = EDGE_CURVE('',#631,#682,#691,.T.);
#691 = LINE('',#692,#693);
#692 = CARTESIAN_POINT('',(33.9,12.75,-3.4));
#693 = VECTOR('',#694,1.);
#694 = DIRECTION('',(-1.,0.,0.));
#695 = FACE_BOUND('',#696,.T.);
#696 = EDGE_LOOP('',(#697,#708,#716,#725,#733,#742,#750,#759));
#697 = ORIENTED_EDGE('',*,*,#698,.F.);
#698 = EDGE_CURVE('',#699,#701,#703,.T.);
#699 = VERTEX_POINT('',#700);
#700 = CARTESIAN_POINT('',(-3.8,13.75,-3.4));
#701 = VERTEX_POINT('',#702);
#702 = CARTESIAN_POINT('',(-4.8,12.75,-3.4));
#703 = CIRCLE('',#704,1.);
#704 = AXIS2_PLACEMENT_3D('',#705,#706,#707);
#705 = CARTESIAN_POINT('',(-4.8,13.75,-3.4));
#706 = DIRECTION('',(-0.,0.,-1.));
#707 = DIRECTION('',(-8.881784197001E-16,-1.,0.));
#708 = ORIENTED_EDGE('',*,*,#709,.F.);
#709 = EDGE_CURVE('',#710,#699,#712,.T.);
#710 = VERTEX_POINT('',#711);
#711 = CARTESIAN_POINT('',(-3.8,47.25,-3.4));
#712 = LINE('',#713,#714);
#713 = CARTESIAN_POINT('',(-3.8,22.125,-3.4));
#714 = VECTOR('',#715,1.);
#715 = DIRECTION('',(0.,-1.,0.));
#716 = ORIENTED_EDGE('',*,*,#717,.F.);
#717 = EDGE_CURVE('',#718,#710,#720,.T.);
#718 = VERTEX_POINT('',#719);
#719 = CARTESIAN_POINT('',(-4.8,48.25,-3.4));
#720 = CIRCLE('',#721,1.);
#721 = AXIS2_PLACEMENT_3D('',#722,#723,#724);
#722 = CARTESIAN_POINT('',(-4.8,47.25,-3.4));
#723 = DIRECTION('',(0.,-0.,-1.));
#724 = DIRECTION('',(1.,0.,-0.));
#725 = ORIENTED_EDGE('',*,*,#726,.F.);
#726 = EDGE_CURVE('',#727,#718,#729,.T.);
#727 = VERTEX_POINT('',#728);
#728 = CARTESIAN_POINT('',(-6.8,48.25,-3.4));
#729 = LINE('',#730,#731);
#730 = CARTESIAN_POINT('',(8.1,48.25,-3.4));
#731 = VECTOR('',#732,1.);
#732 = DIRECTION('',(1.,0.,-0.));
#733 = ORIENTED_EDGE('',*,*,#734,.F.);
#734 = EDGE_CURVE('',#735,#727,#737,.T.);
#735 = VERTEX_POINT('',#736);
#736 = CARTESIAN_POINT('',(-7.8,47.25,-3.4));
#737 = CIRCLE('',#738,1.);
#738 = AXIS2_PLACEMENT_3D('',#739,#740,#741);
#739 = CARTESIAN_POINT('',(-6.8,47.25,-3.4));
#740 = DIRECTION('',(-0.,0.,-1.));
#741 = DIRECTION('',(-1.7763568394E-15,1.,0.));
#742 = ORIENTED_EDGE('',*,*,#743,.F.);
#743 = EDGE_CURVE('',#744,#735,#746,.T.);
#744 = VERTEX_POINT('',#745);
#745 = CARTESIAN_POINT('',(-7.8,13.75,-3.4));
#746 = LINE('',#747,#748);
#747 = CARTESIAN_POINT('',(-7.8,38.875,-3.4));
#748 = VECTOR('',#749,1.);
#749 = DIRECTION('',(-0.,1.,0.));
#750 = ORIENTED_EDGE('',*,*,#751,.F.);
#751 = EDGE_CURVE('',#752,#744,#754,.T.);
#752 = VERTEX_POINT('',#753);
#753 = CARTESIAN_POINT('',(-6.8,12.75,-3.4));
#754 = CIRCLE('',#755,1.);
#755 = AXIS2_PLACEMENT_3D('',#756,#757,#758);
#756 = CARTESIAN_POINT('',(-6.8,13.75,-3.4));
#757 = DIRECTION('',(-0.,0.,-1.));
#758 = DIRECTION('',(-1.,0.,0.));
#759 = ORIENTED_EDGE('',*,*,#760,.F.);
#760 = EDGE_CURVE('',#701,#752,#761,.T.);
#761 = LINE('',#762,#763);
#762 = CARTESIAN_POINT('',(7.1,12.75,-3.4));
#763 = VECTOR('',#764,1.);
#764 = DIRECTION('',(-1.,0.,0.));
#765 = PLANE('',#766);
#766 = AXIS2_PLACEMENT_3D('',#767,#768,#769);
#767 = CARTESIAN_POINT('',(21.,35.432379507607,-3.4));
#768 = DIRECTION('',(-0.,-0.,-1.));
#769 = DIRECTION('',(-1.,0.,0.));
#770 = ADVANCED_FACE('',(#771),#796,.T.);
#771 = FACE_BOUND('',#772,.T.);
#772 = EDGE_LOOP('',(#773,#781,#782,#790));
#773 = ORIENTED_EDGE('',*,*,#774,.F.);
#774 = EDGE_CURVE('',#540,#775,#777,.T.);
#775 = VERTEX_POINT('',#776);
#776 = CARTESIAN_POINT('',(16.2,45.,-0.4));
#777 = LINE('',#778,#779);
#778 = CARTESIAN_POINT('',(16.2,45.,-3.6));
#779 = VECTOR('',#780,1.);
#780 = DIRECTION('',(0.,0.,1.));
#781 = ORIENTED_EDGE('',*,*,#539,.T.);
#782 = ORIENTED_EDGE('',*,*,#783,.T.);
#783 = EDGE_CURVE('',#532,#784,#786,.T.);
#784 = VERTEX_POINT('',#785);
#785 = CARTESIAN_POINT('',(16.2,59.,-0.4));
#786 = LINE('',#787,#788);
#787 = CARTESIAN_POINT('',(16.2,59.,-3.5));
#788 = VECTOR('',#789,1.);
#789 = DIRECTION('',(0.,0.,1.));
#790 = ORIENTED_EDGE('',*,*,#791,.F.);
#791 = EDGE_CURVE('',#775,#784,#792,.T.);
#792 = LINE('',#793,#794);
#793 = CARTESIAN_POINT('',(16.2,37.5,-0.4));
#794 = VECTOR('',#795,1.);
#795 = DIRECTION('',(-0.,1.,0.));
#796 = PLANE('',#797);
#797 = AXIS2_PLACEMENT_3D('',#798,#799,#800);
#798 = CARTESIAN_POINT('',(16.2,45.,-3.6));
#799 = DIRECTION('',(1.,0.,-0.));
#800 = DIRECTION('',(0.,0.,1.));
#801 = ADVANCED_FACE('',(#802),#820,.T.);
#802 = FACE_BOUND('',#803,.T.);
#803 = EDGE_LOOP('',(#804,#812,#813,#814));
#804 = ORIENTED_EDGE('',*,*,#805,.F.);
#805 = EDGE_CURVE('',#548,#806,#808,.T.);
#806 = VERTEX_POINT('',#807);
#807 = CARTESIAN_POINT('',(17.,45.,-0.4));
#808 = LINE('',#809,#810);
#809 = CARTESIAN_POINT('',(17.,45.,-3.6));
#810 = VECTOR('',#811,1.);
#811 = DIRECTION('',(0.,0.,1.));
#812 = ORIENTED_EDGE('',*,*,#547,.T.);
#813 = ORIENTED_EDGE('',*,*,#774,.T.);
#814 = ORIENTED_EDGE('',*,*,#815,.F.);
#815 = EDGE_CURVE('',#806,#775,#816,.T.);
#816 = LINE('',#817,#818);
#817 = CARTESIAN_POINT('',(18.6,45.,-0.4));
#818 = VECTOR('',#819,1.);
#819 = DIRECTION('',(-1.,-0.,0.));
#820 = PLANE('',#821);
#821 = AXIS2_PLACEMENT_3D('',#822,#823,#824);
#822 = CARTESIAN_POINT('',(16.2,45.,-3.6));
#823 = DIRECTION('',(-0.,1.,0.));
#824 = DIRECTION('',(0.,0.,1.));
#825 = ADVANCED_FACE('',(#826),#844,.F.);
#826 = FACE_BOUND('',#827,.F.);
#827 = EDGE_LOOP('',(#828,#829,#830,#838));
#828 = ORIENTED_EDGE('',*,*,#531,.F.);
#829 = ORIENTED_EDGE('',*,*,#783,.T.);
#830 = ORIENTED_EDGE('',*,*,#831,.T.);
#831 = EDGE_CURVE('',#784,#832,#834,.T.);
#832 = VERTEX_POINT('',#833);
#833 = CARTESIAN_POINT('',(3.,59.,-0.4));
#834 = LINE('',#835,#836);
#835 = CARTESIAN_POINT('',(39.,59.,-0.4));
#836 = VECTOR('',#837,1.);
#837 = DIRECTION('',(-1.,0.,0.));
#838 = ORIENTED_EDGE('',*,*,#839,.F.);
#839 = EDGE_CURVE('',#523,#832,#840,.T.);
#840 = LINE('',#841,#842);
#841 = CARTESIAN_POINT('',(3.,59.,-3.4));
#842 = VECTOR('',#843,1.);
#843 = DIRECTION('',(0.,0.,1.));
#844 = PLANE('',#845);
#845 = AXIS2_PLACEMENT_3D('',#846,#847,#848);
#846 = CARTESIAN_POINT('',(39.,59.,-3.4));
#847 = DIRECTION('',(0.,-1.,0.));
#848 = DIRECTION('',(-1.,0.,0.));
#849 = ADVANCED_FACE('',(#850),#878,.T.);
#850 = FACE_BOUND('',#851,.F.);
#851 = EDGE_LOOP('',(#852,#853,#862,#871,#877));
#852 = ORIENTED_EDGE('',*,*,#839,.T.);
#853 = ORIENTED_EDGE('',*,*,#854,.T.);
#854 = EDGE_CURVE('',#832,#855,#857,.T.);
#855 = VERTEX_POINT('',#856);
#856 = CARTESIAN_POINT('',(-0.316624790356,58.,-0.4));
#857 = CIRCLE('',#858,6.);
#858 = AXIS2_PLACEMENT_3D('',#859,#860,#861);
#859 = CARTESIAN_POINT('',(3.,53.,-0.4));
#860 = DIRECTION('',(0.,0.,1.));
#861 = DIRECTION('',(-7.401486830834E-16,1.,0.));
#862 = ORIENTED_EDGE('',*,*,#863,.T.);
#863 = EDGE_CURVE('',#855,#864,#866,.T.);
#864 = VERTEX_POINT('',#865);
#865 = CARTESIAN_POINT('',(-3.,53.,-0.4));
#866 = CIRCLE('',#867,6.);
#867 = AXIS2_PLACEMENT_3D('',#868,#869,#870);
#868 = CARTESIAN_POINT('',(3.,53.,-0.4));
#869 = DIRECTION('',(0.,0.,1.));
#870 = DIRECTION('',(-7.401486830834E-16,1.,0.));
#871 = ORIENTED_EDGE('',*,*,#872,.F.);
#872 = EDGE_CURVE('',#515,#864,#873,.T.);
#873 = LINE('',#874,#875);
#874 = CARTESIAN_POINT('',(-3.,53.,-3.4));
#875 = VECTOR('',#876,1.);
#876 = DIRECTION('',(0.,0.,1.));
#877 = ORIENTED_EDGE('',*,*,#522,.F.);
#878 = CYLINDRICAL_SURFACE('',#879,6.);
#879 = AXIS2_PLACEMENT_3D('',#880,#881,#882);
#880 = CARTESIAN_POINT('',(3.,53.,-3.4));
#881 = DIRECTION('',(-0.,-0.,-1.));
#882 = DIRECTION('',(-7.401486830834E-16,1.,0.));
#883 = ADVANCED_FACE('',(#884),#901,.F.);
#884 = FACE_BOUND('',#885,.F.);
#885 = EDGE_LOOP('',(#886,#894,#895));
#886 = ORIENTED_EDGE('',*,*,#887,.F.);
#887 = EDGE_CURVE('',#864,#888,#890,.T.);
#888 = VERTEX_POINT('',#889);
#889 = CARTESIAN_POINT('',(-3.,58.,-0.4));
#890 = LINE('',#891,#892);
#891 = CARTESIAN_POINT('',(-3.,12.,-0.4));
#892 = VECTOR('',#893,1.);
#893 = DIRECTION('',(-0.,1.,0.));
#894 = ORIENTED_EDGE('',*,*,#863,.F.);
#895 = ORIENTED_EDGE('',*,*,#896,.F.);
#896 = EDGE_CURVE('',#888,#855,#897,.T.);
#897 = LINE('',#898,#899);
#898 = CARTESIAN_POINT('',(-3.,58.,-0.4));
#899 = VECTOR('',#900,1.);
#900 = DIRECTION('',(1.,0.,-0.));
#901 = PLANE('',#902);
#902 = AXIS2_PLACEMENT_3D('',#903,#904,#905);
#903 = CARTESIAN_POINT('',(-3.,12.,-0.4));
#904 = DIRECTION('',(0.,0.,1.));
#905 = DIRECTION('',(1.,0.,-0.));
#906 = ADVANCED_FACE('',(#907),#941,.T.);
#907 = FACE_BOUND('',#908,.T.);
#908 = EDGE_LOOP('',(#909,#919,#927,#935));
#909 = ORIENTED_EDGE('',*,*,#910,.T.);
#910 = EDGE_CURVE('',#911,#913,#915,.T.);
#911 = VERTEX_POINT('',#912);
#912 = CARTESIAN_POINT('',(17.,60.3,-1.8));
#913 = VERTEX_POINT('',#914);
#914 = CARTESIAN_POINT('',(25.,60.3,-1.8));
#915 = LINE('',#916,#917);
#916 = CARTESIAN_POINT('',(17.,60.3,-1.8));
#917 = VECTOR('',#918,1.);
#918 = DIRECTION('',(1.,0.,0.));
#919 = ORIENTED_EDGE('',*,*,#920,.T.);
#920 = EDGE_CURVE('',#913,#921,#923,.T.);
#921 = VERTEX_POINT('',#922);
#922 = CARTESIAN_POINT('',(25.,60.3,1.6));
#923 = LINE('',#924,#925);
#924 = CARTESIAN_POINT('',(25.,60.3,-1.8));
#925 = VECTOR('',#926,1.);
#926 = DIRECTION('',(0.,0.,1.));
#927 = ORIENTED_EDGE('',*,*,#928,.F.);
#928 = EDGE_CURVE('',#929,#921,#931,.T.);
#929 = VERTEX_POINT('',#930);
#930 = CARTESIAN_POINT('',(17.,60.3,1.6));
#931 = LINE('',#932,#933);
#932 = CARTESIAN_POINT('',(17.,60.3,1.6));
#933 = VECTOR('',#934,1.);
#934 = DIRECTION('',(1.,0.,0.));
#935 = ORIENTED_EDGE('',*,*,#936,.F.);
#936 = EDGE_CURVE('',#911,#929,#937,.T.);
#937 = LINE('',#938,#939);
#938 = CARTESIAN_POINT('',(17.,60.3,-1.8));
#939 = VECTOR('',#940,1.);
#940 = DIRECTION('',(0.,0.,1.));
#941 = PLANE('',#942);
#942 = AXIS2_PLACEMENT_3D('',#943,#944,#945);
#943 = CARTESIAN_POINT('',(17.,60.3,-1.8));
#944 = DIRECTION('',(0.,-1.,0.));
#945 = DIRECTION('',(0.,0.,1.));
#946 = ADVANCED_FACE('',(#947),#972,.T.);
#947 = FACE_BOUND('',#948,.T.);
#948 = EDGE_LOOP('',(#949,#950,#958,#966));
#949 = ORIENTED_EDGE('',*,*,#928,.T.);
#950 = ORIENTED_EDGE('',*,*,#951,.T.);
#951 = EDGE_CURVE('',#921,#952,#954,.T.);
#952 = VERTEX_POINT('',#953);
#953 = CARTESIAN_POINT('',(25.,61.,1.6));
#954 = LINE('',#955,#956);
#955 = CARTESIAN_POINT('',(25.,60.3,1.6));
#956 = VECTOR('',#957,1.);
#957 = DIRECTION('',(0.,1.,0.));
#958 = ORIENTED_EDGE('',*,*,#959,.F.);
#959 = EDGE_CURVE('',#960,#952,#962,.T.);
#960 = VERTEX_POINT('',#961);
#961 = CARTESIAN_POINT('',(17.,61.,1.6));
#962 = LINE('',#963,#964);
#963 = CARTESIAN_POINT('',(17.,61.,1.6));
#964 = VECTOR('',#965,1.);
#965 = DIRECTION('',(1.,0.,0.));
#966 = ORIENTED_EDGE('',*,*,#967,.F.);
#967 = EDGE_CURVE('',#929,#960,#968,.T.);
#968 = LINE('',#969,#970);
#969 = CARTESIAN_POINT('',(17.,60.3,1.6));
#970 = VECTOR('',#971,1.);
#971 = DIRECTION('',(0.,1.,0.));
#972 = PLANE('',#973);
#973 = AXIS2_PLACEMENT_3D('',#974,#975,#976);
#974 = CARTESIAN_POINT('',(17.,60.3,1.6));
#975 = DIRECTION('',(0.,0.,1.));
#976 = DIRECTION('',(0.,1.,0.));
#977 = ADVANCED_FACE('',(#978),#1003,.T.);
#978 = FACE_BOUND('',#979,.T.);
#979 = EDGE_LOOP('',(#980,#981,#989,#997));
#980 = ORIENTED_EDGE('',*,*,#959,.T.);
#981 = ORIENTED_EDGE('',*,*,#982,.T.);
#982 = EDGE_CURVE('',#952,#983,#985,.T.);
#983 = VERTEX_POINT('',#984);
#984 = CARTESIAN_POINT('',(25.,62.6,-1.8));
#985 = LINE('',#986,#987);
#986 = CARTESIAN_POINT('',(25.,61.,1.6));
#987 = VECTOR('',#988,1.);
#988 = DIRECTION('',(0.,0.42579703633,-0.904818702201));
#989 = ORIENTED_EDGE('',*,*,#990,.F.);
#990 = EDGE_CURVE('',#991,#983,#993,.T.);
#991 = VERTEX_POINT('',#992);
#992 = CARTESIAN_POINT('',(17.,62.6,-1.8));
#993 = LINE('',#994,#995);
#994 = CARTESIAN_POINT('',(17.,62.6,-1.8));
#995 = VECTOR('',#996,1.);
#996 = DIRECTION('',(1.,0.,0.));
#997 = ORIENTED_EDGE('',*,*,#998,.F.);
#998 = EDGE_CURVE('',#960,#991,#999,.T.);
#999 = LINE('',#1000,#1001);
#1000 = CARTESIAN_POINT('',(17.,61.,1.6));
#1001 = VECTOR('',#1002,1.);
#1002 = DIRECTION('',(0.,0.42579703633,-0.904818702201));
#1003 = PLANE('',#1004);
#1004 = AXIS2_PLACEMENT_3D('',#1005,#1006,#1007);
#1005 = CARTESIAN_POINT('',(17.,61.,1.6));
#1006 = DIRECTION('',(-0.,0.904818702201,0.42579703633));
#1007 = DIRECTION('',(0.,0.42579703633,-0.904818702201));
#1008 = ADVANCED_FACE('',(#1009),#1034,.T.);
#1009 = FACE_BOUND('',#1010,.T.);
#1010 = EDGE_LOOP('',(#1011,#1019,#1020,#1028));
#1011 = ORIENTED_EDGE('',*,*,#1012,.F.);
#1012 = EDGE_CURVE('',#991,#1013,#1015,.T.);
#1013 = VERTEX_POINT('',#1014);
#1014 = CARTESIAN_POINT('',(17.,64.,-1.8));
#1015 = LINE('',#1016,#1017);
#1016 = CARTESIAN_POINT('',(17.,59.,-1.8));
#1017 = VECTOR('',#1018,1.);
#1018 = DIRECTION('',(-0.,1.,0.));
#1019 = ORIENTED_EDGE('',*,*,#990,.T.);
#1020 = ORIENTED_EDGE('',*,*,#1021,.T.);
#1021 = EDGE_CURVE('',#983,#1022,#1024,.T.);
#1022 = VERTEX_POINT('',#1023);
#1023 = CARTESIAN_POINT('',(25.,64.,-1.8));
#1024 = LINE('',#1025,#1026);
#1025 = CARTESIAN_POINT('',(25.,59.,-1.8));
#1026 = VECTOR('',#1027,1.);
#1027 = DIRECTION('',(-0.,1.,0.));
#1028 = ORIENTED_EDGE('',*,*,#1029,.F.);
#1029 = EDGE_CURVE('',#1013,#1022,#1030,.T.);
#1030 = LINE('',#1031,#1032);
#1031 = CARTESIAN_POINT('',(17.,64.,-1.8));
#1032 = VECTOR('',#1033,1.);
#1033 = DIRECTION('',(1.,0.,-0.));
#1034 = PLANE('',#1035);
#1035 = AXIS2_PLACEMENT_3D('',#1036,#1037,#1038);
#1036 = CARTESIAN_POINT('',(17.,59.,-1.8));
#1037 = DIRECTION('',(0.,0.,1.));
#1038 = DIRECTION('',(1.,0.,-0.));
#1039 = ADVANCED_FACE('',(#1040),#1056,.T.);
#1040 = FACE_BOUND('',#1041,.T.);
#1041 = EDGE_LOOP('',(#1042,#1043,#1049,#1050));
#1042 = ORIENTED_EDGE('',*,*,#563,.F.);
#1043 = ORIENTED_EDGE('',*,*,#1044,.T.);
#1044 = EDGE_CURVE('',#556,#1013,#1045,.T.);
#1045 = LINE('',#1046,#1047);
#1046 = CARTESIAN_POINT('',(17.,64.,-3.4));
#1047 = VECTOR('',#1048,1.);
#1048 = DIRECTION('',(0.,0.,1.));
#1049 = ORIENTED_EDGE('',*,*,#1029,.T.);
#1050 = ORIENTED_EDGE('',*,*,#1051,.F.);
#1051 = EDGE_CURVE('',#564,#1022,#1052,.T.);
#1052 = LINE('',#1053,#1054);
#1053 = CARTESIAN_POINT('',(25.,64.,-3.4));
#1054 = VECTOR('',#1055,1.);
#1055 = DIRECTION('',(0.,0.,1.));
#1056 = PLANE('',#1057);
#1057 = AXIS2_PLACEMENT_3D('',#1058,#1059,#1060);
#1058 = CARTESIAN_POINT('',(17.,64.,-3.4));
#1059 = DIRECTION('',(-0.,1.,0.));
#1060 = DIRECTION('',(0.,0.,1.));
#1061 = ADVANCED_FACE('',(#1062),#1087,.T.);
#1062 = FACE_BOUND('',#1063,.T.);
#1063 = EDGE_LOOP('',(#1064,#1072,#1073,#1081));
#1064 = ORIENTED_EDGE('',*,*,#1065,.F.);
#1065 = EDGE_CURVE('',#580,#1066,#1068,.T.);
#1066 = VERTEX_POINT('',#1067);
#1067 = CARTESIAN_POINT('',(25.8,45.,-0.4));
#1068 = LINE('',#1069,#1070);
#1069 = CARTESIAN_POINT('',(25.8,45.,-3.6));
#1070 = VECTOR('',#1071,1.);
#1071 = DIRECTION('',(0.,0.,1.));
#1072 = ORIENTED_EDGE('',*,*,#579,.T.);
#1073 = ORIENTED_EDGE('',*,*,#1074,.T.);
#1074 = EDGE_CURVE('',#572,#1075,#1077,.T.);
#1075 = VERTEX_POINT('',#1076);
#1076 = CARTESIAN_POINT('',(25.,45.,-0.4));
#1077 = LINE('',#1078,#1079);
#1078 = CARTESIAN_POINT('',(25.,45.,-3.6));
#1079 = VECTOR('',#1080,1.);
#1080 = DIRECTION('',(0.,0.,1.));
#1081 = ORIENTED_EDGE('',*,*,#1082,.F.);
#1082 = EDGE_CURVE('',#1066,#1075,#1083,.T.);
#1083 = LINE('',#1084,#1085);
#1084 = CARTESIAN_POINT('',(23.,45.,-0.4));
#1085 = VECTOR('',#1086,1.);
#1086 = DIRECTION('',(-1.,-0.,0.));
#1087 = PLANE('',#1088);
#1088 = AXIS2_PLACEMENT_3D('',#1089,#1090,#1091);
#1089 = CARTESIAN_POINT('',(25.,45.,-3.6));
#1090 = DIRECTION('',(-0.,1.,0.));
#1091 = DIRECTION('',(0.,0.,1.));
#1092 = ADVANCED_FACE('',(#1093),#1111,.F.);
#1093 = FACE_BOUND('',#1094,.F.);
#1094 = EDGE_LOOP('',(#1095,#1096,#1097,#1105));
#1095 = ORIENTED_EDGE('',*,*,#1065,.F.);
#1096 = ORIENTED_EDGE('',*,*,#587,.T.);
#1097 = ORIENTED_EDGE('',*,*,#1098,.T.);
#1098 = EDGE_CURVE('',#588,#1099,#1101,.T.);
#1099 = VERTEX_POINT('',#1100);
#1100 = CARTESIAN_POINT('',(25.8,59.,-0.4));
#1101 = LINE('',#1102,#1103);
#1102 = CARTESIAN_POINT('',(25.8,59.,-3.5));
#1103 = VECTOR('',#1104,1.);
#1104 = DIRECTION('',(0.,0.,1.));
#1105 = ORIENTED_EDGE('',*,*,#1106,.F.);
#1106 = EDGE_CURVE('',#1066,#1099,#1107,.T.);
#1107 = LINE('',#1108,#1109);
#1108 = CARTESIAN_POINT('',(25.8,37.5,-0.4));
#1109 = VECTOR('',#1110,1.);
#1110 = DIRECTION('',(-0.,1.,0.));
#1111 = PLANE('',#1112);
#1112 = AXIS2_PLACEMENT_3D('',#1113,#1114,#1115);
#1113 = CARTESIAN_POINT('',(25.8,45.,-3.6));
#1114 = DIRECTION('',(1.,0.,-0.));
#1115 = DIRECTION('',(0.,0.,1.));
#1116 = ADVANCED_FACE('',(#1117),#1135,.F.);
#1117 = FACE_BOUND('',#1118,.F.);
#1118 = EDGE_LOOP('',(#1119,#1120,#1128,#1134));
#1119 = ORIENTED_EDGE('',*,*,#595,.F.);
#1120 = ORIENTED_EDGE('',*,*,#1121,.T.);
#1121 = EDGE_CURVE('',#596,#1122,#1124,.T.);
#1122 = VERTEX_POINT('',#1123);
#1123 = CARTESIAN_POINT('',(39.,59.,-0.4));
#1124 = LINE('',#1125,#1126);
#1125 = CARTESIAN_POINT('',(39.,59.,-3.4));
#1126 = VECTOR('',#1127,1.);
#1127 = DIRECTION('',(0.,0.,1.));
#1128 = ORIENTED_EDGE('',*,*,#1129,.T.);
#1129 = EDGE_CURVE('',#1122,#1099,#1130,.T.);
#1130 = LINE('',#1131,#1132);
#1131 = CARTESIAN_POINT('',(39.,59.,-0.4));
#1132 = VECTOR('',#1133,1.);
#1133 = DIRECTION('',(-1.,0.,0.));
#1134 = ORIENTED_EDGE('',*,*,#1098,.F.);
#1135 = PLANE('',#1136);
#1136 = AXIS2_PLACEMENT_3D('',#1137,#1138,#1139);
#1137 = CARTESIAN_POINT('',(39.,59.,-3.4));
#1138 = DIRECTION('',(0.,-1.,0.));
#1139 = DIRECTION('',(-1.,0.,0.));
#1140 = ADVANCED_FACE('',(#1141),#1169,.T.);
#1141 = FACE_BOUND('',#1142,.F.);
#1142 = EDGE_LOOP('',(#1143,#1151,#1160,#1167,#1168));
#1143 = ORIENTED_EDGE('',*,*,#1144,.T.);
#1144 = EDGE_CURVE('',#604,#1145,#1147,.T.);
#1145 = VERTEX_POINT('',#1146);
#1146 = CARTESIAN_POINT('',(45.,53.,-0.4));
#1147 = LINE('',#1148,#1149);
#1148 = CARTESIAN_POINT('',(45.,53.,-3.4));
#1149 = VECTOR('',#1150,1.);
#1150 = DIRECTION('',(0.,0.,1.));
#1151 = ORIENTED_EDGE('',*,*,#1152,.T.);
#1152 = EDGE_CURVE('',#1145,#1153,#1155,.T.);
#1153 = VERTEX_POINT('',#1154);
#1154 = CARTESIAN_POINT('',(42.316624790356,58.,-0.4));
#1155 = CIRCLE('',#1156,6.);
#1156 = AXIS2_PLACEMENT_3D('',#1157,#1158,#1159);
#1157 = CARTESIAN_POINT('',(39.,53.,-0.4));
#1158 = DIRECTION('',(0.,0.,1.));
#1159 = DIRECTION('',(1.,0.,-0.));
#1160 = ORIENTED_EDGE('',*,*,#1161,.T.);
#1161 = EDGE_CURVE('',#1153,#1122,#1162,.T.);
#1162 = CIRCLE('',#1163,6.);
#1163 = AXIS2_PLACEMENT_3D('',#1164,#1165,#1166);
#1164 = CARTESIAN_POINT('',(39.,53.,-0.4));
#1165 = DIRECTION('',(0.,0.,1.));
#1166 = DIRECTION('',(1.,0.,-0.));
#1167 = ORIENTED_EDGE('',*,*,#1121,.F.);
#1168 = ORIENTED_EDGE('',*,*,#603,.F.);
#1169 = CYLINDRICAL_SURFACE('',#1170,6.);
#1170 = AXIS2_PLACEMENT_3D('',#1171,#1172,#1173);
#1171 = CARTESIAN_POINT('',(39.,53.,-3.4));
#1172 = DIRECTION('',(-0.,-0.,-1.));
#1173 = DIRECTION('',(1.,0.,-0.));
#1174 = ADVANCED_FACE('',(#1175),#1192,.F.);
#1175 = FACE_BOUND('',#1176,.F.);
#1176 = EDGE_LOOP('',(#1177,#1185,#1186));
#1177 = ORIENTED_EDGE('',*,*,#1178,.F.);
#1178 = EDGE_CURVE('',#1153,#1179,#1181,.T.);
#1179 = VERTEX_POINT('',#1180);
#1180 = CARTESIAN_POINT('',(45.,58.,-0.4));
#1181 = LINE('',#1182,#1183);
#1182 = CARTESIAN_POINT('',(42.2,58.,-0.4));
#1183 = VECTOR('',#1184,1.);
#1184 = DIRECTION('',(1.,0.,-0.));
#1185 = ORIENTED_EDGE('',*,*,#1152,.F.);
#1186 = ORIENTED_EDGE('',*,*,#1187,.T.);
#1187 = EDGE_CURVE('',#1145,#1179,#1188,.T.);
#1188 = LINE('',#1189,#1190);
#1189 = CARTESIAN_POINT('',(45.,12.,-0.4));
#1190 = VECTOR('',#1191,1.);
#1191 = DIRECTION('',(-0.,1.,0.));
#1192 = PLANE('',#1193);
#1193 = AXIS2_PLACEMENT_3D('',#1194,#1195,#1196);
#1194 = CARTESIAN_POINT('',(42.2,12.,-0.4));
#1195 = DIRECTION('',(0.,0.,1.));
#1196 = DIRECTION('',(1.,0.,-0.));
#1197 = ADVANCED_FACE('',(#1198),#1224,.F.);
#1198 = FACE_BOUND('',#1199,.T.);
#1199 = EDGE_LOOP('',(#1200,#1201,#1209,#1218));
#1200 = ORIENTED_EDGE('',*,*,#628,.T.);
#1201 = ORIENTED_EDGE('',*,*,#1202,.T.);
#1202 = EDGE_CURVE('',#631,#1203,#1205,.T.);
#1203 = VERTEX_POINT('',#1204);
#1204 = CARTESIAN_POINT('',(48.8,12.75,-0.4));
#1205 = LINE('',#1206,#1207);
#1206 = CARTESIAN_POINT('',(48.8,12.75,-3.6));
#1207 = VECTOR('',#1208,1.);
#1208 = DIRECTION('',(0.,0.,1.));
#1209 = ORIENTED_EDGE('',*,*,#1210,.F.);
#1210 = EDGE_CURVE('',#1211,#1203,#1213,.T.);
#1211 = VERTEX_POINT('',#1212);
#1212 = CARTESIAN_POINT('',(49.8,13.75,-0.4));
#1213 = CIRCLE('',#1214,1.);
#1214 = AXIS2_PLACEMENT_3D('',#1215,#1216,#1217);
#1215 = CARTESIAN_POINT('',(48.8,13.75,-0.4));
#1216 = DIRECTION('',(-0.,-0.,-1.));
#1217 = DIRECTION('',(0.,-1.,0.));
#1218 = ORIENTED_EDGE('',*,*,#1219,.F.);
#1219 = EDGE_CURVE('',#629,#1211,#1220,.T.);
#1220 = LINE('',#1221,#1222);
#1221 = CARTESIAN_POINT('',(49.8,13.75,-3.6));
#1222 = VECTOR('',#1223,1.);
#1223 = DIRECTION('',(0.,0.,1.));
#1224 = CYLINDRICAL_SURFACE('',#1225,1.);
#1225 = AXIS2_PLACEMENT_3D('',#1226,#1227,#1228);
#1226 = CARTESIAN_POINT('',(48.8,13.75,-3.6));
#1227 = DIRECTION('',(-0.,-0.,-1.));
#1228 = DIRECTION('',(0.,-1.,0.));
#1229 = ADVANCED_FACE('',(#1230),#1248,.T.);
#1230 = FACE_BOUND('',#1231,.T.);
#1231 = EDGE_LOOP('',(#1232,#1233,#1234,#1242));
#1232 = ORIENTED_EDGE('',*,*,#639,.T.);
#1233 = ORIENTED_EDGE('',*,*,#1219,.T.);
#1234 = ORIENTED_EDGE('',*,*,#1235,.F.);
#1235 = EDGE_CURVE('',#1236,#1211,#1238,.T.);
#1236 = VERTEX_POINT('',#1237);
#1237 = CARTESIAN_POINT('',(49.8,47.25,-0.4));
#1238 = LINE('',#1239,#1240);
#1239 = CARTESIAN_POINT('',(49.8,22.125,-0.4));
#1240 = VECTOR('',#1241,1.);
#1241 = DIRECTION('',(0.,-1.,0.));
#1242 = ORIENTED_EDGE('',*,*,#1243,.F.);
#1243 = EDGE_CURVE('',#640,#1236,#1244,.T.);
#1244 = LINE('',#1245,#1246);
#1245 = CARTESIAN_POINT('',(49.8,47.25,-3.6));
#1246 = VECTOR('',#1247,1.);
#1247 = DIRECTION('',(0.,0.,1.));
#1248 = PLANE('',#1249);
#1249 = AXIS2_PLACEMENT_3D('',#1250,#1251,#1252);
#1250 = CARTESIAN_POINT('',(49.8,13.75,-3.6));
#1251 = DIRECTION('',(-1.,0.,0.));
#1252 = DIRECTION('',(0.,1.,0.));
#1253 = ADVANCED_FACE('',(#1254),#1273,.F.);
#1254 = FACE_BOUND('',#1255,.T.);
#1255 = EDGE_LOOP('',(#1256,#1257,#1258,#1267));
#1256 = ORIENTED_EDGE('',*,*,#647,.T.);
#1257 = ORIENTED_EDGE('',*,*,#1243,.T.);
#1258 = ORIENTED_EDGE('',*,*,#1259,.F.);
#1259 = EDGE_CURVE('',#1260,#1236,#1262,.T.);
#1260 = VERTEX_POINT('',#1261);
#1261 = CARTESIAN_POINT('',(48.8,48.25,-0.4));
#1262 = CIRCLE('',#1263,1.);
#1263 = AXIS2_PLACEMENT_3D('',#1264,#1265,#1266);
#1264 = CARTESIAN_POINT('',(48.8,47.25,-0.4));
#1265 = DIRECTION('',(0.,-0.,-1.));
#1266 = DIRECTION('',(1.,0.,-0.));
#1267 = ORIENTED_EDGE('',*,*,#1268,.F.);
#1268 = EDGE_CURVE('',#648,#1260,#1269,.T.);
#1269 = LINE('',#1270,#1271);
#1270 = CARTESIAN_POINT('',(48.8,48.25,-3.6));
#1271 = VECTOR('',#1272,1.);
#1272 = DIRECTION('',(0.,0.,1.));
#1273 = CYLINDRICAL_SURFACE('',#1274,1.);
#1274 = AXIS2_PLACEMENT_3D('',#1275,#1276,#1277);
#1275 = CARTESIAN_POINT('',(48.8,47.25,-3.6));
#1276 = DIRECTION('',(-0.,-0.,-1.));
#1277 = DIRECTION('',(1.,0.,-0.));
#1278 = ADVANCED_FACE('',(#1279),#1297,.T.);
#1279 = FACE_BOUND('',#1280,.T.);
#1280 = EDGE_LOOP('',(#1281,#1282,#1283,#1291));
#1281 = ORIENTED_EDGE('',*,*,#656,.T.);
#1282 = ORIENTED_EDGE('',*,*,#1268,.T.);
#1283 = ORIENTED_EDGE('',*,*,#1284,.F.);
#1284 = EDGE_CURVE('',#1285,#1260,#1287,.T.);
#1285 = VERTEX_POINT('',#1286);
#1286 = CARTESIAN_POINT('',(46.8,48.25,-0.4));
#1287 = LINE('',#1288,#1289);
#1288 = CARTESIAN_POINT('',(34.9,48.25,-0.4));
#1289 = VECTOR('',#1290,1.);
#1290 = DIRECTION('',(1.,0.,-0.));
#1291 = ORIENTED_EDGE('',*,*,#1292,.F.);
#1292 = EDGE_CURVE('',#657,#1285,#1293,.T.);
#1293 = LINE('',#1294,#1295);
#1294 = CARTESIAN_POINT('',(46.8,48.25,-3.6));
#1295 = VECTOR('',#1296,1.);
#1296 = DIRECTION('',(0.,0.,1.));
#1297 = PLANE('',#1298);
#1298 = AXIS2_PLACEMENT_3D('',#1299,#1300,#1301);
#1299 = CARTESIAN_POINT('',(48.8,48.25,-3.6));
#1300 = DIRECTION('',(0.,-1.,0.));
#1301 = DIRECTION('',(-1.,0.,0.));
#1302 = ADVANCED_FACE('',(#1303),#1322,.F.);
#1303 = FACE_BOUND('',#1304,.T.);
#1304 = EDGE_LOOP('',(#1305,#1306,#1307,#1316));
#1305 = ORIENTED_EDGE('',*,*,#664,.T.);
#1306 = ORIENTED_EDGE('',*,*,#1292,.T.);
#1307 = ORIENTED_EDGE('',*,*,#1308,.F.);
#1308 = EDGE_CURVE('',#1309,#1285,#1311,.T.);
#1309 = VERTEX_POINT('',#1310);
#1310 = CARTESIAN_POINT('',(45.8,47.25,-0.4));
#1311 = CIRCLE('',#1312,1.);
#1312 = AXIS2_PLACEMENT_3D('',#1313,#1314,#1315);
#1313 = CARTESIAN_POINT('',(46.8,47.25,-0.4));
#1314 = DIRECTION('',(-0.,0.,-1.));
#1315 = DIRECTION('',(0.,1.,0.));
#1316 = ORIENTED_EDGE('',*,*,#1317,.F.);
#1317 = EDGE_CURVE('',#665,#1309,#1318,.T.);
#1318 = LINE('',#1319,#1320);
#1319 = CARTESIAN_POINT('',(45.8,47.25,-3.6));
#1320 = VECTOR('',#1321,1.);
#1321 = DIRECTION('',(0.,0.,1.));
#1322 = CYLINDRICAL_SURFACE('',#1323,1.);
#1323 = AXIS2_PLACEMENT_3D('',#1324,#1325,#1326);
#1324 = CARTESIAN_POINT('',(46.8,47.25,-3.6));
#1325 = DIRECTION('',(-0.,0.,-1.));
#1326 = DIRECTION('',(0.,1.,0.));
#1327 = ADVANCED_FACE('',(#1328),#1346,.T.);
#1328 = FACE_BOUND('',#1329,.T.);
#1329 = EDGE_LOOP('',(#1330,#1331,#1332,#1340));
#1330 = ORIENTED_EDGE('',*,*,#673,.T.);
#1331 = ORIENTED_EDGE('',*,*,#1317,.T.);
#1332 = ORIENTED_EDGE('',*,*,#1333,.F.);
#1333 = EDGE_CURVE('',#1334,#1309,#1336,.T.);
#1334 = VERTEX_POINT('',#1335);
#1335 = CARTESIAN_POINT('',(45.8,13.75,-0.4));
#1336 = LINE('',#1337,#1338);
#1337 = CARTESIAN_POINT('',(45.8,38.875,-0.4));
#1338 = VECTOR('',#1339,1.);
#1339 = DIRECTION('',(-0.,1.,0.));
#1340 = ORIENTED_EDGE('',*,*,#1341,.F.);
#1341 = EDGE_CURVE('',#674,#1334,#1342,.T.);
#1342 = LINE('',#1343,#1344);
#1343 = CARTESIAN_POINT('',(45.8,13.75,-3.6));
#1344 = VECTOR('',#1345,1.);
#1345 = DIRECTION('',(0.,0.,1.));
#1346 = PLANE('',#1347);
#1347 = AXIS2_PLACEMENT_3D('',#1348,#1349,#1350);
#1348 = CARTESIAN_POINT('',(45.8,47.25,-3.6));
#1349 = DIRECTION('',(1.,0.,-0.));
#1350 = DIRECTION('',(0.,-1.,0.));
#1351 = ADVANCED_FACE('',(#1352),#1371,.F.);
#1352 = FACE_BOUND('',#1353,.T.);
#1353 = EDGE_LOOP('',(#1354,#1355,#1356,#1365));
#1354 = ORIENTED_EDGE('',*,*,#681,.T.);
#1355 = ORIENTED_EDGE('',*,*,#1341,.T.);
#1356 = ORIENTED_EDGE('',*,*,#1357,.F.);
#1357 = EDGE_CURVE('',#1358,#1334,#1360,.T.);
#1358 = VERTEX_POINT('',#1359);
#1359 = CARTESIAN_POINT('',(46.8,12.75,-0.4));
#1360 = CIRCLE('',#1361,1.);
#1361 = AXIS2_PLACEMENT_3D('',#1362,#1363,#1364);
#1362 = CARTESIAN_POINT('',(46.8,13.75,-0.4));
#1363 = DIRECTION('',(-0.,0.,-1.));
#1364 = DIRECTION('',(-1.,-1.7763568394E-15,0.));
#1365 = ORIENTED_EDGE('',*,*,#1366,.F.);
#1366 = EDGE_CURVE('',#682,#1358,#1367,.T.);
#1367 = LINE('',#1368,#1369);
#1368 = CARTESIAN_POINT('',(46.8,12.75,-3.6));
#1369 = VECTOR('',#1370,1.);
#1370 = DIRECTION('',(0.,0.,1.));
#1371 = CYLINDRICAL_SURFACE('',#1372,1.);
#1372 = AXIS2_PLACEMENT_3D('',#1373,#1374,#1375);
#1373 = CARTESIAN_POINT('',(46.8,13.75,-3.6));
#1374 = DIRECTION('',(-0.,-0.,-1.));
#1375 = DIRECTION('',(-1.,-1.7763568394E-15,0.));
#1376 = ADVANCED_FACE('',(#1377),#1388,.T.);
#1377 = FACE_BOUND('',#1378,.T.);
#1378 = EDGE_LOOP('',(#1379,#1380,#1381,#1387));
#1379 = ORIENTED_EDGE('',*,*,#690,.T.);
#1380 = ORIENTED_EDGE('',*,*,#1366,.T.);
#1381 = ORIENTED_EDGE('',*,*,#1382,.F.);
#1382 = EDGE_CURVE('',#1203,#1358,#1383,.T.);
#1383 = LINE('',#1384,#1385);
#1384 = CARTESIAN_POINT('',(33.9,12.75,-0.4));
#1385 = VECTOR('',#1386,1.);
#1386 = DIRECTION('',(-1.,0.,0.));
#1387 = ORIENTED_EDGE('',*,*,#1202,.F.);
#1388 = PLANE('',#1389);
#1389 = AXIS2_PLACEMENT_3D('',#1390,#1391,#1392);
#1390 = CARTESIAN_POINT('',(46.8,12.75,-3.6));
#1391 = DIRECTION('',(0.,1.,0.));
#1392 = DIRECTION('',(1.,0.,0.));
#1393 = ADVANCED_FACE('',(#1394),#1420,.F.);
#1394 = FACE_BOUND('',#1395,.T.);
#1395 = EDGE_LOOP('',(#1396,#1397,#1405,#1414));
#1396 = ORIENTED_EDGE('',*,*,#698,.T.);
#1397 = ORIENTED_EDGE('',*,*,#1398,.T.);
#1398 = EDGE_CURVE('',#701,#1399,#1401,.T.);
#1399 = VERTEX_POINT('',#1400);
#1400 = CARTESIAN_POINT('',(-4.8,12.75,-0.4));
#1401 = LINE('',#1402,#1403);
#1402 = CARTESIAN_POINT('',(-4.8,12.75,-3.6));
#1403 = VECTOR('',#1404,1.);
#1404 = DIRECTION('',(0.,0.,1.));
#1405 = ORIENTED_EDGE('',*,*,#1406,.F.);
#1406 = EDGE_CURVE('',#1407,#1399,#1409,.T.);
#1407 = VERTEX_POINT('',#1408);
#1408 = CARTESIAN_POINT('',(-3.8,13.75,-0.4));
#1409 = CIRCLE('',#1410,1.);
#1410 = AXIS2_PLACEMENT_3D('',#1411,#1412,#1413);
#1411 = CARTESIAN_POINT('',(-4.8,13.75,-0.4));
#1412 = DIRECTION('',(-0.,0.,-1.));
#1413 = DIRECTION('',(-8.881784197001E-16,-1.,0.));
#1414 = ORIENTED_EDGE('',*,*,#1415,.F.);
#1415 = EDGE_CURVE('',#699,#1407,#1416,.T.);
#1416 = LINE('',#1417,#1418);
#1417 = CARTESIAN_POINT('',(-3.8,13.75,-3.6));
#1418 = VECTOR('',#1419,1.);
#1419 = DIRECTION('',(0.,0.,1.));
#1420 = CYLINDRICAL_SURFACE('',#1421,1.);
#1421 = AXIS2_PLACEMENT_3D('',#1422,#1423,#1424);
#1422 = CARTESIAN_POINT('',(-4.8,13.75,-3.6));
#1423 = DIRECTION('',(-0.,-0.,-1.));
#1424 = DIRECTION('',(-8.881784197001E-16,-1.,0.));
#1425 = ADVANCED_FACE('',(#1426),#1444,.T.);
#1426 = FACE_BOUND('',#1427,.T.);
#1427 = EDGE_LOOP('',(#1428,#1429,#1430,#1438));
#1428 = ORIENTED_EDGE('',*,*,#709,.T.);
#1429 = ORIENTED_EDGE('',*,*,#1415,.T.);
#1430 = ORIENTED_EDGE('',*,*,#1431,.F.);
#1431 = EDGE_CURVE('',#1432,#1407,#1434,.T.);
#1432 = VERTEX_POINT('',#1433);
#1433 = CARTESIAN_POINT('',(-3.8,47.25,-0.4));
#1434 = LINE('',#1435,#1436);
#1435 = CARTESIAN_POINT('',(-3.8,22.125,-0.4));
#1436 = VECTOR('',#1437,1.);
#1437 = DIRECTION('',(0.,-1.,0.));
#1438 = ORIENTED_EDGE('',*,*,#1439,.F.);
#1439 = EDGE_CURVE('',#710,#1432,#1440,.T.);
#1440 = LINE('',#1441,#1442);
#1441 = CARTESIAN_POINT('',(-3.8,47.25,-3.6));
#1442 = VECTOR('',#1443,1.);
#1443 = DIRECTION('',(0.,0.,1.));
#1444 = PLANE('',#1445);
#1445 = AXIS2_PLACEMENT_3D('',#1446,#1447,#1448);
#1446 = CARTESIAN_POINT('',(-3.8,13.75,-3.6));
#1447 = DIRECTION('',(-1.,0.,0.));
#1448 = DIRECTION('',(0.,1.,0.));
#1449 = ADVANCED_FACE('',(#1450),#1469,.F.);
#1450 = FACE_BOUND('',#1451,.T.);
#1451 = EDGE_LOOP('',(#1452,#1453,#1454,#1463));
#1452 = ORIENTED_EDGE('',*,*,#717,.T.);
#1453 = ORIENTED_EDGE('',*,*,#1439,.T.);
#1454 = ORIENTED_EDGE('',*,*,#1455,.F.);
#1455 = EDGE_CURVE('',#1456,#1432,#1458,.T.);
#1456 = VERTEX_POINT('',#1457);
#1457 = CARTESIAN_POINT('',(-4.8,48.25,-0.4));
#1458 = CIRCLE('',#1459,1.);
#1459 = AXIS2_PLACEMENT_3D('',#1460,#1461,#1462);
#1460 = CARTESIAN_POINT('',(-4.8,47.25,-0.4));
#1461 = DIRECTION('',(0.,-0.,-1.));
#1462 = DIRECTION('',(1.,0.,-0.));
#1463 = ORIENTED_EDGE('',*,*,#1464,.F.);
#1464 = EDGE_CURVE('',#718,#1456,#1465,.T.);
#1465 = LINE('',#1466,#1467);
#1466 = CARTESIAN_POINT('',(-4.8,48.25,-3.6));
#1467 = VECTOR('',#1468,1.);
#1468 = DIRECTION('',(0.,0.,1.));
#1469 = CYLINDRICAL_SURFACE('',#1470,1.);
#1470 = AXIS2_PLACEMENT_3D('',#1471,#1472,#1473);
#1471 = CARTESIAN_POINT('',(-4.8,47.25,-3.6));
#1472 = DIRECTION('',(-0.,-0.,-1.));
#1473 = DIRECTION('',(1.,0.,-0.));
#1474 = ADVANCED_FACE('',(#1475),#1493,.T.);
#1475 = FACE_BOUND('',#1476,.T.);
#1476 = EDGE_LOOP('',(#1477,#1478,#1479,#1487));
#1477 = ORIENTED_EDGE('',*,*,#726,.T.);
#1478 = ORIENTED_EDGE('',*,*,#1464,.T.);
#1479 = ORIENTED_EDGE('',*,*,#1480,.F.);
#1480 = EDGE_CURVE('',#1481,#1456,#1483,.T.);
#1481 = VERTEX_POINT('',#1482);
#1482 = CARTESIAN_POINT('',(-6.8,48.25,-0.4));
#1483 = LINE('',#1484,#1485);
#1484 = CARTESIAN_POINT('',(8.1,48.25,-0.4));
#1485 = VECTOR('',#1486,1.);
#1486 = DIRECTION('',(1.,0.,-0.));
#1487 = ORIENTED_EDGE('',*,*,#1488,.F.);
#1488 = EDGE_CURVE('',#727,#1481,#1489,.T.);
#1489 = LINE('',#1490,#1491);
#1490 = CARTESIAN_POINT('',(-6.8,48.25,-3.6));
#1491 = VECTOR('',#1492,1.);
#1492 = DIRECTION('',(0.,0.,1.));
#1493 = PLANE('',#1494);
#1494 = AXIS2_PLACEMENT_3D('',#1495,#1496,#1497);
#1495 = CARTESIAN_POINT('',(-4.8,48.25,-3.6));
#1496 = DIRECTION('',(0.,-1.,0.));
#1497 = DIRECTION('',(-1.,0.,0.));
#1498 = ADVANCED_FACE('',(#1499),#1518,.F.);
#1499 = FACE_BOUND('',#1500,.T.);
#1500 = EDGE_LOOP('',(#1501,#1502,#1503,#1512));
#1501 = ORIENTED_EDGE('',*,*,#734,.T.);
#1502 = ORIENTED_EDGE('',*,*,#1488,.T.);
#1503 = ORIENTED_EDGE('',*,*,#1504,.F.);
#1504 = EDGE_CURVE('',#1505,#1481,#1507,.T.);
#1505 = VERTEX_POINT('',#1506);
#1506 = CARTESIAN_POINT('',(-7.8,47.25,-0.4));
#1507 = CIRCLE('',#1508,1.);
#1508 = AXIS2_PLACEMENT_3D('',#1509,#1510,#1511);
#1509 = CARTESIAN_POINT('',(-6.8,47.25,-0.4));
#1510 = DIRECTION('',(-0.,0.,-1.));
#1511 = DIRECTION('',(-1.7763568394E-15,1.,0.));
#1512 = ORIENTED_EDGE('',*,*,#1513,.F.);
#1513 = EDGE_CURVE('',#735,#1505,#1514,.T.);
#1514 = LINE('',#1515,#1516);
#1515 = CARTESIAN_POINT('',(-7.8,47.25,-3.6));
#1516 = VECTOR('',#1517,1.);
#1517 = DIRECTION('',(0.,0.,1.));
#1518 = CYLINDRICAL_SURFACE('',#1519,1.);
#1519 = AXIS2_PLACEMENT_3D('',#1520,#1521,#1522);
#1520 = CARTESIAN_POINT('',(-6.8,47.25,-3.6));
#1521 = DIRECTION('',(-0.,-0.,-1.));
#1522 = DIRECTION('',(-1.7763568394E-15,1.,0.));
#1523 = ADVANCED_FACE('',(#1524),#1542,.T.);
#1524 = FACE_BOUND('',#1525,.T.);
#1525 = EDGE_LOOP('',(#1526,#1527,#1528,#1536));
#1526 = ORIENTED_EDGE('',*,*,#743,.T.);
#1527 = ORIENTED_EDGE('',*,*,#1513,.T.);
#1528 = ORIENTED_EDGE('',*,*,#1529,.F.);
#1529 = EDGE_CURVE('',#1530,#1505,#1532,.T.);
#1530 = VERTEX_POINT('',#1531);
#1531 = CARTESIAN_POINT('',(-7.8,13.75,-0.4));
#1532 = LINE('',#1533,#1534);
#1533 = CARTESIAN_POINT('',(-7.8,38.875,-0.4));
#1534 = VECTOR('',#1535,1.);
#1535 = DIRECTION('',(-0.,1.,0.));
#1536 = ORIENTED_EDGE('',*,*,#1537,.F.);
#1537 = EDGE_CURVE('',#744,#1530,#1538,.T.);
#1538 = LINE('',#1539,#1540);
#1539 = CARTESIAN_POINT('',(-7.8,13.75,-3.6));
#1540 = VECTOR('',#1541,1.);
#1541 = DIRECTION('',(0.,0.,1.));
#1542 = PLANE('',#1543);
#1543 = AXIS2_PLACEMENT_3D('',#1544,#1545,#1546);
#1544 = CARTESIAN_POINT('',(-7.8,47.25,-3.6));
#1545 = DIRECTION('',(1.,0.,-0.));
#1546 = DIRECTION('',(0.,-1.,0.));
#1547 = ADVANCED_FACE('',(#1548),#1567,.F.);
#1548 = FACE_BOUND('',#1549,.T.);
#1549 = EDGE_LOOP('',(#1550,#1551,#1552,#1561));
#1550 = ORIENTED_EDGE('',*,*,#751,.T.);
#1551 = ORIENTED_EDGE('',*,*,#1537,.T.);
#1552 = ORIENTED_EDGE('',*,*,#1553,.F.);
#1553 = EDGE_CURVE('',#1554,#1530,#1556,.T.);
#1554 = VERTEX_POINT('',#1555);
#1555 = CARTESIAN_POINT('',(-6.8,12.75,-0.4));
#1556 = CIRCLE('',#1557,1.);
#1557 = AXIS2_PLACEMENT_3D('',#1558,#1559,#1560);
#1558 = CARTESIAN_POINT('',(-6.8,13.75,-0.4));
#1559 = DIRECTION('',(-0.,0.,-1.));
#1560 = DIRECTION('',(-1.,0.,0.));
#1561 = ORIENTED_EDGE('',*,*,#1562,.F.);
#1562 = EDGE_CURVE('',#752,#1554,#1563,.T.);
#1563 = LINE('',#1564,#1565);
#1564 = CARTESIAN_POINT('',(-6.8,12.75,-3.6));
#1565 = VECTOR('',#1566,1.);
#1566 = DIRECTION('',(0.,0.,1.));
#1567 = CYLINDRICAL_SURFACE('',#1568,1.);
#1568 = AXIS2_PLACEMENT_3D('',#1569,#1570,#1571);
#1569 = CARTESIAN_POINT('',(-6.8,13.75,-3.6));
#1570 = DIRECTION('',(-0.,-0.,-1.));
#1571 = DIRECTION('',(-1.,0.,0.));
#1572 = ADVANCED_FACE('',(#1573),#1584,.T.);
#1573 = FACE_BOUND('',#1574,.T.);
#1574 = EDGE_LOOP('',(#1575,#1576,#1577,#1583));
#1575 = ORIENTED_EDGE('',*,*,#760,.T.);
#1576 = ORIENTED_EDGE('',*,*,#1562,.T.);
#1577 = ORIENTED_EDGE('',*,*,#1578,.F.);
#1578 = EDGE_CURVE('',#1399,#1554,#1579,.T.);
#1579 = LINE('',#1580,#1581);
#1580 = CARTESIAN_POINT('',(7.1,12.75,-0.4));
#1581 = VECTOR('',#1582,1.);
#1582 = DIRECTION('',(-1.,0.,0.));
#1583 = ORIENTED_EDGE('',*,*,#1398,.F.);
#1584 = PLANE('',#1585);
#1585 = AXIS2_PLACEMENT_3D('',#1586,#1587,#1588);
#1586 = CARTESIAN_POINT('',(-6.8,12.75,-3.6));
#1587 = DIRECTION('',(0.,1.,0.));
#1588 = DIRECTION('',(1.,0.,0.));
#1589 = ADVANCED_FACE('',(#1590,#1697,#1707,#1717,#1767,#1778,#1812,
    #1823),#1834,.T.);
#1590 = FACE_BOUND('',#1591,.T.);
#1591 = EDGE_LOOP('',(#1592,#1593,#1594,#1595,#1596,#1597,#1598,#1599,
    #1600,#1601,#1609,#1617,#1625,#1631,#1632,#1633,#1634,#1635,#1643,
    #1651,#1657,#1658,#1659,#1660,#1661,#1669,#1677,#1685,#1691,#1692,
    #1693,#1694,#1695,#1696));
#1592 = ORIENTED_EDGE('',*,*,#71,.T.);
#1593 = ORIENTED_EDGE('',*,*,#31,.T.);
#1594 = ORIENTED_EDGE('',*,*,#95,.T.);
#1595 = ORIENTED_EDGE('',*,*,#167,.T.);
#1596 = ORIENTED_EDGE('',*,*,#229,.T.);
#1597 = ORIENTED_EDGE('',*,*,#285,.T.);
#1598 = ORIENTED_EDGE('',*,*,#318,.T.);
#1599 = ORIENTED_EDGE('',*,*,#389,.T.);
#1600 = ORIENTED_EDGE('',*,*,#366,.T.);
#1601 = ORIENTED_EDGE('',*,*,#1602,.F.);
#1602 = EDGE_CURVE('',#1603,#367,#1605,.T.);
#1603 = VERTEX_POINT('',#1604);
#1604 = CARTESIAN_POINT('',(45.,12.,-0.4));
#1605 = LINE('',#1606,#1607);
#1606 = CARTESIAN_POINT('',(45.,7.,-0.4));
#1607 = VECTOR('',#1608,1.);
#1608 = DIRECTION('',(0.,1.,0.));
#1609 = ORIENTED_EDGE('',*,*,#1610,.F.);
#1610 = EDGE_CURVE('',#1611,#1603,#1613,.T.);
#1611 = VERTEX_POINT('',#1612);
#1612 = CARTESIAN_POINT('',(42.2,12.,-0.4));
#1613 = LINE('',#1614,#1615);
#1614 = CARTESIAN_POINT('',(42.2,12.,-0.4));
#1615 = VECTOR('',#1616,1.);
#1616 = DIRECTION('',(1.,0.,-0.));
#1617 = ORIENTED_EDGE('',*,*,#1618,.T.);
#1618 = EDGE_CURVE('',#1611,#1619,#1621,.T.);
#1619 = VERTEX_POINT('',#1620);
#1620 = CARTESIAN_POINT('',(42.2,58.,-0.4));
#1621 = LINE('',#1622,#1623);
#1622 = CARTESIAN_POINT('',(42.2,12.,-0.4));
#1623 = VECTOR('',#1624,1.);
#1624 = DIRECTION('',(-0.,1.,0.));
#1625 = ORIENTED_EDGE('',*,*,#1626,.T.);
#1626 = EDGE_CURVE('',#1619,#1153,#1627,.T.);
#1627 = LINE('',#1628,#1629);
#1628 = CARTESIAN_POINT('',(42.2,58.,-0.4));
#1629 = VECTOR('',#1630,1.);
#1630 = DIRECTION('',(1.,0.,-0.));
#1631 = ORIENTED_EDGE('',*,*,#1161,.T.);
#1632 = ORIENTED_EDGE('',*,*,#1129,.T.);
#1633 = ORIENTED_EDGE('',*,*,#1106,.F.);
#1634 = ORIENTED_EDGE('',*,*,#1082,.T.);
#1635 = ORIENTED_EDGE('',*,*,#1636,.T.);
#1636 = EDGE_CURVE('',#1075,#1637,#1639,.T.);
#1637 = VERTEX_POINT('',#1638);
#1638 = CARTESIAN_POINT('',(25.,46.5,-0.4));
#1639 = LINE('',#1640,#1641);
#1640 = CARTESIAN_POINT('',(25.,37.5,-0.4));
#1641 = VECTOR('',#1642,1.);
#1642 = DIRECTION('',(-0.,1.,0.));
#1643 = ORIENTED_EDGE('',*,*,#1644,.T.);
#1644 = EDGE_CURVE('',#1637,#1645,#1647,.T.);
#1645 = VERTEX_POINT('',#1646);
#1646 = CARTESIAN_POINT('',(17.,46.5,-0.4));
#1647 = LINE('',#1648,#1649);
#1648 = CARTESIAN_POINT('',(19.,46.5,-0.4));
#1649 = VECTOR('',#1650,1.);
#1650 = DIRECTION('',(-1.,-0.,0.));
#1651 = ORIENTED_EDGE('',*,*,#1652,.F.);
#1652 = EDGE_CURVE('',#806,#1645,#1653,.T.);
#1653 = LINE('',#1654,#1655);
#1654 = CARTESIAN_POINT('',(17.,37.5,-0.4));
#1655 = VECTOR('',#1656,1.);
#1656 = DIRECTION('',(-0.,1.,0.));
#1657 = ORIENTED_EDGE('',*,*,#815,.T.);
#1658 = ORIENTED_EDGE('',*,*,#791,.T.);
#1659 = ORIENTED_EDGE('',*,*,#831,.T.);
#1660 = ORIENTED_EDGE('',*,*,#854,.T.);
#1661 = ORIENTED_EDGE('',*,*,#1662,.T.);
#1662 = EDGE_CURVE('',#855,#1663,#1665,.T.);
#1663 = VERTEX_POINT('',#1664);
#1664 = CARTESIAN_POINT('',(-0.2,58.,-0.4));
#1665 = LINE('',#1666,#1667);
#1666 = CARTESIAN_POINT('',(-3.,58.,-0.4));
#1667 = VECTOR('',#1668,1.);
#1668 = DIRECTION('',(1.,0.,-0.));
#1669 = ORIENTED_EDGE('',*,*,#1670,.F.);
#1670 = EDGE_CURVE('',#1671,#1663,#1673,.T.);
#1671 = VERTEX_POINT('',#1672);
#1672 = CARTESIAN_POINT('',(-0.2,12.,-0.4));
#1673 = LINE('',#1674,#1675);
#1674 = CARTESIAN_POINT('',(-0.2,12.,-0.4));
#1675 = VECTOR('',#1676,1.);
#1676 = DIRECTION('',(-0.,1.,0.));
#1677 = ORIENTED_EDGE('',*,*,#1678,.F.);
#1678 = EDGE_CURVE('',#1679,#1671,#1681,.T.);
#1679 = VERTEX_POINT('',#1680);
#1680 = CARTESIAN_POINT('',(-3.,12.,-0.4));
#1681 = LINE('',#1682,#1683);
#1682 = CARTESIAN_POINT('',(-3.,12.,-0.4));
#1683 = VECTOR('',#1684,1.);
#1684 = DIRECTION('',(1.,0.,-0.));
#1685 = ORIENTED_EDGE('',*,*,#1686,.F.);
#1686 = EDGE_CURVE('',#485,#1679,#1687,.T.);
#1687 = LINE('',#1688,#1689);
#1688 = CARTESIAN_POINT('',(-3.,53.,-0.4));
#1689 = VECTOR('',#1690,1.);
#1690 = DIRECTION('',(0.,-1.,0.));
#1691 = ORIENTED_EDGE('',*,*,#492,.T.);
#1692 = ORIENTED_EDGE('',*,*,#453,.T.);
#1693 = ORIENTED_EDGE('',*,*,#422,.T.);
#1694 = ORIENTED_EDGE('',*,*,#261,.T.);
#1695 = ORIENTED_EDGE('',*,*,#205,.T.);
#1696 = ORIENTED_EDGE('',*,*,#143,.T.);
#1697 = FACE_BOUND('',#1698,.T.);
#1698 = EDGE_LOOP('',(#1699,#1700,#1701,#1702,#1703,#1704,#1705,#1706));
#1699 = ORIENTED_EDGE('',*,*,#1406,.T.);
#1700 = ORIENTED_EDGE('',*,*,#1578,.T.);
#1701 = ORIENTED_EDGE('',*,*,#1553,.T.);
#1702 = ORIENTED_EDGE('',*,*,#1529,.T.);
#1703 = ORIENTED_EDGE('',*,*,#1504,.T.);
#1704 = ORIENTED_EDGE('',*,*,#1480,.T.);
#1705 = ORIENTED_EDGE('',*,*,#1455,.T.);
#1706 = ORIENTED_EDGE('',*,*,#1431,.T.);
#1707 = FACE_BOUND('',#1708,.T.);
#1708 = EDGE_LOOP('',(#1709,#1710,#1711,#1712,#1713,#1714,#1715,#1716));
#1709 = ORIENTED_EDGE('',*,*,#1210,.T.);
#1710 = ORIENTED_EDGE('',*,*,#1382,.T.);
#1711 = ORIENTED_EDGE('',*,*,#1357,.T.);
#1712 = ORIENTED_EDGE('',*,*,#1333,.T.);
#1713 = ORIENTED_EDGE('',*,*,#1308,.T.);
#1714 = ORIENTED_EDGE('',*,*,#1284,.T.);
#1715 = ORIENTED_EDGE('',*,*,#1259,.T.);
#1716 = ORIENTED_EDGE('',*,*,#1235,.T.);
#1717 = FACE_BOUND('',#1718,.T.);
#1718 = EDGE_LOOP('',(#1719,#1729,#1737,#1745,#1753,#1761));
#1719 = ORIENTED_EDGE('',*,*,#1720,.F.);
#1720 = EDGE_CURVE('',#1721,#1723,#1725,.T.);
#1721 = VERTEX_POINT('',#1722);
#1722 = CARTESIAN_POINT('',(20.359165268456,25.288590604027,-0.4));
#1723 = VERTEX_POINT('',#1724);
#1724 = CARTESIAN_POINT('',(18.663485738255,25.288590604027,-0.4));
#1725 = LINE('',#1726,#1727);
#1726 = CARTESIAN_POINT('',(19.831742869128,25.288590604027,-0.4));
#1727 = VECTOR('',#1728,1.);
#1728 = DIRECTION('',(-1.,0.,0.));
#1729 = ORIENTED_EDGE('',*,*,#1730,.F.);
#1730 = EDGE_CURVE('',#1731,#1721,#1733,.T.);
#1731 = VERTEX_POINT('',#1732);
#1732 = CARTESIAN_POINT('',(20.359165268456,19.989261744966,-0.4));
#1733 = LINE('',#1734,#1735);
#1734 = CARTESIAN_POINT('',(20.359165268456,27.644295302013,-0.4));
#1735 = VECTOR('',#1736,1.);
#1736 = DIRECTION('',(-0.,1.,0.));
#1737 = ORIENTED_EDGE('',*,*,#1738,.F.);
#1738 = EDGE_CURVE('',#1739,#1731,#1741,.T.);
#1739 = VERTEX_POINT('',#1740);
#1740 = CARTESIAN_POINT('',(23.336514261745,19.989261744966,-0.4));
#1741 = LINE('',#1742,#1743);
#1742 = CARTESIAN_POINT('',(20.679582634228,19.989261744966,-0.4));
#1743 = VECTOR('',#1744,1.);
#1744 = DIRECTION('',(-1.,0.,0.));
#1745 = ORIENTED_EDGE('',*,*,#1746,.F.);
#1746 = EDGE_CURVE('',#1747,#1739,#1749,.T.);
#1747 = VERTEX_POINT('',#1748);
#1748 = CARTESIAN_POINT('',(23.336514261745,18.711409395973,-0.4));
#1749 = LINE('',#1750,#1751);
#1750 = CARTESIAN_POINT('',(23.336514261745,24.994630872483,-0.4));
#1751 = VECTOR('',#1752,1.);
#1752 = DIRECTION('',(-0.,1.,0.));
#1753 = ORIENTED_EDGE('',*,*,#1754,.F.);
#1754 = EDGE_CURVE('',#1755,#1747,#1757,.T.);
#1755 = VERTEX_POINT('',#1756);
#1756 = CARTESIAN_POINT('',(18.663485738255,18.711409395973,-0.4));
#1757 = LINE('',#1758,#1759);
#1758 = CARTESIAN_POINT('',(22.168257130872,18.711409395973,-0.4));
#1759 = VECTOR('',#1760,1.);
#1760 = DIRECTION('',(1.,0.,-0.));
#1761 = ORIENTED_EDGE('',*,*,#1762,.F.);
#1762 = EDGE_CURVE('',#1723,#1755,#1763,.T.);
#1763 = LINE('',#1764,#1765);
#1764 = CARTESIAN_POINT('',(18.663485738255,24.355704697987,-0.4));
#1765 = VECTOR('',#1766,1.);
#1766 = DIRECTION('',(0.,-1.,0.));
#1767 = FACE_BOUND('',#1768,.T.);
#1768 = EDGE_LOOP('',(#1769));
#1769 = ORIENTED_EDGE('',*,*,#1770,.F.);
#1770 = EDGE_CURVE('',#1771,#1771,#1773,.T.);
#1771 = VERTEX_POINT('',#1772);
#1772 = CARTESIAN_POINT('',(23.4,42.,-0.4));
#1773 = CIRCLE('',#1774,2.4);
#1774 = AXIS2_PLACEMENT_3D('',#1775,#1776,#1777);
#1775 = CARTESIAN_POINT('',(21.,42.,-0.4));
#1776 = DIRECTION('',(0.,0.,1.));
#1777 = DIRECTION('',(1.,0.,-0.));
#1778 = FACE_BOUND('',#1779,.T.);
#1779 = EDGE_LOOP('',(#1780,#1790,#1798,#1806));
#1780 = ORIENTED_EDGE('',*,*,#1781,.F.);
#1781 = EDGE_CURVE('',#1782,#1784,#1786,.T.);
#1782 = VERTEX_POINT('',#1783);
#1783 = CARTESIAN_POINT('',(37.2,48.,-0.4));
#1784 = VERTEX_POINT('',#1785);
#1785 = CARTESIAN_POINT('',(39.8,48.,-0.4));
#1786 = LINE('',#1787,#1788);
#1787 = CARTESIAN_POINT('',(37.2,48.,-0.4));
#1788 = VECTOR('',#1789,1.);
#1789 = DIRECTION('',(1.,0.,-0.));
#1790 = ORIENTED_EDGE('',*,*,#1791,.T.);
#1791 = EDGE_CURVE('',#1782,#1792,#1794,.T.);
#1792 = VERTEX_POINT('',#1793);
#1793 = CARTESIAN_POINT('',(37.2,52.,-0.4));
#1794 = LINE('',#1795,#1796);
#1795 = CARTESIAN_POINT('',(37.2,48.,-0.4));
#1796 = VECTOR('',#1797,1.);
#1797 = DIRECTION('',(-0.,1.,0.));
#1798 = ORIENTED_EDGE('',*,*,#1799,.T.);
#1799 = EDGE_CURVE('',#1792,#1800,#1802,.T.);
#1800 = VERTEX_POINT('',#1801);
#1801 = CARTESIAN_POINT('',(39.8,52.,-0.4));
#1802 = LINE('',#1803,#1804);
#1803 = CARTESIAN_POINT('',(37.2,52.,-0.4));
#1804 = VECTOR('',#1805,1.);
#1805 = DIRECTION('',(1.,0.,-0.));
#1806 = ORIENTED_EDGE('',*,*,#1807,.F.);
#1807 = EDGE_CURVE('',#1784,#1800,#1808,.T.);
#1808 = LINE('',#1809,#1810);
#1809 = CARTESIAN_POINT('',(39.8,48.,-0.4));
#1810 = VECTOR('',#1811,1.);
#1811 = DIRECTION('',(-0.,1.,0.));
#1812 = FACE_BOUND('',#1813,.T.);
#1813 = EDGE_LOOP('',(#1814));
#1814 = ORIENTED_EDGE('',*,*,#1815,.F.);
#1815 = EDGE_CURVE('',#1816,#1816,#1818,.T.);
#1816 = VERTEX_POINT('',#1817);
#1817 = CARTESIAN_POINT('',(-8.3,44.,-0.4));
#1818 = CIRCLE('',#1819,0.8);
#1819 = AXIS2_PLACEMENT_3D('',#1820,#1821,#1822);
#1820 = CARTESIAN_POINT('',(-9.1,44.,-0.4));
#1821 = DIRECTION('',(0.,0.,1.));
#1822 = DIRECTION('',(1.,0.,-0.));
#1823 = FACE_BOUND('',#1824,.T.);
#1824 = EDGE_LOOP('',(#1825));
#1825 = ORIENTED_EDGE('',*,*,#1826,.F.);
#1826 = EDGE_CURVE('',#1827,#1827,#1829,.T.);
#1827 = VERTEX_POINT('',#1828);
#1828 = CARTESIAN_POINT('',(-8.3,46.6,-0.4));
#1829 = CIRCLE('',#1830,0.8);
#1830 = AXIS2_PLACEMENT_3D('',#1831,#1832,#1833);
#1831 = CARTESIAN_POINT('',(-9.1,46.6,-0.4));
#1832 = DIRECTION('',(0.,0.,1.));
#1833 = DIRECTION('',(1.,0.,-0.));
#1834 = PLANE('',#1835);
#1835 = AXIS2_PLACEMENT_3D('',#1836,#1837,#1838);
#1836 = CARTESIAN_POINT('',(21.,31.380529757958,-0.4));
#1837 = DIRECTION('',(0.,0.,1.));
#1838 = DIRECTION('',(1.,0.,-0.));
#1839 = ADVANCED_FACE('',(#1840),#1874,.T.);
#1840 = FACE_BOUND('',#1841,.T.);
#1841 = EDGE_LOOP('',(#1842,#1852,#1860,#1868));
#1842 = ORIENTED_EDGE('',*,*,#1843,.F.);
#1843 = EDGE_CURVE('',#1844,#1846,#1848,.T.);
#1844 = VERTEX_POINT('',#1845);
#1845 = CARTESIAN_POINT('',(42.2,12.,3.2));
#1846 = VERTEX_POINT('',#1847);
#1847 = CARTESIAN_POINT('',(42.2,58.,3.2));
#1848 = LINE('',#1849,#1850);
#1849 = CARTESIAN_POINT('',(42.2,12.,3.2));
#1850 = VECTOR('',#1851,1.);
#1851 = DIRECTION('',(-0.,1.,0.));
#1852 = ORIENTED_EDGE('',*,*,#1853,.T.);
#1853 = EDGE_CURVE('',#1844,#1854,#1856,.T.);
#1854 = VERTEX_POINT('',#1855);
#1855 = CARTESIAN_POINT('',(45.,12.,3.2));
#1856 = LINE('',#1857,#1858);
#1857 = CARTESIAN_POINT('',(42.2,12.,3.2));
#1858 = VECTOR('',#1859,1.);
#1859 = DIRECTION('',(1.,0.,-0.));
#1860 = ORIENTED_EDGE('',*,*,#1861,.T.);
#1861 = EDGE_CURVE('',#1854,#1862,#1864,.T.);
#1862 = VERTEX_POINT('',#1863);
#1863 = CARTESIAN_POINT('',(45.,58.,3.2));
#1864 = LINE('',#1865,#1866);
#1865 = CARTESIAN_POINT('',(45.,12.,3.2));
#1866 = VECTOR('',#1867,1.);
#1867 = DIRECTION('',(-0.,1.,0.));
#1868 = ORIENTED_EDGE('',*,*,#1869,.F.);
#1869 = EDGE_CURVE('',#1846,#1862,#1870,.T.);
#1870 = LINE('',#1871,#1872);
#1871 = CARTESIAN_POINT('',(42.2,58.,3.2));
#1872 = VECTOR('',#1873,1.);
#1873 = DIRECTION('',(1.,0.,-0.));
#1874 = PLANE('',#1875);
#1875 = AXIS2_PLACEMENT_3D('',#1876,#1877,#1878);
#1876 = CARTESIAN_POINT('',(42.2,12.,3.2));
#1877 = DIRECTION('',(0.,0.,1.));
#1878 = DIRECTION('',(1.,0.,-0.));
#1879 = ADVANCED_FACE('',(#1880),#1905,.F.);
#1880 = FACE_BOUND('',#1881,.F.);
#1881 = EDGE_LOOP('',(#1882,#1890,#1898,#1904));
#1882 = ORIENTED_EDGE('',*,*,#1883,.F.);
#1883 = EDGE_CURVE('',#1884,#1844,#1886,.T.);
#1884 = VERTEX_POINT('',#1885);
#1885 = CARTESIAN_POINT('',(42.2,12.,2.6));
#1886 = LINE('',#1887,#1888);
#1887 = CARTESIAN_POINT('',(42.2,12.,-0.4));
#1888 = VECTOR('',#1889,1.);
#1889 = DIRECTION('',(0.,0.,1.));
#1890 = ORIENTED_EDGE('',*,*,#1891,.T.);
#1891 = EDGE_CURVE('',#1884,#1892,#1894,.T.);
#1892 = VERTEX_POINT('',#1893);
#1893 = CARTESIAN_POINT('',(42.2,58.,2.6));
#1894 = LINE('',#1895,#1896);
#1895 = CARTESIAN_POINT('',(42.2,12.,2.6));
#1896 = VECTOR('',#1897,1.);
#1897 = DIRECTION('',(0.,1.,0.));
#1898 = ORIENTED_EDGE('',*,*,#1899,.T.);
#1899 = EDGE_CURVE('',#1892,#1846,#1900,.T.);
#1900 = LINE('',#1901,#1902);
#1901 = CARTESIAN_POINT('',(42.2,58.,-0.4));
#1902 = VECTOR('',#1903,1.);
#1903 = DIRECTION('',(0.,0.,1.));
#1904 = ORIENTED_EDGE('',*,*,#1843,.F.);
#1905 = PLANE('',#1906);
#1906 = AXIS2_PLACEMENT_3D('',#1907,#1908,#1909);
#1907 = CARTESIAN_POINT('',(42.2,12.,-0.4));
#1908 = DIRECTION('',(1.,0.,-0.));
#1909 = DIRECTION('',(0.,0.,1.));
#1910 = ADVANCED_FACE('',(#1911),#1936,.T.);
#1911 = FACE_BOUND('',#1912,.T.);
#1912 = EDGE_LOOP('',(#1913,#1914,#1922,#1930));
#1913 = ORIENTED_EDGE('',*,*,#1891,.T.);
#1914 = ORIENTED_EDGE('',*,*,#1915,.T.);
#1915 = EDGE_CURVE('',#1892,#1916,#1918,.T.);
#1916 = VERTEX_POINT('',#1917);
#1917 = CARTESIAN_POINT('',(41.4,58.,1.8));
#1918 = LINE('',#1919,#1920);
#1919 = CARTESIAN_POINT('',(42.2,58.,2.6));
#1920 = VECTOR('',#1921,1.);
#1921 = DIRECTION('',(-0.707106781187,0.,-0.707106781187));
#1922 = ORIENTED_EDGE('',*,*,#1923,.F.);
#1923 = EDGE_CURVE('',#1924,#1916,#1926,.T.);
#1924 = VERTEX_POINT('',#1925);
#1925 = CARTESIAN_POINT('',(41.4,12.,1.8));
#1926 = LINE('',#1927,#1928);
#1927 = CARTESIAN_POINT('',(41.4,12.,1.8));
#1928 = VECTOR('',#1929,1.);
#1929 = DIRECTION('',(0.,1.,0.));
#1930 = ORIENTED_EDGE('',*,*,#1931,.F.);
#1931 = EDGE_CURVE('',#1884,#1924,#1932,.T.);
#1932 = LINE('',#1933,#1934);
#1933 = CARTESIAN_POINT('',(42.2,12.,2.6));
#1934 = VECTOR('',#1935,1.);
#1935 = DIRECTION('',(-0.707106781187,0.,-0.707106781187));
#1936 = PLANE('',#1937);
#1937 = AXIS2_PLACEMENT_3D('',#1938,#1939,#1940);
#1938 = CARTESIAN_POINT('',(42.2,12.,2.6));
#1939 = DIRECTION('',(-0.707106781187,0.,0.707106781187));
#1940 = DIRECTION('',(-0.707106781187,0.,-0.707106781187));
#1941 = ADVANCED_FACE('',(#1942),#1967,.T.);
#1942 = FACE_BOUND('',#1943,.T.);
#1943 = EDGE_LOOP('',(#1944,#1945,#1953,#1961));
#1944 = ORIENTED_EDGE('',*,*,#1923,.T.);
#1945 = ORIENTED_EDGE('',*,*,#1946,.T.);
#1946 = EDGE_CURVE('',#1916,#1947,#1949,.T.);
#1947 = VERTEX_POINT('',#1948);
#1948 = CARTESIAN_POINT('',(41.4,58.,1.4));
#1949 = LINE('',#1950,#1951);
#1950 = CARTESIAN_POINT('',(41.4,58.,1.8));
#1951 = VECTOR('',#1952,1.);
#1952 = DIRECTION('',(0.,0.,-1.));
#1953 = ORIENTED_EDGE('',*,*,#1954,.F.);
#1954 = EDGE_CURVE('',#1955,#1947,#1957,.T.);
#1955 = VERTEX_POINT('',#1956);
#1956 = CARTESIAN_POINT('',(41.4,12.,1.4));
#1957 = LINE('',#1958,#1959);
#1958 = CARTESIAN_POINT('',(41.4,12.,1.4));
#1959 = VECTOR('',#1960,1.);
#1960 = DIRECTION('',(0.,1.,0.));
#1961 = ORIENTED_EDGE('',*,*,#1962,.F.);
#1962 = EDGE_CURVE('',#1924,#1955,#1963,.T.);
#1963 = LINE('',#1964,#1965);
#1964 = CARTESIAN_POINT('',(41.4,12.,1.8));
#1965 = VECTOR('',#1966,1.);
#1966 = DIRECTION('',(0.,0.,-1.));
#1967 = PLANE('',#1968);
#1968 = AXIS2_PLACEMENT_3D('',#1969,#1970,#1971);
#1969 = CARTESIAN_POINT('',(41.4,12.,1.8));
#1970 = DIRECTION('',(-1.,0.,0.));
#1971 = DIRECTION('',(0.,0.,-1.));
#1972 = ADVANCED_FACE('',(#1973),#1998,.F.);
#1973 = FACE_BOUND('',#1974,.F.);
#1974 = EDGE_LOOP('',(#1975,#1983,#1984,#1992));
#1975 = ORIENTED_EDGE('',*,*,#1976,.F.);
#1976 = EDGE_CURVE('',#1611,#1977,#1979,.T.);
#1977 = VERTEX_POINT('',#1978);
#1978 = CARTESIAN_POINT('',(42.2,12.,1.4));
#1979 = LINE('',#1980,#1981);
#1980 = CARTESIAN_POINT('',(42.2,12.,-0.4));
#1981 = VECTOR('',#1982,1.);
#1982 = DIRECTION('',(0.,0.,1.));
#1983 = ORIENTED_EDGE('',*,*,#1618,.T.);
#1984 = ORIENTED_EDGE('',*,*,#1985,.T.);
#1985 = EDGE_CURVE('',#1619,#1986,#1988,.T.);
#1986 = VERTEX_POINT('',#1987);
#1987 = CARTESIAN_POINT('',(42.2,58.,1.4));
#1988 = LINE('',#1989,#1990);
#1989 = CARTESIAN_POINT('',(42.2,58.,-0.4));
#1990 = VECTOR('',#1991,1.);
#1991 = DIRECTION('',(0.,0.,1.));
#1992 = ORIENTED_EDGE('',*,*,#1993,.F.);
#1993 = EDGE_CURVE('',#1977,#1986,#1994,.T.);
#1994 = LINE('',#1995,#1996);
#1995 = CARTESIAN_POINT('',(42.2,12.,1.4));
#1996 = VECTOR('',#1997,1.);
#1997 = DIRECTION('',(0.,1.,0.));
#1998 = PLANE('',#1999);
#1999 = AXIS2_PLACEMENT_3D('',#2000,#2001,#2002);
#2000 = CARTESIAN_POINT('',(42.2,12.,-0.4));
#2001 = DIRECTION('',(1.,0.,-0.));
#2002 = DIRECTION('',(0.,0.,1.));
#2003 = ADVANCED_FACE('',(#2004),#2020,.T.);
#2004 = FACE_BOUND('',#2005,.T.);
#2005 = EDGE_LOOP('',(#2006,#2007,#2013,#2014));
#2006 = ORIENTED_EDGE('',*,*,#1954,.T.);
#2007 = ORIENTED_EDGE('',*,*,#2008,.T.);
#2008 = EDGE_CURVE('',#1947,#1986,#2009,.T.);
#2009 = LINE('',#2010,#2011);
#2010 = CARTESIAN_POINT('',(41.4,58.,1.4));
#2011 = VECTOR('',#2012,1.);
#2012 = DIRECTION('',(1.,0.,0.));
#2013 = ORIENTED_EDGE('',*,*,#1993,.F.);
#2014 = ORIENTED_EDGE('',*,*,#2015,.F.);
#2015 = EDGE_CURVE('',#1955,#1977,#2016,.T.);
#2016 = LINE('',#2017,#2018);
#2017 = CARTESIAN_POINT('',(41.4,12.,1.4));
#2018 = VECTOR('',#2019,1.);
#2019 = DIRECTION('',(1.,0.,0.));
#2020 = PLANE('',#2021);
#2021 = AXIS2_PLACEMENT_3D('',#2022,#2023,#2024);
#2022 = CARTESIAN_POINT('',(41.4,12.,1.4));
#2023 = DIRECTION('',(0.,0.,-1.));
#2024 = DIRECTION('',(1.,0.,0.));
#2025 = ADVANCED_FACE('',(#2026),#2051,.T.);
#2026 = FACE_BOUND('',#2027,.T.);
#2027 = EDGE_LOOP('',(#2028,#2038,#2044,#2045));
#2028 = ORIENTED_EDGE('',*,*,#2029,.F.);
#2029 = EDGE_CURVE('',#2030,#2032,#2034,.T.);
#2030 = VERTEX_POINT('',#2031);
#2031 = CARTESIAN_POINT('',(17.,46.5,-1.8));
#2032 = VERTEX_POINT('',#2033);
#2033 = CARTESIAN_POINT('',(25.,46.5,-1.8));
#2034 = LINE('',#2035,#2036);
#2035 = CARTESIAN_POINT('',(17.,46.5,-1.8));
#2036 = VECTOR('',#2037,1.);
#2037 = DIRECTION('',(1.,0.,-0.));
#2038 = ORIENTED_EDGE('',*,*,#2039,.T.);
#2039 = EDGE_CURVE('',#2030,#1645,#2040,.T.);
#2040 = LINE('',#2041,#2042);
#2041 = CARTESIAN_POINT('',(17.,46.5,-1.8));
#2042 = VECTOR('',#2043,1.);
#2043 = DIRECTION('',(0.,0.,1.));
#2044 = ORIENTED_EDGE('',*,*,#1644,.F.);
#2045 = ORIENTED_EDGE('',*,*,#2046,.F.);
#2046 = EDGE_CURVE('',#2032,#1637,#2047,.T.);
#2047 = LINE('',#2048,#2049);
#2048 = CARTESIAN_POINT('',(25.,46.5,-1.8));
#2049 = VECTOR('',#2050,1.);
#2050 = DIRECTION('',(0.,0.,1.));
#2051 = PLANE('',#2052);
#2052 = AXIS2_PLACEMENT_3D('',#2053,#2054,#2055);
#2053 = CARTESIAN_POINT('',(17.,46.5,-1.8));
#2054 = DIRECTION('',(-0.,1.,0.));
#2055 = DIRECTION('',(0.,0.,1.));
#2056 = ADVANCED_FACE('',(#2057),#2082,.T.);
#2057 = FACE_BOUND('',#2058,.T.);
#2058 = EDGE_LOOP('',(#2059,#2067,#2068,#2076));
#2059 = ORIENTED_EDGE('',*,*,#2060,.F.);
#2060 = EDGE_CURVE('',#1671,#2061,#2063,.T.);
#2061 = VERTEX_POINT('',#2062);
#2062 = CARTESIAN_POINT('',(-0.2,12.,1.4));
#2063 = LINE('',#2064,#2065);
#2064 = CARTESIAN_POINT('',(-0.2,12.,-0.4));
#2065 = VECTOR('',#2066,1.);
#2066 = DIRECTION('',(0.,0.,1.));
#2067 = ORIENTED_EDGE('',*,*,#1670,.T.);
#2068 = ORIENTED_EDGE('',*,*,#2069,.T.);
#2069 = EDGE_CURVE('',#1663,#2070,#2072,.T.);
#2070 = VERTEX_POINT('',#2071);
#2071 = CARTESIAN_POINT('',(-0.2,58.,1.4));
#2072 = LINE('',#2073,#2074);
#2073 = CARTESIAN_POINT('',(-0.2,58.,-0.4));
#2074 = VECTOR('',#2075,1.);
#2075 = DIRECTION('',(0.,0.,1.));
#2076 = ORIENTED_EDGE('',*,*,#2077,.F.);
#2077 = EDGE_CURVE('',#2061,#2070,#2078,.T.);
#2078 = LINE('',#2079,#2080);
#2079 = CARTESIAN_POINT('',(-0.2,12.,1.4));
#2080 = VECTOR('',#2081,1.);
#2081 = DIRECTION('',(0.,1.,0.));
#2082 = PLANE('',#2083);
#2083 = AXIS2_PLACEMENT_3D('',#2084,#2085,#2086);
#2084 = CARTESIAN_POINT('',(-0.2,12.,-0.4));
#2085 = DIRECTION('',(1.,0.,-0.));
#2086 = DIRECTION('',(0.,0.,1.));
#2087 = ADVANCED_FACE('',(#2088),#2113,.T.);
#2088 = FACE_BOUND('',#2089,.T.);
#2089 = EDGE_LOOP('',(#2090,#2091,#2099,#2107));
#2090 = ORIENTED_EDGE('',*,*,#2077,.T.);
#2091 = ORIENTED_EDGE('',*,*,#2092,.T.);
#2092 = EDGE_CURVE('',#2070,#2093,#2095,.T.);
#2093 = VERTEX_POINT('',#2094);
#2094 = CARTESIAN_POINT('',(0.6,58.,1.4));
#2095 = LINE('',#2096,#2097);
#2096 = CARTESIAN_POINT('',(-0.2,58.,1.4));
#2097 = VECTOR('',#2098,1.);
#2098 = DIRECTION('',(1.,0.,0.));
#2099 = ORIENTED_EDGE('',*,*,#2100,.F.);
#2100 = EDGE_CURVE('',#2101,#2093,#2103,.T.);
#2101 = VERTEX_POINT('',#2102);
#2102 = CARTESIAN_POINT('',(0.6,12.,1.4));
#2103 = LINE('',#2104,#2105);
#2104 = CARTESIAN_POINT('',(0.6,12.,1.4));
#2105 = VECTOR('',#2106,1.);
#2106 = DIRECTION('',(0.,1.,0.));
#2107 = ORIENTED_EDGE('',*,*,#2108,.F.);
#2108 = EDGE_CURVE('',#2061,#2101,#2109,.T.);
#2109 = LINE('',#2110,#2111);
#2110 = CARTESIAN_POINT('',(-0.2,12.,1.4));
#2111 = VECTOR('',#2112,1.);
#2112 = DIRECTION('',(1.,0.,0.));
#2113 = PLANE('',#2114);
#2114 = AXIS2_PLACEMENT_3D('',#2115,#2116,#2117);
#2115 = CARTESIAN_POINT('',(-0.2,12.,1.4));
#2116 = DIRECTION('',(0.,0.,-1.));
#2117 = DIRECTION('',(1.,0.,0.));
#2118 = ADVANCED_FACE('',(#2119),#2144,.T.);
#2119 = FACE_BOUND('',#2120,.T.);
#2120 = EDGE_LOOP('',(#2121,#2122,#2130,#2138));
#2121 = ORIENTED_EDGE('',*,*,#2100,.T.);
#2122 = ORIENTED_EDGE('',*,*,#2123,.T.);
#2123 = EDGE_CURVE('',#2093,#2124,#2126,.T.);
#2124 = VERTEX_POINT('',#2125);
#2125 = CARTESIAN_POINT('',(0.6,58.,1.8));
#2126 = LINE('',#2127,#2128);
#2127 = CARTESIAN_POINT('',(0.6,58.,1.4));
#2128 = VECTOR('',#2129,1.);
#2129 = DIRECTION('',(0.,0.,1.));
#2130 = ORIENTED_EDGE('',*,*,#2131,.F.);
#2131 = EDGE_CURVE('',#2132,#2124,#2134,.T.);
#2132 = VERTEX_POINT('',#2133);
#2133 = CARTESIAN_POINT('',(0.6,12.,1.8));
#2134 = LINE('',#2135,#2136);
#2135 = CARTESIAN_POINT('',(0.6,12.,1.8));
#2136 = VECTOR('',#2137,1.);
#2137 = DIRECTION('',(0.,1.,0.));
#2138 = ORIENTED_EDGE('',*,*,#2139,.F.);
#2139 = EDGE_CURVE('',#2101,#2132,#2140,.T.);
#2140 = LINE('',#2141,#2142);
#2141 = CARTESIAN_POINT('',(0.6,12.,1.4));
#2142 = VECTOR('',#2143,1.);
#2143 = DIRECTION('',(0.,0.,1.));
#2144 = PLANE('',#2145);
#2145 = AXIS2_PLACEMENT_3D('',#2146,#2147,#2148);
#2146 = CARTESIAN_POINT('',(0.6,12.,1.4));
#2147 = DIRECTION('',(1.,0.,0.));
#2148 = DIRECTION('',(0.,0.,1.));
#2149 = ADVANCED_FACE('',(#2150),#2175,.T.);
#2150 = FACE_BOUND('',#2151,.T.);
#2151 = EDGE_LOOP('',(#2152,#2153,#2161,#2169));
#2152 = ORIENTED_EDGE('',*,*,#2131,.T.);
#2153 = ORIENTED_EDGE('',*,*,#2154,.T.);
#2154 = EDGE_CURVE('',#2124,#2155,#2157,.T.);
#2155 = VERTEX_POINT('',#2156);
#2156 = CARTESIAN_POINT('',(-0.2,58.,2.6));
#2157 = LINE('',#2158,#2159);
#2158 = CARTESIAN_POINT('',(0.6,58.,1.8));
#2159 = VECTOR('',#2160,1.);
#2160 = DIRECTION('',(-0.707106781187,0.,0.707106781187));
#2161 = ORIENTED_EDGE('',*,*,#2162,.F.);
#2162 = EDGE_CURVE('',#2163,#2155,#2165,.T.);
#2163 = VERTEX_POINT('',#2164);
#2164 = CARTESIAN_POINT('',(-0.2,12.,2.6));
#2165 = LINE('',#2166,#2167);
#2166 = CARTESIAN_POINT('',(-0.2,12.,2.6));
#2167 = VECTOR('',#2168,1.);
#2168 = DIRECTION('',(0.,1.,0.));
#2169 = ORIENTED_EDGE('',*,*,#2170,.F.);
#2170 = EDGE_CURVE('',#2132,#2163,#2171,.T.);
#2171 = LINE('',#2172,#2173);
#2172 = CARTESIAN_POINT('',(0.6,12.,1.8));
#2173 = VECTOR('',#2174,1.);
#2174 = DIRECTION('',(-0.707106781187,0.,0.707106781187));
#2175 = PLANE('',#2176);
#2176 = AXIS2_PLACEMENT_3D('',#2177,#2178,#2179);
#2177 = CARTESIAN_POINT('',(0.6,12.,1.8));
#2178 = DIRECTION('',(0.707106781187,-0.,0.707106781187));
#2179 = DIRECTION('',(-0.707106781187,0.,0.707106781187));
#2180 = ADVANCED_FACE('',(#2181),#2206,.T.);
#2181 = FACE_BOUND('',#2182,.T.);
#2182 = EDGE_LOOP('',(#2183,#2191,#2192,#2200));
#2183 = ORIENTED_EDGE('',*,*,#2184,.F.);
#2184 = EDGE_CURVE('',#2163,#2185,#2187,.T.);
#2185 = VERTEX_POINT('',#2186);
#2186 = CARTESIAN_POINT('',(-0.2,12.,3.2));
#2187 = LINE('',#2188,#2189);
#2188 = CARTESIAN_POINT('',(-0.2,12.,-0.4));
#2189 = VECTOR('',#2190,1.);
#2190 = DIRECTION('',(0.,0.,1.));
#2191 = ORIENTED_EDGE('',*,*,#2162,.T.);
#2192 = ORIENTED_EDGE('',*,*,#2193,.T.);
#2193 = EDGE_CURVE('',#2155,#2194,#2196,.T.);
#2194 = VERTEX_POINT('',#2195);
#2195 = CARTESIAN_POINT('',(-0.2,58.,3.2));
#2196 = LINE('',#2197,#2198);
#2197 = CARTESIAN_POINT('',(-0.2,58.,-0.4));
#2198 = VECTOR('',#2199,1.);
#2199 = DIRECTION('',(0.,0.,1.));
#2200 = ORIENTED_EDGE('',*,*,#2201,.F.);
#2201 = EDGE_CURVE('',#2185,#2194,#2202,.T.);
#2202 = LINE('',#2203,#2204);
#2203 = CARTESIAN_POINT('',(-0.2,12.,3.2));
#2204 = VECTOR('',#2205,1.);
#2205 = DIRECTION('',(-0.,1.,0.));
#2206 = PLANE('',#2207);
#2207 = AXIS2_PLACEMENT_3D('',#2208,#2209,#2210);
#2208 = CARTESIAN_POINT('',(-0.2,12.,-0.4));
#2209 = DIRECTION('',(1.,0.,-0.));
#2210 = DIRECTION('',(0.,0.,1.));
#2211 = ADVANCED_FACE('',(#2212),#2237,.T.);
#2212 = FACE_BOUND('',#2213,.T.);
#2213 = EDGE_LOOP('',(#2214,#2224,#2230,#2231));
#2214 = ORIENTED_EDGE('',*,*,#2215,.F.);
#2215 = EDGE_CURVE('',#2216,#2218,#2220,.T.);
#2216 = VERTEX_POINT('',#2217);
#2217 = CARTESIAN_POINT('',(-3.,12.,3.2));
#2218 = VERTEX_POINT('',#2219);
#2219 = CARTESIAN_POINT('',(-3.,58.,3.2));
#2220 = LINE('',#2221,#2222);
#2221 = CARTESIAN_POINT('',(-3.,12.,3.2));
#2222 = VECTOR('',#2223,1.);
#2223 = DIRECTION('',(-0.,1.,0.));
#2224 = ORIENTED_EDGE('',*,*,#2225,.T.);
#2225 = EDGE_CURVE('',#2216,#2185,#2226,.T.);
#2226 = LINE('',#2227,#2228);
#2227 = CARTESIAN_POINT('',(-3.,12.,3.2));
#2228 = VECTOR('',#2229,1.);
#2229 = DIRECTION('',(1.,0.,-0.));
#2230 = ORIENTED_EDGE('',*,*,#2201,.T.);
#2231 = ORIENTED_EDGE('',*,*,#2232,.F.);
#2232 = EDGE_CURVE('',#2218,#2194,#2233,.T.);
#2233 = LINE('',#2234,#2235);
#2234 = CARTESIAN_POINT('',(-3.,58.,3.2));
#2235 = VECTOR('',#2236,1.);
#2236 = DIRECTION('',(1.,0.,-0.));
#2237 = PLANE('',#2238);
#2238 = AXIS2_PLACEMENT_3D('',#2239,#2240,#2241);
#2239 = CARTESIAN_POINT('',(-3.,12.,3.2));
#2240 = DIRECTION('',(0.,0.,1.));
#2241 = DIRECTION('',(1.,0.,-0.));
#2242 = ADVANCED_FACE('',(#2243),#2268,.F.);
#2243 = FACE_BOUND('',#2244,.F.);
#2244 = EDGE_LOOP('',(#2245,#2255,#2261,#2262));
#2245 = ORIENTED_EDGE('',*,*,#2246,.F.);
#2246 = EDGE_CURVE('',#2247,#2249,#2251,.T.);
#2247 = VERTEX_POINT('',#2248);
#2248 = CARTESIAN_POINT('',(18.663485738255,25.288590604027,-0.9));
#2249 = VERTEX_POINT('',#2250);
#2250 = CARTESIAN_POINT('',(20.359165268456,25.288590604027,-0.9));
#2251 = LINE('',#2252,#2253);
#2252 = CARTESIAN_POINT('',(18.663485738255,25.288590604027,-0.9));
#2253 = VECTOR('',#2254,1.);
#2254 = DIRECTION('',(1.,0.,0.));
#2255 = ORIENTED_EDGE('',*,*,#2256,.T.);
#2256 = EDGE_CURVE('',#2247,#1723,#2257,.T.);
#2257 = LINE('',#2258,#2259);
#2258 = CARTESIAN_POINT('',(18.663485738255,25.288590604027,-0.9));
#2259 = VECTOR('',#2260,1.);
#2260 = DIRECTION('',(0.,0.,1.));
#2261 = ORIENTED_EDGE('',*,*,#1720,.F.);
#2262 = ORIENTED_EDGE('',*,*,#2263,.F.);
#2263 = EDGE_CURVE('',#2249,#1721,#2264,.T.);
#2264 = LINE('',#2265,#2266);
#2265 = CARTESIAN_POINT('',(20.359165268456,25.288590604027,-0.9));
#2266 = VECTOR('',#2267,1.);
#2267 = DIRECTION('',(0.,0.,1.));
#2268 = PLANE('',#2269);
#2269 = AXIS2_PLACEMENT_3D('',#2270,#2271,#2272);
#2270 = CARTESIAN_POINT('',(18.663485738255,25.288590604027,-0.9));
#2271 = DIRECTION('',(0.,1.,0.));
#2272 = DIRECTION('',(1.,0.,0.));
#2273 = ADVANCED_FACE('',(#2274),#2292,.F.);
#2274 = FACE_BOUND('',#2275,.F.);
#2275 = EDGE_LOOP('',(#2276,#2284,#2290,#2291));
#2276 = ORIENTED_EDGE('',*,*,#2277,.F.);
#2277 = EDGE_CURVE('',#2278,#2247,#2280,.T.);
#2278 = VERTEX_POINT('',#2279);
#2279 = CARTESIAN_POINT('',(18.663485738255,18.711409395973,-0.9));
#2280 = LINE('',#2281,#2282);
#2281 = CARTESIAN_POINT('',(18.663485738255,18.711409395973,-0.9));
#2282 = VECTOR('',#2283,1.);
#2283 = DIRECTION('',(0.,1.,0.));
#2284 = ORIENTED_EDGE('',*,*,#2285,.T.);
#2285 = EDGE_CURVE('',#2278,#1755,#2286,.T.);
#2286 = LINE('',#2287,#2288);
#2287 = CARTESIAN_POINT('',(18.663485738255,18.711409395973,-0.9));
#2288 = VECTOR('',#2289,1.);
#2289 = DIRECTION('',(0.,0.,1.));
#2290 = ORIENTED_EDGE('',*,*,#1762,.F.);
#2291 = ORIENTED_EDGE('',*,*,#2256,.F.);
#2292 = PLANE('',#2293);
#2293 = AXIS2_PLACEMENT_3D('',#2294,#2295,#2296);
#2294 = CARTESIAN_POINT('',(18.663485738255,18.711409395973,-0.9));
#2295 = DIRECTION('',(-1.,0.,0.));
#2296 = DIRECTION('',(0.,1.,0.));
#2297 = ADVANCED_FACE('',(#2298),#2316,.F.);
#2298 = FACE_BOUND('',#2299,.F.);
#2299 = EDGE_LOOP('',(#2300,#2308,#2314,#2315));
#2300 = ORIENTED_EDGE('',*,*,#2301,.F.);
#2301 = EDGE_CURVE('',#2302,#2278,#2304,.T.);
#2302 = VERTEX_POINT('',#2303);
#2303 = CARTESIAN_POINT('',(23.336514261745,18.711409395973,-0.9));
#2304 = LINE('',#2305,#2306);
#2305 = CARTESIAN_POINT('',(23.336514261745,18.711409395973,-0.9));
#2306 = VECTOR('',#2307,1.);
#2307 = DIRECTION('',(-1.,0.,0.));
#2308 = ORIENTED_EDGE('',*,*,#2309,.T.);
#2309 = EDGE_CURVE('',#2302,#1747,#2310,.T.);
#2310 = LINE('',#2311,#2312);
#2311 = CARTESIAN_POINT('',(23.336514261745,18.711409395973,-0.9));
#2312 = VECTOR('',#2313,1.);
#2313 = DIRECTION('',(0.,0.,1.));
#2314 = ORIENTED_EDGE('',*,*,#1754,.F.);
#2315 = ORIENTED_EDGE('',*,*,#2285,.F.);
#2316 = PLANE('',#2317);
#2317 = AXIS2_PLACEMENT_3D('',#2318,#2319,#2320);
#2318 = CARTESIAN_POINT('',(23.336514261745,18.711409395973,-0.9));
#2319 = DIRECTION('',(0.,-1.,0.));
#2320 = DIRECTION('',(-1.,0.,0.));
#2321 = ADVANCED_FACE('',(#2322),#2340,.F.);
#2322 = FACE_BOUND('',#2323,.F.);
#2323 = EDGE_LOOP('',(#2324,#2332,#2338,#2339));
#2324 = ORIENTED_EDGE('',*,*,#2325,.F.);
#2325 = EDGE_CURVE('',#2326,#2302,#2328,.T.);
#2326 = VERTEX_POINT('',#2327);
#2327 = CARTESIAN_POINT('',(23.336514261745,19.989261744966,-0.9));
#2328 = LINE('',#2329,#2330);
#2329 = CARTESIAN_POINT('',(23.336514261745,19.989261744966,-0.9));
#2330 = VECTOR('',#2331,1.);
#2331 = DIRECTION('',(0.,-1.,-0.));
#2332 = ORIENTED_EDGE('',*,*,#2333,.T.);
#2333 = EDGE_CURVE('',#2326,#1739,#2334,.T.);
#2334 = LINE('',#2335,#2336);
#2335 = CARTESIAN_POINT('',(23.336514261745,19.989261744966,-0.9));
#2336 = VECTOR('',#2337,1.);
#2337 = DIRECTION('',(0.,0.,1.));
#2338 = ORIENTED_EDGE('',*,*,#1746,.F.);
#2339 = ORIENTED_EDGE('',*,*,#2309,.F.);
#2340 = PLANE('',#2341);
#2341 = AXIS2_PLACEMENT_3D('',#2342,#2343,#2344);
#2342 = CARTESIAN_POINT('',(23.336514261745,19.989261744966,-0.9));
#2343 = DIRECTION('',(1.,0.,-0.));
#2344 = DIRECTION('',(0.,-1.,0.));
#2345 = ADVANCED_FACE('',(#2346),#2364,.F.);
#2346 = FACE_BOUND('',#2347,.F.);
#2347 = EDGE_LOOP('',(#2348,#2356,#2362,#2363));
#2348 = ORIENTED_EDGE('',*,*,#2349,.F.);
#2349 = EDGE_CURVE('',#2350,#2326,#2352,.T.);
#2350 = VERTEX_POINT('',#2351);
#2351 = CARTESIAN_POINT('',(20.359165268456,19.989261744966,-0.9));
#2352 = LINE('',#2353,#2354);
#2353 = CARTESIAN_POINT('',(20.359165268456,19.989261744966,-0.9));
#2354 = VECTOR('',#2355,1.);
#2355 = DIRECTION('',(1.,0.,0.));
#2356 = ORIENTED_EDGE('',*,*,#2357,.T.);
#2357 = EDGE_CURVE('',#2350,#1731,#2358,.T.);
#2358 = LINE('',#2359,#2360);
#2359 = CARTESIAN_POINT('',(20.359165268456,19.989261744966,-0.9));
#2360 = VECTOR('',#2361,1.);
#2361 = DIRECTION('',(0.,0.,1.));
#2362 = ORIENTED_EDGE('',*,*,#1738,.F.);
#2363 = ORIENTED_EDGE('',*,*,#2333,.F.);
#2364 = PLANE('',#2365);
#2365 = AXIS2_PLACEMENT_3D('',#2366,#2367,#2368);
#2366 = CARTESIAN_POINT('',(20.359165268456,19.989261744966,-0.9));
#2367 = DIRECTION('',(0.,1.,0.));
#2368 = DIRECTION('',(1.,0.,0.));
#2369 = ADVANCED_FACE('',(#2370),#2381,.F.);
#2370 = FACE_BOUND('',#2371,.F.);
#2371 = EDGE_LOOP('',(#2372,#2378,#2379,#2380));
#2372 = ORIENTED_EDGE('',*,*,#2373,.F.);
#2373 = EDGE_CURVE('',#2249,#2350,#2374,.T.);
#2374 = LINE('',#2375,#2376);
#2375 = CARTESIAN_POINT('',(20.359165268456,25.288590604027,-0.9));
#2376 = VECTOR('',#2377,1.);
#2377 = DIRECTION('',(0.,-1.,-0.));
#2378 = ORIENTED_EDGE('',*,*,#2263,.T.);
#2379 = ORIENTED_EDGE('',*,*,#1730,.F.);
#2380 = ORIENTED_EDGE('',*,*,#2357,.F.);
#2381 = PLANE('',#2382);
#2382 = AXIS2_PLACEMENT_3D('',#2383,#2384,#2385);
#2383 = CARTESIAN_POINT('',(20.359165268456,25.288590604027,-0.9));
#2384 = DIRECTION('',(1.,0.,-0.));
#2385 = DIRECTION('',(0.,-1.,0.));
#2386 = ADVANCED_FACE('',(#2387),#2395,.T.);
#2387 = FACE_BOUND('',#2388,.F.);
#2388 = EDGE_LOOP('',(#2389,#2390,#2391,#2392,#2393,#2394));
#2389 = ORIENTED_EDGE('',*,*,#2246,.T.);
#2390 = ORIENTED_EDGE('',*,*,#2373,.T.);
#2391 = ORIENTED_EDGE('',*,*,#2349,.T.);
#2392 = ORIENTED_EDGE('',*,*,#2325,.T.);
#2393 = ORIENTED_EDGE('',*,*,#2301,.T.);
#2394 = ORIENTED_EDGE('',*,*,#2277,.T.);
#2395 = PLANE('',#2396);
#2396 = AXIS2_PLACEMENT_3D('',#2397,#2398,#2399);
#2397 = CARTESIAN_POINT('',(20.298770786495,21.298770786495,-0.9));
#2398 = DIRECTION('',(0.,0.,1.));
#2399 = DIRECTION('',(1.,0.,-0.));
#2400 = ADVANCED_FACE('',(#2401),#2420,.F.);
#2401 = FACE_BOUND('',#2402,.F.);
#2402 = EDGE_LOOP('',(#2403,#2404,#2412,#2419));
#2403 = ORIENTED_EDGE('',*,*,#1770,.F.);
#2404 = ORIENTED_EDGE('',*,*,#2405,.F.);
#2405 = EDGE_CURVE('',#2406,#1771,#2408,.T.);
#2406 = VERTEX_POINT('',#2407);
#2407 = CARTESIAN_POINT('',(23.4,42.,-2.));
#2408 = LINE('',#2409,#2410);
#2409 = CARTESIAN_POINT('',(23.4,42.,-2.));
#2410 = VECTOR('',#2411,1.);
#2411 = DIRECTION('',(0.,0.,1.));
#2412 = ORIENTED_EDGE('',*,*,#2413,.T.);
#2413 = EDGE_CURVE('',#2406,#2406,#2414,.T.);
#2414 = CIRCLE('',#2415,2.4);
#2415 = AXIS2_PLACEMENT_3D('',#2416,#2417,#2418);
#2416 = CARTESIAN_POINT('',(21.,42.,-2.));
#2417 = DIRECTION('',(0.,0.,1.));
#2418 = DIRECTION('',(1.,0.,-0.));
#2419 = ORIENTED_EDGE('',*,*,#2405,.T.);
#2420 = CYLINDRICAL_SURFACE('',#2421,2.4);
#2421 = AXIS2_PLACEMENT_3D('',#2422,#2423,#2424);
#2422 = CARTESIAN_POINT('',(21.,42.,-2.));
#2423 = DIRECTION('',(0.,0.,1.));
#2424 = DIRECTION('',(1.,0.,-0.));
#2425 = ADVANCED_FACE('',(#2426),#2429,.T.);
#2426 = FACE_BOUND('',#2427,.F.);
#2427 = EDGE_LOOP('',(#2428));
#2428 = ORIENTED_EDGE('',*,*,#2413,.F.);
#2429 = PLANE('',#2430);
#2430 = AXIS2_PLACEMENT_3D('',#2431,#2432,#2433);
#2431 = CARTESIAN_POINT('',(21.,42.,-2.));
#2432 = DIRECTION('',(0.,0.,1.));
#2433 = DIRECTION('',(1.,0.,-0.));
#2434 = ADVANCED_FACE('',(#2435),#2460,.T.);
#2435 = FACE_BOUND('',#2436,.T.);
#2436 = EDGE_LOOP('',(#2437,#2445,#2446,#2454));
#2437 = ORIENTED_EDGE('',*,*,#2438,.F.);
#2438 = EDGE_CURVE('',#1784,#2439,#2441,.T.);
#2439 = VERTEX_POINT('',#2440);
#2440 = CARTESIAN_POINT('',(39.8,48.,0.8));
#2441 = LINE('',#2442,#2443);
#2442 = CARTESIAN_POINT('',(39.8,48.,-0.4));
#2443 = VECTOR('',#2444,1.);
#2444 = DIRECTION('',(0.,0.,1.));
#2445 = ORIENTED_EDGE('',*,*,#1807,.T.);
#2446 = ORIENTED_EDGE('',*,*,#2447,.T.);
#2447 = EDGE_CURVE('',#1800,#2448,#2450,.T.);
#2448 = VERTEX_POINT('',#2449);
#2449 = CARTESIAN_POINT('',(39.8,52.,0.8));
#2450 = LINE('',#2451,#2452);
#2451 = CARTESIAN_POINT('',(39.8,52.,-0.4));
#2452 = VECTOR('',#2453,1.);
#2453 = DIRECTION('',(0.,0.,1.));
#2454 = ORIENTED_EDGE('',*,*,#2455,.F.);
#2455 = EDGE_CURVE('',#2439,#2448,#2456,.T.);
#2456 = LINE('',#2457,#2458);
#2457 = CARTESIAN_POINT('',(39.8,48.,0.8));
#2458 = VECTOR('',#2459,1.);
#2459 = DIRECTION('',(-0.,1.,0.));
#2460 = PLANE('',#2461);
#2461 = AXIS2_PLACEMENT_3D('',#2462,#2463,#2464);
#2462 = CARTESIAN_POINT('',(39.8,48.,-0.4));
#2463 = DIRECTION('',(1.,0.,-0.));
#2464 = DIRECTION('',(0.,0.,1.));
#2465 = ADVANCED_FACE('',(#2466),#2484,.F.);
#2466 = FACE_BOUND('',#2467,.F.);
#2467 = EDGE_LOOP('',(#2468,#2469,#2477,#2483));
#2468 = ORIENTED_EDGE('',*,*,#1781,.F.);
#2469 = ORIENTED_EDGE('',*,*,#2470,.T.);
#2470 = EDGE_CURVE('',#1782,#2471,#2473,.T.);
#2471 = VERTEX_POINT('',#2472);
#2472 = CARTESIAN_POINT('',(37.2,48.,0.8));
#2473 = LINE('',#2474,#2475);
#2474 = CARTESIAN_POINT('',(37.2,48.,-0.4));
#2475 = VECTOR('',#2476,1.);
#2476 = DIRECTION('',(0.,0.,1.));
#2477 = ORIENTED_EDGE('',*,*,#2478,.T.);
#2478 = EDGE_CURVE('',#2471,#2439,#2479,.T.);
#2479 = LINE('',#2480,#2481);
#2480 = CARTESIAN_POINT('',(37.2,48.,0.8));
#2481 = VECTOR('',#2482,1.);
#2482 = DIRECTION('',(1.,0.,-0.));
#2483 = ORIENTED_EDGE('',*,*,#2438,.F.);
#2484 = PLANE('',#2485);
#2485 = AXIS2_PLACEMENT_3D('',#2486,#2487,#2488);
#2486 = CARTESIAN_POINT('',(37.2,48.,-0.4));
#2487 = DIRECTION('',(-0.,1.,0.));
#2488 = DIRECTION('',(0.,0.,1.));
#2489 = ADVANCED_FACE('',(#2490),#2508,.F.);
#2490 = FACE_BOUND('',#2491,.F.);
#2491 = EDGE_LOOP('',(#2492,#2493,#2494,#2502));
#2492 = ORIENTED_EDGE('',*,*,#2470,.F.);
#2493 = ORIENTED_EDGE('',*,*,#1791,.T.);
#2494 = ORIENTED_EDGE('',*,*,#2495,.T.);
#2495 = EDGE_CURVE('',#1792,#2496,#2498,.T.);
#2496 = VERTEX_POINT('',#2497);
#2497 = CARTESIAN_POINT('',(37.2,52.,0.8));
#2498 = LINE('',#2499,#2500);
#2499 = CARTESIAN_POINT('',(37.2,52.,-0.4));
#2500 = VECTOR('',#2501,1.);
#2501 = DIRECTION('',(0.,0.,1.));
#2502 = ORIENTED_EDGE('',*,*,#2503,.F.);
#2503 = EDGE_CURVE('',#2471,#2496,#2504,.T.);
#2504 = LINE('',#2505,#2506);
#2505 = CARTESIAN_POINT('',(37.2,48.,0.8));
#2506 = VECTOR('',#2507,1.);
#2507 = DIRECTION('',(-0.,1.,0.));
#2508 = PLANE('',#2509);
#2509 = AXIS2_PLACEMENT_3D('',#2510,#2511,#2512);
#2510 = CARTESIAN_POINT('',(37.2,48.,-0.4));
#2511 = DIRECTION('',(1.,0.,-0.));
#2512 = DIRECTION('',(0.,0.,1.));
#2513 = ADVANCED_FACE('',(#2514),#2525,.T.);
#2514 = FACE_BOUND('',#2515,.T.);
#2515 = EDGE_LOOP('',(#2516,#2517,#2518,#2524));
#2516 = ORIENTED_EDGE('',*,*,#1799,.F.);
#2517 = ORIENTED_EDGE('',*,*,#2495,.T.);
#2518 = ORIENTED_EDGE('',*,*,#2519,.T.);
#2519 = EDGE_CURVE('',#2496,#2448,#2520,.T.);
#2520 = LINE('',#2521,#2522);
#2521 = CARTESIAN_POINT('',(37.2,52.,0.8));
#2522 = VECTOR('',#2523,1.);
#2523 = DIRECTION('',(1.,0.,-0.));
#2524 = ORIENTED_EDGE('',*,*,#2447,.F.);
#2525 = PLANE('',#2526);
#2526 = AXIS2_PLACEMENT_3D('',#2527,#2528,#2529);
#2527 = CARTESIAN_POINT('',(37.2,52.,-0.4));
#2528 = DIRECTION('',(-0.,1.,0.));
#2529 = DIRECTION('',(0.,0.,1.));
#2530 = ADVANCED_FACE('',(#2531),#2537,.T.);
#2531 = FACE_BOUND('',#2532,.T.);
#2532 = EDGE_LOOP('',(#2533,#2534,#2535,#2536));
#2533 = ORIENTED_EDGE('',*,*,#2503,.F.);
#2534 = ORIENTED_EDGE('',*,*,#2478,.T.);
#2535 = ORIENTED_EDGE('',*,*,#2455,.T.);
#2536 = ORIENTED_EDGE('',*,*,#2519,.F.);
#2537 = PLANE('',#2538);
#2538 = AXIS2_PLACEMENT_3D('',#2539,#2540,#2541);
#2539 = CARTESIAN_POINT('',(37.2,48.,0.8));
#2540 = DIRECTION('',(0.,0.,1.));
#2541 = DIRECTION('',(1.,0.,-0.));
#2542 = ADVANCED_FACE('',(#2543),#2556,.T.);
#2543 = FACE_BOUND('',#2544,.T.);
#2544 = EDGE_LOOP('',(#2545,#2554,#2555));
#2545 = ORIENTED_EDGE('',*,*,#2546,.T.);
#2546 = EDGE_CURVE('',#1816,#2547,#2549,.T.);
#2547 = VERTEX_POINT('',#2548);
#2548 = CARTESIAN_POINT('',(-9.1,44.,0.4));
#2549 = CIRCLE('',#2550,0.8);
#2550 = AXIS2_PLACEMENT_3D('',#2551,#2552,#2553);
#2551 = CARTESIAN_POINT('',(-9.1,44.,-0.4));
#2552 = DIRECTION('',(-2.449293598295E-16,-1.,0.));
#2553 = DIRECTION('',(1.,-2.449293598295E-16,0.));
#2554 = ORIENTED_EDGE('',*,*,#2546,.F.);
#2555 = ORIENTED_EDGE('',*,*,#1815,.T.);
#2556 = SPHERICAL_SURFACE('',#2557,0.8);
#2557 = AXIS2_PLACEMENT_3D('',#2558,#2559,#2560);
#2558 = CARTESIAN_POINT('',(-9.1,44.,-0.4));
#2559 = DIRECTION('',(0.,0.,1.));
#2560 = DIRECTION('',(1.,0.,-0.));
#2561 = ADVANCED_FACE('',(#2562),#2575,.T.);
#2562 = FACE_BOUND('',#2563,.T.);
#2563 = EDGE_LOOP('',(#2564,#2573,#2574));
#2564 = ORIENTED_EDGE('',*,*,#2565,.T.);
#2565 = EDGE_CURVE('',#1827,#2566,#2568,.T.);
#2566 = VERTEX_POINT('',#2567);
#2567 = CARTESIAN_POINT('',(-9.1,46.6,0.4));
#2568 = CIRCLE('',#2569,0.8);
#2569 = AXIS2_PLACEMENT_3D('',#2570,#2571,#2572);
#2570 = CARTESIAN_POINT('',(-9.1,46.6,-0.4));
#2571 = DIRECTION('',(-2.449293598295E-16,-1.,0.));
#2572 = DIRECTION('',(1.,-2.449293598295E-16,0.));
#2573 = ORIENTED_EDGE('',*,*,#2565,.F.);
#2574 = ORIENTED_EDGE('',*,*,#1826,.T.);
#2575 = SPHERICAL_SURFACE('',#2576,0.8);
#2576 = AXIS2_PLACEMENT_3D('',#2577,#2578,#2579);
#2577 = CARTESIAN_POINT('',(-9.1,46.6,-0.4));
#2578 = DIRECTION('',(0.,0.,1.));
#2579 = DIRECTION('',(1.,0.,-0.));
#2580 = ADVANCED_FACE('',(#2581),#2601,.T.);
#2581 = FACE_BOUND('',#2582,.T.);
#2582 = EDGE_LOOP('',(#2583,#2584,#2585,#2586,#2592,#2593,#2599,#2600));
#2583 = ORIENTED_EDGE('',*,*,#514,.T.);
#2584 = ORIENTED_EDGE('',*,*,#484,.F.);
#2585 = ORIENTED_EDGE('',*,*,#1686,.T.);
#2586 = ORIENTED_EDGE('',*,*,#2587,.T.);
#2587 = EDGE_CURVE('',#1679,#2216,#2588,.T.);
#2588 = LINE('',#2589,#2590);
#2589 = CARTESIAN_POINT('',(-3.,12.,-0.4));
#2590 = VECTOR('',#2591,1.);
#2591 = DIRECTION('',(0.,0.,1.));
#2592 = ORIENTED_EDGE('',*,*,#2215,.T.);
#2593 = ORIENTED_EDGE('',*,*,#2594,.F.);
#2594 = EDGE_CURVE('',#888,#2218,#2595,.T.);
#2595 = LINE('',#2596,#2597);
#2596 = CARTESIAN_POINT('',(-3.,58.,-0.4));
#2597 = VECTOR('',#2598,1.);
#2598 = DIRECTION('',(0.,0.,1.));
#2599 = ORIENTED_EDGE('',*,*,#887,.F.);
#2600 = ORIENTED_EDGE('',*,*,#872,.F.);
#2601 = PLANE('',#2602);
#2602 = AXIS2_PLACEMENT_3D('',#2603,#2604,#2605);
#2603 = CARTESIAN_POINT('',(-3.,35.941064638783,1.126235741445));
#2604 = DIRECTION('',(-1.,-0.,-0.));
#2605 = DIRECTION('',(0.,0.,-1.));
#2606 = ADVANCED_FACE('',(#2607),#2627,.T.);
#2607 = FACE_BOUND('',#2608,.T.);
#2608 = EDGE_LOOP('',(#2609,#2610,#2611,#2612,#2618,#2619,#2625,#2626));
#2609 = ORIENTED_EDGE('',*,*,#612,.T.);
#2610 = ORIENTED_EDGE('',*,*,#1144,.T.);
#2611 = ORIENTED_EDGE('',*,*,#1187,.T.);
#2612 = ORIENTED_EDGE('',*,*,#2613,.T.);
#2613 = EDGE_CURVE('',#1179,#1862,#2614,.T.);
#2614 = LINE('',#2615,#2616);
#2615 = CARTESIAN_POINT('',(45.,58.,-0.4));
#2616 = VECTOR('',#2617,1.);
#2617 = DIRECTION('',(0.,0.,1.));
#2618 = ORIENTED_EDGE('',*,*,#1861,.F.);
#2619 = ORIENTED_EDGE('',*,*,#2620,.F.);
#2620 = EDGE_CURVE('',#1603,#1854,#2621,.T.);
#2621 = LINE('',#2622,#2623);
#2622 = CARTESIAN_POINT('',(45.,12.,-0.4));
#2623 = VECTOR('',#2624,1.);
#2624 = DIRECTION('',(0.,0.,1.));
#2625 = ORIENTED_EDGE('',*,*,#1602,.T.);
#2626 = ORIENTED_EDGE('',*,*,#374,.F.);
#2627 = PLANE('',#2628);
#2628 = AXIS2_PLACEMENT_3D('',#2629,#2630,#2631);
#2629 = CARTESIAN_POINT('',(45.,35.941064638783,1.126235741445));
#2630 = DIRECTION('',(1.,0.,0.));
#2631 = DIRECTION('',(-0.,0.,1.));
#2632 = ADVANCED_FACE('',(#2633),#2650,.T.);
#2633 = FACE_BOUND('',#2634,.T.);
#2634 = EDGE_LOOP('',(#2635,#2636,#2637,#2638,#2644,#2645,#2646,#2647,
    #2648,#2649));
#2635 = ORIENTED_EDGE('',*,*,#805,.T.);
#2636 = ORIENTED_EDGE('',*,*,#1652,.T.);
#2637 = ORIENTED_EDGE('',*,*,#2039,.F.);
#2638 = ORIENTED_EDGE('',*,*,#2639,.T.);
#2639 = EDGE_CURVE('',#2030,#911,#2640,.T.);
#2640 = LINE('',#2641,#2642);
#2641 = CARTESIAN_POINT('',(17.,46.5,-1.8));
#2642 = VECTOR('',#2643,1.);
#2643 = DIRECTION('',(-0.,1.,0.));
#2644 = ORIENTED_EDGE('',*,*,#936,.T.);
#2645 = ORIENTED_EDGE('',*,*,#967,.T.);
#2646 = ORIENTED_EDGE('',*,*,#998,.T.);
#2647 = ORIENTED_EDGE('',*,*,#1012,.T.);
#2648 = ORIENTED_EDGE('',*,*,#1044,.F.);
#2649 = ORIENTED_EDGE('',*,*,#555,.F.);
#2650 = PLANE('',#2651);
#2651 = AXIS2_PLACEMENT_3D('',#2652,#2653,#2654);
#2652 = CARTESIAN_POINT('',(17.,54.72137667171,-2.089601653847));
#2653 = DIRECTION('',(-1.,-0.,-0.));
#2654 = DIRECTION('',(0.,0.,-1.));
#2655 = ADVANCED_FACE('',(#2656),#2673,.T.);
#2656 = FACE_BOUND('',#2657,.T.);
#2657 = EDGE_LOOP('',(#2658,#2659,#2660,#2661,#2662,#2663,#2664,#2665,
    #2671,#2672));
#2658 = ORIENTED_EDGE('',*,*,#1074,.F.);
#2659 = ORIENTED_EDGE('',*,*,#571,.T.);
#2660 = ORIENTED_EDGE('',*,*,#1051,.T.);
#2661 = ORIENTED_EDGE('',*,*,#1021,.F.);
#2662 = ORIENTED_EDGE('',*,*,#982,.F.);
#2663 = ORIENTED_EDGE('',*,*,#951,.F.);
#2664 = ORIENTED_EDGE('',*,*,#920,.F.);
#2665 = ORIENTED_EDGE('',*,*,#2666,.F.);
#2666 = EDGE_CURVE('',#2032,#913,#2667,.T.);
#2667 = LINE('',#2668,#2669);
#2668 = CARTESIAN_POINT('',(25.,59.,-1.8));
#2669 = VECTOR('',#2670,1.);
#2670 = DIRECTION('',(-0.,1.,0.));
#2671 = ORIENTED_EDGE('',*,*,#2046,.T.);
#2672 = ORIENTED_EDGE('',*,*,#1636,.F.);
#2673 = PLANE('',#2674);
#2674 = AXIS2_PLACEMENT_3D('',#2675,#2676,#2677);
#2675 = CARTESIAN_POINT('',(25.,54.72137667171,-2.089601653847));
#2676 = DIRECTION('',(1.,0.,0.));
#2677 = DIRECTION('',(-0.,0.,1.));
#2678 = ADVANCED_FACE('',(#2679),#2689,.T.);
#2679 = FACE_BOUND('',#2680,.T.);
#2680 = EDGE_LOOP('',(#2681,#2682,#2683,#2684,#2685,#2686,#2687,#2688));
#2681 = ORIENTED_EDGE('',*,*,#1678,.T.);
#2682 = ORIENTED_EDGE('',*,*,#2060,.T.);
#2683 = ORIENTED_EDGE('',*,*,#2108,.T.);
#2684 = ORIENTED_EDGE('',*,*,#2139,.T.);
#2685 = ORIENTED_EDGE('',*,*,#2170,.T.);
#2686 = ORIENTED_EDGE('',*,*,#2184,.T.);
#2687 = ORIENTED_EDGE('',*,*,#2225,.F.);
#2688 = ORIENTED_EDGE('',*,*,#2587,.F.);
#2689 = PLANE('',#2690);
#2690 = AXIS2_PLACEMENT_3D('',#2691,#2692,#2693);
#2691 = CARTESIAN_POINT('',(-1.407881969502,12.,1.41902875767));
#2692 = DIRECTION('',(-0.,-1.,-0.));
#2693 = DIRECTION('',(0.,0.,-1.));
#2694 = ADVANCED_FACE('',(#2695),#2705,.T.);
#2695 = FACE_BOUND('',#2696,.T.);
#2696 = EDGE_LOOP('',(#2697,#2698,#2699,#2700,#2701,#2702,#2703,#2704));
#2697 = ORIENTED_EDGE('',*,*,#1610,.T.);
#2698 = ORIENTED_EDGE('',*,*,#2620,.T.);
#2699 = ORIENTED_EDGE('',*,*,#1853,.F.);
#2700 = ORIENTED_EDGE('',*,*,#1883,.F.);
#2701 = ORIENTED_EDGE('',*,*,#1931,.T.);
#2702 = ORIENTED_EDGE('',*,*,#1962,.T.);
#2703 = ORIENTED_EDGE('',*,*,#2015,.T.);
#2704 = ORIENTED_EDGE('',*,*,#1976,.F.);
#2705 = PLANE('',#2706);
#2706 = AXIS2_PLACEMENT_3D('',#2707,#2708,#2709);
#2707 = CARTESIAN_POINT('',(43.407881969502,12.,1.41902875767));
#2708 = DIRECTION('',(-0.,-1.,-0.));
#2709 = DIRECTION('',(0.,0.,-1.));
#2710 = ADVANCED_FACE('',(#2711),#2717,.T.);
#2711 = FACE_BOUND('',#2712,.T.);
#2712 = EDGE_LOOP('',(#2713,#2714,#2715,#2716));
#2713 = ORIENTED_EDGE('',*,*,#2639,.F.);
#2714 = ORIENTED_EDGE('',*,*,#2029,.T.);
#2715 = ORIENTED_EDGE('',*,*,#2666,.T.);
#2716 = ORIENTED_EDGE('',*,*,#910,.F.);
#2717 = PLANE('',#2718);
#2718 = AXIS2_PLACEMENT_3D('',#2719,#2720,#2721);
#2719 = CARTESIAN_POINT('',(21.,53.4,-1.8));
#2720 = DIRECTION('',(0.,0.,1.));
#2721 = DIRECTION('',(1.,0.,-0.));
#2722 = ADVANCED_FACE('',(#2723),#2734,.T.);
#2723 = FACE_BOUND('',#2724,.T.);
#2724 = EDGE_LOOP('',(#2725,#2726,#2727,#2728,#2729,#2730,#2731,#2732,
    #2733));
#2725 = ORIENTED_EDGE('',*,*,#896,.F.);
#2726 = ORIENTED_EDGE('',*,*,#2594,.T.);
#2727 = ORIENTED_EDGE('',*,*,#2232,.T.);
#2728 = ORIENTED_EDGE('',*,*,#2193,.F.);
#2729 = ORIENTED_EDGE('',*,*,#2154,.F.);
#2730 = ORIENTED_EDGE('',*,*,#2123,.F.);
#2731 = ORIENTED_EDGE('',*,*,#2092,.F.);
#2732 = ORIENTED_EDGE('',*,*,#2069,.F.);
#2733 = ORIENTED_EDGE('',*,*,#1662,.F.);
#2734 = PLANE('',#2735);
#2735 = AXIS2_PLACEMENT_3D('',#2736,#2737,#2738);
#2736 = CARTESIAN_POINT('',(-1.407881969502,58.,1.41902875767));
#2737 = DIRECTION('',(0.,1.,0.));
#2738 = DIRECTION('',(0.,-0.,1.));
#2739 = ADVANCED_FACE('',(#2740),#2751,.T.);
#2740 = FACE_BOUND('',#2741,.T.);
#2741 = EDGE_LOOP('',(#2742,#2743,#2744,#2745,#2746,#2747,#2748,#2749,
    #2750));
#2742 = ORIENTED_EDGE('',*,*,#1626,.F.);
#2743 = ORIENTED_EDGE('',*,*,#1985,.T.);
#2744 = ORIENTED_EDGE('',*,*,#2008,.F.);
#2745 = ORIENTED_EDGE('',*,*,#1946,.F.);
#2746 = ORIENTED_EDGE('',*,*,#1915,.F.);
#2747 = ORIENTED_EDGE('',*,*,#1899,.T.);
#2748 = ORIENTED_EDGE('',*,*,#1869,.T.);
#2749 = ORIENTED_EDGE('',*,*,#2613,.F.);
#2750 = ORIENTED_EDGE('',*,*,#1178,.F.);
#2751 = PLANE('',#2752);
#2752 = AXIS2_PLACEMENT_3D('',#2753,#2754,#2755);
#2753 = CARTESIAN_POINT('',(43.407881969502,58.,1.41902875767));
#2754 = DIRECTION('',(0.,1.,0.));
#2755 = DIRECTION('',(0.,-0.,1.));
#2756 = ( GEOMETRIC_REPRESENTATION_CONTEXT(3) 
GLOBAL_UNCERTAINTY_ASSIGNED_CONTEXT((#2760)) 
GLOBAL_UNIT_ASSIGNED_CONTEXT((#2757,#2758,#2759)) REPRESENTATION_CONTEXT
('Context #1','3D Context with UNIT and UNCERTAINTY') );
#2757 = ( LENGTH_UNIT() NAMED_UNIT(*) SI_UNIT(.MILLI.,.METRE.) );
#2758 = ( NAMED_UNIT(*) PLANE_ANGLE_UNIT() SI_UNIT($,.RADIAN.) );
#2759 = ( NAMED_UNIT(*) SI_UNIT($,.STERADIAN.) SOLID_ANGLE_UNIT() );
#2760 = UNCERTAINTY_MEASURE_WITH_UNIT(LENGTH_MEASURE(2.E-07),#2757,
  'distance_accuracy_value','confusion accuracy');
#2761 = PRODUCT_RELATED_PRODUCT_CATEGORY('part',$,(#7));
ENDSEC;
END-ISO-10303-21;
