ISO-10303-21;
HEADER;
FILE_DESCRIPTION(('FreeCAD Model'),'2;1');
FILE_NAME('Open CASCADE Shape Model','2026-09-28T03:29:42',('FreeCAD'),(
    'FreeCAD'),'Open CASCADE STEP processor 7.9','FreeCAD','Unknown');
FILE_SCHEMA(('AUTOMOTIVE_DESIGN { 1 0 10303 214 1 1 1 1 }'));
ENDSEC;
DATA;
#1 = APPLICATION_PROTOCOL_DEFINITION('international standard',
  'automotive_design',2000,#2);
#2 = APPLICATION_CONTEXT(
  'core data for automotive mechanical design processes');
#3 = SHAPE_DEFINITION_REPRESENTATION(#4,#10);
#4 = PRODUCT_DEFINITION_SHAPE('','',#5);
#5 = PRODUCT_DEFINITION('design','',#6,#9);
#6 = PRODUCT_DEFINITION_FORMATION('','',#7);
#7 = PRODUCT('Open CASCADE STEP translator 7.9 2',
  'Open CASCADE STEP translator 7.9 2','',(#8));
#8 = PRODUCT_CONTEXT('',#2,'mechanical');
#9 = PRODUCT_DEFINITION_CONTEXT('part definition',#2,'design');
#10 = ADVANCED_BREP_SHAPE_REPRESENTATION('',(#11,#15),#12448);
#11 = AXIS2_PLACEMENT_3D('',#12,#13,#14);
#12 = CARTESIAN_POINT('',(0.,0.,0.));
#13 = DIRECTION('',(0.,0.,1.));
#14 = DIRECTION('',(1.,0.,-0.));
#15 = MANIFOLD_SOLID_BREP('',#16);
#16 = CLOSED_SHELL('',(#17,#50,#70,#95,#135,#168,#201,#336,#360,#400,
    #425,#449,#482,#506,#548,#572,#597,#621,#646,#670,#695,#726,#743,
    #757,#1003,#1028,#1077,#1102,#1151,#1175,#1199,#1231,#1255,#1279,
    #1304,#1328,#1375,#1399,#1417,#1441,#1465,#1483,#1503,#1523,#1551,
    #1571,#1591,#1601,#1626,#1651,#1676,#1701,#1710,#1719,#1728,#1737,
    #4232,#4286,#4311,#4335,#4355,#4380,#4420,#4446,#4456,#4488,#4512,
    #4536,#4567,#4592,#4623,#4647,#4671,#4695,#4719,#4750,#4774,#4798,
    #4822,#4846,#4870,#4894,#4911,#4953,#4984,#5008,#5025,#5036,#5067,
    #5091,#5115,#5139,#5163,#5187,#5204,#5219,#5250,#5274,#5298,#5322,
    #5346,#5370,#5394,#5418,#5442,#5459,#5477,#5508,#5532,#5556,#5573,
    #5585,#5616,#5640,#5664,#5688,#5712,#5736,#5760,#5777,#5819,#5850,
    #5874,#5891,#5902,#5933,#5959,#5983,#6009,#6033,#6059,#6085,#6111,
    #6137,#6163,#6182,#6259,#6290,#6314,#6347,#6382,#6417,#6450,#6467,
    #6482,#6513,#6537,#6561,#6585,#6609,#6633,#6657,#6674,#6690,#6721,
    #6745,#6769,#6793,#6817,#6841,#6865,#6882,#6898,#6932,#6956,#6980,
    #7011,#7035,#7061,#7087,#7113,#7139,#7165,#7191,#7208,#7232,#7256,
    #7350,#7367,#7381,#7417,#7446,#7475,#7504,#7528,#7552,#7569,#7584,
    #7615,#7639,#7663,#7687,#7711,#7735,#7759,#7783,#7807,#7824,#7842,
    #7873,#7897,#7921,#7945,#7969,#7993,#8017,#8041,#8065,#8082,#8100,
    #8131,#8158,#8184,#8210,#8236,#8263,#8289,#8315,#8339,#8365,#8391,
    #8417,#8443,#8469,#8495,#8519,#8545,#8571,#8597,#8623,#8649,#8675,
    #8699,#8725,#8751,#8778,#8826,#8845,#8859,#8892,#8918,#8944,#8970,
    #8996,#9022,#9048,#9072,#9098,#9122,#9139,#9274,#9310,#9343,#9376,
    #9405,#9429,#9453,#9470,#9506,#9539,#9572,#9601,#9625,#9649,#9666,
    #9681,#9696,#9729,#9753,#9777,#9801,#9825,#9849,#9875,#9901,#9927,
    #9953,#9979,#10005,#10031,#10057,#10081,#10107,#10133,#10159,#10185,
    #10211,#10237,#10256,#10286,#10317,#10341,#10365,#10389,#10413,
    #10437,#10461,#10485,#10509,#10533,#10557,#10574,#10594,#10625,
    #10649,#10673,#10697,#10721,#10745,#10769,#10793,#10817,#10841,
    #10865,#10882,#10902,#10935,#10959,#10985,#11011,#11037,#11063,
    #11089,#11115,#11141,#11167,#11191,#11217,#11243,#11269,#11295,
    #11321,#11347,#11366,#11392,#11423,#11447,#11471,#11495,#11519,
    #11543,#11567,#11591,#11615,#11632,#11650,#11681,#11705,#11729,
    #11746,#11758,#11789,#11813,#11837,#11854,#11866,#11883,#11900,
    #11942,#11967,#12007,#12032,#12124,#12155,#12186,#12217,#12248,
    #12270,#12284,#12298,#12323,#12348,#12373,#12404,#12420,#12434));
#17 = ADVANCED_FACE('',(#18),#45,.F.);
#18 = FACE_BOUND('',#19,.F.);
#19 = EDGE_LOOP('',(#20,#29,#37,#44));
#20 = ORIENTED_EDGE('',*,*,#21,.F.);
#21 = EDGE_CURVE('',#22,#22,#24,.T.);
#22 = VERTEX_POINT('',#23);
#23 = CARTESIAN_POINT('',(56.6,10.2,21.2));
#24 = CIRCLE('',#25,1.8);
#25 = AXIS2_PLACEMENT_3D('',#26,#27,#28);
#26 = CARTESIAN_POINT('',(54.8,10.2,21.2));
#27 = DIRECTION('',(0.,0.,1.));
#28 = DIRECTION('',(1.,0.,-0.));
#29 = ORIENTED_EDGE('',*,*,#30,.F.);
#30 = EDGE_CURVE('',#31,#22,#33,.T.);
#31 = VERTEX_POINT('',#32);
#32 = CARTESIAN_POINT('',(56.6,10.2,20.6));
#33 = LINE('',#34,#35);
#34 = CARTESIAN_POINT('',(56.6,10.2,20.6));
#35 = VECTOR('',#36,1.);
#36 = DIRECTION('',(0.,0.,1.));
#37 = ORIENTED_EDGE('',*,*,#38,.T.);
#38 = EDGE_CURVE('',#31,#31,#39,.T.);
#39 = CIRCLE('',#40,1.8);
#40 = AXIS2_PLACEMENT_3D('',#41,#42,#43);
#41 = CARTESIAN_POINT('',(54.8,10.2,20.6));
#42 = DIRECTION('',(0.,0.,1.));
#43 = DIRECTION('',(1.,0.,-0.));
#44 = ORIENTED_EDGE('',*,*,#30,.T.);
#45 = CYLINDRICAL_SURFACE('',#46,1.8);
#46 = AXIS2_PLACEMENT_3D('',#47,#48,#49);
#47 = CARTESIAN_POINT('',(54.8,10.2,20.6));
#48 = DIRECTION('',(0.,0.,1.));
#49 = DIRECTION('',(1.,0.,-0.));
#50 = ADVANCED_FACE('',(#51,#54),#65,.T.);
#51 = FACE_BOUND('',#52,.T.);
#52 = EDGE_LOOP('',(#53));
#53 = ORIENTED_EDGE('',*,*,#38,.T.);
#54 = FACE_BOUND('',#55,.T.);
#55 = EDGE_LOOP('',(#56));
#56 = ORIENTED_EDGE('',*,*,#57,.F.);
#57 = EDGE_CURVE('',#58,#58,#60,.T.);
#58 = VERTEX_POINT('',#59);
#59 = CARTESIAN_POINT('',(56.05,10.2,20.6));
#60 = CIRCLE('',#61,1.25);
#61 = AXIS2_PLACEMENT_3D('',#62,#63,#64);
#62 = CARTESIAN_POINT('',(54.8,10.2,20.6));
#63 = DIRECTION('',(0.,0.,1.));
#64 = DIRECTION('',(1.,0.,-0.));
#65 = PLANE('',#66);
#66 = AXIS2_PLACEMENT_3D('',#67,#68,#69);
#67 = CARTESIAN_POINT('',(54.8,10.2,20.6));
#68 = DIRECTION('',(0.,0.,1.));
#69 = DIRECTION('',(1.,0.,-0.));
#70 = ADVANCED_FACE('',(#71),#90,.F.);
#71 = FACE_BOUND('',#72,.F.);
#72 = EDGE_LOOP('',(#73,#74,#82,#89));
#73 = ORIENTED_EDGE('',*,*,#57,.F.);
#74 = ORIENTED_EDGE('',*,*,#75,.F.);
#75 = EDGE_CURVE('',#76,#58,#78,.T.);
#76 = VERTEX_POINT('',#77);
#77 = CARTESIAN_POINT('',(56.05,10.2,9.45));
#78 = LINE('',#79,#80);
#79 = CARTESIAN_POINT('',(56.05,10.2,9.35));
#80 = VECTOR('',#81,1.);
#81 = DIRECTION('',(0.,0.,1.));
#82 = ORIENTED_EDGE('',*,*,#83,.T.);
#83 = EDGE_CURVE('',#76,#76,#84,.T.);
#84 = CIRCLE('',#85,1.25);
#85 = AXIS2_PLACEMENT_3D('',#86,#87,#88);
#86 = CARTESIAN_POINT('',(54.8,10.2,9.45));
#87 = DIRECTION('',(0.,0.,1.));
#88 = DIRECTION('',(1.,0.,-0.));
#89 = ORIENTED_EDGE('',*,*,#75,.T.);
#90 = CYLINDRICAL_SURFACE('',#91,1.25);
#91 = AXIS2_PLACEMENT_3D('',#92,#93,#94);
#92 = CARTESIAN_POINT('',(54.8,10.2,9.35));
#93 = DIRECTION('',(0.,0.,1.));
#94 = DIRECTION('',(1.,0.,-0.));
#95 = ADVANCED_FACE('',(#96),#130,.F.);
#96 = FACE_BOUND('',#97,.F.);
#97 = EDGE_LOOP('',(#98,#108,#116,#124));
#98 = ORIENTED_EDGE('',*,*,#99,.T.);
#99 = EDGE_CURVE('',#100,#102,#104,.T.);
#100 = VERTEX_POINT('',#101);
#101 = CARTESIAN_POINT('',(6.,0.,8.));
#102 = VERTEX_POINT('',#103);
#103 = CARTESIAN_POINT('',(6.,0.,21.2));
#104 = LINE('',#105,#106);
#105 = CARTESIAN_POINT('',(6.,0.,8.));
#106 = VECTOR('',#107,1.);
#107 = DIRECTION('',(0.,0.,1.));
#108 = ORIENTED_EDGE('',*,*,#109,.T.);
#109 = EDGE_CURVE('',#102,#110,#112,.T.);
#110 = VERTEX_POINT('',#111);
#111 = CARTESIAN_POINT('',(58.,8.881784197001E-16,21.2));
#112 = LINE('',#113,#114);
#113 = CARTESIAN_POINT('',(6.,0.,21.2));
#114 = VECTOR('',#115,1.);
#115 = DIRECTION('',(1.,0.,0.));
#116 = ORIENTED_EDGE('',*,*,#117,.F.);
#117 = EDGE_CURVE('',#118,#110,#120,.T.);
#118 = VERTEX_POINT('',#119);
#119 = CARTESIAN_POINT('',(58.,8.881784197001E-16,8.));
#120 = LINE('',#121,#122);
#121 = CARTESIAN_POINT('',(58.,8.881784197001E-16,8.));
#122 = VECTOR('',#123,1.);
#123 = DIRECTION('',(0.,0.,1.));
#124 = ORIENTED_EDGE('',*,*,#125,.F.);
#125 = EDGE_CURVE('',#100,#118,#126,.T.);
#126 = LINE('',#127,#128);
#127 = CARTESIAN_POINT('',(6.,0.,8.));
#128 = VECTOR('',#129,1.);
#129 = DIRECTION('',(1.,0.,0.));
#130 = PLANE('',#131);
#131 = AXIS2_PLACEMENT_3D('',#132,#133,#134);
#132 = CARTESIAN_POINT('',(6.,0.,8.));
#133 = DIRECTION('',(0.,1.,0.));
#134 = DIRECTION('',(1.,0.,0.));
#135 = ADVANCED_FACE('',(#136),#163,.T.);
#136 = FACE_BOUND('',#137,.F.);
#137 = EDGE_LOOP('',(#138,#148,#155,#156));
#138 = ORIENTED_EDGE('',*,*,#139,.T.);
#139 = EDGE_CURVE('',#140,#142,#144,.T.);
#140 = VERTEX_POINT('',#141);
#141 = CARTESIAN_POINT('',(0.,6.,8.));
#142 = VERTEX_POINT('',#143);
#143 = CARTESIAN_POINT('',(0.,6.,21.2));
#144 = LINE('',#145,#146);
#145 = CARTESIAN_POINT('',(0.,6.,8.));
#146 = VECTOR('',#147,1.);
#147 = DIRECTION('',(0.,0.,1.));
#148 = ORIENTED_EDGE('',*,*,#149,.T.);
#149 = EDGE_CURVE('',#142,#102,#150,.T.);
#150 = CIRCLE('',#151,6.);
#151 = AXIS2_PLACEMENT_3D('',#152,#153,#154);
#152 = CARTESIAN_POINT('',(6.,6.,21.2));
#153 = DIRECTION('',(0.,0.,1.));
#154 = DIRECTION('',(-1.,0.,0.));
#155 = ORIENTED_EDGE('',*,*,#99,.F.);
#156 = ORIENTED_EDGE('',*,*,#157,.F.);
#157 = EDGE_CURVE('',#140,#100,#158,.T.);
#158 = CIRCLE('',#159,6.);
#159 = AXIS2_PLACEMENT_3D('',#160,#161,#162);
#160 = CARTESIAN_POINT('',(6.,6.,8.));
#161 = DIRECTION('',(0.,0.,1.));
#162 = DIRECTION('',(-1.,0.,0.));
#163 = CYLINDRICAL_SURFACE('',#164,6.);
#164 = AXIS2_PLACEMENT_3D('',#165,#166,#167);
#165 = CARTESIAN_POINT('',(6.,6.,8.));
#166 = DIRECTION('',(-0.,-0.,-1.));
#167 = DIRECTION('',(-1.,0.,0.));
#168 = ADVANCED_FACE('',(#169),#196,.T.);
#169 = FACE_BOUND('',#170,.F.);
#170 = EDGE_LOOP('',(#171,#172,#181,#189));
#171 = ORIENTED_EDGE('',*,*,#117,.T.);
#172 = ORIENTED_EDGE('',*,*,#173,.T.);
#173 = EDGE_CURVE('',#110,#174,#176,.T.);
#174 = VERTEX_POINT('',#175);
#175 = CARTESIAN_POINT('',(64.,6.,21.2));
#176 = CIRCLE('',#177,6.);
#177 = AXIS2_PLACEMENT_3D('',#178,#179,#180);
#178 = CARTESIAN_POINT('',(58.,6.,21.2));
#179 = DIRECTION('',(0.,0.,1.));
#180 = DIRECTION('',(0.,-1.,0.));
#181 = ORIENTED_EDGE('',*,*,#182,.F.);
#182 = EDGE_CURVE('',#183,#174,#185,.T.);
#183 = VERTEX_POINT('',#184);
#184 = CARTESIAN_POINT('',(64.,6.,8.));
#185 = LINE('',#186,#187);
#186 = CARTESIAN_POINT('',(64.,6.,8.));
#187 = VECTOR('',#188,1.);
#188 = DIRECTION('',(0.,0.,1.));
#189 = ORIENTED_EDGE('',*,*,#190,.F.);
#190 = EDGE_CURVE('',#118,#183,#191,.T.);
#191 = CIRCLE('',#192,6.);
#192 = AXIS2_PLACEMENT_3D('',#193,#194,#195);
#193 = CARTESIAN_POINT('',(58.,6.,8.));
#194 = DIRECTION('',(0.,0.,1.));
#195 = DIRECTION('',(0.,-1.,0.));
#196 = CYLINDRICAL_SURFACE('',#197,6.);
#197 = AXIS2_PLACEMENT_3D('',#198,#199,#200);
#198 = CARTESIAN_POINT('',(58.,6.,8.));
#199 = DIRECTION('',(-0.,-0.,-1.));
#200 = DIRECTION('',(0.,-1.,0.));
#201 = ADVANCED_FACE('',(#202),#331,.F.);
#202 = FACE_BOUND('',#203,.F.);
#203 = EDGE_LOOP('',(#204,#205,#206,#207,#215,#223,#231,#240,#248,#257,
    #265,#274,#282,#291,#299,#308,#316,#325));
#204 = ORIENTED_EDGE('',*,*,#157,.T.);
#205 = ORIENTED_EDGE('',*,*,#125,.T.);
#206 = ORIENTED_EDGE('',*,*,#190,.T.);
#207 = ORIENTED_EDGE('',*,*,#208,.T.);
#208 = EDGE_CURVE('',#183,#209,#211,.T.);
#209 = VERTEX_POINT('',#210);
#210 = CARTESIAN_POINT('',(64.,43.5,8.));
#211 = LINE('',#212,#213);
#212 = CARTESIAN_POINT('',(64.,6.,8.));
#213 = VECTOR('',#214,1.);
#214 = DIRECTION('',(0.,1.,0.));
#215 = ORIENTED_EDGE('',*,*,#216,.T.);
#216 = EDGE_CURVE('',#209,#217,#219,.T.);
#217 = VERTEX_POINT('',#218);
#218 = CARTESIAN_POINT('',(62.,43.5,8.));
#219 = LINE('',#220,#221);
#220 = CARTESIAN_POINT('',(46.75,43.5,8.));
#221 = VECTOR('',#222,1.);
#222 = DIRECTION('',(-1.,-0.,0.));
#223 = ORIENTED_EDGE('',*,*,#224,.T.);
#224 = EDGE_CURVE('',#217,#225,#227,.T.);
#225 = VERTEX_POINT('',#226);
#226 = CARTESIAN_POINT('',(62.,6.,8.));
#227 = LINE('',#228,#229);
#228 = CARTESIAN_POINT('',(62.,18.5,8.));
#229 = VECTOR('',#230,1.);
#230 = DIRECTION('',(0.,-1.,0.));
#231 = ORIENTED_EDGE('',*,*,#232,.T.);
#232 = EDGE_CURVE('',#225,#233,#235,.T.);
#233 = VERTEX_POINT('',#234);
#234 = CARTESIAN_POINT('',(58.,2.,8.));
#235 = CIRCLE('',#236,4.);
#236 = AXIS2_PLACEMENT_3D('',#237,#238,#239);
#237 = CARTESIAN_POINT('',(58.,6.,8.));
#238 = DIRECTION('',(-0.,-0.,-1.));
#239 = DIRECTION('',(0.,-1.,0.));
#240 = ORIENTED_EDGE('',*,*,#241,.T.);
#241 = EDGE_CURVE('',#233,#242,#244,.T.);
#242 = VERTEX_POINT('',#243);
#243 = CARTESIAN_POINT('',(6.,2.,8.));
#244 = LINE('',#245,#246);
#245 = CARTESIAN_POINT('',(19.,2.,8.));
#246 = VECTOR('',#247,1.);
#247 = DIRECTION('',(-1.,0.,0.));
#248 = ORIENTED_EDGE('',*,*,#249,.T.);
#249 = EDGE_CURVE('',#242,#250,#252,.T.);
#250 = VERTEX_POINT('',#251);
#251 = CARTESIAN_POINT('',(2.,6.,8.));
#252 = CIRCLE('',#253,4.);
#253 = AXIS2_PLACEMENT_3D('',#254,#255,#256);
#254 = CARTESIAN_POINT('',(6.,6.,8.));
#255 = DIRECTION('',(-0.,0.,-1.));
#256 = DIRECTION('',(-1.,2.22044604925E-16,0.));
#257 = ORIENTED_EDGE('',*,*,#258,.T.);
#258 = EDGE_CURVE('',#250,#259,#261,.T.);
#259 = VERTEX_POINT('',#260);
#260 = CARTESIAN_POINT('',(2.,56.,8.));
#261 = LINE('',#262,#263);
#262 = CARTESIAN_POINT('',(2.,43.5,8.));
#263 = VECTOR('',#264,1.);
#264 = DIRECTION('',(-0.,1.,0.));
#265 = ORIENTED_EDGE('',*,*,#266,.T.);
#266 = EDGE_CURVE('',#259,#267,#269,.T.);
#267 = VERTEX_POINT('',#268);
#268 = CARTESIAN_POINT('',(6.,60.,8.));
#269 = CIRCLE('',#270,4.);
#270 = AXIS2_PLACEMENT_3D('',#271,#272,#273);
#271 = CARTESIAN_POINT('',(6.,56.,8.));
#272 = DIRECTION('',(0.,-0.,-1.));
#273 = DIRECTION('',(6.661338147751E-16,1.,-0.));
#274 = ORIENTED_EDGE('',*,*,#275,.T.);
#275 = EDGE_CURVE('',#267,#276,#278,.T.);
#276 = VERTEX_POINT('',#277);
#277 = CARTESIAN_POINT('',(58.,60.,8.));
#278 = LINE('',#279,#280);
#279 = CARTESIAN_POINT('',(45.,60.,8.));
#280 = VECTOR('',#281,1.);
#281 = DIRECTION('',(1.,0.,-0.));
#282 = ORIENTED_EDGE('',*,*,#283,.T.);
#283 = EDGE_CURVE('',#276,#284,#286,.T.);
#284 = VERTEX_POINT('',#285);
#285 = CARTESIAN_POINT('',(61.968626966597,56.5,8.));
#286 = CIRCLE('',#287,4.);
#287 = AXIS2_PLACEMENT_3D('',#288,#289,#290);
#288 = CARTESIAN_POINT('',(58.,56.,8.));
#289 = DIRECTION('',(0.,-0.,-1.));
#290 = DIRECTION('',(1.,0.,-0.));
#291 = ORIENTED_EDGE('',*,*,#292,.F.);
#292 = EDGE_CURVE('',#293,#284,#295,.T.);
#293 = VERTEX_POINT('',#294);
#294 = CARTESIAN_POINT('',(63.979130371551,56.5,8.));
#295 = LINE('',#296,#297);
#296 = CARTESIAN_POINT('',(46.75,56.5,8.));
#297 = VECTOR('',#298,1.);
#298 = DIRECTION('',(-1.,-0.,0.));
#299 = ORIENTED_EDGE('',*,*,#300,.T.);
#300 = EDGE_CURVE('',#293,#301,#303,.T.);
#301 = VERTEX_POINT('',#302);
#302 = CARTESIAN_POINT('',(58.,62.,8.));
#303 = CIRCLE('',#304,6.);
#304 = AXIS2_PLACEMENT_3D('',#305,#306,#307);
#305 = CARTESIAN_POINT('',(58.,56.,8.));
#306 = DIRECTION('',(0.,0.,1.));
#307 = DIRECTION('',(1.,0.,-0.));
#308 = ORIENTED_EDGE('',*,*,#309,.T.);
#309 = EDGE_CURVE('',#301,#310,#312,.T.);
#310 = VERTEX_POINT('',#311);
#311 = CARTESIAN_POINT('',(6.,62.,8.));
#312 = LINE('',#313,#314);
#313 = CARTESIAN_POINT('',(58.,62.,8.));
#314 = VECTOR('',#315,1.);
#315 = DIRECTION('',(-1.,0.,0.));
#316 = ORIENTED_EDGE('',*,*,#317,.T.);
#317 = EDGE_CURVE('',#310,#318,#320,.T.);
#318 = VERTEX_POINT('',#319);
#319 = CARTESIAN_POINT('',(8.881784197001E-16,56.,8.));
#320 = CIRCLE('',#321,6.);
#321 = AXIS2_PLACEMENT_3D('',#322,#323,#324);
#322 = CARTESIAN_POINT('',(6.,56.,8.));
#323 = DIRECTION('',(0.,0.,1.));
#324 = DIRECTION('',(-7.401486830834E-16,1.,0.));
#325 = ORIENTED_EDGE('',*,*,#326,.T.);
#326 = EDGE_CURVE('',#318,#140,#327,.T.);
#327 = LINE('',#328,#329);
#328 = CARTESIAN_POINT('',(0.,56.,8.));
#329 = VECTOR('',#330,1.);
#330 = DIRECTION('',(0.,-1.,0.));
#331 = PLANE('',#332);
#332 = AXIS2_PLACEMENT_3D('',#333,#334,#335);
#333 = CARTESIAN_POINT('',(32.,31.,8.));
#334 = DIRECTION('',(0.,0.,1.));
#335 = DIRECTION('',(1.,0.,-0.));
#336 = ADVANCED_FACE('',(#337),#355,.F.);
#337 = FACE_BOUND('',#338,.F.);
#338 = EDGE_LOOP('',(#339,#347,#353,#354));
#339 = ORIENTED_EDGE('',*,*,#340,.T.);
#340 = EDGE_CURVE('',#318,#341,#343,.T.);
#341 = VERTEX_POINT('',#342);
#342 = CARTESIAN_POINT('',(8.881784197001E-16,56.,21.2));
#343 = LINE('',#344,#345);
#344 = CARTESIAN_POINT('',(8.881784197001E-16,56.,8.));
#345 = VECTOR('',#346,1.);
#346 = DIRECTION('',(0.,0.,1.));
#347 = ORIENTED_EDGE('',*,*,#348,.T.);
#348 = EDGE_CURVE('',#341,#142,#349,.T.);
#349 = LINE('',#350,#351);
#350 = CARTESIAN_POINT('',(0.,56.,21.2));
#351 = VECTOR('',#352,1.);
#352 = DIRECTION('',(0.,-1.,0.));
#353 = ORIENTED_EDGE('',*,*,#139,.F.);
#354 = ORIENTED_EDGE('',*,*,#326,.F.);
#355 = PLANE('',#356);
#356 = AXIS2_PLACEMENT_3D('',#357,#358,#359);
#357 = CARTESIAN_POINT('',(0.,56.,8.));
#358 = DIRECTION('',(1.,0.,-0.));
#359 = DIRECTION('',(0.,-1.,0.));
#360 = ADVANCED_FACE('',(#361),#395,.F.);
#361 = FACE_BOUND('',#362,.F.);
#362 = EDGE_LOOP('',(#363,#364,#365,#373,#381,#389));
#363 = ORIENTED_EDGE('',*,*,#208,.F.);
#364 = ORIENTED_EDGE('',*,*,#182,.T.);
#365 = ORIENTED_EDGE('',*,*,#366,.T.);
#366 = EDGE_CURVE('',#174,#367,#369,.T.);
#367 = VERTEX_POINT('',#368);
#368 = CARTESIAN_POINT('',(64.,56.,21.2));
#369 = LINE('',#370,#371);
#370 = CARTESIAN_POINT('',(64.,6.,21.2));
#371 = VECTOR('',#372,1.);
#372 = DIRECTION('',(0.,1.,0.));
#373 = ORIENTED_EDGE('',*,*,#374,.F.);
#374 = EDGE_CURVE('',#375,#367,#377,.T.);
#375 = VERTEX_POINT('',#376);
#376 = CARTESIAN_POINT('',(64.,56.,13.12));
#377 = LINE('',#378,#379);
#378 = CARTESIAN_POINT('',(64.,56.,8.));
#379 = VECTOR('',#380,1.);
#380 = DIRECTION('',(0.,0.,1.));
#381 = ORIENTED_EDGE('',*,*,#382,.F.);
#382 = EDGE_CURVE('',#383,#375,#385,.T.);
#383 = VERTEX_POINT('',#384);
#384 = CARTESIAN_POINT('',(64.,43.5,13.12));
#385 = LINE('',#386,#387);
#386 = CARTESIAN_POINT('',(64.,24.75,13.12));
#387 = VECTOR('',#388,1.);
#388 = DIRECTION('',(0.,1.,-0.));
#389 = ORIENTED_EDGE('',*,*,#390,.T.);
#390 = EDGE_CURVE('',#383,#209,#391,.T.);
#391 = LINE('',#392,#393);
#392 = CARTESIAN_POINT('',(64.,43.5,7.06));
#393 = VECTOR('',#394,1.);
#394 = DIRECTION('',(0.,0.,-1.));
#395 = PLANE('',#396);
#396 = AXIS2_PLACEMENT_3D('',#397,#398,#399);
#397 = CARTESIAN_POINT('',(64.,6.,8.));
#398 = DIRECTION('',(-1.,0.,0.));
#399 = DIRECTION('',(0.,1.,0.));
#400 = ADVANCED_FACE('',(#401),#420,.T.);
#401 = FACE_BOUND('',#402,.F.);
#402 = EDGE_LOOP('',(#403,#411,#418,#419));
#403 = ORIENTED_EDGE('',*,*,#404,.T.);
#404 = EDGE_CURVE('',#310,#405,#407,.T.);
#405 = VERTEX_POINT('',#406);
#406 = CARTESIAN_POINT('',(6.,62.,21.2));
#407 = LINE('',#408,#409);
#408 = CARTESIAN_POINT('',(6.,62.,8.));
#409 = VECTOR('',#410,1.);
#410 = DIRECTION('',(0.,0.,1.));
#411 = ORIENTED_EDGE('',*,*,#412,.T.);
#412 = EDGE_CURVE('',#405,#341,#413,.T.);
#413 = CIRCLE('',#414,6.);
#414 = AXIS2_PLACEMENT_3D('',#415,#416,#417);
#415 = CARTESIAN_POINT('',(6.,56.,21.2));
#416 = DIRECTION('',(0.,0.,1.));
#417 = DIRECTION('',(-7.401486830834E-16,1.,0.));
#418 = ORIENTED_EDGE('',*,*,#340,.F.);
#419 = ORIENTED_EDGE('',*,*,#317,.F.);
#420 = CYLINDRICAL_SURFACE('',#421,6.);
#421 = AXIS2_PLACEMENT_3D('',#422,#423,#424);
#422 = CARTESIAN_POINT('',(6.,56.,8.));
#423 = DIRECTION('',(-0.,-0.,-1.));
#424 = DIRECTION('',(-7.401486830834E-16,1.,0.));
#425 = ADVANCED_FACE('',(#426),#444,.F.);
#426 = FACE_BOUND('',#427,.F.);
#427 = EDGE_LOOP('',(#428,#436,#442,#443));
#428 = ORIENTED_EDGE('',*,*,#429,.T.);
#429 = EDGE_CURVE('',#301,#430,#432,.T.);
#430 = VERTEX_POINT('',#431);
#431 = CARTESIAN_POINT('',(58.,62.,21.2));
#432 = LINE('',#433,#434);
#433 = CARTESIAN_POINT('',(58.,62.,8.));
#434 = VECTOR('',#435,1.);
#435 = DIRECTION('',(0.,0.,1.));
#436 = ORIENTED_EDGE('',*,*,#437,.T.);
#437 = EDGE_CURVE('',#430,#405,#438,.T.);
#438 = LINE('',#439,#440);
#439 = CARTESIAN_POINT('',(58.,62.,21.2));
#440 = VECTOR('',#441,1.);
#441 = DIRECTION('',(-1.,0.,0.));
#442 = ORIENTED_EDGE('',*,*,#404,.F.);
#443 = ORIENTED_EDGE('',*,*,#309,.F.);
#444 = PLANE('',#445);
#445 = AXIS2_PLACEMENT_3D('',#446,#447,#448);
#446 = CARTESIAN_POINT('',(58.,62.,8.));
#447 = DIRECTION('',(0.,-1.,0.));
#448 = DIRECTION('',(-1.,0.,0.));
#449 = ADVANCED_FACE('',(#450),#477,.T.);
#450 = FACE_BOUND('',#451,.F.);
#451 = EDGE_LOOP('',(#452,#461,#462,#469,#470,#471));
#452 = ORIENTED_EDGE('',*,*,#453,.T.);
#453 = EDGE_CURVE('',#454,#375,#456,.T.);
#454 = VERTEX_POINT('',#455);
#455 = CARTESIAN_POINT('',(63.979130371551,56.5,13.12));
#456 = CIRCLE('',#457,6.);
#457 = AXIS2_PLACEMENT_3D('',#458,#459,#460);
#458 = CARTESIAN_POINT('',(58.,56.,13.12));
#459 = DIRECTION('',(0.,-0.,-1.));
#460 = DIRECTION('',(1.,0.,-0.));
#461 = ORIENTED_EDGE('',*,*,#374,.T.);
#462 = ORIENTED_EDGE('',*,*,#463,.T.);
#463 = EDGE_CURVE('',#367,#430,#464,.T.);
#464 = CIRCLE('',#465,6.);
#465 = AXIS2_PLACEMENT_3D('',#466,#467,#468);
#466 = CARTESIAN_POINT('',(58.,56.,21.2));
#467 = DIRECTION('',(0.,0.,1.));
#468 = DIRECTION('',(1.,0.,-0.));
#469 = ORIENTED_EDGE('',*,*,#429,.F.);
#470 = ORIENTED_EDGE('',*,*,#300,.F.);
#471 = ORIENTED_EDGE('',*,*,#472,.F.);
#472 = EDGE_CURVE('',#454,#293,#473,.T.);
#473 = LINE('',#474,#475);
#474 = CARTESIAN_POINT('',(63.979130371551,56.5,8.));
#475 = VECTOR('',#476,1.);
#476 = DIRECTION('',(-0.,-0.,-1.));
#477 = CYLINDRICAL_SURFACE('',#478,6.);
#478 = AXIS2_PLACEMENT_3D('',#479,#480,#481);
#479 = CARTESIAN_POINT('',(58.,56.,8.));
#480 = DIRECTION('',(-0.,-0.,-1.));
#481 = DIRECTION('',(1.,0.,-0.));
#482 = ADVANCED_FACE('',(#483),#501,.F.);
#483 = FACE_BOUND('',#484,.F.);
#484 = EDGE_LOOP('',(#485,#493,#494,#495));
#485 = ORIENTED_EDGE('',*,*,#486,.T.);
#486 = EDGE_CURVE('',#487,#454,#489,.T.);
#487 = VERTEX_POINT('',#488);
#488 = CARTESIAN_POINT('',(61.968626966597,56.5,13.12));
#489 = LINE('',#490,#491);
#490 = CARTESIAN_POINT('',(61.5,56.5,13.12));
#491 = VECTOR('',#492,1.);
#492 = DIRECTION('',(1.,0.,-0.));
#493 = ORIENTED_EDGE('',*,*,#472,.T.);
#494 = ORIENTED_EDGE('',*,*,#292,.T.);
#495 = ORIENTED_EDGE('',*,*,#496,.F.);
#496 = EDGE_CURVE('',#487,#284,#497,.T.);
#497 = LINE('',#498,#499);
#498 = CARTESIAN_POINT('',(61.968626966597,56.5,7.9));
#499 = VECTOR('',#500,1.);
#500 = DIRECTION('',(-0.,-0.,-1.));
#501 = PLANE('',#502);
#502 = AXIS2_PLACEMENT_3D('',#503,#504,#505);
#503 = CARTESIAN_POINT('',(61.5,56.5,6.12));
#504 = DIRECTION('',(-0.,1.,0.));
#505 = DIRECTION('',(0.,0.,1.));
#506 = ADVANCED_FACE('',(#507),#543,.F.);
#507 = FACE_BOUND('',#508,.T.);
#508 = EDGE_LOOP('',(#509,#517,#518,#519,#528,#536));
#509 = ORIENTED_EDGE('',*,*,#510,.F.);
#510 = EDGE_CURVE('',#276,#511,#513,.T.);
#511 = VERTEX_POINT('',#512);
#512 = CARTESIAN_POINT('',(58.,60.,19.6));
#513 = LINE('',#514,#515);
#514 = CARTESIAN_POINT('',(58.,60.,7.9));
#515 = VECTOR('',#516,1.);
#516 = DIRECTION('',(0.,0.,1.));
#517 = ORIENTED_EDGE('',*,*,#283,.T.);
#518 = ORIENTED_EDGE('',*,*,#496,.F.);
#519 = ORIENTED_EDGE('',*,*,#520,.T.);
#520 = EDGE_CURVE('',#487,#521,#523,.T.);
#521 = VERTEX_POINT('',#522);
#522 = CARTESIAN_POINT('',(62.,56.,13.12));
#523 = CIRCLE('',#524,4.);
#524 = AXIS2_PLACEMENT_3D('',#525,#526,#527);
#525 = CARTESIAN_POINT('',(58.,56.,13.12));
#526 = DIRECTION('',(0.,-0.,-1.));
#527 = DIRECTION('',(1.,0.,-0.));
#528 = ORIENTED_EDGE('',*,*,#529,.T.);
#529 = EDGE_CURVE('',#521,#530,#532,.T.);
#530 = VERTEX_POINT('',#531);
#531 = CARTESIAN_POINT('',(62.,56.,19.6));
#532 = LINE('',#533,#534);
#533 = CARTESIAN_POINT('',(62.,56.,7.9));
#534 = VECTOR('',#535,1.);
#535 = DIRECTION('',(0.,0.,1.));
#536 = ORIENTED_EDGE('',*,*,#537,.T.);
#537 = EDGE_CURVE('',#530,#511,#538,.T.);
#538 = CIRCLE('',#539,4.);
#539 = AXIS2_PLACEMENT_3D('',#540,#541,#542);
#540 = CARTESIAN_POINT('',(58.,56.,19.6));
#541 = DIRECTION('',(0.,0.,1.));
#542 = DIRECTION('',(1.,0.,-0.));
#543 = CYLINDRICAL_SURFACE('',#544,4.);
#544 = AXIS2_PLACEMENT_3D('',#545,#546,#547);
#545 = CARTESIAN_POINT('',(58.,56.,7.9));
#546 = DIRECTION('',(-0.,-0.,-1.));
#547 = DIRECTION('',(1.,0.,-0.));
#548 = ADVANCED_FACE('',(#549),#567,.T.);
#549 = FACE_BOUND('',#550,.T.);
#550 = EDGE_LOOP('',(#551,#552,#553,#561));
#551 = ORIENTED_EDGE('',*,*,#275,.T.);
#552 = ORIENTED_EDGE('',*,*,#510,.T.);
#553 = ORIENTED_EDGE('',*,*,#554,.T.);
#554 = EDGE_CURVE('',#511,#555,#557,.T.);
#555 = VERTEX_POINT('',#556);
#556 = CARTESIAN_POINT('',(6.,60.,19.6));
#557 = LINE('',#558,#559);
#558 = CARTESIAN_POINT('',(58.,60.,19.6));
#559 = VECTOR('',#560,1.);
#560 = DIRECTION('',(-1.,0.,0.));
#561 = ORIENTED_EDGE('',*,*,#562,.F.);
#562 = EDGE_CURVE('',#267,#555,#563,.T.);
#563 = LINE('',#564,#565);
#564 = CARTESIAN_POINT('',(6.,60.,7.9));
#565 = VECTOR('',#566,1.);
#566 = DIRECTION('',(0.,0.,1.));
#567 = PLANE('',#568);
#568 = AXIS2_PLACEMENT_3D('',#569,#570,#571);
#569 = CARTESIAN_POINT('',(58.,60.,7.9));
#570 = DIRECTION('',(0.,-1.,0.));
#571 = DIRECTION('',(-1.,0.,0.));
#572 = ADVANCED_FACE('',(#573),#592,.F.);
#573 = FACE_BOUND('',#574,.T.);
#574 = EDGE_LOOP('',(#575,#576,#577,#586));
#575 = ORIENTED_EDGE('',*,*,#266,.T.);
#576 = ORIENTED_EDGE('',*,*,#562,.T.);
#577 = ORIENTED_EDGE('',*,*,#578,.T.);
#578 = EDGE_CURVE('',#555,#579,#581,.T.);
#579 = VERTEX_POINT('',#580);
#580 = CARTESIAN_POINT('',(2.,56.,19.6));
#581 = CIRCLE('',#582,4.);
#582 = AXIS2_PLACEMENT_3D('',#583,#584,#585);
#583 = CARTESIAN_POINT('',(6.,56.,19.6));
#584 = DIRECTION('',(0.,0.,1.));
#585 = DIRECTION('',(6.661338147751E-16,1.,-0.));
#586 = ORIENTED_EDGE('',*,*,#587,.F.);
#587 = EDGE_CURVE('',#259,#579,#588,.T.);
#588 = LINE('',#589,#590);
#589 = CARTESIAN_POINT('',(2.,56.,7.9));
#590 = VECTOR('',#591,1.);
#591 = DIRECTION('',(0.,0.,1.));
#592 = CYLINDRICAL_SURFACE('',#593,4.);
#593 = AXIS2_PLACEMENT_3D('',#594,#595,#596);
#594 = CARTESIAN_POINT('',(6.,56.,7.9));
#595 = DIRECTION('',(-0.,-0.,-1.));
#596 = DIRECTION('',(6.661338147751E-16,1.,-0.));
#597 = ADVANCED_FACE('',(#598),#616,.T.);
#598 = FACE_BOUND('',#599,.T.);
#599 = EDGE_LOOP('',(#600,#601,#602,#610));
#600 = ORIENTED_EDGE('',*,*,#258,.T.);
#601 = ORIENTED_EDGE('',*,*,#587,.T.);
#602 = ORIENTED_EDGE('',*,*,#603,.T.);
#603 = EDGE_CURVE('',#579,#604,#606,.T.);
#604 = VERTEX_POINT('',#605);
#605 = CARTESIAN_POINT('',(2.,6.,19.6));
#606 = LINE('',#607,#608);
#607 = CARTESIAN_POINT('',(2.,56.,19.6));
#608 = VECTOR('',#609,1.);
#609 = DIRECTION('',(0.,-1.,0.));
#610 = ORIENTED_EDGE('',*,*,#611,.F.);
#611 = EDGE_CURVE('',#250,#604,#612,.T.);
#612 = LINE('',#613,#614);
#613 = CARTESIAN_POINT('',(2.,6.,7.9));
#614 = VECTOR('',#615,1.);
#615 = DIRECTION('',(0.,0.,1.));
#616 = PLANE('',#617);
#617 = AXIS2_PLACEMENT_3D('',#618,#619,#620);
#618 = CARTESIAN_POINT('',(2.,56.,7.9));
#619 = DIRECTION('',(1.,0.,-0.));
#620 = DIRECTION('',(0.,-1.,0.));
#621 = ADVANCED_FACE('',(#622),#641,.F.);
#622 = FACE_BOUND('',#623,.T.);
#623 = EDGE_LOOP('',(#624,#625,#626,#635));
#624 = ORIENTED_EDGE('',*,*,#249,.T.);
#625 = ORIENTED_EDGE('',*,*,#611,.T.);
#626 = ORIENTED_EDGE('',*,*,#627,.T.);
#627 = EDGE_CURVE('',#604,#628,#630,.T.);
#628 = VERTEX_POINT('',#629);
#629 = CARTESIAN_POINT('',(6.,2.,19.6));
#630 = CIRCLE('',#631,4.);
#631 = AXIS2_PLACEMENT_3D('',#632,#633,#634);
#632 = CARTESIAN_POINT('',(6.,6.,19.6));
#633 = DIRECTION('',(0.,0.,1.));
#634 = DIRECTION('',(-1.,2.22044604925E-16,0.));
#635 = ORIENTED_EDGE('',*,*,#636,.F.);
#636 = EDGE_CURVE('',#242,#628,#637,.T.);
#637 = LINE('',#638,#639);
#638 = CARTESIAN_POINT('',(6.,2.,7.9));
#639 = VECTOR('',#640,1.);
#640 = DIRECTION('',(0.,0.,1.));
#641 = CYLINDRICAL_SURFACE('',#642,4.);
#642 = AXIS2_PLACEMENT_3D('',#643,#644,#645);
#643 = CARTESIAN_POINT('',(6.,6.,7.9));
#644 = DIRECTION('',(-0.,-0.,-1.));
#645 = DIRECTION('',(-1.,2.22044604925E-16,0.));
#646 = ADVANCED_FACE('',(#647),#665,.T.);
#647 = FACE_BOUND('',#648,.T.);
#648 = EDGE_LOOP('',(#649,#650,#651,#659));
#649 = ORIENTED_EDGE('',*,*,#241,.T.);
#650 = ORIENTED_EDGE('',*,*,#636,.T.);
#651 = ORIENTED_EDGE('',*,*,#652,.T.);
#652 = EDGE_CURVE('',#628,#653,#655,.T.);
#653 = VERTEX_POINT('',#654);
#654 = CARTESIAN_POINT('',(58.,2.,19.6));
#655 = LINE('',#656,#657);
#656 = CARTESIAN_POINT('',(6.,2.,19.6));
#657 = VECTOR('',#658,1.);
#658 = DIRECTION('',(1.,0.,0.));
#659 = ORIENTED_EDGE('',*,*,#660,.F.);
#660 = EDGE_CURVE('',#233,#653,#661,.T.);
#661 = LINE('',#662,#663);
#662 = CARTESIAN_POINT('',(58.,2.,7.9));
#663 = VECTOR('',#664,1.);
#664 = DIRECTION('',(0.,0.,1.));
#665 = PLANE('',#666);
#666 = AXIS2_PLACEMENT_3D('',#667,#668,#669);
#667 = CARTESIAN_POINT('',(6.,2.,7.9));
#668 = DIRECTION('',(0.,1.,0.));
#669 = DIRECTION('',(1.,0.,0.));
#670 = ADVANCED_FACE('',(#671),#690,.F.);
#671 = FACE_BOUND('',#672,.T.);
#672 = EDGE_LOOP('',(#673,#674,#675,#684));
#673 = ORIENTED_EDGE('',*,*,#232,.T.);
#674 = ORIENTED_EDGE('',*,*,#660,.T.);
#675 = ORIENTED_EDGE('',*,*,#676,.T.);
#676 = EDGE_CURVE('',#653,#677,#679,.T.);
#677 = VERTEX_POINT('',#678);
#678 = CARTESIAN_POINT('',(62.,6.,19.6));
#679 = CIRCLE('',#680,4.);
#680 = AXIS2_PLACEMENT_3D('',#681,#682,#683);
#681 = CARTESIAN_POINT('',(58.,6.,19.6));
#682 = DIRECTION('',(0.,0.,1.));
#683 = DIRECTION('',(0.,-1.,0.));
#684 = ORIENTED_EDGE('',*,*,#685,.F.);
#685 = EDGE_CURVE('',#225,#677,#686,.T.);
#686 = LINE('',#687,#688);
#687 = CARTESIAN_POINT('',(62.,6.,7.9));
#688 = VECTOR('',#689,1.);
#689 = DIRECTION('',(0.,0.,1.));
#690 = CYLINDRICAL_SURFACE('',#691,4.);
#691 = AXIS2_PLACEMENT_3D('',#692,#693,#694);
#692 = CARTESIAN_POINT('',(58.,6.,7.9));
#693 = DIRECTION('',(-0.,-0.,-1.));
#694 = DIRECTION('',(0.,-1.,0.));
#695 = ADVANCED_FACE('',(#696),#721,.T.);
#696 = FACE_BOUND('',#697,.T.);
#697 = EDGE_LOOP('',(#698,#706,#707,#708,#714,#715));
#698 = ORIENTED_EDGE('',*,*,#699,.T.);
#699 = EDGE_CURVE('',#700,#217,#702,.T.);
#700 = VERTEX_POINT('',#701);
#701 = CARTESIAN_POINT('',(62.,43.5,13.12));
#702 = LINE('',#703,#704);
#703 = CARTESIAN_POINT('',(62.,43.5,7.01));
#704 = VECTOR('',#705,1.);
#705 = DIRECTION('',(0.,0.,-1.));
#706 = ORIENTED_EDGE('',*,*,#224,.T.);
#707 = ORIENTED_EDGE('',*,*,#685,.T.);
#708 = ORIENTED_EDGE('',*,*,#709,.T.);
#709 = EDGE_CURVE('',#677,#530,#710,.T.);
#710 = LINE('',#711,#712);
#711 = CARTESIAN_POINT('',(62.,6.,19.6));
#712 = VECTOR('',#713,1.);
#713 = DIRECTION('',(0.,1.,0.));
#714 = ORIENTED_EDGE('',*,*,#529,.F.);
#715 = ORIENTED_EDGE('',*,*,#716,.F.);
#716 = EDGE_CURVE('',#700,#521,#717,.T.);
#717 = LINE('',#718,#719);
#718 = CARTESIAN_POINT('',(62.,24.75,13.12));
#719 = VECTOR('',#720,1.);
#720 = DIRECTION('',(0.,1.,-0.));
#721 = PLANE('',#722);
#722 = AXIS2_PLACEMENT_3D('',#723,#724,#725);
#723 = CARTESIAN_POINT('',(62.,6.,7.9));
#724 = DIRECTION('',(-1.,0.,0.));
#725 = DIRECTION('',(0.,1.,0.));
#726 = ADVANCED_FACE('',(#727),#738,.T.);
#727 = FACE_BOUND('',#728,.T.);
#728 = EDGE_LOOP('',(#729,#735,#736,#737));
#729 = ORIENTED_EDGE('',*,*,#730,.T.);
#730 = EDGE_CURVE('',#700,#383,#731,.T.);
#731 = LINE('',#732,#733);
#732 = CARTESIAN_POINT('',(61.5,43.5,13.12));
#733 = VECTOR('',#734,1.);
#734 = DIRECTION('',(1.,0.,-0.));
#735 = ORIENTED_EDGE('',*,*,#390,.T.);
#736 = ORIENTED_EDGE('',*,*,#216,.T.);
#737 = ORIENTED_EDGE('',*,*,#699,.F.);
#738 = PLANE('',#739);
#739 = AXIS2_PLACEMENT_3D('',#740,#741,#742);
#740 = CARTESIAN_POINT('',(61.5,43.5,6.12));
#741 = DIRECTION('',(-0.,1.,0.));
#742 = DIRECTION('',(0.,0.,1.));
#743 = ADVANCED_FACE('',(#744),#752,.F.);
#744 = FACE_BOUND('',#745,.F.);
#745 = EDGE_LOOP('',(#746,#747,#748,#749,#750,#751));
#746 = ORIENTED_EDGE('',*,*,#486,.F.);
#747 = ORIENTED_EDGE('',*,*,#520,.T.);
#748 = ORIENTED_EDGE('',*,*,#716,.F.);
#749 = ORIENTED_EDGE('',*,*,#730,.T.);
#750 = ORIENTED_EDGE('',*,*,#382,.T.);
#751 = ORIENTED_EDGE('',*,*,#453,.F.);
#752 = PLANE('',#753);
#753 = AXIS2_PLACEMENT_3D('',#754,#755,#756);
#754 = CARTESIAN_POINT('',(61.5,43.5,13.12));
#755 = DIRECTION('',(0.,0.,1.));
#756 = DIRECTION('',(1.,0.,-0.));
#757 = ADVANCED_FACE('',(#758,#768,#779,#817,#828),#998,.F.);
#758 = FACE_BOUND('',#759,.F.);
#759 = EDGE_LOOP('',(#760,#761,#762,#763,#764,#765,#766,#767));
#760 = ORIENTED_EDGE('',*,*,#652,.T.);
#761 = ORIENTED_EDGE('',*,*,#676,.T.);
#762 = ORIENTED_EDGE('',*,*,#709,.T.);
#763 = ORIENTED_EDGE('',*,*,#537,.T.);
#764 = ORIENTED_EDGE('',*,*,#554,.T.);
#765 = ORIENTED_EDGE('',*,*,#578,.T.);
#766 = ORIENTED_EDGE('',*,*,#603,.T.);
#767 = ORIENTED_EDGE('',*,*,#627,.T.);
#768 = FACE_BOUND('',#769,.F.);
#769 = EDGE_LOOP('',(#770));
#770 = ORIENTED_EDGE('',*,*,#771,.F.);
#771 = EDGE_CURVE('',#772,#772,#774,.T.);
#772 = VERTEX_POINT('',#773);
#773 = CARTESIAN_POINT('',(9.1,6.5,19.6));
#774 = CIRCLE('',#775,2.6);
#775 = AXIS2_PLACEMENT_3D('',#776,#777,#778);
#776 = CARTESIAN_POINT('',(6.5,6.5,19.6));
#777 = DIRECTION('',(0.,0.,1.));
#778 = DIRECTION('',(1.,0.,-0.));
#779 = FACE_BOUND('',#780,.F.);
#780 = EDGE_LOOP('',(#781,#792,#801,#810));
#781 = ORIENTED_EDGE('',*,*,#782,.F.);
#782 = EDGE_CURVE('',#783,#785,#787,.T.);
#783 = VERTEX_POINT('',#784);
#784 = CARTESIAN_POINT('',(60.1,6.5,19.6));
#785 = VERTEX_POINT('',#786);
#786 = CARTESIAN_POINT('',(56.142284077573,8.717342434986,19.6));
#787 = CIRCLE('',#788,2.6);
#788 = AXIS2_PLACEMENT_3D('',#789,#790,#791);
#789 = CARTESIAN_POINT('',(57.5,6.5,19.6));
#790 = DIRECTION('',(0.,0.,1.));
#791 = DIRECTION('',(1.,0.,-0.));
#792 = ORIENTED_EDGE('',*,*,#793,.F.);
#793 = EDGE_CURVE('',#794,#783,#796,.T.);
#794 = VERTEX_POINT('',#795);
#795 = CARTESIAN_POINT('',(55.802520498213,8.469406850047,19.6));
#796 = CIRCLE('',#797,2.6);
#797 = AXIS2_PLACEMENT_3D('',#798,#799,#800);
#798 = CARTESIAN_POINT('',(57.5,6.5,19.6));
#799 = DIRECTION('',(0.,0.,1.));
#800 = DIRECTION('',(1.,0.,-0.));
#801 = ORIENTED_EDGE('',*,*,#802,.F.);
#802 = EDGE_CURVE('',#803,#794,#805,.T.);
#803 = VERTEX_POINT('',#804);
#804 = CARTESIAN_POINT('',(56.8,10.2,19.6));
#805 = CIRCLE('',#806,2.);
#806 = AXIS2_PLACEMENT_3D('',#807,#808,#809);
#807 = CARTESIAN_POINT('',(54.8,10.2,19.6));
#808 = DIRECTION('',(0.,0.,1.));
#809 = DIRECTION('',(1.,0.,-0.));
#810 = ORIENTED_EDGE('',*,*,#811,.F.);
#811 = EDGE_CURVE('',#785,#803,#812,.T.);
#812 = CIRCLE('',#813,2.);
#813 = AXIS2_PLACEMENT_3D('',#814,#815,#816);
#814 = CARTESIAN_POINT('',(54.8,10.2,19.6));
#815 = DIRECTION('',(0.,0.,1.));
#816 = DIRECTION('',(1.,0.,-0.));
#817 = FACE_BOUND('',#818,.F.);
#818 = EDGE_LOOP('',(#819));
#819 = ORIENTED_EDGE('',*,*,#820,.F.);
#820 = EDGE_CURVE('',#821,#821,#823,.T.);
#821 = VERTEX_POINT('',#822);
#822 = CARTESIAN_POINT('',(9.1,55.5,19.6));
#823 = CIRCLE('',#824,2.6);
#824 = AXIS2_PLACEMENT_3D('',#825,#826,#827);
#825 = CARTESIAN_POINT('',(6.5,55.5,19.6));
#826 = DIRECTION('',(0.,0.,1.));
#827 = DIRECTION('',(1.,0.,-0.));
#828 = FACE_BOUND('',#829,.F.);
#829 = EDGE_LOOP('',(#830,#840,#849,#858,#866,#875,#883,#891,#899,#907,
    #915,#924,#932,#941,#949,#958,#966,#974,#982,#991));
#830 = ORIENTED_EDGE('',*,*,#831,.T.);
#831 = EDGE_CURVE('',#832,#834,#836,.T.);
#832 = VERTEX_POINT('',#833);
#833 = CARTESIAN_POINT('',(48.,53.1,19.6));
#834 = VERTEX_POINT('',#835);
#835 = CARTESIAN_POINT('',(48.,37.116600265341,19.6));
#836 = LINE('',#837,#838);
#837 = CARTESIAN_POINT('',(48.,21.25,19.6));
#838 = VECTOR('',#839,1.);
#839 = DIRECTION('',(0.,-1.,0.));
#840 = ORIENTED_EDGE('',*,*,#841,.F.);
#841 = EDGE_CURVE('',#842,#834,#844,.T.);
#842 = VERTEX_POINT('',#843);
#843 = CARTESIAN_POINT('',(55.,28.75,19.6));
#844 = CIRCLE('',#845,8.5);
#845 = AXIS2_PLACEMENT_3D('',#846,#847,#848);
#846 = CARTESIAN_POINT('',(46.5,28.75,19.6));
#847 = DIRECTION('',(0.,0.,1.));
#848 = DIRECTION('',(1.,0.,-0.));
#849 = ORIENTED_EDGE('',*,*,#850,.F.);
#850 = EDGE_CURVE('',#851,#842,#853,.T.);
#851 = VERTEX_POINT('',#852);
#852 = CARTESIAN_POINT('',(48.,20.383399734659,19.6));
#853 = CIRCLE('',#854,8.5);
#854 = AXIS2_PLACEMENT_3D('',#855,#856,#857);
#855 = CARTESIAN_POINT('',(46.5,28.75,19.6));
#856 = DIRECTION('',(0.,0.,1.));
#857 = DIRECTION('',(1.,0.,-0.));
#858 = ORIENTED_EDGE('',*,*,#859,.T.);
#859 = EDGE_CURVE('',#851,#860,#862,.T.);
#860 = VERTEX_POINT('',#861);
#861 = CARTESIAN_POINT('',(48.,11.5,19.6));
#862 = LINE('',#863,#864);
#863 = CARTESIAN_POINT('',(48.,21.25,19.6));
#864 = VECTOR('',#865,1.);
#865 = DIRECTION('',(0.,-1.,0.));
#866 = ORIENTED_EDGE('',*,*,#867,.T.);
#867 = EDGE_CURVE('',#860,#868,#870,.T.);
#868 = VERTEX_POINT('',#869);
#869 = CARTESIAN_POINT('',(44.5,8.,19.6));
#870 = CIRCLE('',#871,3.5);
#871 = AXIS2_PLACEMENT_3D('',#872,#873,#874);
#872 = CARTESIAN_POINT('',(44.5,11.5,19.6));
#873 = DIRECTION('',(0.,-0.,-1.));
#874 = DIRECTION('',(2.030122102172E-15,-1.,0.));
#875 = ORIENTED_EDGE('',*,*,#876,.T.);
#876 = EDGE_CURVE('',#868,#877,#879,.T.);
#877 = VERTEX_POINT('',#878);
#878 = CARTESIAN_POINT('',(38.8,8.,19.6));
#879 = LINE('',#880,#881);
#880 = CARTESIAN_POINT('',(25.75,8.,19.6));
#881 = VECTOR('',#882,1.);
#882 = DIRECTION('',(-1.,0.,0.));
#883 = ORIENTED_EDGE('',*,*,#884,.F.);
#884 = EDGE_CURVE('',#885,#877,#887,.T.);
#885 = VERTEX_POINT('',#886);
#886 = CARTESIAN_POINT('',(38.8,4.3,19.6));
#887 = LINE('',#888,#889);
#888 = CARTESIAN_POINT('',(38.8,17.65,19.6));
#889 = VECTOR('',#890,1.);
#890 = DIRECTION('',(-0.,1.,0.));
#891 = ORIENTED_EDGE('',*,*,#892,.T.);
#892 = EDGE_CURVE('',#885,#893,#895,.T.);
#893 = VERTEX_POINT('',#894);
#894 = CARTESIAN_POINT('',(25.2,4.3,19.6));
#895 = LINE('',#896,#897);
#896 = CARTESIAN_POINT('',(28.6,4.3,19.6));
#897 = VECTOR('',#898,1.);
#898 = DIRECTION('',(-1.,-0.,0.));
#899 = ORIENTED_EDGE('',*,*,#900,.T.);
#900 = EDGE_CURVE('',#893,#901,#903,.T.);
#901 = VERTEX_POINT('',#902);
#902 = CARTESIAN_POINT('',(25.2,8.,19.6));
#903 = LINE('',#904,#905);
#904 = CARTESIAN_POINT('',(25.2,17.65,19.6));
#905 = VECTOR('',#906,1.);
#906 = DIRECTION('',(-0.,1.,0.));
#907 = ORIENTED_EDGE('',*,*,#908,.T.);
#908 = EDGE_CURVE('',#901,#909,#911,.T.);
#909 = VERTEX_POINT('',#910);
#910 = CARTESIAN_POINT('',(19.5,8.,19.6));
#911 = LINE('',#912,#913);
#912 = CARTESIAN_POINT('',(25.75,8.,19.6));
#913 = VECTOR('',#914,1.);
#914 = DIRECTION('',(-1.,0.,0.));
#915 = ORIENTED_EDGE('',*,*,#916,.T.);
#916 = EDGE_CURVE('',#909,#917,#919,.T.);
#917 = VERTEX_POINT('',#918);
#918 = CARTESIAN_POINT('',(16.,11.5,19.6));
#919 = CIRCLE('',#920,3.5);
#920 = AXIS2_PLACEMENT_3D('',#921,#922,#923);
#921 = CARTESIAN_POINT('',(19.5,11.5,19.6));
#922 = DIRECTION('',(-0.,0.,-1.));
#923 = DIRECTION('',(-1.,-1.015061051086E-15,0.));
#924 = ORIENTED_EDGE('',*,*,#925,.T.);
#925 = EDGE_CURVE('',#917,#926,#928,.T.);
#926 = VERTEX_POINT('',#927);
#927 = CARTESIAN_POINT('',(16.,20.383399734659,19.6));
#928 = LINE('',#929,#930);
#929 = CARTESIAN_POINT('',(16.,38.5,19.6));
#930 = VECTOR('',#931,1.);
#931 = DIRECTION('',(-0.,1.,0.));
#932 = ORIENTED_EDGE('',*,*,#933,.F.);
#933 = EDGE_CURVE('',#934,#926,#936,.T.);
#934 = VERTEX_POINT('',#935);
#935 = CARTESIAN_POINT('',(16.,37.116600265341,19.6));
#936 = CIRCLE('',#937,8.5);
#937 = AXIS2_PLACEMENT_3D('',#938,#939,#940);
#938 = CARTESIAN_POINT('',(17.5,28.75,19.6));
#939 = DIRECTION('',(0.,0.,1.));
#940 = DIRECTION('',(1.,0.,-0.));
#941 = ORIENTED_EDGE('',*,*,#942,.T.);
#942 = EDGE_CURVE('',#934,#943,#945,.T.);
#943 = VERTEX_POINT('',#944);
#944 = CARTESIAN_POINT('',(16.,46.,19.6));
#945 = LINE('',#946,#947);
#946 = CARTESIAN_POINT('',(16.,38.5,19.6));
#947 = VECTOR('',#948,1.);
#948 = DIRECTION('',(-0.,1.,0.));
#949 = ORIENTED_EDGE('',*,*,#950,.T.);
#950 = EDGE_CURVE('',#943,#951,#953,.T.);
#951 = VERTEX_POINT('',#952);
#952 = CARTESIAN_POINT('',(19.5,49.5,19.6));
#953 = CIRCLE('',#954,3.5);
#954 = AXIS2_PLACEMENT_3D('',#955,#956,#957);
#955 = CARTESIAN_POINT('',(19.5,46.,19.6));
#956 = DIRECTION('',(-0.,0.,-1.));
#957 = DIRECTION('',(-1.015061051086E-15,1.,0.));
#958 = ORIENTED_EDGE('',*,*,#959,.T.);
#959 = EDGE_CURVE('',#951,#960,#962,.T.);
#960 = VERTEX_POINT('',#961);
#961 = CARTESIAN_POINT('',(36.,49.5,19.6));
#962 = LINE('',#963,#964);
#963 = CARTESIAN_POINT('',(38.25,49.5,19.6));
#964 = VECTOR('',#965,1.);
#965 = DIRECTION('',(1.,0.,-0.));
#966 = ORIENTED_EDGE('',*,*,#967,.T.);
#967 = EDGE_CURVE('',#960,#968,#970,.T.);
#968 = VERTEX_POINT('',#969);
#969 = CARTESIAN_POINT('',(36.,56.5,19.6));
#970 = LINE('',#971,#972);
#971 = CARTESIAN_POINT('',(36.,38.5,19.6));
#972 = VECTOR('',#973,1.);
#973 = DIRECTION('',(-0.,1.,0.));
#974 = ORIENTED_EDGE('',*,*,#975,.F.);
#975 = EDGE_CURVE('',#976,#968,#978,.T.);
#976 = VERTEX_POINT('',#977);
#977 = CARTESIAN_POINT('',(44.6,56.5,19.6));
#978 = LINE('',#979,#980);
#979 = CARTESIAN_POINT('',(34.,56.5,19.6));
#980 = VECTOR('',#981,1.);
#981 = DIRECTION('',(-1.,-0.,0.));
#982 = ORIENTED_EDGE('',*,*,#983,.F.);
#983 = EDGE_CURVE('',#984,#976,#986,.T.);
#984 = VERTEX_POINT('',#985);
#985 = CARTESIAN_POINT('',(49.6,55.5,19.6));
#986 = CIRCLE('',#987,2.6);
#987 = AXIS2_PLACEMENT_3D('',#988,#989,#990);
#988 = CARTESIAN_POINT('',(47.,55.5,19.6));
#989 = DIRECTION('',(0.,0.,1.));
#990 = DIRECTION('',(1.,0.,-0.));
#991 = ORIENTED_EDGE('',*,*,#992,.F.);
#992 = EDGE_CURVE('',#832,#984,#993,.T.);
#993 = CIRCLE('',#994,2.6);
#994 = AXIS2_PLACEMENT_3D('',#995,#996,#997);
#995 = CARTESIAN_POINT('',(47.,55.5,19.6));
#996 = DIRECTION('',(0.,0.,1.));
#997 = DIRECTION('',(1.,0.,-0.));
#998 = PLANE('',#999);
#999 = AXIS2_PLACEMENT_3D('',#1000,#1001,#1002);
#1000 = CARTESIAN_POINT('',(32.,31.,19.6));
#1001 = DIRECTION('',(0.,0.,1.));
#1002 = DIRECTION('',(1.,0.,-0.));
#1003 = ADVANCED_FACE('',(#1004),#1023,.T.);
#1004 = FACE_BOUND('',#1005,.T.);
#1005 = EDGE_LOOP('',(#1006,#1007,#1015,#1022));
#1006 = ORIENTED_EDGE('',*,*,#771,.F.);
#1007 = ORIENTED_EDGE('',*,*,#1008,.F.);
#1008 = EDGE_CURVE('',#1009,#772,#1011,.T.);
#1009 = VERTEX_POINT('',#1010);
#1010 = CARTESIAN_POINT('',(9.1,6.5,8.));
#1011 = LINE('',#1012,#1013);
#1012 = CARTESIAN_POINT('',(9.1,6.5,8.));
#1013 = VECTOR('',#1014,1.);
#1014 = DIRECTION('',(0.,0.,1.));
#1015 = ORIENTED_EDGE('',*,*,#1016,.T.);
#1016 = EDGE_CURVE('',#1009,#1009,#1017,.T.);
#1017 = CIRCLE('',#1018,2.6);
#1018 = AXIS2_PLACEMENT_3D('',#1019,#1020,#1021);
#1019 = CARTESIAN_POINT('',(6.5,6.5,8.));
#1020 = DIRECTION('',(0.,0.,1.));
#1021 = DIRECTION('',(1.,0.,-0.));
#1022 = ORIENTED_EDGE('',*,*,#1008,.T.);
#1023 = CYLINDRICAL_SURFACE('',#1024,2.6);
#1024 = AXIS2_PLACEMENT_3D('',#1025,#1026,#1027);
#1025 = CARTESIAN_POINT('',(6.5,6.5,8.));
#1026 = DIRECTION('',(0.,0.,1.));
#1027 = DIRECTION('',(1.,0.,-0.));
#1028 = ADVANCED_FACE('',(#1029),#1072,.T.);
#1029 = FACE_BOUND('',#1030,.T.);
#1030 = EDGE_LOOP('',(#1031,#1039,#1040,#1048,#1057,#1063,#1064,#1065));
#1031 = ORIENTED_EDGE('',*,*,#1032,.T.);
#1032 = EDGE_CURVE('',#1033,#783,#1035,.T.);
#1033 = VERTEX_POINT('',#1034);
#1034 = CARTESIAN_POINT('',(60.1,6.5,8.));
#1035 = LINE('',#1036,#1037);
#1036 = CARTESIAN_POINT('',(60.1,6.5,8.));
#1037 = VECTOR('',#1038,1.);
#1038 = DIRECTION('',(0.,0.,1.));
#1039 = ORIENTED_EDGE('',*,*,#793,.F.);
#1040 = ORIENTED_EDGE('',*,*,#1041,.F.);
#1041 = EDGE_CURVE('',#1042,#794,#1044,.T.);
#1042 = VERTEX_POINT('',#1043);
#1043 = CARTESIAN_POINT('',(55.802520498212,8.469406850047,9.45));
#1044 = LINE('',#1045,#1046);
#1045 = CARTESIAN_POINT('',(55.802520498214,8.469406850048,8.));
#1046 = VECTOR('',#1047,1.);
#1047 = DIRECTION('',(0.,0.,1.));
#1048 = ORIENTED_EDGE('',*,*,#1049,.F.);
#1049 = EDGE_CURVE('',#1050,#1042,#1052,.T.);
#1050 = VERTEX_POINT('',#1051);
#1051 = CARTESIAN_POINT('',(56.142284077574,8.717342434987,9.45));
#1052 = CIRCLE('',#1053,2.6);
#1053 = AXIS2_PLACEMENT_3D('',#1054,#1055,#1056);
#1054 = CARTESIAN_POINT('',(57.5,6.5,9.45));
#1055 = DIRECTION('',(0.,0.,1.));
#1056 = DIRECTION('',(1.,0.,-0.));
#1057 = ORIENTED_EDGE('',*,*,#1058,.T.);
#1058 = EDGE_CURVE('',#1050,#785,#1059,.T.);
#1059 = LINE('',#1060,#1061);
#1060 = CARTESIAN_POINT('',(56.142284077573,8.717342434986,8.));
#1061 = VECTOR('',#1062,1.);
#1062 = DIRECTION('',(0.,0.,1.));
#1063 = ORIENTED_EDGE('',*,*,#782,.F.);
#1064 = ORIENTED_EDGE('',*,*,#1032,.F.);
#1065 = ORIENTED_EDGE('',*,*,#1066,.T.);
#1066 = EDGE_CURVE('',#1033,#1033,#1067,.T.);
#1067 = CIRCLE('',#1068,2.6);
#1068 = AXIS2_PLACEMENT_3D('',#1069,#1070,#1071);
#1069 = CARTESIAN_POINT('',(57.5,6.5,8.));
#1070 = DIRECTION('',(0.,0.,1.));
#1071 = DIRECTION('',(1.,0.,-0.));
#1072 = CYLINDRICAL_SURFACE('',#1073,2.6);
#1073 = AXIS2_PLACEMENT_3D('',#1074,#1075,#1076);
#1074 = CARTESIAN_POINT('',(57.5,6.5,8.));
#1075 = DIRECTION('',(0.,0.,1.));
#1076 = DIRECTION('',(1.,0.,-0.));
#1077 = ADVANCED_FACE('',(#1078),#1097,.T.);
#1078 = FACE_BOUND('',#1079,.T.);
#1079 = EDGE_LOOP('',(#1080,#1081,#1089,#1096));
#1080 = ORIENTED_EDGE('',*,*,#820,.F.);
#1081 = ORIENTED_EDGE('',*,*,#1082,.F.);
#1082 = EDGE_CURVE('',#1083,#821,#1085,.T.);
#1083 = VERTEX_POINT('',#1084);
#1084 = CARTESIAN_POINT('',(9.1,55.5,8.));
#1085 = LINE('',#1086,#1087);
#1086 = CARTESIAN_POINT('',(9.1,55.5,8.));
#1087 = VECTOR('',#1088,1.);
#1088 = DIRECTION('',(0.,0.,1.));
#1089 = ORIENTED_EDGE('',*,*,#1090,.T.);
#1090 = EDGE_CURVE('',#1083,#1083,#1091,.T.);
#1091 = CIRCLE('',#1092,2.6);
#1092 = AXIS2_PLACEMENT_3D('',#1093,#1094,#1095);
#1093 = CARTESIAN_POINT('',(6.5,55.5,8.));
#1094 = DIRECTION('',(0.,0.,1.));
#1095 = DIRECTION('',(1.,0.,-0.));
#1096 = ORIENTED_EDGE('',*,*,#1082,.T.);
#1097 = CYLINDRICAL_SURFACE('',#1098,2.6);
#1098 = AXIS2_PLACEMENT_3D('',#1099,#1100,#1101);
#1099 = CARTESIAN_POINT('',(6.5,55.5,8.));
#1100 = DIRECTION('',(0.,0.,1.));
#1101 = DIRECTION('',(1.,0.,-0.));
#1102 = ADVANCED_FACE('',(#1103),#1146,.T.);
#1103 = FACE_BOUND('',#1104,.T.);
#1104 = EDGE_LOOP('',(#1105,#1106,#1114,#1121,#1122,#1123,#1131,#1140));
#1105 = ORIENTED_EDGE('',*,*,#983,.F.);
#1106 = ORIENTED_EDGE('',*,*,#1107,.F.);
#1107 = EDGE_CURVE('',#1108,#984,#1110,.T.);
#1108 = VERTEX_POINT('',#1109);
#1109 = CARTESIAN_POINT('',(49.6,55.5,8.));
#1110 = LINE('',#1111,#1112);
#1111 = CARTESIAN_POINT('',(49.6,55.5,8.));
#1112 = VECTOR('',#1113,1.);
#1113 = DIRECTION('',(0.,0.,1.));
#1114 = ORIENTED_EDGE('',*,*,#1115,.T.);
#1115 = EDGE_CURVE('',#1108,#1108,#1116,.T.);
#1116 = CIRCLE('',#1117,2.6);
#1117 = AXIS2_PLACEMENT_3D('',#1118,#1119,#1120);
#1118 = CARTESIAN_POINT('',(47.,55.5,8.));
#1119 = DIRECTION('',(0.,0.,1.));
#1120 = DIRECTION('',(1.,0.,-0.));
#1121 = ORIENTED_EDGE('',*,*,#1107,.T.);
#1122 = ORIENTED_EDGE('',*,*,#992,.F.);
#1123 = ORIENTED_EDGE('',*,*,#1124,.F.);
#1124 = EDGE_CURVE('',#1125,#832,#1127,.T.);
#1125 = VERTEX_POINT('',#1126);
#1126 = CARTESIAN_POINT('',(48.,53.1,9.6));
#1127 = LINE('',#1128,#1129);
#1128 = CARTESIAN_POINT('',(48.,53.1,8.));
#1129 = VECTOR('',#1130,1.);
#1130 = DIRECTION('',(0.,0.,1.));
#1131 = ORIENTED_EDGE('',*,*,#1132,.F.);
#1132 = EDGE_CURVE('',#1133,#1125,#1135,.T.);
#1133 = VERTEX_POINT('',#1134);
#1134 = CARTESIAN_POINT('',(44.6,56.5,9.6));
#1135 = CIRCLE('',#1136,2.6);
#1136 = AXIS2_PLACEMENT_3D('',#1137,#1138,#1139);
#1137 = CARTESIAN_POINT('',(47.,55.5,9.6));
#1138 = DIRECTION('',(0.,0.,1.));
#1139 = DIRECTION('',(1.,0.,-0.));
#1140 = ORIENTED_EDGE('',*,*,#1141,.T.);
#1141 = EDGE_CURVE('',#1133,#976,#1142,.T.);
#1142 = LINE('',#1143,#1144);
#1143 = CARTESIAN_POINT('',(44.6,56.5,8.));
#1144 = VECTOR('',#1145,1.);
#1145 = DIRECTION('',(0.,0.,1.));
#1146 = CYLINDRICAL_SURFACE('',#1147,2.6);
#1147 = AXIS2_PLACEMENT_3D('',#1148,#1149,#1150);
#1148 = CARTESIAN_POINT('',(47.,55.5,8.));
#1149 = DIRECTION('',(0.,0.,1.));
#1150 = DIRECTION('',(1.,0.,-0.));
#1151 = ADVANCED_FACE('',(#1152),#1170,.T.);
#1152 = FACE_BOUND('',#1153,.T.);
#1153 = EDGE_LOOP('',(#1154,#1155,#1163,#1169));
#1154 = ORIENTED_EDGE('',*,*,#1141,.F.);
#1155 = ORIENTED_EDGE('',*,*,#1156,.F.);
#1156 = EDGE_CURVE('',#1157,#1133,#1159,.T.);
#1157 = VERTEX_POINT('',#1158);
#1158 = CARTESIAN_POINT('',(36.,56.5,9.6));
#1159 = LINE('',#1160,#1161);
#1160 = CARTESIAN_POINT('',(36.,56.5,9.6));
#1161 = VECTOR('',#1162,1.);
#1162 = DIRECTION('',(1.,0.,-0.));
#1163 = ORIENTED_EDGE('',*,*,#1164,.T.);
#1164 = EDGE_CURVE('',#1157,#968,#1165,.T.);
#1165 = LINE('',#1166,#1167);
#1166 = CARTESIAN_POINT('',(36.,56.5,9.6));
#1167 = VECTOR('',#1168,1.);
#1168 = DIRECTION('',(0.,0.,1.));
#1169 = ORIENTED_EDGE('',*,*,#975,.F.);
#1170 = PLANE('',#1171);
#1171 = AXIS2_PLACEMENT_3D('',#1172,#1173,#1174);
#1172 = CARTESIAN_POINT('',(36.,56.5,9.6));
#1173 = DIRECTION('',(-0.,1.,0.));
#1174 = DIRECTION('',(0.,0.,1.));
#1175 = ADVANCED_FACE('',(#1176),#1194,.F.);
#1176 = FACE_BOUND('',#1177,.F.);
#1177 = EDGE_LOOP('',(#1178,#1186,#1192,#1193));
#1178 = ORIENTED_EDGE('',*,*,#1179,.F.);
#1179 = EDGE_CURVE('',#1180,#960,#1182,.T.);
#1180 = VERTEX_POINT('',#1181);
#1181 = CARTESIAN_POINT('',(36.,49.5,9.6));
#1182 = LINE('',#1183,#1184);
#1183 = CARTESIAN_POINT('',(36.,49.5,9.6));
#1184 = VECTOR('',#1185,1.);
#1185 = DIRECTION('',(0.,0.,1.));
#1186 = ORIENTED_EDGE('',*,*,#1187,.T.);
#1187 = EDGE_CURVE('',#1180,#1157,#1188,.T.);
#1188 = LINE('',#1189,#1190);
#1189 = CARTESIAN_POINT('',(36.,46.,9.6));
#1190 = VECTOR('',#1191,1.);
#1191 = DIRECTION('',(-0.,1.,0.));
#1192 = ORIENTED_EDGE('',*,*,#1164,.T.);
#1193 = ORIENTED_EDGE('',*,*,#967,.F.);
#1194 = PLANE('',#1195);
#1195 = AXIS2_PLACEMENT_3D('',#1196,#1197,#1198);
#1196 = CARTESIAN_POINT('',(36.,46.,9.6));
#1197 = DIRECTION('',(1.,0.,-0.));
#1198 = DIRECTION('',(0.,0.,1.));
#1199 = ADVANCED_FACE('',(#1200),#1226,.T.);
#1200 = FACE_BOUND('',#1201,.F.);
#1201 = EDGE_LOOP('',(#1202,#1213,#1219,#1220));
#1202 = ORIENTED_EDGE('',*,*,#1203,.F.);
#1203 = EDGE_CURVE('',#1204,#1206,#1208,.T.);
#1204 = VERTEX_POINT('',#1205);
#1205 = CARTESIAN_POINT('',(44.5,8.,9.6));
#1206 = VERTEX_POINT('',#1207);
#1207 = CARTESIAN_POINT('',(48.,11.5,9.6));
#1208 = CIRCLE('',#1209,3.5);
#1209 = AXIS2_PLACEMENT_3D('',#1210,#1211,#1212);
#1210 = CARTESIAN_POINT('',(44.5,11.5,9.6));
#1211 = DIRECTION('',(0.,0.,1.));
#1212 = DIRECTION('',(2.030122102172E-15,-1.,0.));
#1213 = ORIENTED_EDGE('',*,*,#1214,.T.);
#1214 = EDGE_CURVE('',#1204,#868,#1215,.T.);
#1215 = LINE('',#1216,#1217);
#1216 = CARTESIAN_POINT('',(44.5,8.,9.6));
#1217 = VECTOR('',#1218,1.);
#1218 = DIRECTION('',(0.,0.,1.));
#1219 = ORIENTED_EDGE('',*,*,#867,.F.);
#1220 = ORIENTED_EDGE('',*,*,#1221,.F.);
#1221 = EDGE_CURVE('',#1206,#860,#1222,.T.);
#1222 = LINE('',#1223,#1224);
#1223 = CARTESIAN_POINT('',(48.,11.5,9.6));
#1224 = VECTOR('',#1225,1.);
#1225 = DIRECTION('',(0.,0.,1.));
#1226 = CYLINDRICAL_SURFACE('',#1227,3.5);
#1227 = AXIS2_PLACEMENT_3D('',#1228,#1229,#1230);
#1228 = CARTESIAN_POINT('',(44.5,11.5,9.6));
#1229 = DIRECTION('',(-0.,-0.,-1.));
#1230 = DIRECTION('',(2.030122102172E-15,-1.,0.));
#1231 = ADVANCED_FACE('',(#1232),#1250,.F.);
#1232 = FACE_BOUND('',#1233,.F.);
#1233 = EDGE_LOOP('',(#1234,#1242,#1243,#1244));
#1234 = ORIENTED_EDGE('',*,*,#1235,.F.);
#1235 = EDGE_CURVE('',#1180,#1236,#1238,.T.);
#1236 = VERTEX_POINT('',#1237);
#1237 = CARTESIAN_POINT('',(19.5,49.5,9.6));
#1238 = LINE('',#1239,#1240);
#1239 = CARTESIAN_POINT('',(44.5,49.5,9.6));
#1240 = VECTOR('',#1241,1.);
#1241 = DIRECTION('',(-1.,0.,0.));
#1242 = ORIENTED_EDGE('',*,*,#1179,.T.);
#1243 = ORIENTED_EDGE('',*,*,#959,.F.);
#1244 = ORIENTED_EDGE('',*,*,#1245,.F.);
#1245 = EDGE_CURVE('',#1236,#951,#1246,.T.);
#1246 = LINE('',#1247,#1248);
#1247 = CARTESIAN_POINT('',(19.5,49.5,9.6));
#1248 = VECTOR('',#1249,1.);
#1249 = DIRECTION('',(0.,0.,1.));
#1250 = PLANE('',#1251);
#1251 = AXIS2_PLACEMENT_3D('',#1252,#1253,#1254);
#1252 = CARTESIAN_POINT('',(44.5,49.5,9.6));
#1253 = DIRECTION('',(0.,-1.,0.));
#1254 = DIRECTION('',(-1.,0.,0.));
#1255 = ADVANCED_FACE('',(#1256),#1274,.F.);
#1256 = FACE_BOUND('',#1257,.F.);
#1257 = EDGE_LOOP('',(#1258,#1266,#1272,#1273));
#1258 = ORIENTED_EDGE('',*,*,#1259,.F.);
#1259 = EDGE_CURVE('',#1260,#1204,#1262,.T.);
#1260 = VERTEX_POINT('',#1261);
#1261 = CARTESIAN_POINT('',(38.8,8.,9.6));
#1262 = LINE('',#1263,#1264);
#1263 = CARTESIAN_POINT('',(19.5,8.,9.6));
#1264 = VECTOR('',#1265,1.);
#1265 = DIRECTION('',(1.,0.,0.));
#1266 = ORIENTED_EDGE('',*,*,#1267,.F.);
#1267 = EDGE_CURVE('',#877,#1260,#1268,.T.);
#1268 = LINE('',#1269,#1270);
#1269 = CARTESIAN_POINT('',(38.8,8.,9.6));
#1270 = VECTOR('',#1271,1.);
#1271 = DIRECTION('',(-0.,0.,-1.));
#1272 = ORIENTED_EDGE('',*,*,#876,.F.);
#1273 = ORIENTED_EDGE('',*,*,#1214,.F.);
#1274 = PLANE('',#1275);
#1275 = AXIS2_PLACEMENT_3D('',#1276,#1277,#1278);
#1276 = CARTESIAN_POINT('',(19.5,8.,9.6));
#1277 = DIRECTION('',(0.,1.,0.));
#1278 = DIRECTION('',(1.,0.,0.));
#1279 = ADVANCED_FACE('',(#1280),#1299,.T.);
#1280 = FACE_BOUND('',#1281,.F.);
#1281 = EDGE_LOOP('',(#1282,#1291,#1292,#1293));
#1282 = ORIENTED_EDGE('',*,*,#1283,.F.);
#1283 = EDGE_CURVE('',#1236,#1284,#1286,.T.);
#1284 = VERTEX_POINT('',#1285);
#1285 = CARTESIAN_POINT('',(16.,46.,9.6));
#1286 = CIRCLE('',#1287,3.5);
#1287 = AXIS2_PLACEMENT_3D('',#1288,#1289,#1290);
#1288 = CARTESIAN_POINT('',(19.5,46.,9.6));
#1289 = DIRECTION('',(0.,0.,1.));
#1290 = DIRECTION('',(-1.015061051086E-15,1.,0.));
#1291 = ORIENTED_EDGE('',*,*,#1245,.T.);
#1292 = ORIENTED_EDGE('',*,*,#950,.F.);
#1293 = ORIENTED_EDGE('',*,*,#1294,.F.);
#1294 = EDGE_CURVE('',#1284,#943,#1295,.T.);
#1295 = LINE('',#1296,#1297);
#1296 = CARTESIAN_POINT('',(16.,46.,9.6));
#1297 = VECTOR('',#1298,1.);
#1298 = DIRECTION('',(0.,0.,1.));
#1299 = CYLINDRICAL_SURFACE('',#1300,3.5);
#1300 = AXIS2_PLACEMENT_3D('',#1301,#1302,#1303);
#1301 = CARTESIAN_POINT('',(19.5,46.,9.6));
#1302 = DIRECTION('',(-0.,-0.,-1.));
#1303 = DIRECTION('',(-1.015061051086E-15,1.,0.));
#1304 = ADVANCED_FACE('',(#1305),#1323,.T.);
#1305 = FACE_BOUND('',#1306,.T.);
#1306 = EDGE_LOOP('',(#1307,#1315,#1321,#1322));
#1307 = ORIENTED_EDGE('',*,*,#1308,.F.);
#1308 = EDGE_CURVE('',#1309,#885,#1311,.T.);
#1309 = VERTEX_POINT('',#1310);
#1310 = CARTESIAN_POINT('',(38.8,4.3,9.6));
#1311 = LINE('',#1312,#1313);
#1312 = CARTESIAN_POINT('',(38.8,4.3,9.6));
#1313 = VECTOR('',#1314,1.);
#1314 = DIRECTION('',(0.,0.,1.));
#1315 = ORIENTED_EDGE('',*,*,#1316,.T.);
#1316 = EDGE_CURVE('',#1309,#1260,#1317,.T.);
#1317 = LINE('',#1318,#1319);
#1318 = CARTESIAN_POINT('',(38.8,4.3,9.6));
#1319 = VECTOR('',#1320,1.);
#1320 = DIRECTION('',(-0.,1.,0.));
#1321 = ORIENTED_EDGE('',*,*,#1267,.F.);
#1322 = ORIENTED_EDGE('',*,*,#884,.F.);
#1323 = PLANE('',#1324);
#1324 = AXIS2_PLACEMENT_3D('',#1325,#1326,#1327);
#1325 = CARTESIAN_POINT('',(38.8,4.3,9.6));
#1326 = DIRECTION('',(1.,0.,-0.));
#1327 = DIRECTION('',(0.,0.,1.));
#1328 = ADVANCED_FACE('',(#1329),#1370,.F.);
#1329 = FACE_BOUND('',#1330,.F.);
#1330 = EDGE_LOOP('',(#1331,#1339,#1340,#1341,#1349,#1357,#1363,#1364));
#1331 = ORIENTED_EDGE('',*,*,#1332,.F.);
#1332 = EDGE_CURVE('',#1284,#1333,#1335,.T.);
#1333 = VERTEX_POINT('',#1334);
#1334 = CARTESIAN_POINT('',(16.,11.5,9.6));
#1335 = LINE('',#1336,#1337);
#1336 = CARTESIAN_POINT('',(16.,46.,9.6));
#1337 = VECTOR('',#1338,1.);
#1338 = DIRECTION('',(0.,-1.,0.));
#1339 = ORIENTED_EDGE('',*,*,#1294,.T.);
#1340 = ORIENTED_EDGE('',*,*,#942,.F.);
#1341 = ORIENTED_EDGE('',*,*,#1342,.F.);
#1342 = EDGE_CURVE('',#1343,#934,#1345,.T.);
#1343 = VERTEX_POINT('',#1344);
#1344 = CARTESIAN_POINT('',(16.,37.116600265341,10.5));
#1345 = LINE('',#1346,#1347);
#1346 = CARTESIAN_POINT('',(16.,37.116600265341,10.5));
#1347 = VECTOR('',#1348,1.);
#1348 = DIRECTION('',(0.,0.,1.));
#1349 = ORIENTED_EDGE('',*,*,#1350,.T.);
#1350 = EDGE_CURVE('',#1343,#1351,#1353,.T.);
#1351 = VERTEX_POINT('',#1352);
#1352 = CARTESIAN_POINT('',(16.,20.383399734659,10.5));
#1353 = LINE('',#1354,#1355);
#1354 = CARTESIAN_POINT('',(16.,37.375,10.5));
#1355 = VECTOR('',#1356,1.);
#1356 = DIRECTION('',(0.,-1.,0.));
#1357 = ORIENTED_EDGE('',*,*,#1358,.T.);
#1358 = EDGE_CURVE('',#1351,#926,#1359,.T.);
#1359 = LINE('',#1360,#1361);
#1360 = CARTESIAN_POINT('',(16.,20.383399734659,10.5));
#1361 = VECTOR('',#1362,1.);
#1362 = DIRECTION('',(0.,0.,1.));
#1363 = ORIENTED_EDGE('',*,*,#925,.F.);
#1364 = ORIENTED_EDGE('',*,*,#1365,.F.);
#1365 = EDGE_CURVE('',#1333,#917,#1366,.T.);
#1366 = LINE('',#1367,#1368);
#1367 = CARTESIAN_POINT('',(16.,11.5,9.6));
#1368 = VECTOR('',#1369,1.);
#1369 = DIRECTION('',(0.,0.,1.));
#1370 = PLANE('',#1371);
#1371 = AXIS2_PLACEMENT_3D('',#1372,#1373,#1374);
#1372 = CARTESIAN_POINT('',(16.,46.,9.6));
#1373 = DIRECTION('',(1.,0.,-0.));
#1374 = DIRECTION('',(0.,-1.,0.));
#1375 = ADVANCED_FACE('',(#1376),#1394,.F.);
#1376 = FACE_BOUND('',#1377,.F.);
#1377 = EDGE_LOOP('',(#1378,#1379,#1387,#1393));
#1378 = ORIENTED_EDGE('',*,*,#1308,.F.);
#1379 = ORIENTED_EDGE('',*,*,#1380,.F.);
#1380 = EDGE_CURVE('',#1381,#1309,#1383,.T.);
#1381 = VERTEX_POINT('',#1382);
#1382 = CARTESIAN_POINT('',(25.2,4.3,9.6));
#1383 = LINE('',#1384,#1385);
#1384 = CARTESIAN_POINT('',(25.2,4.3,9.6));
#1385 = VECTOR('',#1386,1.);
#1386 = DIRECTION('',(1.,0.,-0.));
#1387 = ORIENTED_EDGE('',*,*,#1388,.T.);
#1388 = EDGE_CURVE('',#1381,#893,#1389,.T.);
#1389 = LINE('',#1390,#1391);
#1390 = CARTESIAN_POINT('',(25.2,4.3,9.6));
#1391 = VECTOR('',#1392,1.);
#1392 = DIRECTION('',(0.,0.,1.));
#1393 = ORIENTED_EDGE('',*,*,#892,.F.);
#1394 = PLANE('',#1395);
#1395 = AXIS2_PLACEMENT_3D('',#1396,#1397,#1398);
#1396 = CARTESIAN_POINT('',(25.2,4.3,9.6));
#1397 = DIRECTION('',(-0.,1.,0.));
#1398 = DIRECTION('',(0.,0.,1.));
#1399 = ADVANCED_FACE('',(#1400),#1412,.T.);
#1400 = FACE_BOUND('',#1401,.T.);
#1401 = EDGE_LOOP('',(#1402,#1403,#1410,#1411));
#1402 = ORIENTED_EDGE('',*,*,#1342,.F.);
#1403 = ORIENTED_EDGE('',*,*,#1404,.T.);
#1404 = EDGE_CURVE('',#1343,#1351,#1405,.T.);
#1405 = CIRCLE('',#1406,8.5);
#1406 = AXIS2_PLACEMENT_3D('',#1407,#1408,#1409);
#1407 = CARTESIAN_POINT('',(17.5,28.75,10.5));
#1408 = DIRECTION('',(0.,0.,1.));
#1409 = DIRECTION('',(1.,0.,-0.));
#1410 = ORIENTED_EDGE('',*,*,#1358,.T.);
#1411 = ORIENTED_EDGE('',*,*,#933,.F.);
#1412 = CYLINDRICAL_SURFACE('',#1413,8.5);
#1413 = AXIS2_PLACEMENT_3D('',#1414,#1415,#1416);
#1414 = CARTESIAN_POINT('',(17.5,28.75,10.5));
#1415 = DIRECTION('',(0.,0.,1.));
#1416 = DIRECTION('',(1.,0.,-0.));
#1417 = ADVANCED_FACE('',(#1418),#1436,.F.);
#1418 = FACE_BOUND('',#1419,.F.);
#1419 = EDGE_LOOP('',(#1420,#1421,#1429,#1435));
#1420 = ORIENTED_EDGE('',*,*,#1388,.F.);
#1421 = ORIENTED_EDGE('',*,*,#1422,.T.);
#1422 = EDGE_CURVE('',#1381,#1423,#1425,.T.);
#1423 = VERTEX_POINT('',#1424);
#1424 = CARTESIAN_POINT('',(25.2,8.,9.6));
#1425 = LINE('',#1426,#1427);
#1426 = CARTESIAN_POINT('',(25.2,4.3,9.6));
#1427 = VECTOR('',#1428,1.);
#1428 = DIRECTION('',(-0.,1.,0.));
#1429 = ORIENTED_EDGE('',*,*,#1430,.F.);
#1430 = EDGE_CURVE('',#901,#1423,#1431,.T.);
#1431 = LINE('',#1432,#1433);
#1432 = CARTESIAN_POINT('',(25.2,8.,9.6));
#1433 = VECTOR('',#1434,1.);
#1434 = DIRECTION('',(-0.,0.,-1.));
#1435 = ORIENTED_EDGE('',*,*,#900,.F.);
#1436 = PLANE('',#1437);
#1437 = AXIS2_PLACEMENT_3D('',#1438,#1439,#1440);
#1438 = CARTESIAN_POINT('',(25.2,4.3,9.6));
#1439 = DIRECTION('',(1.,0.,-0.));
#1440 = DIRECTION('',(0.,0.,1.));
#1441 = ADVANCED_FACE('',(#1442),#1460,.F.);
#1442 = FACE_BOUND('',#1443,.F.);
#1443 = EDGE_LOOP('',(#1444,#1452,#1458,#1459));
#1444 = ORIENTED_EDGE('',*,*,#1445,.F.);
#1445 = EDGE_CURVE('',#1446,#1423,#1448,.T.);
#1446 = VERTEX_POINT('',#1447);
#1447 = CARTESIAN_POINT('',(19.5,8.,9.6));
#1448 = LINE('',#1449,#1450);
#1449 = CARTESIAN_POINT('',(19.5,8.,9.6));
#1450 = VECTOR('',#1451,1.);
#1451 = DIRECTION('',(1.,0.,0.));
#1452 = ORIENTED_EDGE('',*,*,#1453,.T.);
#1453 = EDGE_CURVE('',#1446,#909,#1454,.T.);
#1454 = LINE('',#1455,#1456);
#1455 = CARTESIAN_POINT('',(19.5,8.,9.6));
#1456 = VECTOR('',#1457,1.);
#1457 = DIRECTION('',(0.,0.,1.));
#1458 = ORIENTED_EDGE('',*,*,#908,.F.);
#1459 = ORIENTED_EDGE('',*,*,#1430,.T.);
#1460 = PLANE('',#1461);
#1461 = AXIS2_PLACEMENT_3D('',#1462,#1463,#1464);
#1462 = CARTESIAN_POINT('',(19.5,8.,9.6));
#1463 = DIRECTION('',(0.,1.,0.));
#1464 = DIRECTION('',(1.,0.,0.));
#1465 = ADVANCED_FACE('',(#1466),#1478,.T.);
#1466 = FACE_BOUND('',#1467,.F.);
#1467 = EDGE_LOOP('',(#1468,#1475,#1476,#1477));
#1468 = ORIENTED_EDGE('',*,*,#1469,.F.);
#1469 = EDGE_CURVE('',#1333,#1446,#1470,.T.);
#1470 = CIRCLE('',#1471,3.5);
#1471 = AXIS2_PLACEMENT_3D('',#1472,#1473,#1474);
#1472 = CARTESIAN_POINT('',(19.5,11.5,9.6));
#1473 = DIRECTION('',(0.,0.,1.));
#1474 = DIRECTION('',(-1.,-1.015061051086E-15,0.));
#1475 = ORIENTED_EDGE('',*,*,#1365,.T.);
#1476 = ORIENTED_EDGE('',*,*,#916,.F.);
#1477 = ORIENTED_EDGE('',*,*,#1453,.F.);
#1478 = CYLINDRICAL_SURFACE('',#1479,3.5);
#1479 = AXIS2_PLACEMENT_3D('',#1480,#1481,#1482);
#1480 = CARTESIAN_POINT('',(19.5,11.5,9.6));
#1481 = DIRECTION('',(-0.,-0.,-1.));
#1482 = DIRECTION('',(-1.,-1.015061051086E-15,0.));
#1483 = ADVANCED_FACE('',(#1484,#1487),#1498,.F.);
#1484 = FACE_BOUND('',#1485,.F.);
#1485 = EDGE_LOOP('',(#1486));
#1486 = ORIENTED_EDGE('',*,*,#1016,.T.);
#1487 = FACE_BOUND('',#1488,.F.);
#1488 = EDGE_LOOP('',(#1489));
#1489 = ORIENTED_EDGE('',*,*,#1490,.F.);
#1490 = EDGE_CURVE('',#1491,#1491,#1493,.T.);
#1491 = VERTEX_POINT('',#1492);
#1492 = CARTESIAN_POINT('',(7.35,6.5,8.));
#1493 = CIRCLE('',#1494,0.85);
#1494 = AXIS2_PLACEMENT_3D('',#1495,#1496,#1497);
#1495 = CARTESIAN_POINT('',(6.5,6.5,8.));
#1496 = DIRECTION('',(0.,0.,1.));
#1497 = DIRECTION('',(1.,0.,-0.));
#1498 = PLANE('',#1499);
#1499 = AXIS2_PLACEMENT_3D('',#1500,#1501,#1502);
#1500 = CARTESIAN_POINT('',(6.5,6.5,8.));
#1501 = DIRECTION('',(0.,0.,1.));
#1502 = DIRECTION('',(1.,0.,-0.));
#1503 = ADVANCED_FACE('',(#1504,#1507),#1518,.F.);
#1504 = FACE_BOUND('',#1505,.F.);
#1505 = EDGE_LOOP('',(#1506));
#1506 = ORIENTED_EDGE('',*,*,#1066,.T.);
#1507 = FACE_BOUND('',#1508,.F.);
#1508 = EDGE_LOOP('',(#1509));
#1509 = ORIENTED_EDGE('',*,*,#1510,.F.);
#1510 = EDGE_CURVE('',#1511,#1511,#1513,.T.);
#1511 = VERTEX_POINT('',#1512);
#1512 = CARTESIAN_POINT('',(58.35,6.5,8.));
#1513 = CIRCLE('',#1514,0.85);
#1514 = AXIS2_PLACEMENT_3D('',#1515,#1516,#1517);
#1515 = CARTESIAN_POINT('',(57.5,6.5,8.));
#1516 = DIRECTION('',(0.,0.,1.));
#1517 = DIRECTION('',(1.,0.,-0.));
#1518 = PLANE('',#1519);
#1519 = AXIS2_PLACEMENT_3D('',#1520,#1521,#1522);
#1520 = CARTESIAN_POINT('',(57.5,6.5,8.));
#1521 = DIRECTION('',(0.,0.,1.));
#1522 = DIRECTION('',(1.,0.,-0.));
#1523 = ADVANCED_FACE('',(#1524,#1543),#1546,.F.);
#1524 = FACE_BOUND('',#1525,.F.);
#1525 = EDGE_LOOP('',(#1526,#1535,#1542));
#1526 = ORIENTED_EDGE('',*,*,#1527,.T.);
#1527 = EDGE_CURVE('',#1050,#1528,#1530,.T.);
#1528 = VERTEX_POINT('',#1529);
#1529 = CARTESIAN_POINT('',(56.8,10.2,9.45));
#1530 = CIRCLE('',#1531,2.);
#1531 = AXIS2_PLACEMENT_3D('',#1532,#1533,#1534);
#1532 = CARTESIAN_POINT('',(54.8,10.2,9.45));
#1533 = DIRECTION('',(0.,0.,1.));
#1534 = DIRECTION('',(1.,0.,-0.));
#1535 = ORIENTED_EDGE('',*,*,#1536,.T.);
#1536 = EDGE_CURVE('',#1528,#1042,#1537,.T.);
#1537 = CIRCLE('',#1538,2.);
#1538 = AXIS2_PLACEMENT_3D('',#1539,#1540,#1541);
#1539 = CARTESIAN_POINT('',(54.8,10.2,9.45));
#1540 = DIRECTION('',(0.,0.,1.));
#1541 = DIRECTION('',(1.,0.,-0.));
#1542 = ORIENTED_EDGE('',*,*,#1049,.F.);
#1543 = FACE_BOUND('',#1544,.F.);
#1544 = EDGE_LOOP('',(#1545));
#1545 = ORIENTED_EDGE('',*,*,#83,.F.);
#1546 = PLANE('',#1547);
#1547 = AXIS2_PLACEMENT_3D('',#1548,#1549,#1550);
#1548 = CARTESIAN_POINT('',(54.8,10.2,9.45));
#1549 = DIRECTION('',(0.,0.,1.));
#1550 = DIRECTION('',(1.,0.,-0.));
#1551 = ADVANCED_FACE('',(#1552,#1555),#1566,.F.);
#1552 = FACE_BOUND('',#1553,.F.);
#1553 = EDGE_LOOP('',(#1554));
#1554 = ORIENTED_EDGE('',*,*,#1090,.T.);
#1555 = FACE_BOUND('',#1556,.F.);
#1556 = EDGE_LOOP('',(#1557));
#1557 = ORIENTED_EDGE('',*,*,#1558,.F.);
#1558 = EDGE_CURVE('',#1559,#1559,#1561,.T.);
#1559 = VERTEX_POINT('',#1560);
#1560 = CARTESIAN_POINT('',(7.35,55.5,8.));
#1561 = CIRCLE('',#1562,0.85);
#1562 = AXIS2_PLACEMENT_3D('',#1563,#1564,#1565);
#1563 = CARTESIAN_POINT('',(6.5,55.5,8.));
#1564 = DIRECTION('',(0.,0.,1.));
#1565 = DIRECTION('',(1.,0.,-0.));
#1566 = PLANE('',#1567);
#1567 = AXIS2_PLACEMENT_3D('',#1568,#1569,#1570);
#1568 = CARTESIAN_POINT('',(6.5,55.5,8.));
#1569 = DIRECTION('',(0.,0.,1.));
#1570 = DIRECTION('',(1.,0.,-0.));
#1571 = ADVANCED_FACE('',(#1572,#1575),#1586,.F.);
#1572 = FACE_BOUND('',#1573,.F.);
#1573 = EDGE_LOOP('',(#1574));
#1574 = ORIENTED_EDGE('',*,*,#1115,.T.);
#1575 = FACE_BOUND('',#1576,.F.);
#1576 = EDGE_LOOP('',(#1577));
#1577 = ORIENTED_EDGE('',*,*,#1578,.F.);
#1578 = EDGE_CURVE('',#1579,#1579,#1581,.T.);
#1579 = VERTEX_POINT('',#1580);
#1580 = CARTESIAN_POINT('',(47.85,55.5,8.));
#1581 = CIRCLE('',#1582,0.85);
#1582 = AXIS2_PLACEMENT_3D('',#1583,#1584,#1585);
#1583 = CARTESIAN_POINT('',(47.,55.5,8.));
#1584 = DIRECTION('',(0.,0.,1.));
#1585 = DIRECTION('',(1.,0.,-0.));
#1586 = PLANE('',#1587);
#1587 = AXIS2_PLACEMENT_3D('',#1588,#1589,#1590);
#1588 = CARTESIAN_POINT('',(47.,55.5,8.));
#1589 = DIRECTION('',(0.,0.,1.));
#1590 = DIRECTION('',(1.,0.,-0.));
#1591 = ADVANCED_FACE('',(#1592),#1596,.F.);
#1592 = FACE_BOUND('',#1593,.F.);
#1593 = EDGE_LOOP('',(#1594,#1595));
#1594 = ORIENTED_EDGE('',*,*,#1350,.F.);
#1595 = ORIENTED_EDGE('',*,*,#1404,.T.);
#1596 = PLANE('',#1597);
#1597 = AXIS2_PLACEMENT_3D('',#1598,#1599,#1600);
#1598 = CARTESIAN_POINT('',(17.5,28.75,10.5));
#1599 = DIRECTION('',(0.,0.,1.));
#1600 = DIRECTION('',(1.,0.,-0.));
#1601 = ADVANCED_FACE('',(#1602),#1621,.F.);
#1602 = FACE_BOUND('',#1603,.F.);
#1603 = EDGE_LOOP('',(#1604,#1612,#1619,#1620));
#1604 = ORIENTED_EDGE('',*,*,#1605,.T.);
#1605 = EDGE_CURVE('',#1491,#1606,#1608,.T.);
#1606 = VERTEX_POINT('',#1607);
#1607 = CARTESIAN_POINT('',(7.35,6.5,15.));
#1608 = LINE('',#1609,#1610);
#1609 = CARTESIAN_POINT('',(7.35,6.5,7.9));
#1610 = VECTOR('',#1611,1.);
#1611 = DIRECTION('',(0.,0.,1.));
#1612 = ORIENTED_EDGE('',*,*,#1613,.F.);
#1613 = EDGE_CURVE('',#1606,#1606,#1614,.T.);
#1614 = CIRCLE('',#1615,0.85);
#1615 = AXIS2_PLACEMENT_3D('',#1616,#1617,#1618);
#1616 = CARTESIAN_POINT('',(6.5,6.5,15.));
#1617 = DIRECTION('',(0.,0.,1.));
#1618 = DIRECTION('',(1.,0.,-0.));
#1619 = ORIENTED_EDGE('',*,*,#1605,.F.);
#1620 = ORIENTED_EDGE('',*,*,#1490,.T.);
#1621 = CYLINDRICAL_SURFACE('',#1622,0.85);
#1622 = AXIS2_PLACEMENT_3D('',#1623,#1624,#1625);
#1623 = CARTESIAN_POINT('',(6.5,6.5,7.9));
#1624 = DIRECTION('',(0.,0.,1.));
#1625 = DIRECTION('',(1.,0.,-0.));
#1626 = ADVANCED_FACE('',(#1627),#1646,.F.);
#1627 = FACE_BOUND('',#1628,.F.);
#1628 = EDGE_LOOP('',(#1629,#1637,#1644,#1645));
#1629 = ORIENTED_EDGE('',*,*,#1630,.T.);
#1630 = EDGE_CURVE('',#1511,#1631,#1633,.T.);
#1631 = VERTEX_POINT('',#1632);
#1632 = CARTESIAN_POINT('',(58.35,6.5,15.));
#1633 = LINE('',#1634,#1635);
#1634 = CARTESIAN_POINT('',(58.35,6.5,7.9));
#1635 = VECTOR('',#1636,1.);
#1636 = DIRECTION('',(0.,0.,1.));
#1637 = ORIENTED_EDGE('',*,*,#1638,.F.);
#1638 = EDGE_CURVE('',#1631,#1631,#1639,.T.);
#1639 = CIRCLE('',#1640,0.85);
#1640 = AXIS2_PLACEMENT_3D('',#1641,#1642,#1643);
#1641 = CARTESIAN_POINT('',(57.5,6.5,15.));
#1642 = DIRECTION('',(0.,0.,1.));
#1643 = DIRECTION('',(1.,0.,-0.));
#1644 = ORIENTED_EDGE('',*,*,#1630,.F.);
#1645 = ORIENTED_EDGE('',*,*,#1510,.T.);
#1646 = CYLINDRICAL_SURFACE('',#1647,0.85);
#1647 = AXIS2_PLACEMENT_3D('',#1648,#1649,#1650);
#1648 = CARTESIAN_POINT('',(57.5,6.5,7.9));
#1649 = DIRECTION('',(0.,0.,1.));
#1650 = DIRECTION('',(1.,0.,-0.));
#1651 = ADVANCED_FACE('',(#1652),#1671,.F.);
#1652 = FACE_BOUND('',#1653,.F.);
#1653 = EDGE_LOOP('',(#1654,#1662,#1669,#1670));
#1654 = ORIENTED_EDGE('',*,*,#1655,.T.);
#1655 = EDGE_CURVE('',#1559,#1656,#1658,.T.);
#1656 = VERTEX_POINT('',#1657);
#1657 = CARTESIAN_POINT('',(7.35,55.5,15.));
#1658 = LINE('',#1659,#1660);
#1659 = CARTESIAN_POINT('',(7.35,55.5,7.9));
#1660 = VECTOR('',#1661,1.);
#1661 = DIRECTION('',(0.,0.,1.));
#1662 = ORIENTED_EDGE('',*,*,#1663,.F.);
#1663 = EDGE_CURVE('',#1656,#1656,#1664,.T.);
#1664 = CIRCLE('',#1665,0.85);
#1665 = AXIS2_PLACEMENT_3D('',#1666,#1667,#1668);
#1666 = CARTESIAN_POINT('',(6.5,55.5,15.));
#1667 = DIRECTION('',(0.,0.,1.));
#1668 = DIRECTION('',(1.,0.,-0.));
#1669 = ORIENTED_EDGE('',*,*,#1655,.F.);
#1670 = ORIENTED_EDGE('',*,*,#1558,.T.);
#1671 = CYLINDRICAL_SURFACE('',#1672,0.85);
#1672 = AXIS2_PLACEMENT_3D('',#1673,#1674,#1675);
#1673 = CARTESIAN_POINT('',(6.5,55.5,7.9));
#1674 = DIRECTION('',(0.,0.,1.));
#1675 = DIRECTION('',(1.,0.,-0.));
#1676 = ADVANCED_FACE('',(#1677),#1696,.F.);
#1677 = FACE_BOUND('',#1678,.F.);
#1678 = EDGE_LOOP('',(#1679,#1687,#1694,#1695));
#1679 = ORIENTED_EDGE('',*,*,#1680,.T.);
#1680 = EDGE_CURVE('',#1579,#1681,#1683,.T.);
#1681 = VERTEX_POINT('',#1682);
#1682 = CARTESIAN_POINT('',(47.85,55.5,15.));
#1683 = LINE('',#1684,#1685);
#1684 = CARTESIAN_POINT('',(47.85,55.5,7.9));
#1685 = VECTOR('',#1686,1.);
#1686 = DIRECTION('',(0.,0.,1.));
#1687 = ORIENTED_EDGE('',*,*,#1688,.F.);
#1688 = EDGE_CURVE('',#1681,#1681,#1689,.T.);
#1689 = CIRCLE('',#1690,0.85);
#1690 = AXIS2_PLACEMENT_3D('',#1691,#1692,#1693);
#1691 = CARTESIAN_POINT('',(47.,55.5,15.));
#1692 = DIRECTION('',(0.,0.,1.));
#1693 = DIRECTION('',(1.,0.,-0.));
#1694 = ORIENTED_EDGE('',*,*,#1680,.F.);
#1695 = ORIENTED_EDGE('',*,*,#1578,.T.);
#1696 = CYLINDRICAL_SURFACE('',#1697,0.85);
#1697 = AXIS2_PLACEMENT_3D('',#1698,#1699,#1700);
#1698 = CARTESIAN_POINT('',(47.,55.5,7.9));
#1699 = DIRECTION('',(0.,0.,1.));
#1700 = DIRECTION('',(1.,0.,-0.));
#1701 = ADVANCED_FACE('',(#1702),#1705,.F.);
#1702 = FACE_BOUND('',#1703,.F.);
#1703 = EDGE_LOOP('',(#1704));
#1704 = ORIENTED_EDGE('',*,*,#1613,.T.);
#1705 = PLANE('',#1706);
#1706 = AXIS2_PLACEMENT_3D('',#1707,#1708,#1709);
#1707 = CARTESIAN_POINT('',(6.5,6.5,15.));
#1708 = DIRECTION('',(0.,0.,1.));
#1709 = DIRECTION('',(1.,0.,-0.));
#1710 = ADVANCED_FACE('',(#1711),#1714,.F.);
#1711 = FACE_BOUND('',#1712,.F.);
#1712 = EDGE_LOOP('',(#1713));
#1713 = ORIENTED_EDGE('',*,*,#1638,.T.);
#1714 = PLANE('',#1715);
#1715 = AXIS2_PLACEMENT_3D('',#1716,#1717,#1718);
#1716 = CARTESIAN_POINT('',(57.5,6.5,15.));
#1717 = DIRECTION('',(0.,0.,1.));
#1718 = DIRECTION('',(1.,0.,-0.));
#1719 = ADVANCED_FACE('',(#1720),#1723,.F.);
#1720 = FACE_BOUND('',#1721,.F.);
#1721 = EDGE_LOOP('',(#1722));
#1722 = ORIENTED_EDGE('',*,*,#1663,.T.);
#1723 = PLANE('',#1724);
#1724 = AXIS2_PLACEMENT_3D('',#1725,#1726,#1727);
#1725 = CARTESIAN_POINT('',(6.5,55.5,15.));
#1726 = DIRECTION('',(0.,0.,1.));
#1727 = DIRECTION('',(1.,0.,-0.));
#1728 = ADVANCED_FACE('',(#1729),#1732,.F.);
#1729 = FACE_BOUND('',#1730,.F.);
#1730 = EDGE_LOOP('',(#1731));
#1731 = ORIENTED_EDGE('',*,*,#1688,.T.);
#1732 = PLANE('',#1733);
#1733 = AXIS2_PLACEMENT_3D('',#1734,#1735,#1736);
#1734 = CARTESIAN_POINT('',(47.,55.5,15.));
#1735 = DIRECTION('',(0.,0.,1.));
#1736 = DIRECTION('',(1.,0.,-0.));
#1737 = ADVANCED_FACE('',(#1738,#1748,#1970,#2036,#2094,#2097,#2179,
    #2213,#2279,#2409,#2475,#2541,#2714,#2796,#2878,#3251,#3387,#3650,
    #3748,#3846,#4077,#4159,#4193),#4227,.T.);
#1738 = FACE_BOUND('',#1739,.T.);
#1739 = EDGE_LOOP('',(#1740,#1741,#1742,#1743,#1744,#1745,#1746,#1747));
#1740 = ORIENTED_EDGE('',*,*,#109,.T.);
#1741 = ORIENTED_EDGE('',*,*,#173,.T.);
#1742 = ORIENTED_EDGE('',*,*,#366,.T.);
#1743 = ORIENTED_EDGE('',*,*,#463,.T.);
#1744 = ORIENTED_EDGE('',*,*,#437,.T.);
#1745 = ORIENTED_EDGE('',*,*,#412,.T.);
#1746 = ORIENTED_EDGE('',*,*,#348,.T.);
#1747 = ORIENTED_EDGE('',*,*,#149,.T.);
#1748 = FACE_BOUND('',#1749,.T.);
#1749 = EDGE_LOOP('',(#1750,#1760,#1769,#1778,#1787,#1795,#1804,#1812,
    #1821,#1830,#1838,#1847,#1856,#1865,#1874,#1882,#1891,#1899,#1907,
    #1915,#1923,#1931,#1939,#1947,#1955,#1963));
#1750 = ORIENTED_EDGE('',*,*,#1751,.T.);
#1751 = EDGE_CURVE('',#1752,#1754,#1756,.T.);
#1752 = VERTEX_POINT('',#1753);
#1753 = CARTESIAN_POINT('',(17.5,12.,21.2));
#1754 = VERTEX_POINT('',#1755);
#1755 = CARTESIAN_POINT('',(17.5,21.75,21.2));
#1756 = LINE('',#1757,#1758);
#1757 = CARTESIAN_POINT('',(17.5,38.25,21.2));
#1758 = VECTOR('',#1759,1.);
#1759 = DIRECTION('',(-0.,1.,0.));
#1760 = ORIENTED_EDGE('',*,*,#1761,.F.);
#1761 = EDGE_CURVE('',#1762,#1754,#1764,.T.);
#1762 = VERTEX_POINT('',#1763);
#1763 = CARTESIAN_POINT('',(16.,21.912602834411,21.2));
#1764 = CIRCLE('',#1765,7.);
#1765 = AXIS2_PLACEMENT_3D('',#1766,#1767,#1768);
#1766 = CARTESIAN_POINT('',(17.5,28.75,21.2));
#1767 = DIRECTION('',(0.,0.,1.));
#1768 = DIRECTION('',(1.,0.,-0.));
#1769 = ORIENTED_EDGE('',*,*,#1770,.F.);
#1770 = EDGE_CURVE('',#1771,#1762,#1773,.T.);
#1771 = VERTEX_POINT('',#1772);
#1772 = CARTESIAN_POINT('',(16.,35.587397165589,21.2));
#1773 = CIRCLE('',#1774,7.);
#1774 = AXIS2_PLACEMENT_3D('',#1775,#1776,#1777);
#1775 = CARTESIAN_POINT('',(17.5,28.75,21.2));
#1776 = DIRECTION('',(0.,0.,1.));
#1777 = DIRECTION('',(1.,0.,-0.));
#1778 = ORIENTED_EDGE('',*,*,#1779,.F.);
#1779 = EDGE_CURVE('',#1780,#1771,#1782,.T.);
#1780 = VERTEX_POINT('',#1781);
#1781 = CARTESIAN_POINT('',(17.5,35.75,21.2));
#1782 = CIRCLE('',#1783,7.);
#1783 = AXIS2_PLACEMENT_3D('',#1784,#1785,#1786);
#1784 = CARTESIAN_POINT('',(17.5,28.75,21.2));
#1785 = DIRECTION('',(0.,0.,1.));
#1786 = DIRECTION('',(1.,0.,-0.));
#1787 = ORIENTED_EDGE('',*,*,#1788,.T.);
#1788 = EDGE_CURVE('',#1780,#1789,#1791,.T.);
#1789 = VERTEX_POINT('',#1790);
#1790 = CARTESIAN_POINT('',(17.5,45.5,21.2));
#1791 = LINE('',#1792,#1793);
#1792 = CARTESIAN_POINT('',(17.5,38.25,21.2));
#1793 = VECTOR('',#1794,1.);
#1794 = DIRECTION('',(-0.,1.,0.));
#1795 = ORIENTED_EDGE('',*,*,#1796,.T.);
#1796 = EDGE_CURVE('',#1789,#1797,#1799,.T.);
#1797 = VERTEX_POINT('',#1798);
#1798 = CARTESIAN_POINT('',(20.,48.,21.2));
#1799 = CIRCLE('',#1800,2.5);
#1800 = AXIS2_PLACEMENT_3D('',#1801,#1802,#1803);
#1801 = CARTESIAN_POINT('',(20.,45.5,21.2));
#1802 = DIRECTION('',(-0.,0.,-1.));
#1803 = DIRECTION('',(0.,1.,0.));
#1804 = ORIENTED_EDGE('',*,*,#1805,.T.);
#1805 = EDGE_CURVE('',#1797,#1806,#1808,.T.);
#1806 = VERTEX_POINT('',#1807);
#1807 = CARTESIAN_POINT('',(44.,48.,21.2));
#1808 = LINE('',#1809,#1810);
#1809 = CARTESIAN_POINT('',(38.,48.,21.2));
#1810 = VECTOR('',#1811,1.);
#1811 = DIRECTION('',(1.,0.,-0.));
#1812 = ORIENTED_EDGE('',*,*,#1813,.T.);
#1813 = EDGE_CURVE('',#1806,#1814,#1816,.T.);
#1814 = VERTEX_POINT('',#1815);
#1815 = CARTESIAN_POINT('',(46.449489742783,46.,21.2));
#1816 = CIRCLE('',#1817,2.5);
#1817 = AXIS2_PLACEMENT_3D('',#1818,#1819,#1820);
#1818 = CARTESIAN_POINT('',(44.,45.5,21.2));
#1819 = DIRECTION('',(0.,-0.,-1.));
#1820 = DIRECTION('',(1.,0.,-0.));
#1821 = ORIENTED_EDGE('',*,*,#1822,.T.);
#1822 = EDGE_CURVE('',#1814,#1823,#1825,.T.);
#1823 = VERTEX_POINT('',#1824);
#1824 = CARTESIAN_POINT('',(46.5,45.5,21.2));
#1825 = CIRCLE('',#1826,2.5);
#1826 = AXIS2_PLACEMENT_3D('',#1827,#1828,#1829);
#1827 = CARTESIAN_POINT('',(44.,45.5,21.2));
#1828 = DIRECTION('',(0.,-0.,-1.));
#1829 = DIRECTION('',(1.,0.,-0.));
#1830 = ORIENTED_EDGE('',*,*,#1831,.T.);
#1831 = EDGE_CURVE('',#1823,#1832,#1834,.T.);
#1832 = VERTEX_POINT('',#1833);
#1833 = CARTESIAN_POINT('',(46.5,35.75,21.2));
#1834 = LINE('',#1835,#1836);
#1835 = CARTESIAN_POINT('',(46.5,21.5,21.2));
#1836 = VECTOR('',#1837,1.);
#1837 = DIRECTION('',(0.,-1.,0.));
#1838 = ORIENTED_EDGE('',*,*,#1839,.F.);
#1839 = EDGE_CURVE('',#1840,#1832,#1842,.T.);
#1840 = VERTEX_POINT('',#1841);
#1841 = CARTESIAN_POINT('',(48.,35.587397165589,21.2));
#1842 = CIRCLE('',#1843,7.);
#1843 = AXIS2_PLACEMENT_3D('',#1844,#1845,#1846);
#1844 = CARTESIAN_POINT('',(46.5,28.75,21.2));
#1845 = DIRECTION('',(0.,0.,1.));
#1846 = DIRECTION('',(1.,0.,-0.));
#1847 = ORIENTED_EDGE('',*,*,#1848,.F.);
#1848 = EDGE_CURVE('',#1849,#1840,#1851,.T.);
#1849 = VERTEX_POINT('',#1850);
#1850 = CARTESIAN_POINT('',(53.5,28.75,21.2));
#1851 = CIRCLE('',#1852,7.);
#1852 = AXIS2_PLACEMENT_3D('',#1853,#1854,#1855);
#1853 = CARTESIAN_POINT('',(46.5,28.75,21.2));
#1854 = DIRECTION('',(0.,0.,1.));
#1855 = DIRECTION('',(1.,0.,-0.));
#1856 = ORIENTED_EDGE('',*,*,#1857,.F.);
#1857 = EDGE_CURVE('',#1858,#1849,#1860,.T.);
#1858 = VERTEX_POINT('',#1859);
#1859 = CARTESIAN_POINT('',(48.,21.912602834411,21.2));
#1860 = CIRCLE('',#1861,7.);
#1861 = AXIS2_PLACEMENT_3D('',#1862,#1863,#1864);
#1862 = CARTESIAN_POINT('',(46.5,28.75,21.2));
#1863 = DIRECTION('',(0.,0.,1.));
#1864 = DIRECTION('',(1.,0.,-0.));
#1865 = ORIENTED_EDGE('',*,*,#1866,.F.);
#1866 = EDGE_CURVE('',#1867,#1858,#1869,.T.);
#1867 = VERTEX_POINT('',#1868);
#1868 = CARTESIAN_POINT('',(46.5,21.75,21.2));
#1869 = CIRCLE('',#1870,7.);
#1870 = AXIS2_PLACEMENT_3D('',#1871,#1872,#1873);
#1871 = CARTESIAN_POINT('',(46.5,28.75,21.2));
#1872 = DIRECTION('',(0.,0.,1.));
#1873 = DIRECTION('',(1.,0.,-0.));
#1874 = ORIENTED_EDGE('',*,*,#1875,.T.);
#1875 = EDGE_CURVE('',#1867,#1876,#1878,.T.);
#1876 = VERTEX_POINT('',#1877);
#1877 = CARTESIAN_POINT('',(46.5,12.,21.2));
#1878 = LINE('',#1879,#1880);
#1879 = CARTESIAN_POINT('',(46.5,21.5,21.2));
#1880 = VECTOR('',#1881,1.);
#1881 = DIRECTION('',(0.,-1.,0.));
#1882 = ORIENTED_EDGE('',*,*,#1883,.T.);
#1883 = EDGE_CURVE('',#1876,#1884,#1886,.T.);
#1884 = VERTEX_POINT('',#1885);
#1885 = CARTESIAN_POINT('',(44.,9.5,21.2));
#1886 = CIRCLE('',#1887,2.5);
#1887 = AXIS2_PLACEMENT_3D('',#1888,#1889,#1890);
#1888 = CARTESIAN_POINT('',(44.,12.,21.2));
#1889 = DIRECTION('',(-0.,-0.,-1.));
#1890 = DIRECTION('',(0.,-1.,0.));
#1891 = ORIENTED_EDGE('',*,*,#1892,.T.);
#1892 = EDGE_CURVE('',#1884,#1893,#1895,.T.);
#1893 = VERTEX_POINT('',#1894);
#1894 = CARTESIAN_POINT('',(36.8,9.5,21.2));
#1895 = LINE('',#1896,#1897);
#1896 = CARTESIAN_POINT('',(26.,9.5,21.2));
#1897 = VECTOR('',#1898,1.);
#1898 = DIRECTION('',(-1.,0.,0.));
#1899 = ORIENTED_EDGE('',*,*,#1900,.F.);
#1900 = EDGE_CURVE('',#1901,#1893,#1903,.T.);
#1901 = VERTEX_POINT('',#1902);
#1902 = CARTESIAN_POINT('',(36.8,6.2,21.2));
#1903 = LINE('',#1904,#1905);
#1904 = CARTESIAN_POINT('',(36.8,18.6,21.2));
#1905 = VECTOR('',#1906,1.);
#1906 = DIRECTION('',(-0.,1.,0.));
#1907 = ORIENTED_EDGE('',*,*,#1908,.T.);
#1908 = EDGE_CURVE('',#1901,#1909,#1911,.T.);
#1909 = VERTEX_POINT('',#1910);
#1910 = CARTESIAN_POINT('',(36.,6.2,21.2));
#1911 = LINE('',#1912,#1913);
#1912 = CARTESIAN_POINT('',(34.,6.2,21.2));
#1913 = VECTOR('',#1914,1.);
#1914 = DIRECTION('',(-1.,-0.,0.));
#1915 = ORIENTED_EDGE('',*,*,#1916,.T.);
#1916 = EDGE_CURVE('',#1909,#1917,#1919,.T.);
#1917 = VERTEX_POINT('',#1918);
#1918 = CARTESIAN_POINT('',(36.,6.5,21.2));
#1919 = LINE('',#1920,#1921);
#1920 = CARTESIAN_POINT('',(36.,18.6,21.2));
#1921 = VECTOR('',#1922,1.);
#1922 = DIRECTION('',(-0.,1.,0.));
#1923 = ORIENTED_EDGE('',*,*,#1924,.T.);
#1924 = EDGE_CURVE('',#1917,#1925,#1927,.T.);
#1925 = VERTEX_POINT('',#1926);
#1926 = CARTESIAN_POINT('',(28.,6.5,21.2));
#1927 = LINE('',#1928,#1929);
#1928 = CARTESIAN_POINT('',(29.6,6.5,21.2));
#1929 = VECTOR('',#1930,1.);
#1930 = DIRECTION('',(-1.,-0.,0.));
#1931 = ORIENTED_EDGE('',*,*,#1932,.F.);
#1932 = EDGE_CURVE('',#1933,#1925,#1935,.T.);
#1933 = VERTEX_POINT('',#1934);
#1934 = CARTESIAN_POINT('',(28.,6.2,21.2));
#1935 = LINE('',#1936,#1937);
#1936 = CARTESIAN_POINT('',(28.,18.6,21.2));
#1937 = VECTOR('',#1938,1.);
#1938 = DIRECTION('',(-0.,1.,0.));
#1939 = ORIENTED_EDGE('',*,*,#1940,.T.);
#1940 = EDGE_CURVE('',#1933,#1941,#1943,.T.);
#1941 = VERTEX_POINT('',#1942);
#1942 = CARTESIAN_POINT('',(27.2,6.2,21.2));
#1943 = LINE('',#1944,#1945);
#1944 = CARTESIAN_POINT('',(29.6,6.2,21.2));
#1945 = VECTOR('',#1946,1.);
#1946 = DIRECTION('',(-1.,-0.,0.));
#1947 = ORIENTED_EDGE('',*,*,#1948,.T.);
#1948 = EDGE_CURVE('',#1941,#1949,#1951,.T.);
#1949 = VERTEX_POINT('',#1950);
#1950 = CARTESIAN_POINT('',(27.2,9.5,21.2));
#1951 = LINE('',#1952,#1953);
#1952 = CARTESIAN_POINT('',(27.2,18.6,21.2));
#1953 = VECTOR('',#1954,1.);
#1954 = DIRECTION('',(-0.,1.,0.));
#1955 = ORIENTED_EDGE('',*,*,#1956,.F.);
#1956 = EDGE_CURVE('',#1957,#1949,#1959,.T.);
#1957 = VERTEX_POINT('',#1958);
#1958 = CARTESIAN_POINT('',(20.,9.5,21.2));
#1959 = LINE('',#1960,#1961);
#1960 = CARTESIAN_POINT('',(25.2,9.5,21.2));
#1961 = VECTOR('',#1962,1.);
#1962 = DIRECTION('',(1.,0.,-0.));
#1963 = ORIENTED_EDGE('',*,*,#1964,.T.);
#1964 = EDGE_CURVE('',#1957,#1752,#1965,.T.);
#1965 = CIRCLE('',#1966,2.5);
#1966 = AXIS2_PLACEMENT_3D('',#1967,#1968,#1969);
#1967 = CARTESIAN_POINT('',(20.,12.,21.2));
#1968 = DIRECTION('',(-0.,0.,-1.));
#1969 = DIRECTION('',(-1.,0.,0.));
#1970 = FACE_BOUND('',#1971,.T.);
#1971 = EDGE_LOOP('',(#1972,#1982,#1990,#1998,#2006,#2014,#2022,#2030));
#1972 = ORIENTED_EDGE('',*,*,#1973,.F.);
#1973 = EDGE_CURVE('',#1974,#1976,#1978,.T.);
#1974 = VERTEX_POINT('',#1975);
#1975 = CARTESIAN_POINT('',(15.969043624161,48.808053691275,21.2));
#1976 = VERTEX_POINT('',#1977);
#1977 = CARTESIAN_POINT('',(16.205620805369,48.120805369128,21.2));
#1978 = LINE('',#1979,#1980);
#1979 = CARTESIAN_POINT('',(19.676908466432,38.036837809047,21.2));
#1980 = VECTOR('',#1981,1.);
#1981 = DIRECTION('',(0.325492639086,-0.945544574254,0.));
#1982 = ORIENTED_EDGE('',*,*,#1983,.F.);
#1983 = EDGE_CURVE('',#1984,#1974,#1986,.T.);
#1984 = VERTEX_POINT('',#1985);
#1985 = CARTESIAN_POINT('',(14.45394295302,48.808053691275,21.2));
#1986 = LINE('',#1987,#1988);
#1987 = CARTESIAN_POINT('',(23.984521812081,48.808053691275,21.2));
#1988 = VECTOR('',#1989,1.);
#1989 = DIRECTION('',(1.,0.,-0.));
#1990 = ORIENTED_EDGE('',*,*,#1991,.F.);
#1991 = EDGE_CURVE('',#1992,#1984,#1994,.T.);
#1992 = VERTEX_POINT('',#1993);
#1993 = CARTESIAN_POINT('',(14.214848993289,48.120805369128,21.2));
#1994 = LINE('',#1995,#1996);
#1995 = CARTESIAN_POINT('',(12.637876300441,43.587977193757,21.2));
#1996 = VECTOR('',#1997,1.);
#1997 = DIRECTION('',(0.328583228166,0.944475019346,-0.));
#1998 = ORIENTED_EDGE('',*,*,#1999,.F.);
#1999 = EDGE_CURVE('',#2000,#1992,#2002,.T.);
#2000 = VERTEX_POINT('',#2001);
#2001 = CARTESIAN_POINT('',(13.240855704698,48.120805369128,21.2));
#2002 = LINE('',#2003,#2004);
#2003 = CARTESIAN_POINT('',(23.107424496644,48.120805369128,21.2));
#2004 = VECTOR('',#2005,1.);
#2005 = DIRECTION('',(1.,0.,-0.));
#2006 = ORIENTED_EDGE('',*,*,#2007,.F.);
#2007 = EDGE_CURVE('',#2008,#2000,#2010,.T.);
#2008 = VERTEX_POINT('',#2009);
#2009 = CARTESIAN_POINT('',(14.632634228188,51.879194630872,21.2));
#2010 = LINE('',#2011,#2012);
#2011 = CARTESIAN_POINT('',(11.584239031555,43.647241357264,21.2));
#2012 = VECTOR('',#2013,1.);
#2013 = DIRECTION('',(-0.347266632791,-0.93776643454,0.));
#2014 = ORIENTED_EDGE('',*,*,#2015,.F.);
#2015 = EDGE_CURVE('',#2016,#2008,#2018,.T.);
#2016 = VERTEX_POINT('',#2017);
#2017 = CARTESIAN_POINT('',(15.78783557047,51.879194630872,21.2));
#2018 = LINE('',#2019,#2020);
#2019 = CARTESIAN_POINT('',(23.316317114094,51.879194630872,21.2));
#2020 = VECTOR('',#2021,1.);
#2021 = DIRECTION('',(-1.,0.,0.));
#2022 = ORIENTED_EDGE('',*,*,#2023,.F.);
#2023 = EDGE_CURVE('',#2024,#2016,#2026,.T.);
#2024 = VERTEX_POINT('',#2025);
#2025 = CARTESIAN_POINT('',(17.17961409396,48.120805369128,21.2));
#2026 = LINE('',#2027,#2028);
#2027 = CARTESIAN_POINT('',(20.165088356135,40.058765167473,21.2));
#2028 = VECTOR('',#2029,1.);
#2029 = DIRECTION('',(-0.347266632791,0.93776643454,0.));
#2030 = ORIENTED_EDGE('',*,*,#2031,.F.);
#2031 = EDGE_CURVE('',#1976,#2024,#2032,.T.);
#2032 = LINE('',#2033,#2034);
#2033 = CARTESIAN_POINT('',(24.58980704698,48.120805369128,21.2));
#2034 = VECTOR('',#2035,1.);
#2035 = DIRECTION('',(1.,0.,-0.));
#2036 = FACE_BOUND('',#2037,.T.);
#2037 = EDGE_LOOP('',(#2038,#2048,#2056,#2064,#2072,#2080,#2088));
#2038 = ORIENTED_EDGE('',*,*,#2039,.F.);
#2039 = EDGE_CURVE('',#2040,#2042,#2044,.T.);
#2040 = VERTEX_POINT('',#2041);
#2041 = CARTESIAN_POINT('',(10.585318791946,51.879194630872,21.2));
#2042 = VERTEX_POINT('',#2043);
#2043 = CARTESIAN_POINT('',(9.611325503356,51.879194630872,21.2));
#2044 = LINE('',#2045,#2046);
#2045 = CARTESIAN_POINT('',(20.805662751678,51.879194630872,21.2));
#2046 = VECTOR('',#2047,1.);
#2047 = DIRECTION('',(-1.,0.,0.));
#2048 = ORIENTED_EDGE('',*,*,#2049,.F.);
#2049 = EDGE_CURVE('',#2050,#2040,#2052,.T.);
#2050 = VERTEX_POINT('',#2051);
#2051 = CARTESIAN_POINT('',(11.581963087248,49.105033557047,21.2));
#2052 = LINE('',#2053,#2054);
#2053 = CARTESIAN_POINT('',(15.131102448456,39.225998170144,21.2));
#2054 = VECTOR('',#2055,1.);
#2055 = DIRECTION('',(-0.338102631749,0.94110924467,0.));
#2056 = ORIENTED_EDGE('',*,*,#2057,.F.);
#2057 = EDGE_CURVE('',#2058,#2050,#2060,.T.);
#2058 = VERTEX_POINT('',#2059);
#2059 = CARTESIAN_POINT('',(12.576090604027,51.879194630872,21.2));
#2060 = LINE('',#2061,#2062);
#2061 = CARTESIAN_POINT('',(9.868956034365,44.324804255381,21.2));
#2062 = VECTOR('',#2063,1.);
#2063 = DIRECTION('',(-0.337346110053,-0.941380689218,0.));
#2064 = ORIENTED_EDGE('',*,*,#2065,.F.);
#2065 = EDGE_CURVE('',#2066,#2058,#2068,.T.);
#2066 = VERTEX_POINT('',#2067);
#2067 = CARTESIAN_POINT('',(13.550083892617,51.879194630872,21.2));
#2068 = LINE('',#2069,#2070);
#2069 = CARTESIAN_POINT('',(22.288045302013,51.879194630872,21.2));
#2070 = VECTOR('',#2071,1.);
#2071 = DIRECTION('',(-1.,0.,0.));
#2072 = ORIENTED_EDGE('',*,*,#2073,.F.);
#2073 = EDGE_CURVE('',#2074,#2066,#2076,.T.);
#2074 = VERTEX_POINT('',#2075);
#2075 = CARTESIAN_POINT('',(12.158305369128,48.120805369128,21.2));
#2076 = LINE('',#2077,#2078);
#2077 = CARTESIAN_POINT('',(11.262852557154,45.702704948608,21.2));
#2078 = VECTOR('',#2079,1.);
#2079 = DIRECTION('',(0.347266632791,0.93776643454,-0.));
#2080 = ORIENTED_EDGE('',*,*,#2081,.F.);
#2081 = EDGE_CURVE('',#2082,#2074,#2084,.T.);
#2082 = VERTEX_POINT('',#2083);
#2083 = CARTESIAN_POINT('',(11.003104026846,48.120805369128,21.2));
#2084 = LINE('',#2085,#2086);
#2085 = CARTESIAN_POINT('',(22.079152684564,48.120805369128,21.2));
#2086 = VECTOR('',#2087,1.);
#2087 = DIRECTION('',(1.,0.,-0.));
#2088 = ORIENTED_EDGE('',*,*,#2089,.F.);
#2089 = EDGE_CURVE('',#2042,#2082,#2090,.T.);
#2090 = LINE('',#2091,#2092);
#2091 = CARTESIAN_POINT('',(15.056892931115,37.173864868147,21.2));
#2092 = VECTOR('',#2093,1.);
#2093 = DIRECTION('',(0.347266632791,-0.93776643454,0.));
#2094 = FACE_BOUND('',#2095,.T.);
#2095 = EDGE_LOOP('',(#2096));
#2096 = ORIENTED_EDGE('',*,*,#21,.F.);
#2097 = FACE_BOUND('',#2098,.T.);
#2098 = EDGE_LOOP('',(#2099,#2109,#2117,#2125,#2133,#2141,#2149,#2157,
    #2165,#2173));
#2099 = ORIENTED_EDGE('',*,*,#2100,.F.);
#2100 = EDGE_CURVE('',#2101,#2103,#2105,.T.);
#2101 = VERTEX_POINT('',#2102);
#2102 = CARTESIAN_POINT('',(4.902600671141,51.879194630872,21.2));
#2103 = VERTEX_POINT('',#2104);
#2104 = CARTESIAN_POINT('',(3.82038590604,51.879194630872,21.2));
#2105 = LINE('',#2106,#2107);
#2106 = CARTESIAN_POINT('',(17.91019295302,51.879194630872,21.2));
#2107 = VECTOR('',#2108,1.);
#2108 = DIRECTION('',(-1.,0.,0.));
#2109 = ORIENTED_EDGE('',*,*,#2110,.F.);
#2110 = EDGE_CURVE('',#2111,#2101,#2113,.T.);
#2111 = VERTEX_POINT('',#2112);
#2112 = CARTESIAN_POINT('',(6.269211409396,49.301510067114,21.2));
#2113 = LINE('',#2114,#2115);
#2114 = CARTESIAN_POINT('',(12.19568880148,38.123060444697,21.2));
#2115 = VECTOR('',#2116,1.);
#2116 = DIRECTION('',(-0.46841081492,0.88351078571,0.));
#2117 = ORIENTED_EDGE('',*,*,#2118,.F.);
#2118 = EDGE_CURVE('',#2119,#2111,#2121,.T.);
#2119 = VERTEX_POINT('',#2120);
#2120 = CARTESIAN_POINT('',(6.269211409396,51.879194630872,21.2));
#2121 = LINE('',#2122,#2123);
#2122 = CARTESIAN_POINT('',(6.269211409396,40.150755033557,21.2));
#2123 = VECTOR('',#2124,1.);
#2124 = DIRECTION('',(0.,-1.,0.));
#2125 = ORIENTED_EDGE('',*,*,#2126,.F.);
#2126 = EDGE_CURVE('',#2127,#2119,#2129,.T.);
#2127 = VERTEX_POINT('',#2128);
#2128 = CARTESIAN_POINT('',(7.18783557047,51.879194630872,21.2));
#2129 = LINE('',#2130,#2131);
#2130 = CARTESIAN_POINT('',(19.134605704698,51.879194630872,21.2));
#2131 = VECTOR('',#2132,1.);
#2132 = DIRECTION('',(-1.,0.,0.));
#2133 = ORIENTED_EDGE('',*,*,#2134,.F.);
#2134 = EDGE_CURVE('',#2135,#2127,#2137,.T.);
#2135 = VERTEX_POINT('',#2136);
#2136 = CARTESIAN_POINT('',(7.18783557047,48.120805369128,21.2));
#2137 = LINE('',#2138,#2139);
#2138 = CARTESIAN_POINT('',(7.18783557047,41.439597315436,21.2));
#2139 = VECTOR('',#2140,1.);
#2140 = DIRECTION('',(-0.,1.,0.));
#2141 = ORIENTED_EDGE('',*,*,#2142,.F.);
#2142 = EDGE_CURVE('',#2143,#2135,#2145,.T.);
#2143 = VERTEX_POINT('',#2144);
#2144 = CARTESIAN_POINT('',(6.105620805369,48.120805369128,21.2));
#2145 = LINE('',#2146,#2147);
#2146 = CARTESIAN_POINT('',(19.593917785235,48.120805369128,21.2));
#2147 = VECTOR('',#2148,1.);
#2148 = DIRECTION('',(1.,0.,-0.));
#2149 = ORIENTED_EDGE('',*,*,#2150,.F.);
#2150 = EDGE_CURVE('',#2151,#2143,#2153,.T.);
#2151 = VERTEX_POINT('',#2152);
#2152 = CARTESIAN_POINT('',(4.739010067114,50.698489932886,21.2));
#2153 = LINE('',#2154,#2155);
#2154 = CARTESIAN_POINT('',(12.489035204341,36.080486718248,21.2));
#2155 = VECTOR('',#2156,1.);
#2156 = DIRECTION('',(0.46841081492,-0.88351078571,0.));
#2157 = ORIENTED_EDGE('',*,*,#2158,.F.);
#2158 = EDGE_CURVE('',#2159,#2151,#2161,.T.);
#2159 = VERTEX_POINT('',#2160);
#2160 = CARTESIAN_POINT('',(4.739010067114,48.120805369128,21.2));
#2161 = LINE('',#2162,#2163);
#2162 = CARTESIAN_POINT('',(4.739010067114,40.849244966443,21.2));
#2163 = VECTOR('',#2164,1.);
#2164 = DIRECTION('',(-0.,1.,0.));
#2165 = ORIENTED_EDGE('',*,*,#2166,.F.);
#2166 = EDGE_CURVE('',#2167,#2159,#2169,.T.);
#2167 = VERTEX_POINT('',#2168);
#2168 = CARTESIAN_POINT('',(3.82038590604,48.120805369128,21.2));
#2169 = LINE('',#2170,#2171);
#2170 = CARTESIAN_POINT('',(18.369505033557,48.120805369128,21.2));
#2171 = VECTOR('',#2172,1.);
#2172 = DIRECTION('',(1.,0.,-0.));
#2173 = ORIENTED_EDGE('',*,*,#2174,.F.);
#2174 = EDGE_CURVE('',#2103,#2167,#2175,.T.);
#2175 = LINE('',#2176,#2177);
#2176 = CARTESIAN_POINT('',(3.82038590604,39.560402684564,21.2));
#2177 = VECTOR('',#2178,1.);
#2178 = DIRECTION('',(0.,-1.,0.));
#2179 = FACE_BOUND('',#2180,.T.);
#2180 = EDGE_LOOP('',(#2181,#2191,#2199,#2207));
#2181 = ORIENTED_EDGE('',*,*,#2182,.F.);
#2182 = EDGE_CURVE('',#2183,#2185,#2187,.T.);
#2183 = VERTEX_POINT('',#2184);
#2184 = CARTESIAN_POINT('',(9.106124161074,51.879194630872,21.2));
#2185 = VERTEX_POINT('',#2186);
#2186 = CARTESIAN_POINT('',(8.13716442953,51.879194630872,21.2));
#2187 = LINE('',#2188,#2189);
#2188 = CARTESIAN_POINT('',(20.068582214765,51.879194630872,21.2));
#2189 = VECTOR('',#2190,1.);
#2190 = DIRECTION('',(-1.,0.,0.));
#2191 = ORIENTED_EDGE('',*,*,#2192,.F.);
#2192 = EDGE_CURVE('',#2193,#2183,#2195,.T.);
#2193 = VERTEX_POINT('',#2194);
#2194 = CARTESIAN_POINT('',(9.106124161074,48.120805369128,21.2));
#2195 = LINE('',#2196,#2197);
#2196 = CARTESIAN_POINT('',(9.106124161074,41.439597315436,21.2));
#2197 = VECTOR('',#2198,1.);
#2198 = DIRECTION('',(-0.,1.,0.));
#2199 = ORIENTED_EDGE('',*,*,#2200,.F.);
#2200 = EDGE_CURVE('',#2201,#2193,#2203,.T.);
#2201 = VERTEX_POINT('',#2202);
#2202 = CARTESIAN_POINT('',(8.13716442953,48.120805369128,21.2));
#2203 = LINE('',#2204,#2205);
#2204 = CARTESIAN_POINT('',(20.553062080537,48.120805369128,21.2));
#2205 = VECTOR('',#2206,1.);
#2206 = DIRECTION('',(1.,0.,-0.));
#2207 = ORIENTED_EDGE('',*,*,#2208,.F.);
#2208 = EDGE_CURVE('',#2185,#2201,#2209,.T.);
#2209 = LINE('',#2210,#2211);
#2210 = CARTESIAN_POINT('',(8.13716442953,39.560402684564,21.2));
#2211 = VECTOR('',#2212,1.);
#2212 = DIRECTION('',(0.,-1.,0.));
#2213 = FACE_BOUND('',#2214,.T.);
#2214 = EDGE_LOOP('',(#2215,#2225,#2233,#2241,#2249,#2257,#2265,#2273));
#2215 = ORIENTED_EDGE('',*,*,#2216,.F.);
#2216 = EDGE_CURVE('',#2217,#2219,#2221,.T.);
#2217 = VERTEX_POINT('',#2218);
#2218 = CARTESIAN_POINT('',(20.257130872483,56.347382550336,21.2));
#2219 = VERTEX_POINT('',#2220);
#2220 = CARTESIAN_POINT('',(21.090436241611,56.347382550336,21.2));
#2221 = LINE('',#2222,#2223);
#2222 = CARTESIAN_POINT('',(26.545218120805,56.347382550336,21.2));
#2223 = VECTOR('',#2224,1.);
#2224 = DIRECTION('',(1.,0.,-0.));
#2225 = ORIENTED_EDGE('',*,*,#2226,.F.);
#2226 = EDGE_CURVE('',#2227,#2217,#2229,.T.);
#2227 = VERTEX_POINT('',#2228);
#2228 = CARTESIAN_POINT('',(20.125629194631,55.969395973154,21.2));
#2229 = LINE('',#2230,#2231);
#2230 = CARTESIAN_POINT('',(16.957915432292,46.864163993827,21.2));
#2231 = VECTOR('',#2232,1.);
#2232 = DIRECTION('',(0.328583228166,0.944475019346,-0.));
#2233 = ORIENTED_EDGE('',*,*,#2234,.F.);
#2234 = EDGE_CURVE('',#2235,#2227,#2237,.T.);
#2235 = VERTEX_POINT('',#2236);
#2236 = CARTESIAN_POINT('',(19.589932885906,55.969395973154,21.2));
#2237 = LINE('',#2238,#2239);
#2238 = CARTESIAN_POINT('',(26.062814597315,55.969395973154,21.2));
#2239 = VECTOR('',#2240,1.);
#2240 = DIRECTION('',(1.,0.,-0.));
#2241 = ORIENTED_EDGE('',*,*,#2242,.F.);
#2242 = EDGE_CURVE('',#2243,#2235,#2245,.T.);
#2243 = VERTEX_POINT('',#2244);
#2244 = CARTESIAN_POINT('',(20.355411073826,58.036510067114,21.2));
#2245 = LINE('',#2246,#2247);
#2246 = CARTESIAN_POINT('',(16.272519187832,47.010979235739,21.2));
#2247 = VECTOR('',#2248,1.);
#2248 = DIRECTION('',(-0.347266632791,-0.93776643454,0.));
#2249 = ORIENTED_EDGE('',*,*,#2250,.F.);
#2250 = EDGE_CURVE('',#2251,#2243,#2253,.T.);
#2251 = VERTEX_POINT('',#2252);
#2252 = CARTESIAN_POINT('',(20.990771812081,58.036510067114,21.2));
#2253 = LINE('',#2254,#2255);
#2254 = CARTESIAN_POINT('',(26.177705536913,58.036510067114,21.2));
#2255 = VECTOR('',#2256,1.);
#2256 = DIRECTION('',(-1.,0.,0.));
#2257 = ORIENTED_EDGE('',*,*,#2258,.F.);
#2258 = EDGE_CURVE('',#2259,#2251,#2261,.T.);
#2259 = VERTEX_POINT('',#2260);
#2260 = CARTESIAN_POINT('',(21.75625,55.969395973154,21.2));
#2261 = LINE('',#2262,#2263);
#2262 = CARTESIAN_POINT('',(26.05688310874,44.355871966432,21.2));
#2263 = VECTOR('',#2264,1.);
#2264 = DIRECTION('',(-0.347266632791,0.93776643454,0.));
#2265 = ORIENTED_EDGE('',*,*,#2266,.F.);
#2266 = EDGE_CURVE('',#2267,#2259,#2269,.T.);
#2267 = VERTEX_POINT('',#2268);
#2268 = CARTESIAN_POINT('',(21.220553691275,55.969395973154,21.2));
#2269 = LINE('',#2270,#2271);
#2270 = CARTESIAN_POINT('',(26.878125,55.969395973154,21.2));
#2271 = VECTOR('',#2272,1.);
#2272 = DIRECTION('',(1.,0.,-0.));
#2273 = ORIENTED_EDGE('',*,*,#2274,.F.);
#2274 = EDGE_CURVE('',#2219,#2267,#2275,.T.);
#2275 = LINE('',#2276,#2277);
#2276 = CARTESIAN_POINT('',(25.633958398499,43.148611802382,21.2));
#2277 = VECTOR('',#2278,1.);
#2278 = DIRECTION('',(0.325492639086,-0.945544574254,0.));
#2279 = FACE_BOUND('',#2280,.T.);
#2280 = EDGE_LOOP('',(#2281,#2291,#2304,#2319,#2332,#2343,#2354,#2367,
    #2382,#2395,#2403));
#2281 = ORIENTED_EDGE('',*,*,#2282,.F.);
#2282 = EDGE_CURVE('',#2283,#2285,#2287,.T.);
#2283 = VERTEX_POINT('',#2284);
#2284 = CARTESIAN_POINT('',(30.048791946309,58.036510067114,21.2));
#2285 = VERTEX_POINT('',#2286);
#2286 = CARTESIAN_POINT('',(29.486795302013,58.036510067114,21.2));
#2287 = LINE('',#2288,#2289);
#2288 = CARTESIAN_POINT('',(30.743397651007,58.036510067114,21.2));
#2289 = VECTOR('',#2290,1.);
#2290 = DIRECTION('',(-1.,0.,0.));
#2291 = ORIENTED_EDGE('',*,*,#2292,.F.);
#2292 = EDGE_CURVE('',#2293,#2283,#2295,.T.);
#2293 = VERTEX_POINT('',#2294);
#2294 = CARTESIAN_POINT('',(30.74985738255,57.96932885906,21.2));
#2295 = B_SPLINE_CURVE_WITH_KNOTS('',7,(#2296,#2297,#2298,#2299,#2300,
    #2301,#2302,#2303),.UNSPECIFIED.,.F.,.F.,(8,8),(0.,1.),
  .PIECEWISE_BEZIER_KNOTS.);
#2296 = CARTESIAN_POINT('',(30.74985738255,57.96932885906,21.2));
#2297 = CARTESIAN_POINT('',(30.676882721922,57.990604611138,21.2));
#2298 = CARTESIAN_POINT('',(30.592138708825,58.007283953983,21.2));
#2299 = CARTESIAN_POINT('',(30.497396687263,58.01975561295,21.2));
#2300 = CARTESIAN_POINT('',(30.394400723094,58.028494330541,21.2));
#2301 = CARTESIAN_POINT('',(30.284611367277,58.033946675347,21.2));
#2302 = CARTESIAN_POINT('',(30.16915913587,58.036510067114,21.2));
#2303 = CARTESIAN_POINT('',(30.048791946309,58.036510067114,21.2));
#2304 = ORIENTED_EDGE('',*,*,#2305,.F.);
#2305 = EDGE_CURVE('',#2306,#2293,#2308,.T.);
#2306 = VERTEX_POINT('',#2307);
#2307 = CARTESIAN_POINT('',(31.145100671141,57.741577181208,21.2));
#2308 = B_SPLINE_CURVE_WITH_KNOTS('',5,(#2309,#2310,#2311,#2312,#2313,
    #2314,#2315,#2316,#2317,#2318),.UNSPECIFIED.,.F.,.F.,(6,4,6),(0.,
    0.320438136116,1.),.UNSPECIFIED.);
#2309 = CARTESIAN_POINT('',(31.145100671141,57.741577181208,21.2));
#2310 = CARTESIAN_POINT('',(31.123981573798,57.762175695759,21.2));
#2311 = CARTESIAN_POINT('',(31.102163056721,57.781835754956,21.2));
#2312 = CARTESIAN_POINT('',(31.079649819685,57.800545534273,21.2));
#2313 = CARTESIAN_POINT('',(31.056448689386,57.818295963599,21.2));
#2314 = CARTESIAN_POINT('',(30.981925506106,57.870676631631,21.2));
#2315 = CARTESIAN_POINT('',(30.928228060834,57.901930090633,21.2));
#2316 = CARTESIAN_POINT('',(30.871563340503,57.928779530465,21.2));
#2317 = CARTESIAN_POINT('',(30.812055208335,57.951227250035,21.2));
#2318 = CARTESIAN_POINT('',(30.74985738255,57.96932885906,21.2));
#2319 = ORIENTED_EDGE('',*,*,#2320,.F.);
#2320 = EDGE_CURVE('',#2321,#2306,#2323,.T.);
#2321 = VERTEX_POINT('',#2322);
#2322 = CARTESIAN_POINT('',(31.361040268456,57.418959731544,21.2));
#2323 = B_SPLINE_CURVE_WITH_KNOTS('',4,(#2324,#2325,#2326,#2327,#2328,
    #2329,#2330,#2331),.UNSPECIFIED.,.F.,.F.,(5,3,5),(0.,0.347702541168,
    1.),.UNSPECIFIED.);
#2324 = CARTESIAN_POINT('',(31.361040268456,57.418959731544,21.2));
#2325 = CARTESIAN_POINT('',(31.348769397639,57.450735672836,21.2));
#2326 = CARTESIAN_POINT('',(31.334980197254,57.481678456002,21.2));
#2327 = CARTESIAN_POINT('',(31.31967192135,57.511767644569,21.2));
#2328 = CARTESIAN_POINT('',(31.271301445251,57.595805709853,21.2));
#2329 = CARTESIAN_POINT('',(31.234433816261,57.64756560444,21.2));
#2330 = CARTESIAN_POINT('',(31.192310414409,57.69616590435,21.2));
#2331 = CARTESIAN_POINT('',(31.145100671141,57.741577181208,21.2));
#2332 = ORIENTED_EDGE('',*,*,#2333,.F.);
#2333 = EDGE_CURVE('',#2334,#2321,#2336,.T.);
#2334 = VERTEX_POINT('',#2335);
#2335 = CARTESIAN_POINT('',(31.43163590604,57.004983221477,21.2));
#2336 = B_SPLINE_CURVE_WITH_KNOTS('',5,(#2337,#2338,#2339,#2340,#2341,
    #2342),.UNSPECIFIED.,.F.,.F.,(6,6),(0.,1.),
  .PIECEWISE_BEZIER_KNOTS.);
#2337 = CARTESIAN_POINT('',(31.43163590604,57.004983221477,21.2));
#2338 = CARTESIAN_POINT('',(31.43163590604,57.096135832369,21.2));
#2339 = CARTESIAN_POINT('',(31.42478098361,57.183407676343,21.2));
#2340 = CARTESIAN_POINT('',(31.410820846885,57.266483647122,21.2));
#2341 = CARTESIAN_POINT('',(31.389585982681,57.345076706492,21.2));
#2342 = CARTESIAN_POINT('',(31.361040268456,57.418959731544,21.2));
#2343 = ORIENTED_EDGE('',*,*,#2344,.F.);
#2344 = EDGE_CURVE('',#2345,#2334,#2347,.T.);
#2345 = VERTEX_POINT('',#2346);
#2346 = CARTESIAN_POINT('',(31.361040268456,56.587592281879,21.2));
#2347 = B_SPLINE_CURVE_WITH_KNOTS('',5,(#2348,#2349,#2350,#2351,#2352,
    #2353),.UNSPECIFIED.,.F.,.F.,(6,6),(0.,1.),
  .PIECEWISE_BEZIER_KNOTS.);
#2348 = CARTESIAN_POINT('',(31.361040268456,56.587592281879,21.2));
#2349 = CARTESIAN_POINT('',(31.389607620696,56.661830054759,21.2));
#2350 = CARTESIAN_POINT('',(31.410843323929,56.740957108886,21.2));
#2351 = CARTESIAN_POINT('',(31.42479222394,56.824732271079,21.2));
#2352 = CARTESIAN_POINT('',(31.43163590604,56.912851439316,21.2));
#2353 = CARTESIAN_POINT('',(31.43163590604,57.004983221477,21.2));
#2354 = ORIENTED_EDGE('',*,*,#2355,.F.);
#2355 = EDGE_CURVE('',#2356,#2345,#2358,.T.);
#2356 = VERTEX_POINT('',#2357);
#2357 = CARTESIAN_POINT('',(31.145100671141,56.26432885906,21.2));
#2358 = B_SPLINE_CURVE_WITH_KNOTS('',4,(#2359,#2360,#2361,#2362,#2363,
    #2364,#2365,#2366),.UNSPECIFIED.,.F.,.F.,(5,3,5),(0.,0.635272160498,
    1.),.UNSPECIFIED.);
#2359 = CARTESIAN_POINT('',(31.145100671141,56.26432885906,21.2));
#2360 = CARTESIAN_POINT('',(31.191086914899,56.308563245913,21.2));
#2361 = CARTESIAN_POINT('',(31.232243987026,56.35586370085,21.2));
#2362 = CARTESIAN_POINT('',(31.268416173503,56.40620217365,21.2));
#2363 = CARTESIAN_POINT('',(31.317420263773,56.490075100904,21.2));
#2364 = CARTESIAN_POINT('',(31.333631819865,56.521636279197,21.2));
#2365 = CARTESIAN_POINT('',(31.348171395941,56.554150035394,21.2));
#2366 = CARTESIAN_POINT('',(31.361040268456,56.587592281879,21.2));
#2367 = ORIENTED_EDGE('',*,*,#2368,.F.);
#2368 = EDGE_CURVE('',#2369,#2356,#2371,.T.);
#2369 = VERTEX_POINT('',#2370);
#2370 = CARTESIAN_POINT('',(30.74644295302,56.036484899329,21.2));
#2371 = B_SPLINE_CURVE_WITH_KNOTS('',5,(#2372,#2373,#2374,#2375,#2376,
    #2377,#2378,#2379,#2380,#2381),.UNSPECIFIED.,.F.,.F.,(6,4,6),(0.,
    0.696602815716,1.),.UNSPECIFIED.);
#2372 = CARTESIAN_POINT('',(30.74644295302,56.036484899329,21.2));
#2373 = CARTESIAN_POINT('',(30.810736053291,56.055058461629,21.2));
#2374 = CARTESIAN_POINT('',(30.872186329191,56.078193538077,21.2));
#2375 = CARTESIAN_POINT('',(30.930625169475,56.105952421507,21.2));
#2376 = CARTESIAN_POINT('',(30.98591690402,56.138338733799,21.2));
#2377 = CARTESIAN_POINT('',(31.060636795197,56.191376651165,21.2));
#2378 = CARTESIAN_POINT('',(31.0826918522,56.208333349097,21.2));
#2379 = CARTESIAN_POINT('',(31.104124510586,56.22614975901,21.2));
#2380 = CARTESIAN_POINT('',(31.124928848075,56.244818223528,21.2));
#2381 = CARTESIAN_POINT('',(31.145100671141,56.26432885906,21.2));
#2382 = ORIENTED_EDGE('',*,*,#2383,.F.);
#2383 = EDGE_CURVE('',#2384,#2369,#2386,.T.);
#2384 = VERTEX_POINT('',#2385);
#2385 = CARTESIAN_POINT('',(30.048791946309,55.969395973154,21.2));
#2386 = B_SPLINE_CURVE_WITH_KNOTS('',7,(#2387,#2388,#2389,#2390,#2391,
    #2392,#2393,#2394),.UNSPECIFIED.,.F.,.F.,(8,8),(0.,1.),
  .PIECEWISE_BEZIER_KNOTS.);
#2387 = CARTESIAN_POINT('',(30.048791946309,55.969395973154,21.2));
#2388 = CARTESIAN_POINT('',(30.168178884872,55.969395973154,21.2));
#2389 = CARTESIAN_POINT('',(30.28272576719,55.971974629528,21.2));
#2390 = CARTESIAN_POINT('',(30.391705356609,55.977450349211,21.2));
#2391 = CARTESIAN_POINT('',(30.494043517136,55.986207932392,21.2));
#2392 = CARTESIAN_POINT('',(30.588367188454,55.998677230837,21.2));
#2393 = CARTESIAN_POINT('',(30.673050644577,56.015311800822,21.2));
#2394 = CARTESIAN_POINT('',(30.74644295302,56.036484899329,21.2));
#2395 = ORIENTED_EDGE('',*,*,#2396,.F.);
#2396 = EDGE_CURVE('',#2397,#2384,#2399,.T.);
#2397 = VERTEX_POINT('',#2398);
#2398 = CARTESIAN_POINT('',(29.486795302013,55.969395973154,21.2));
#2399 = LINE('',#2400,#2401);
#2400 = CARTESIAN_POINT('',(31.024395973154,55.969395973154,21.2));
#2401 = VECTOR('',#2402,1.);
#2402 = DIRECTION('',(1.,0.,-0.));
#2403 = ORIENTED_EDGE('',*,*,#2404,.F.);
#2404 = EDGE_CURVE('',#2285,#2397,#2405,.T.);
#2405 = LINE('',#2406,#2407);
#2406 = CARTESIAN_POINT('',(29.486795302013,43.484697986577,21.2));
#2407 = VECTOR('',#2408,1.);
#2408 = DIRECTION('',(0.,-1.,0.));
#2409 = FACE_BOUND('',#2410,.T.);
#2410 = EDGE_LOOP('',(#2411,#2421,#2429,#2437,#2445,#2453,#2461,#2469));
#2411 = ORIENTED_EDGE('',*,*,#2412,.F.);
#2412 = EDGE_CURVE('',#2413,#2415,#2417,.T.);
#2413 = VERTEX_POINT('',#2414);
#2414 = CARTESIAN_POINT('',(19.781879194631,58.036510067114,21.2));
#2415 = VERTEX_POINT('',#2416);
#2416 = CARTESIAN_POINT('',(17.877181208054,58.036510067114,21.2));
#2417 = LINE('',#2418,#2419);
#2418 = CARTESIAN_POINT('',(24.938590604027,58.036510067114,21.2));
#2419 = VECTOR('',#2420,1.);
#2420 = DIRECTION('',(-1.,0.,0.));
#2421 = ORIENTED_EDGE('',*,*,#2422,.F.);
#2422 = EDGE_CURVE('',#2423,#2413,#2425,.T.);
#2423 = VERTEX_POINT('',#2424);
#2424 = CARTESIAN_POINT('',(19.781879194631,57.634899328859,21.2));
#2425 = LINE('',#2426,#2427);
#2426 = CARTESIAN_POINT('',(19.781879194631,44.518255033557,21.2));
#2427 = VECTOR('',#2428,1.);
#2428 = DIRECTION('',(-0.,1.,0.));
#2429 = ORIENTED_EDGE('',*,*,#2430,.F.);
#2430 = EDGE_CURVE('',#2431,#2423,#2433,.T.);
#2431 = VERTEX_POINT('',#2432);
#2432 = CARTESIAN_POINT('',(19.096686241611,57.634899328859,21.2));
#2433 = LINE('',#2434,#2435);
#2434 = CARTESIAN_POINT('',(25.890939597315,57.634899328859,21.2));
#2435 = VECTOR('',#2436,1.);
#2436 = DIRECTION('',(1.,0.,-0.));
#2437 = ORIENTED_EDGE('',*,*,#2438,.F.);
#2438 = EDGE_CURVE('',#2439,#2431,#2441,.T.);
#2439 = VERTEX_POINT('',#2440);
#2440 = CARTESIAN_POINT('',(19.096686241611,55.969395973154,21.2));
#2441 = LINE('',#2442,#2443);
#2442 = CARTESIAN_POINT('',(19.096686241611,44.31744966443,21.2));
#2443 = VECTOR('',#2444,1.);
#2444 = DIRECTION('',(-0.,1.,0.));
#2445 = ORIENTED_EDGE('',*,*,#2446,.F.);
#2446 = EDGE_CURVE('',#2447,#2439,#2449,.T.);
#2447 = VERTEX_POINT('',#2448);
#2448 = CARTESIAN_POINT('',(18.563758389262,55.969395973154,21.2));
#2449 = LINE('',#2450,#2451);
#2450 = CARTESIAN_POINT('',(25.548343120805,55.969395973154,21.2));
#2451 = VECTOR('',#2452,1.);
#2452 = DIRECTION('',(1.,0.,-0.));
#2453 = ORIENTED_EDGE('',*,*,#2454,.F.);
#2454 = EDGE_CURVE('',#2455,#2447,#2457,.T.);
#2455 = VERTEX_POINT('',#2456);
#2456 = CARTESIAN_POINT('',(18.563758389262,57.634899328859,21.2));
#2457 = LINE('',#2458,#2459);
#2458 = CARTESIAN_POINT('',(18.563758389262,43.484697986577,21.2));
#2459 = VECTOR('',#2460,1.);
#2460 = DIRECTION('',(0.,-1.,0.));
#2461 = ORIENTED_EDGE('',*,*,#2462,.F.);
#2462 = EDGE_CURVE('',#2463,#2455,#2465,.T.);
#2463 = VERTEX_POINT('',#2464);
#2464 = CARTESIAN_POINT('',(17.877181208054,57.634899328859,21.2));
#2465 = LINE('',#2466,#2467);
#2466 = CARTESIAN_POINT('',(25.281879194631,57.634899328859,21.2));
#2467 = VECTOR('',#2468,1.);
#2468 = DIRECTION('',(1.,0.,-0.));
#2469 = ORIENTED_EDGE('',*,*,#2470,.F.);
#2470 = EDGE_CURVE('',#2415,#2463,#2471,.T.);
#2471 = LINE('',#2472,#2473);
#2472 = CARTESIAN_POINT('',(17.877181208054,44.31744966443,21.2));
#2473 = VECTOR('',#2474,1.);
#2474 = DIRECTION('',(0.,-1.,0.));
#2475 = FACE_BOUND('',#2476,.T.);
#2476 = EDGE_LOOP('',(#2477,#2487,#2495,#2503,#2511,#2519,#2527,#2535));
#2477 = ORIENTED_EDGE('',*,*,#2478,.F.);
#2478 = EDGE_CURVE('',#2479,#2481,#2483,.T.);
#2479 = VERTEX_POINT('',#2480);
#2480 = CARTESIAN_POINT('',(45.437625838926,55.969395973154,21.2));
#2481 = VERTEX_POINT('',#2482);
#2482 = CARTESIAN_POINT('',(45.437625838926,57.634899328859,21.2));
#2483 = LINE('',#2484,#2485);
#2484 = CARTESIAN_POINT('',(45.437625838926,44.31744966443,21.2));
#2485 = VECTOR('',#2486,1.);
#2486 = DIRECTION('',(-0.,1.,0.));
#2487 = ORIENTED_EDGE('',*,*,#2488,.F.);
#2488 = EDGE_CURVE('',#2489,#2479,#2491,.T.);
#2489 = VERTEX_POINT('',#2490);
#2490 = CARTESIAN_POINT('',(44.904697986577,55.969395973154,21.2));
#2491 = LINE('',#2492,#2493);
#2492 = CARTESIAN_POINT('',(38.718812919463,55.969395973154,21.2));
#2493 = VECTOR('',#2494,1.);
#2494 = DIRECTION('',(1.,0.,-0.));
#2495 = ORIENTED_EDGE('',*,*,#2496,.F.);
#2496 = EDGE_CURVE('',#2497,#2489,#2499,.T.);
#2497 = VERTEX_POINT('',#2498);
#2498 = CARTESIAN_POINT('',(44.904697986577,57.634899328859,21.2));
#2499 = LINE('',#2500,#2501);
#2500 = CARTESIAN_POINT('',(44.904697986577,43.484697986577,21.2));
#2501 = VECTOR('',#2502,1.);
#2502 = DIRECTION('',(0.,-1.,0.));
#2503 = ORIENTED_EDGE('',*,*,#2504,.F.);
#2504 = EDGE_CURVE('',#2505,#2497,#2507,.T.);
#2505 = VERTEX_POINT('',#2506);
#2506 = CARTESIAN_POINT('',(44.218120805369,57.634899328859,21.2));
#2507 = LINE('',#2508,#2509);
#2508 = CARTESIAN_POINT('',(38.452348993289,57.634899328859,21.2));
#2509 = VECTOR('',#2510,1.);
#2510 = DIRECTION('',(1.,0.,-0.));
#2511 = ORIENTED_EDGE('',*,*,#2512,.F.);
#2512 = EDGE_CURVE('',#2513,#2505,#2515,.T.);
#2513 = VERTEX_POINT('',#2514);
#2514 = CARTESIAN_POINT('',(44.218120805369,58.036510067114,21.2));
#2515 = LINE('',#2516,#2517);
#2516 = CARTESIAN_POINT('',(44.218120805369,44.31744966443,21.2));
#2517 = VECTOR('',#2518,1.);
#2518 = DIRECTION('',(0.,-1.,0.));
#2519 = ORIENTED_EDGE('',*,*,#2520,.F.);
#2520 = EDGE_CURVE('',#2521,#2513,#2523,.T.);
#2521 = VERTEX_POINT('',#2522);
#2522 = CARTESIAN_POINT('',(46.122818791946,58.036510067114,21.2));
#2523 = LINE('',#2524,#2525);
#2524 = CARTESIAN_POINT('',(38.109060402685,58.036510067114,21.2));
#2525 = VECTOR('',#2526,1.);
#2526 = DIRECTION('',(-1.,0.,0.));
#2527 = ORIENTED_EDGE('',*,*,#2528,.F.);
#2528 = EDGE_CURVE('',#2529,#2521,#2531,.T.);
#2529 = VERTEX_POINT('',#2530);
#2530 = CARTESIAN_POINT('',(46.122818791946,57.634899328859,21.2));
#2531 = LINE('',#2532,#2533);
#2532 = CARTESIAN_POINT('',(46.122818791946,44.518255033557,21.2));
#2533 = VECTOR('',#2534,1.);
#2534 = DIRECTION('',(-0.,1.,0.));
#2535 = ORIENTED_EDGE('',*,*,#2536,.F.);
#2536 = EDGE_CURVE('',#2481,#2529,#2537,.T.);
#2537 = LINE('',#2538,#2539);
#2538 = CARTESIAN_POINT('',(39.061409395973,57.634899328859,21.2));
#2539 = VECTOR('',#2540,1.);
#2540 = DIRECTION('',(1.,0.,-0.));
#2541 = FACE_BOUND('',#2542,.T.);
#2542 = EDGE_LOOP('',(#2543,#2553,#2565,#2582,#2593,#2604,#2617,#2628,
    #2636,#2644,#2652,#2662,#2673,#2684,#2692,#2700,#2708));
#2543 = ORIENTED_EDGE('',*,*,#2544,.F.);
#2544 = EDGE_CURVE('',#2545,#2547,#2549,.T.);
#2545 = VERTEX_POINT('',#2546);
#2546 = CARTESIAN_POINT('',(41.049714765101,58.036510067114,21.2));
#2547 = VERTEX_POINT('',#2548);
#2548 = CARTESIAN_POINT('',(40.235788590604,58.036510067114,21.2));
#2549 = LINE('',#2550,#2551);
#2550 = CARTESIAN_POINT('',(36.117894295302,58.036510067114,21.2));
#2551 = VECTOR('',#2552,1.);
#2552 = DIRECTION('',(-1.,0.,0.));
#2553 = ORIENTED_EDGE('',*,*,#2554,.F.);
#2554 = EDGE_CURVE('',#2555,#2545,#2557,.T.);
#2555 = VERTEX_POINT('',#2556);
#2556 = CARTESIAN_POINT('',(41.648347315436,57.898917785235,21.2));
#2557 = B_SPLINE_CURVE_WITH_KNOTS('',6,(#2558,#2559,#2560,#2561,#2562,
    #2563,#2564),.UNSPECIFIED.,.F.,.F.,(7,7),(0.,1.),
  .PIECEWISE_BEZIER_KNOTS.);
#2558 = CARTESIAN_POINT('',(41.648347315436,57.898917785235,21.2));
#2559 = CARTESIAN_POINT('',(41.580488160623,57.947985680398,21.2));
#2560 = CARTESIAN_POINT('',(41.497085812719,57.985760635107,21.2));
#2561 = CARTESIAN_POINT('',(41.399921991274,58.012328340491,21.2));
#2562 = CARTESIAN_POINT('',(41.291567437981,58.028830008784,21.2));
#2563 = CARTESIAN_POINT('',(41.174269442773,58.036510067114,21.2));
#2564 = CARTESIAN_POINT('',(41.049714765101,58.036510067114,21.2));
#2565 = ORIENTED_EDGE('',*,*,#2566,.F.);
#2566 = EDGE_CURVE('',#2567,#2555,#2569,.T.);
#2567 = VERTEX_POINT('',#2568);
#2568 = CARTESIAN_POINT('',(41.838724832215,57.464177852349,21.2));
#2569 = B_SPLINE_CURVE_WITH_KNOTS('',6,(#2570,#2571,#2572,#2573,#2574,
    #2575,#2576,#2577,#2578,#2579,#2580,#2581),.UNSPECIFIED.,.F.,.F.,(7,
    5,7),(0.,0.771151592715,1.),.UNSPECIFIED.);
#2570 = CARTESIAN_POINT('',(41.838724832215,57.464177852349,21.2));
#2571 = CARTESIAN_POINT('',(41.838724832215,57.537464418461,21.2));
#2572 = CARTESIAN_POINT('',(41.831780918052,57.606475028082,21.2));
#2573 = CARTESIAN_POINT('',(41.817342510628,57.670492127459,21.2));
#2574 = CARTESIAN_POINT('',(41.794999687633,57.728834980445,21.2));
#2575 = CARTESIAN_POINT('',(41.764605589895,57.780948894392,21.2));
#2576 = CARTESIAN_POINT('',(41.715108206375,57.840043693814,21.2));
#2577 = CARTESIAN_POINT('',(41.703095054447,57.852992304979,21.2));
#2578 = CARTESIAN_POINT('',(41.69040254245,57.86535823159,21.2));
#2579 = CARTESIAN_POINT('',(41.677039366501,57.877136150724,21.2));
#2580 = CARTESIAN_POINT('',(41.663016524362,57.888322961532,21.2));
#2581 = CARTESIAN_POINT('',(41.648347315436,57.898917785235,21.2));
#2582 = ORIENTED_EDGE('',*,*,#2583,.F.);
#2583 = EDGE_CURVE('',#2584,#2567,#2586,.T.);
#2584 = VERTEX_POINT('',#2585);
#2585 = CARTESIAN_POINT('',(41.739706375839,57.126518456376,21.2));
#2586 = B_SPLINE_CURVE_WITH_KNOTS('',5,(#2587,#2588,#2589,#2590,#2591,
    #2592),.UNSPECIFIED.,.F.,.F.,(6,6),(0.,1.),
  .PIECEWISE_BEZIER_KNOTS.);
#2587 = CARTESIAN_POINT('',(41.739706375839,57.126518456376,21.2));
#2588 = CARTESIAN_POINT('',(41.779665853671,57.179810173783,21.2));
#2589 = CARTESIAN_POINT('',(41.809553836792,57.240597620397,21.2));
#2590 = CARTESIAN_POINT('',(41.829164631097,57.308621904657,21.2));
#2591 = CARTESIAN_POINT('',(41.838724832215,57.383367465625,21.2));
#2592 = CARTESIAN_POINT('',(41.838724832215,57.464177852349,21.2));
#2593 = ORIENTED_EDGE('',*,*,#2594,.F.);
#2594 = EDGE_CURVE('',#2595,#2584,#2597,.T.);
#2595 = VERTEX_POINT('',#2596);
#2596 = CARTESIAN_POINT('',(41.441451342282,56.932080536913,21.2));
#2597 = B_SPLINE_CURVE_WITH_KNOTS('',5,(#2598,#2599,#2600,#2601,#2602,
    #2603),.UNSPECIFIED.,.F.,.F.,(6,6),(0.,1.),
  .PIECEWISE_BEZIER_KNOTS.);
#2598 = CARTESIAN_POINT('',(41.441451342282,56.932080536913,21.2));
#2599 = CARTESIAN_POINT('',(41.519711440393,56.956609280626,21.2));
#2600 = CARTESIAN_POINT('',(41.589331724591,56.988156621452,21.2));
#2601 = CARTESIAN_POINT('',(41.649533081349,57.026991862933,21.2));
#2602 = CARTESIAN_POINT('',(41.699730989961,57.073193081558,21.2));
#2603 = CARTESIAN_POINT('',(41.739706375839,57.126518456376,21.2));
#2604 = ORIENTED_EDGE('',*,*,#2605,.F.);
#2605 = EDGE_CURVE('',#2606,#2595,#2608,.T.);
#2606 = VERTEX_POINT('',#2607);
#2607 = CARTESIAN_POINT('',(41.637273489933,56.819773489933,21.2));
#2608 = B_SPLINE_CURVE_WITH_KNOTS('',4,(#2609,#2610,#2611,#2612,#2613,
    #2614,#2615,#2616),.UNSPECIFIED.,.F.,.F.,(5,3,5),(0.,0.788269802403,
    1.),.UNSPECIFIED.);
#2609 = CARTESIAN_POINT('',(41.637273489933,56.819773489933,21.2));
#2610 = CARTESIAN_POINT('',(41.603323493291,56.854122045767,21.2));
#2611 = CARTESIAN_POINT('',(41.566903929993,56.882150163073,21.2));
#2612 = CARTESIAN_POINT('',(41.528034622724,56.903698456402,21.2));
#2613 = CARTESIAN_POINT('',(41.475710206522,56.922778997809,21.2));
#2614 = CARTESIAN_POINT('',(41.464460083807,56.926349439139,21.2));
#2615 = CARTESIAN_POINT('',(41.453039907669,56.929449883673,21.2));
#2616 = CARTESIAN_POINT('',(41.441451342282,56.932080536913,21.2));
#2617 = ORIENTED_EDGE('',*,*,#2618,.F.);
#2618 = EDGE_CURVE('',#2619,#2606,#2621,.T.);
#2619 = VERTEX_POINT('',#2620);
#2620 = CARTESIAN_POINT('',(41.812424496644,56.554463087248,21.2));
#2621 = B_SPLINE_CURVE_WITH_KNOTS('',5,(#2622,#2623,#2624,#2625,#2626,
    #2627),.UNSPECIFIED.,.F.,.F.,(6,6),(0.,1.),
  .PIECEWISE_BEZIER_KNOTS.);
#2622 = CARTESIAN_POINT('',(41.812424496644,56.554463087248,21.2));
#2623 = CARTESIAN_POINT('',(41.777828925542,56.623906488826,21.2));
#2624 = CARTESIAN_POINT('',(41.742952249377,56.685691592552,21.2));
#2625 = CARTESIAN_POINT('',(41.707849590654,56.73925747487,21.2));
#2626 = CARTESIAN_POINT('',(41.672592936751,56.78407750317,21.2));
#2627 = CARTESIAN_POINT('',(41.637273489933,56.819773489933,21.2));
#2628 = ORIENTED_EDGE('',*,*,#2629,.F.);
#2629 = EDGE_CURVE('',#2630,#2619,#2632,.T.);
#2630 = VERTEX_POINT('',#2631);
#2631 = CARTESIAN_POINT('',(42.101728187919,55.969395973154,21.2));
#2632 = LINE('',#2633,#2634);
#2633 = CARTESIAN_POINT('',(45.92525710318,48.236964291255,21.2));
#2634 = VECTOR('',#2635,1.);
#2635 = DIRECTION('',(-0.443250359983,0.89639785719,0.));
#2636 = ORIENTED_EDGE('',*,*,#2637,.F.);
#2637 = EDGE_CURVE('',#2638,#2630,#2640,.T.);
#2638 = VERTEX_POINT('',#2639);
#2639 = CARTESIAN_POINT('',(41.534194630872,55.969395973154,21.2));
#2640 = LINE('',#2641,#2642);
#2641 = CARTESIAN_POINT('',(37.05086409396,55.969395973154,21.2));
#2642 = VECTOR('',#2643,1.);
#2643 = DIRECTION('',(1.,0.,-0.));
#2644 = ORIENTED_EDGE('',*,*,#2645,.F.);
#2645 = EDGE_CURVE('',#2646,#2638,#2648,.T.);
#2646 = VERTEX_POINT('',#2647);
#2647 = CARTESIAN_POINT('',(41.282265100671,56.481283557047,21.2));
#2648 = LINE('',#2649,#2650);
#2649 = CARTESIAN_POINT('',(45.551004699749,47.807767602437,21.2));
#2650 = VECTOR('',#2651,1.);
#2651 = DIRECTION('',(0.441575860289,-0.897223918323,0.));
#2652 = ORIENTED_EDGE('',*,*,#2653,.F.);
#2653 = EDGE_CURVE('',#2654,#2646,#2656,.T.);
#2654 = VERTEX_POINT('',#2655);
#2655 = CARTESIAN_POINT('',(41.272854393308,56.5,21.2));
#2656 = B_SPLINE_CURVE_WITH_KNOTS('',4,(#2657,#2658,#2659,#2660,#2661),
  .UNSPECIFIED.,.F.,.F.,(5,5),(0.,1.),.PIECEWISE_BEZIER_KNOTS.);
#2657 = CARTESIAN_POINT('',(41.272854393308,56.5,21.2));
#2658 = CARTESIAN_POINT('',(41.275212909318,56.495406886467,21.2));
#2659 = CARTESIAN_POINT('',(41.277567533927,56.4907562283,21.2));
#2660 = CARTESIAN_POINT('',(41.279918287156,56.486048299639,21.2));
#2661 = CARTESIAN_POINT('',(41.282265100671,56.481283557047,21.2));
#2662 = ORIENTED_EDGE('',*,*,#2663,.F.);
#2663 = EDGE_CURVE('',#2664,#2654,#2666,.T.);
#2664 = VERTEX_POINT('',#2665);
#2665 = CARTESIAN_POINT('',(41.127877516779,56.692424496644,21.2));
#2666 = B_SPLINE_CURVE_WITH_KNOTS('',5,(#2667,#2668,#2669,#2670,#2671,
    #2672),.UNSPECIFIED.,.F.,.F.,(6,6),(0.,1.),
  .PIECEWISE_BEZIER_KNOTS.);
#2667 = CARTESIAN_POINT('',(41.127877516779,56.692424496644,21.2));
#2668 = CARTESIAN_POINT('',(41.159691119278,56.669427163705,21.2));
#2669 = CARTESIAN_POINT('',(41.191118724122,56.636426957018,21.2));
#2670 = CARTESIAN_POINT('',(41.222064989386,56.593709104531,21.2));
#2671 = CARTESIAN_POINT('',(41.252462659408,56.541791543854,21.2));
#2672 = CARTESIAN_POINT('',(41.282265100671,56.481283557047,21.2));
#2673 = ORIENTED_EDGE('',*,*,#2674,.F.);
#2674 = EDGE_CURVE('',#2675,#2664,#2677,.T.);
#2675 = VERTEX_POINT('',#2676);
#2676 = CARTESIAN_POINT('',(40.919597315436,56.748993288591,21.2));
#2677 = B_SPLINE_CURVE_WITH_KNOTS('',5,(#2678,#2679,#2680,#2681,#2682,
    #2683),.UNSPECIFIED.,.F.,.F.,(6,6),(0.,1.),
  .PIECEWISE_BEZIER_KNOTS.);
#2678 = CARTESIAN_POINT('',(40.919597315436,56.748993288591,21.2));
#2679 = CARTESIAN_POINT('',(40.971174112272,56.748993288591,21.2));
#2680 = CARTESIAN_POINT('',(41.017973518056,56.743438159619,21.2));
#2681 = CARTESIAN_POINT('',(41.059781845081,56.732188011138,21.2));
#2682 = CARTESIAN_POINT('',(41.096442835608,56.715174744056,21.2));
#2683 = CARTESIAN_POINT('',(41.127877516779,56.692424496644,21.2));
#2684 = ORIENTED_EDGE('',*,*,#2685,.F.);
#2685 = EDGE_CURVE('',#2686,#2675,#2688,.T.);
#2686 = VERTEX_POINT('',#2687);
#2687 = CARTESIAN_POINT('',(40.768716442953,56.748993288591,21.2));
#2688 = LINE('',#2689,#2690);
#2689 = CARTESIAN_POINT('',(36.459798657718,56.748993288591,21.2));
#2690 = VECTOR('',#2691,1.);
#2691 = DIRECTION('',(1.,0.,-0.));
#2692 = ORIENTED_EDGE('',*,*,#2693,.F.);
#2693 = EDGE_CURVE('',#2694,#2686,#2696,.T.);
#2694 = VERTEX_POINT('',#2695);
#2695 = CARTESIAN_POINT('',(40.768716442953,55.969395973154,21.2));
#2696 = LINE('',#2697,#2698);
#2697 = CARTESIAN_POINT('',(40.768716442953,43.874496644295,21.2));
#2698 = VECTOR('',#2699,1.);
#2699 = DIRECTION('',(-0.,1.,0.));
#2700 = ORIENTED_EDGE('',*,*,#2701,.F.);
#2701 = EDGE_CURVE('',#2702,#2694,#2704,.T.);
#2702 = VERTEX_POINT('',#2703);
#2703 = CARTESIAN_POINT('',(40.235788590604,55.969395973154,21.2));
#2704 = LINE('',#2705,#2706);
#2705 = CARTESIAN_POINT('',(36.384358221477,55.969395973154,21.2));
#2706 = VECTOR('',#2707,1.);
#2707 = DIRECTION('',(1.,0.,-0.));
#2708 = ORIENTED_EDGE('',*,*,#2709,.F.);
#2709 = EDGE_CURVE('',#2547,#2702,#2710,.T.);
#2710 = LINE('',#2711,#2712);
#2711 = CARTESIAN_POINT('',(40.235788590604,43.484697986577,21.2));
#2712 = VECTOR('',#2713,1.);
#2713 = DIRECTION('',(0.,-1.,0.));
#2714 = FACE_BOUND('',#2715,.T.);
#2715 = EDGE_LOOP('',(#2716,#2726,#2734,#2742,#2750,#2758,#2766,#2774,
    #2782,#2790));
#2716 = ORIENTED_EDGE('',*,*,#2717,.F.);
#2717 = EDGE_CURVE('',#2718,#2720,#2722,.T.);
#2718 = VERTEX_POINT('',#2719);
#2719 = CARTESIAN_POINT('',(27.707785234899,58.036510067114,21.2));
#2720 = VERTEX_POINT('',#2721);
#2721 = CARTESIAN_POINT('',(27.112567114094,58.036510067114,21.2));
#2722 = LINE('',#2723,#2724);
#2723 = CARTESIAN_POINT('',(29.556283557047,58.036510067114,21.2));
#2724 = VECTOR('',#2725,1.);
#2725 = DIRECTION('',(-1.,0.,0.));
#2726 = ORIENTED_EDGE('',*,*,#2727,.F.);
#2727 = EDGE_CURVE('',#2728,#2718,#2730,.T.);
#2728 = VERTEX_POINT('',#2729);
#2729 = CARTESIAN_POINT('',(28.45942114094,56.618783557047,21.2));
#2730 = LINE('',#2731,#2732);
#2731 = CARTESIAN_POINT('',(33.773135716528,46.596119711159,21.2));
#2732 = VECTOR('',#2733,1.);
#2733 = DIRECTION('',(-0.46841081492,0.88351078571,0.));
#2734 = ORIENTED_EDGE('',*,*,#2735,.F.);
#2735 = EDGE_CURVE('',#2736,#2728,#2738,.T.);
#2736 = VERTEX_POINT('',#2737);
#2737 = CARTESIAN_POINT('',(28.45942114094,58.036510067114,21.2));
#2738 = LINE('',#2739,#2740);
#2739 = CARTESIAN_POINT('',(28.45942114094,43.809391778523,21.2));
#2740 = VECTOR('',#2741,1.);
#2741 = DIRECTION('',(0.,-1.,0.));
#2742 = ORIENTED_EDGE('',*,*,#2743,.F.);
#2743 = EDGE_CURVE('',#2744,#2736,#2746,.T.);
#2744 = VERTEX_POINT('',#2745);
#2745 = CARTESIAN_POINT('',(28.96466442953,58.036510067114,21.2));
#2746 = LINE('',#2747,#2748);
#2747 = CARTESIAN_POINT('',(30.22971057047,58.036510067114,21.2));
#2748 = VECTOR('',#2749,1.);
#2749 = DIRECTION('',(-1.,0.,0.));
#2750 = ORIENTED_EDGE('',*,*,#2751,.F.);
#2751 = EDGE_CURVE('',#2752,#2744,#2754,.T.);
#2752 = VERTEX_POINT('',#2753);
#2753 = CARTESIAN_POINT('',(28.96466442953,55.969395973154,21.2));
#2754 = LINE('',#2755,#2756);
#2755 = CARTESIAN_POINT('',(28.96466442953,44.518255033557,21.2));
#2756 = VECTOR('',#2757,1.);
#2757 = DIRECTION('',(-0.,1.,0.));
#2758 = ORIENTED_EDGE('',*,*,#2759,.F.);
#2759 = EDGE_CURVE('',#2760,#2752,#2762,.T.);
#2760 = VERTEX_POINT('',#2761);
#2761 = CARTESIAN_POINT('',(28.369446308725,55.969395973154,21.2));
#2762 = LINE('',#2763,#2764);
#2763 = CARTESIAN_POINT('',(30.482332214765,55.969395973154,21.2));
#2764 = VECTOR('',#2765,1.);
#2765 = DIRECTION('',(1.,0.,-0.));
#2766 = ORIENTED_EDGE('',*,*,#2767,.F.);
#2767 = EDGE_CURVE('',#2768,#2760,#2770,.T.);
#2768 = VERTEX_POINT('',#2769);
#2769 = CARTESIAN_POINT('',(27.617810402685,57.387122483221,21.2));
#2770 = LINE('',#2771,#2772);
#2771 = CARTESIAN_POINT('',(33.934476238102,45.472704161612,21.2));
#2772 = VECTOR('',#2773,1.);
#2773 = DIRECTION('',(0.46841081492,-0.88351078571,0.));
#2774 = ORIENTED_EDGE('',*,*,#2775,.F.);
#2775 = EDGE_CURVE('',#2776,#2768,#2778,.T.);
#2776 = VERTEX_POINT('',#2777);
#2777 = CARTESIAN_POINT('',(27.617810402685,55.969395973154,21.2));
#2778 = LINE('',#2779,#2780);
#2779 = CARTESIAN_POINT('',(27.617810402685,44.193561241611,21.2));
#2780 = VECTOR('',#2781,1.);
#2781 = DIRECTION('',(-0.,1.,0.));
#2782 = ORIENTED_EDGE('',*,*,#2783,.F.);
#2783 = EDGE_CURVE('',#2784,#2776,#2786,.T.);
#2784 = VERTEX_POINT('',#2785);
#2785 = CARTESIAN_POINT('',(27.112567114094,55.969395973154,21.2));
#2786 = LINE('',#2787,#2788);
#2787 = CARTESIAN_POINT('',(29.808905201342,55.969395973154,21.2));
#2788 = VECTOR('',#2789,1.);
#2789 = DIRECTION('',(1.,0.,-0.));
#2790 = ORIENTED_EDGE('',*,*,#2791,.F.);
#2791 = EDGE_CURVE('',#2720,#2784,#2792,.T.);
#2792 = LINE('',#2793,#2794);
#2793 = CARTESIAN_POINT('',(27.112567114094,43.484697986577,21.2));
#2794 = VECTOR('',#2795,1.);
#2795 = DIRECTION('',(0.,-1.,0.));
#2796 = FACE_BOUND('',#2797,.T.);
#2797 = EDGE_LOOP('',(#2798,#2808,#2816,#2824,#2832,#2840,#2848,#2856,
    #2864,#2872));
#2798 = ORIENTED_EDGE('',*,*,#2799,.F.);
#2799 = EDGE_CURVE('',#2800,#2802,#2804,.T.);
#2800 = VERTEX_POINT('',#2801);
#2801 = CARTESIAN_POINT('',(34.47610738255,58.036510067114,21.2));
#2802 = VERTEX_POINT('',#2803);
#2803 = CARTESIAN_POINT('',(33.880889261745,58.036510067114,21.2));
#2804 = LINE('',#2805,#2806);
#2805 = CARTESIAN_POINT('',(32.940444630872,58.036510067114,21.2));
#2806 = VECTOR('',#2807,1.);
#2807 = DIRECTION('',(-1.,0.,0.));
#2808 = ORIENTED_EDGE('',*,*,#2809,.F.);
#2809 = EDGE_CURVE('',#2810,#2800,#2812,.T.);
#2810 = VERTEX_POINT('',#2811);
#2811 = CARTESIAN_POINT('',(35.227743288591,56.618783557047,21.2));
#2812 = LINE('',#2813,#2814);
#2813 = CARTESIAN_POINT('',(39.798943511032,47.996641259028,21.2));
#2814 = VECTOR('',#2815,1.);
#2815 = DIRECTION('',(-0.46841081492,0.88351078571,0.));
#2816 = ORIENTED_EDGE('',*,*,#2817,.F.);
#2817 = EDGE_CURVE('',#2818,#2810,#2820,.T.);
#2818 = VERTEX_POINT('',#2819);
#2819 = CARTESIAN_POINT('',(35.227743288591,58.036510067114,21.2));
#2820 = LINE('',#2821,#2822);
#2821 = CARTESIAN_POINT('',(35.227743288591,43.809391778523,21.2));
#2822 = VECTOR('',#2823,1.);
#2823 = DIRECTION('',(0.,-1.,0.));
#2824 = ORIENTED_EDGE('',*,*,#2825,.F.);
#2825 = EDGE_CURVE('',#2826,#2818,#2828,.T.);
#2826 = VERTEX_POINT('',#2827);
#2827 = CARTESIAN_POINT('',(35.732986577181,58.036510067114,21.2));
#2828 = LINE('',#2829,#2830);
#2829 = CARTESIAN_POINT('',(33.613871644295,58.036510067114,21.2));
#2830 = VECTOR('',#2831,1.);
#2831 = DIRECTION('',(-1.,0.,0.));
#2832 = ORIENTED_EDGE('',*,*,#2833,.F.);
#2833 = EDGE_CURVE('',#2834,#2826,#2836,.T.);
#2834 = VERTEX_POINT('',#2835);
#2835 = CARTESIAN_POINT('',(35.732986577181,55.969395973154,21.2));
#2836 = LINE('',#2837,#2838);
#2837 = CARTESIAN_POINT('',(35.732986577181,44.518255033557,21.2));
#2838 = VECTOR('',#2839,1.);
#2839 = DIRECTION('',(-0.,1.,0.));
#2840 = ORIENTED_EDGE('',*,*,#2841,.F.);
#2841 = EDGE_CURVE('',#2842,#2834,#2844,.T.);
#2842 = VERTEX_POINT('',#2843);
#2843 = CARTESIAN_POINT('',(35.137768456376,55.969395973154,21.2));
#2844 = LINE('',#2845,#2846);
#2845 = CARTESIAN_POINT('',(33.866493288591,55.969395973154,21.2));
#2846 = VECTOR('',#2847,1.);
#2847 = DIRECTION('',(1.,0.,-0.));
#2848 = ORIENTED_EDGE('',*,*,#2849,.F.);
#2849 = EDGE_CURVE('',#2850,#2842,#2852,.T.);
#2850 = VERTEX_POINT('',#2851);
#2851 = CARTESIAN_POINT('',(34.386132550336,57.387122483221,21.2));
#2852 = LINE('',#2853,#2854);
#2853 = CARTESIAN_POINT('',(39.960284032605,46.873225709482,21.2));
#2854 = VECTOR('',#2855,1.);
#2855 = DIRECTION('',(0.46841081492,-0.88351078571,0.));
#2856 = ORIENTED_EDGE('',*,*,#2857,.F.);
#2857 = EDGE_CURVE('',#2858,#2850,#2860,.T.);
#2858 = VERTEX_POINT('',#2859);
#2859 = CARTESIAN_POINT('',(34.386132550336,55.969395973154,21.2));
#2860 = LINE('',#2861,#2862);
#2861 = CARTESIAN_POINT('',(34.386132550336,44.193561241611,21.2));
#2862 = VECTOR('',#2863,1.);
#2863 = DIRECTION('',(-0.,1.,0.));
#2864 = ORIENTED_EDGE('',*,*,#2865,.F.);
#2865 = EDGE_CURVE('',#2866,#2858,#2868,.T.);
#2866 = VERTEX_POINT('',#2867);
#2867 = CARTESIAN_POINT('',(33.880889261745,55.969395973154,21.2));
#2868 = LINE('',#2869,#2870);
#2869 = CARTESIAN_POINT('',(33.193066275168,55.969395973154,21.2));
#2870 = VECTOR('',#2871,1.);
#2871 = DIRECTION('',(1.,0.,-0.));
#2872 = ORIENTED_EDGE('',*,*,#2873,.F.);
#2873 = EDGE_CURVE('',#2802,#2866,#2874,.T.);
#2874 = LINE('',#2875,#2876);
#2875 = CARTESIAN_POINT('',(33.880889261745,43.484697986577,21.2));
#2876 = VECTOR('',#2877,1.);
#2877 = DIRECTION('',(0.,-1.,0.));
#2878 = FACE_BOUND('',#2879,.T.);
#2879 = EDGE_LOOP('',(#2880,#2899,#2918,#2933,#2943,#2953,#2961,#2972,
    #2985,#2996,#3007,#3020,#3033,#3046,#3057,#3065,#3077,#3092,#3107,
    #3122,#3132,#3142,#3150,#3160,#3170,#3181,#3194,#3207,#3218,#3226,
    #3238));
#2880 = ORIENTED_EDGE('',*,*,#2881,.F.);
#2881 = EDGE_CURVE('',#2882,#2884,#2886,.T.);
#2882 = VERTEX_POINT('',#2883);
#2883 = CARTESIAN_POINT('',(43.989790978357,56.5,21.2));
#2884 = VERTEX_POINT('',#2885);
#2885 = CARTESIAN_POINT('',(43.994890939597,56.604110738255,21.2));
#2886 = B_SPLINE_CURVE_WITH_KNOTS('',6,(#2887,#2888,#2889,#2890,#2891,
    #2892,#2893,#2894,#2895,#2896,#2897,#2898),.UNSPECIFIED.,.F.,.F.,(7,
    5,7),(0.,0.162658751055,1.),.UNSPECIFIED.);
#2887 = CARTESIAN_POINT('',(43.792055369128,56.094991610738,21.2));
#2888 = CARTESIAN_POINT('',(43.803255801419,56.104209800918,21.2));
#2889 = CARTESIAN_POINT('',(43.81409899283,56.11375998751,21.2));
#2890 = CARTESIAN_POINT('',(43.824579803488,56.123640864779,21.2));
#2891 = CARTESIAN_POINT('',(43.834693819475,56.133850421707,21.2));
#2892 = CARTESIAN_POINT('',(43.844437352828,56.144385941994,21.2));
#2893 = CARTESIAN_POINT('',(43.902043160413,56.211139571885,21.2));
#2894 = CARTESIAN_POINT('',(43.940400574642,56.275603059188,21.2));
#2895 = CARTESIAN_POINT('',(43.96841019418,56.348117799005,21.2));
#2896 = CARTESIAN_POINT('',(43.986347930961,56.427761395875,21.2));
#2897 = CARTESIAN_POINT('',(43.994890939597,56.513451585439,21.2));
#2898 = CARTESIAN_POINT('',(43.994890939597,56.604110738255,21.2));
#2899 = ORIENTED_EDGE('',*,*,#2900,.F.);
#2900 = EDGE_CURVE('',#2901,#2882,#2903,.T.);
#2901 = VERTEX_POINT('',#2902);
#2902 = CARTESIAN_POINT('',(43.792055369128,56.094991610738,21.2));
#2903 = B_SPLINE_CURVE_WITH_KNOTS('',5,(#2904,#2905,#2906,#2907,#2908,
    #2909,#2910,#2911,#2912,#2913,#2914,#2915,#2916,#2917),
  .UNSPECIFIED.,.F.,.F.,(6,4,4,6),(0.,0.194789692215,0.9271031731,1.),
  .UNSPECIFIED.);
#2904 = CARTESIAN_POINT('',(43.792055369128,56.094991610738,21.2));
#2905 = CARTESIAN_POINT('',(43.805495887877,56.106053438954,21.2));
#2906 = CARTESIAN_POINT('',(43.818400545307,56.117613261789,21.2));
#2907 = CARTESIAN_POINT('',(43.830759061669,56.12966846777,21.2));
#2908 = CARTESIAN_POINT('',(43.842563335085,56.142214329581,21.2));
#2909 = CARTESIAN_POINT('',(43.896079754037,56.2042291745,21.2));
#2910 = CARTESIAN_POINT('',(43.930443341362,56.2600624992,21.2));
#2911 = CARTESIAN_POINT('',(43.956552345204,56.322353607134,21.2));
#2912 = CARTESIAN_POINT('',(43.974649428979,56.390364755474,21.2));
#2913 = CARTESIAN_POINT('',(43.986306734265,56.4705030243,21.2));
#2914 = CARTESIAN_POINT('',(43.987287845639,56.477806501221,21.2));
#2915 = CARTESIAN_POINT('',(43.988195232067,56.485157693932,21.2));
#2916 = CARTESIAN_POINT('',(43.989029426403,56.492555811006,21.2));
#2917 = CARTESIAN_POINT('',(43.989790978357,56.5,21.2));
#2918 = ORIENTED_EDGE('',*,*,#2919,.F.);
#2919 = EDGE_CURVE('',#2920,#2901,#2922,.T.);
#2920 = VERTEX_POINT('',#2921);
#2921 = CARTESIAN_POINT('',(43.172659395973,55.928053691275,21.2));
#2922 = B_SPLINE_CURVE_WITH_KNOTS('',5,(#2923,#2924,#2925,#2926,#2927,
    #2928,#2929,#2930,#2931,#2932),.UNSPECIFIED.,.F.,.F.,(6,4,6),(0.,
    0.518187617047,1.),.UNSPECIFIED.);
#2923 = CARTESIAN_POINT('',(43.172659395973,55.928053691275,21.2));
#2924 = CARTESIAN_POINT('',(43.252092370713,55.928053691275,21.2));
#2925 = CARTESIAN_POINT('',(43.328656223482,55.931846247938,21.2));
#2926 = CARTESIAN_POINT('',(43.401876576517,55.939809056265,21.2));
#2927 = CARTESIAN_POINT('',(43.471145000479,55.95235317062,21.2));
#2928 = CARTESIAN_POINT('',(43.595983435317,55.985999286327,21.2));
#2929 = CARTESIAN_POINT('',(43.652176928468,56.006439381596,21.2));
#2930 = CARTESIAN_POINT('',(43.703896595678,56.031350377426,21.2));
#2931 = CARTESIAN_POINT('',(43.750638390499,56.060889055282,21.2));
#2932 = CARTESIAN_POINT('',(43.792055369128,56.094991610738,21.2));
#2933 = ORIENTED_EDGE('',*,*,#2934,.F.);
#2934 = EDGE_CURVE('',#2935,#2920,#2937,.T.);
#2935 = VERTEX_POINT('',#2936);
#2936 = CARTESIAN_POINT('',(42.778154362416,55.965243288591,21.2));
#2937 = B_SPLINE_CURVE_WITH_KNOTS('',4,(#2938,#2939,#2940,#2941,#2942),
  .UNSPECIFIED.,.F.,.F.,(5,5),(0.,1.),.PIECEWISE_BEZIER_KNOTS.);
#2938 = CARTESIAN_POINT('',(42.778154362416,55.965243288591,21.2));
#2939 = CARTESIAN_POINT('',(42.876922809825,55.946686792411,21.2));
#2940 = CARTESIAN_POINT('',(42.975648996489,55.934267766061,21.2));
#2941 = CARTESIAN_POINT('',(43.07425442,55.928053691275,21.2));
#2942 = CARTESIAN_POINT('',(43.172659395973,55.928053691275,21.2));
#2943 = ORIENTED_EDGE('',*,*,#2944,.F.);
#2944 = EDGE_CURVE('',#2945,#2935,#2947,.T.);
#2945 = VERTEX_POINT('',#2946);
#2946 = CARTESIAN_POINT('',(42.382265100671,56.075243288591,21.2));
#2947 = B_SPLINE_CURVE_WITH_KNOTS('',4,(#2948,#2949,#2950,#2951,#2952),
  .UNSPECIFIED.,.F.,.F.,(5,5),(0.,1.),.PIECEWISE_BEZIER_KNOTS.);
#2948 = CARTESIAN_POINT('',(42.382265100671,56.075243288591,21.2));
#2949 = CARTESIAN_POINT('',(42.480869710901,56.038927371536,21.2));
#2950 = CARTESIAN_POINT('',(42.579764666392,56.008427715541,21.2));
#2951 = CARTESIAN_POINT('',(42.678883692291,55.983847861733,21.2));
#2952 = CARTESIAN_POINT('',(42.778154362416,55.965243288591,21.2));
#2953 = ORIENTED_EDGE('',*,*,#2954,.F.);
#2954 = EDGE_CURVE('',#2955,#2945,#2957,.T.);
#2955 = VERTEX_POINT('',#2956);
#2956 = CARTESIAN_POINT('',(42.382265100671,56.524563758389,21.2));
#2957 = LINE('',#2958,#2959);
#2958 = CARTESIAN_POINT('',(42.382265100671,43.537621644295,21.2));
#2959 = VECTOR('',#2960,1.);
#2960 = DIRECTION('',(0.,-1.,0.));
#2961 = ORIENTED_EDGE('',*,*,#2962,.F.);
#2962 = EDGE_CURVE('',#2963,#2955,#2965,.T.);
#2963 = VERTEX_POINT('',#2964);
#2964 = CARTESIAN_POINT('',(42.429534976377,56.5,21.2));
#2965 = B_SPLINE_CURVE_WITH_KNOTS('',5,(#2966,#2967,#2968,#2969,#2970,
    #2971),.UNSPECIFIED.,.F.,.F.,(6,6),(0.,1.),
  .PIECEWISE_BEZIER_KNOTS.);
#2966 = CARTESIAN_POINT('',(42.764958053691,56.365469798658,21.2));
#2967 = CARTESIAN_POINT('',(42.690268347841,56.387108174978,21.2));
#2968 = CARTESIAN_POINT('',(42.614573983293,56.413963710895,21.2));
#2969 = CARTESIAN_POINT('',(42.537955687945,56.445922393958,21.2));
#2970 = CARTESIAN_POINT('',(42.46049359736,56.482841893489,21.2));
#2971 = CARTESIAN_POINT('',(42.382265100671,56.524563758389,21.2));
#2972 = ORIENTED_EDGE('',*,*,#2973,.F.);
#2973 = EDGE_CURVE('',#2974,#2963,#2976,.T.);
#2974 = VERTEX_POINT('',#2975);
#2975 = CARTESIAN_POINT('',(42.764958053691,56.365469798658,21.2));
#2976 = B_SPLINE_CURVE_WITH_KNOTS('',4,(#2977,#2978,#2979,#2980,#2981,
    #2982,#2983,#2984),.UNSPECIFIED.,.F.,.F.,(5,3,5),(0.,0.827994531542,
    1.),.UNSPECIFIED.);
#2977 = CARTESIAN_POINT('',(42.764958053691,56.365469798658,21.2));
#2978 = CARTESIAN_POINT('',(42.697019367185,56.385152335208,21.2));
#2979 = CARTESIAN_POINT('',(42.628194059599,56.409439475803,21.2));
#2980 = CARTESIAN_POINT('',(42.558559902855,56.438220226085,21.2));
#2981 = CARTESIAN_POINT('',(42.473575389385,56.478232209478,21.2));
#2982 = CARTESIAN_POINT('',(42.45892598087,56.485302172772,21.2));
#2983 = CARTESIAN_POINT('',(42.444245602309,56.492558555734,21.2));
#2984 = CARTESIAN_POINT('',(42.429534976377,56.5,21.2));
#2985 = ORIENTED_EDGE('',*,*,#2986,.F.);
#2986 = EDGE_CURVE('',#2987,#2974,#2989,.T.);
#2987 = VERTEX_POINT('',#2988);
#2988 = CARTESIAN_POINT('',(43.12144295302,56.311946308725,21.2));
#2989 = B_SPLINE_CURVE_WITH_KNOTS('',5,(#2990,#2991,#2992,#2993,#2994,
    #2995),.UNSPECIFIED.,.F.,.F.,(6,6),(0.,1.),
  .PIECEWISE_BEZIER_KNOTS.);
#2990 = CARTESIAN_POINT('',(43.12144295302,56.311946308725,21.2));
#2991 = CARTESIAN_POINT('',(43.052384310902,56.311946308725,21.2));
#2992 = CARTESIAN_POINT('',(42.982131071341,56.317361350325,21.2));
#2993 = CARTESIAN_POINT('',(42.910756683027,56.328147366369,21.2));
#2994 = CARTESIAN_POINT('',(42.838338925005,56.344221218847,21.2));
#2995 = CARTESIAN_POINT('',(42.764958053691,56.365469798658,21.2));
#2996 = ORIENTED_EDGE('',*,*,#2997,.F.);
#2997 = EDGE_CURVE('',#2998,#2987,#3000,.T.);
#2998 = VERTEX_POINT('',#2999);
#2999 = CARTESIAN_POINT('',(43.388598993289,56.370268456376,21.2));
#3000 = B_SPLINE_CURVE_WITH_KNOTS('',5,(#3001,#3002,#3003,#3004,#3005,
    #3006),.UNSPECIFIED.,.F.,.F.,(6,6),(0.,1.),
  .PIECEWISE_BEZIER_KNOTS.);
#3001 = CARTESIAN_POINT('',(43.388598993289,56.370268456376,21.2));
#3002 = CARTESIAN_POINT('',(43.350974456032,56.346608050857,21.2));
#3003 = CARTESIAN_POINT('',(43.305099741748,56.329041575565,21.2));
#3004 = CARTESIAN_POINT('',(43.25123506212,56.317551456498,21.2));
#3005 = CARTESIAN_POINT('',(43.189836131095,56.311946308725,21.2));
#3006 = CARTESIAN_POINT('',(43.12144295302,56.311946308725,21.2));
#3007 = ORIENTED_EDGE('',*,*,#3008,.F.);
#3008 = EDGE_CURVE('',#3009,#2998,#3011,.T.);
#3009 = VERTEX_POINT('',#3010);
#3010 = CARTESIAN_POINT('',(43.478397996968,56.5,21.2));
#3011 = B_SPLINE_CURVE_WITH_KNOTS('',4,(#3012,#3013,#3014,#3015,#3016,
    #3017,#3018,#3019),.UNSPECIFIED.,.F.,.F.,(5,3,5),(0.,0.375501519985,
    1.),.UNSPECIFIED.);
#3012 = CARTESIAN_POINT('',(43.478397996968,56.5,21.2));
#3013 = CARTESIAN_POINT('',(43.475849868617,56.484665598325,21.2));
#3014 = CARTESIAN_POINT('',(43.471828104772,56.470101778726,21.2));
#3015 = CARTESIAN_POINT('',(43.466325390471,56.456323694578,21.2));
#3016 = CARTESIAN_POINT('',(43.447739735734,56.421747393403,21.2));
#3017 = CARTESIAN_POINT('',(43.43204968067,56.402352358584,21.2));
#3018 = CARTESIAN_POINT('',(43.412299205953,56.385196053009,21.2));
#3019 = CARTESIAN_POINT('',(43.388598993289,56.370268456376,21.2));
#3020 = ORIENTED_EDGE('',*,*,#3021,.F.);
#3021 = EDGE_CURVE('',#3022,#3009,#3024,.T.);
#3022 = VERTEX_POINT('',#3023);
#3023 = CARTESIAN_POINT('',(43.481342281879,56.537021812081,21.2));
#3024 = B_SPLINE_CURVE_WITH_KNOTS('',4,(#3025,#3026,#3027,#3028,#3029,
    #3030,#3031,#3032),.UNSPECIFIED.,.F.,.F.,(5,3,5),(0.,0.488953278165,
    1.),.UNSPECIFIED.);
#3025 = CARTESIAN_POINT('',(43.481342281879,56.537021812081,21.2));
#3026 = CARTESIAN_POINT('',(43.481342281879,56.510622243449,21.2));
#3027 = CARTESIAN_POINT('',(43.477671135394,56.486110108512,21.2));
#3028 = CARTESIAN_POINT('',(43.470272563016,56.463558841011,21.2));
#3029 = CARTESIAN_POINT('',(43.44755638635,56.421521075676,21.2));
#3030 = CARTESIAN_POINT('',(43.431895905872,56.402218869601,21.2));
#3031 = CARTESIAN_POINT('',(43.412206980265,56.385137964591,21.2));
#3032 = CARTESIAN_POINT('',(43.388598993289,56.370268456376,21.2));
#3033 = ORIENTED_EDGE('',*,*,#3034,.F.);
#3034 = EDGE_CURVE('',#3035,#3022,#3037,.T.);
#3035 = VERTEX_POINT('',#3036);
#3036 = CARTESIAN_POINT('',(43.418313758389,56.687072147651,21.2));
#3037 = B_SPLINE_CURVE_WITH_KNOTS('',4,(#3038,#3039,#3040,#3041,#3042,
    #3043,#3044,#3045),.UNSPECIFIED.,.F.,.F.,(5,3,5),(0.,0.271654412051,
    1.),.UNSPECIFIED.);
#3038 = CARTESIAN_POINT('',(43.418313758389,56.687072147651,21.2));
#3039 = CARTESIAN_POINT('',(43.426880708678,56.679897483573,21.2));
#3040 = CARTESIAN_POINT('',(43.434676283073,56.672170869155,21.2));
#3041 = CARTESIAN_POINT('',(43.441696038962,56.663892926225,21.2));
#3042 = CARTESIAN_POINT('',(43.464674255576,56.631400375555,21.2));
#3043 = CARTESIAN_POINT('',(43.475820247213,56.603789123408,21.2));
#3044 = CARTESIAN_POINT('',(43.481342281879,56.572282749817,21.2));
#3045 = CARTESIAN_POINT('',(43.481342281879,56.537021812081,21.2));
#3046 = ORIENTED_EDGE('',*,*,#3047,.F.);
#3047 = EDGE_CURVE('',#3048,#3035,#3050,.T.);
#3048 = VERTEX_POINT('',#3049);
#3049 = CARTESIAN_POINT('',(43.167122483221,56.781568791946,21.2));
#3050 = B_SPLINE_CURVE_WITH_KNOTS('',5,(#3051,#3052,#3053,#3054,#3055,
    #3056),.UNSPECIFIED.,.F.,.F.,(6,6),(0.,1.),
  .PIECEWISE_BEZIER_KNOTS.);
#3051 = CARTESIAN_POINT('',(43.167122483221,56.781568791946,21.2));
#3052 = CARTESIAN_POINT('',(43.240034252156,56.765413831378,21.2));
#3053 = CARTESIAN_POINT('',(43.30262521914,56.747904041809,21.2));
#3054 = CARTESIAN_POINT('',(43.3537970874,56.728998641131,21.2));
#3055 = CARTESIAN_POINT('',(43.392533601078,56.708694215073,21.2));
#3056 = CARTESIAN_POINT('',(43.418313758389,56.687072147651,21.2));
#3057 = ORIENTED_EDGE('',*,*,#3058,.F.);
#3058 = EDGE_CURVE('',#3059,#3048,#3061,.T.);
#3059 = VERTEX_POINT('',#3060);
#3060 = CARTESIAN_POINT('',(42.960872483221,56.827432885906,21.2));
#3061 = LINE('',#3062,#3063);
#3062 = CARTESIAN_POINT('',(40.578125912294,57.357287492506,21.2));
#3063 = VECTOR('',#3064,1.);
#3064 = DIRECTION('',(0.976156220283,-0.217069190819,0.));
#3065 = ORIENTED_EDGE('',*,*,#3066,.F.);
#3066 = EDGE_CURVE('',#3067,#3059,#3069,.T.);
#3067 = VERTEX_POINT('',#3068);
#3068 = CARTESIAN_POINT('',(42.507491610738,57.039219798658,21.2));
#3069 = B_SPLINE_CURVE_WITH_KNOTS('',6,(#3070,#3071,#3072,#3073,#3074,
    #3075,#3076),.UNSPECIFIED.,.F.,.F.,(7,7),(0.,1.),
  .PIECEWISE_BEZIER_KNOTS.);
#3070 = CARTESIAN_POINT('',(42.507491610738,57.039219798658,21.2));
#3071 = CARTESIAN_POINT('',(42.557154078677,56.988853805738,21.2));
#3072 = CARTESIAN_POINT('',(42.618393753984,56.944616162071,21.2));
#3073 = CARTESIAN_POINT('',(42.690503681577,56.906633457887,21.2));
#3074 = CARTESIAN_POINT('',(42.772387702441,56.874692865961,21.2));
#3075 = CARTESIAN_POINT('',(42.862874927341,56.848432362166,21.2));
#3076 = CARTESIAN_POINT('',(42.960872483221,56.827432885906,21.2));
#3077 = ORIENTED_EDGE('',*,*,#3078,.F.);
#3078 = EDGE_CURVE('',#3079,#3067,#3081,.T.);
#3079 = VERTEX_POINT('',#3080);
#3080 = CARTESIAN_POINT('',(42.364270134228,57.430956375839,21.2));
#3081 = B_SPLINE_CURVE_WITH_KNOTS('',5,(#3082,#3083,#3084,#3085,#3086,
    #3087,#3088,#3089,#3090,#3091),.UNSPECIFIED.,.F.,.F.,(6,4,6),(0.,
    0.811647628483,1.),.UNSPECIFIED.);
#3082 = CARTESIAN_POINT('',(42.364270134228,57.430956375839,21.2));
#3083 = CARTESIAN_POINT('',(42.364270134228,57.352879629981,21.2));
#3084 = CARTESIAN_POINT('',(42.373258461262,57.279890827587,21.2));
#3085 = CARTESIAN_POINT('',(42.391812017725,57.212731022625,21.2));
#3086 = CARTESIAN_POINT('',(42.420220772253,57.152020151929,21.2));
#3087 = CARTESIAN_POINT('',(42.4670600303,57.085585174314,21.2));
#3088 = CARTESIAN_POINT('',(42.476400023184,57.073437205766,21.2));
#3089 = CARTESIAN_POINT('',(42.486254894941,57.061658458289,21.2));
#3090 = CARTESIAN_POINT('',(42.496620546967,57.050251967112,21.2));
#3091 = CARTESIAN_POINT('',(42.507491610738,57.039219798658,21.2));
#3092 = ORIENTED_EDGE('',*,*,#3093,.F.);
#3093 = EDGE_CURVE('',#3094,#3079,#3096,.T.);
#3094 = VERTEX_POINT('',#3095);
#3095 = CARTESIAN_POINT('',(42.563598993289,57.905838926174,21.2));
#3096 = B_SPLINE_CURVE_WITH_KNOTS('',5,(#3097,#3098,#3099,#3100,#3101,
    #3102,#3103,#3104,#3105,#3106),.UNSPECIFIED.,.F.,.F.,(6,4,6),(0.,
    0.263186541862,1.),.UNSPECIFIED.);
#3097 = CARTESIAN_POINT('',(42.563598993289,57.905838926174,21.2));
#3098 = CARTESIAN_POINT('',(42.542485867807,57.888244654939,21.2));
#3099 = CARTESIAN_POINT('',(42.52269958079,57.869591061483,21.2));
#3100 = CARTESIAN_POINT('',(42.504281739449,57.849883279704,21.2));
#3101 = CARTESIAN_POINT('',(42.487262337071,57.829136345516,21.2));
#3102 = CARTESIAN_POINT('',(42.427978971209,57.746452981405,21.2));
#3103 = CARTESIAN_POINT('',(42.395390218513,57.677564779031,21.2));
#3104 = CARTESIAN_POINT('',(42.374335407039,57.601303403694,21.2));
#3105 = CARTESIAN_POINT('',(42.364270134228,57.518721121581,21.2));
#3106 = CARTESIAN_POINT('',(42.364270134228,57.430956375839,21.2));
#3107 = ORIENTED_EDGE('',*,*,#3108,.F.);
#3108 = EDGE_CURVE('',#3109,#3094,#3111,.T.);
#3109 = VERTEX_POINT('',#3110);
#3110 = CARTESIAN_POINT('',(43.136669463087,58.071946308725,21.2));
#3111 = B_SPLINE_CURVE_WITH_KNOTS('',5,(#3112,#3113,#3114,#3115,#3116,
    #3117,#3118,#3119,#3120,#3121),.UNSPECIFIED.,.F.,.F.,(6,4,6),(0.,
    0.514121663546,1.),.UNSPECIFIED.);
#3112 = CARTESIAN_POINT('',(43.136669463087,58.071946308725,21.2));
#3113 = CARTESIAN_POINT('',(43.064508314998,58.071946308725,21.2));
#3114 = CARTESIAN_POINT('',(42.994953444755,58.068075891278,21.2));
#3115 = CARTESIAN_POINT('',(42.928384515965,58.060023757909,21.2));
#3116 = CARTESIAN_POINT('',(42.865244077487,58.04748237407,21.2));
#3117 = CARTESIAN_POINT('',(42.74992908985,58.013970492167,21.2));
#3118 = CARTESIAN_POINT('',(42.697338985237,57.993500027448,21.2));
#3119 = CARTESIAN_POINT('',(42.648556503839,57.968677373635,21.2));
#3120 = CARTESIAN_POINT('',(42.603905566417,57.939427737115,21.2));
#3121 = CARTESIAN_POINT('',(42.563598993289,57.905838926174,21.2));
#3122 = ORIENTED_EDGE('',*,*,#3123,.F.);
#3123 = EDGE_CURVE('',#3124,#3109,#3126,.T.);
#3124 = VERTEX_POINT('',#3125);
#3125 = CARTESIAN_POINT('',(43.486879194631,58.046476510067,21.2));
#3126 = B_SPLINE_CURVE_WITH_KNOTS('',4,(#3127,#3128,#3129,#3130,#3131),
  .UNSPECIFIED.,.F.,.F.,(5,5),(0.,1.),.PIECEWISE_BEZIER_KNOTS.);
#3127 = CARTESIAN_POINT('',(43.486879194631,58.046476510067,21.2));
#3128 = CARTESIAN_POINT('',(43.397246126412,58.059163036646,21.2));
#3129 = CARTESIAN_POINT('',(43.308964113951,58.067672445092,21.2));
#3130 = CARTESIAN_POINT('',(43.22208828469,58.071946308725,21.2));
#3131 = CARTESIAN_POINT('',(43.136669463087,58.071946308725,21.2));
#3132 = ORIENTED_EDGE('',*,*,#3133,.F.);
#3133 = EDGE_CURVE('',#3134,#3124,#3136,.T.);
#3134 = VERTEX_POINT('',#3135);
#3135 = CARTESIAN_POINT('',(43.859236577181,57.970159395973,21.2));
#3136 = B_SPLINE_CURVE_WITH_KNOTS('',4,(#3137,#3138,#3139,#3140,#3141),
  .UNSPECIFIED.,.F.,.F.,(5,5),(0.,1.),.PIECEWISE_BEZIER_KNOTS.);
#3137 = CARTESIAN_POINT('',(43.859236577181,57.970159395973,21.2));
#3138 = CARTESIAN_POINT('',(43.763604568166,57.99547779836,21.2));
#3139 = CARTESIAN_POINT('',(43.669619493786,58.016693587697,21.2));
#3140 = CARTESIAN_POINT('',(43.577354427207,58.033717182396,21.2));
#3141 = CARTESIAN_POINT('',(43.486879194631,58.046476510067,21.2));
#3142 = ORIENTED_EDGE('',*,*,#3143,.F.);
#3143 = EDGE_CURVE('',#3144,#3134,#3146,.T.);
#3144 = VERTEX_POINT('',#3145);
#3145 = CARTESIAN_POINT('',(43.859236577181,57.534496644295,21.2));
#3146 = LINE('',#3147,#3148);
#3147 = CARTESIAN_POINT('',(43.859236577181,44.485079697987,21.2));
#3148 = VECTOR('',#3149,1.);
#3149 = DIRECTION('',(-0.,1.,0.));
#3150 = ORIENTED_EDGE('',*,*,#3151,.F.);
#3151 = EDGE_CURVE('',#3152,#3144,#3154,.T.);
#3152 = VERTEX_POINT('',#3153);
#3153 = CARTESIAN_POINT('',(43.527021812081,57.649295302013,21.2));
#3154 = B_SPLINE_CURVE_WITH_KNOTS('',4,(#3155,#3156,#3157,#3158,#3159),
  .UNSPECIFIED.,.F.,.F.,(5,5),(0.,1.),.PIECEWISE_BEZIER_KNOTS.);
#3155 = CARTESIAN_POINT('',(43.527021812081,57.649295302013,21.2));
#3156 = CARTESIAN_POINT('',(43.608476070468,57.629848387903,21.2));
#3157 = CARTESIAN_POINT('',(43.691056284405,57.604148643391,21.2));
#3158 = CARTESIAN_POINT('',(43.774673317959,57.572309483785,21.2));
#3159 = CARTESIAN_POINT('',(43.859236577181,57.534496644295,21.2));
#3160 = ORIENTED_EDGE('',*,*,#3161,.F.);
#3161 = EDGE_CURVE('',#3162,#3152,#3164,.T.);
#3162 = VERTEX_POINT('',#3163);
#3163 = CARTESIAN_POINT('',(43.22110738255,57.688053691275,21.2));
#3164 = B_SPLINE_CURVE_WITH_KNOTS('',4,(#3165,#3166,#3167,#3168,#3169),
  .UNSPECIFIED.,.F.,.F.,(5,5),(0.,1.),.PIECEWISE_BEZIER_KNOTS.);
#3165 = CARTESIAN_POINT('',(43.22110738255,57.688053691275,21.2));
#3166 = CARTESIAN_POINT('',(43.293510790634,57.688053691275,21.2));
#3167 = CARTESIAN_POINT('',(43.368716708193,57.681517395731,21.2));
#3168 = CARTESIAN_POINT('',(43.446602091825,57.668541047032,21.2));
#3169 = CARTESIAN_POINT('',(43.527021812081,57.649295302013,21.2));
#3170 = ORIENTED_EDGE('',*,*,#3171,.F.);
#3171 = EDGE_CURVE('',#3172,#3162,#3174,.T.);
#3172 = VERTEX_POINT('',#3173);
#3173 = CARTESIAN_POINT('',(42.938724832215,57.635360738255,21.2));
#3174 = B_SPLINE_CURVE_WITH_KNOTS('',5,(#3175,#3176,#3177,#3178,#3179,
    #3180),.UNSPECIFIED.,.F.,.F.,(6,6),(0.,1.),
  .PIECEWISE_BEZIER_KNOTS.);
#3175 = CARTESIAN_POINT('',(42.938724832215,57.635360738255,21.2));
#3176 = CARTESIAN_POINT('',(42.975996763957,57.656857983735,21.2));
#3177 = CARTESIAN_POINT('',(43.023407810288,57.67274172875,21.2));
#3178 = CARTESIAN_POINT('',(43.080546274473,57.683057591946,21.2));
#3179 = CARTESIAN_POINT('',(43.146706217148,57.688053691275,21.2));
#3180 = CARTESIAN_POINT('',(43.22110738255,57.688053691275,21.2));
#3181 = ORIENTED_EDGE('',*,*,#3182,.F.);
#3182 = EDGE_CURVE('',#3183,#3172,#3185,.T.);
#3183 = VERTEX_POINT('',#3184);
#3184 = CARTESIAN_POINT('',(42.847365771812,57.471652684564,21.2));
#3185 = B_SPLINE_CURVE_WITH_KNOTS('',4,(#3186,#3187,#3188,#3189,#3190,
    #3191,#3192,#3193),.UNSPECIFIED.,.F.,.F.,(5,3,5),(0.,0.552188513625,
    1.),.UNSPECIFIED.);
#3186 = CARTESIAN_POINT('',(42.847365771812,57.471652684564,21.2));
#3187 = CARTESIAN_POINT('',(42.847365771812,57.502153373356,21.2));
#3188 = CARTESIAN_POINT('',(42.851962934524,57.529857515788,21.2));
#3189 = CARTESIAN_POINT('',(42.861252652982,57.554637904365,21.2));
#3190 = CARTESIAN_POINT('',(42.886516832926,57.594125251754,21.2));
#3191 = CARTESIAN_POINT('',(42.900895827212,57.609851190564,21.2));
#3192 = CARTESIAN_POINT('',(42.918322306669,57.623593220996,21.2));
#3193 = CARTESIAN_POINT('',(42.938724832215,57.635360738255,21.2));
#3194 = ORIENTED_EDGE('',*,*,#3195,.F.);
#3195 = EDGE_CURVE('',#3196,#3183,#3198,.T.);
#3196 = VERTEX_POINT('',#3197);
#3197 = CARTESIAN_POINT('',(42.908917785235,57.341904362416,21.2));
#3198 = B_SPLINE_CURVE_WITH_KNOTS('',4,(#3199,#3200,#3201,#3202,#3203,
    #3204,#3205,#3206),.UNSPECIFIED.,.F.,.F.,(5,3,5),(0.,0.403847565412,
    1.),.UNSPECIFIED.);
#3199 = CARTESIAN_POINT('',(42.908917785235,57.341904362416,21.2));
#3200 = CARTESIAN_POINT('',(42.896497914155,57.351289092588,21.2));
#3201 = CARTESIAN_POINT('',(42.885735158622,57.361681000497,21.2));
#3202 = CARTESIAN_POINT('',(42.876644487036,57.373079945335,21.2));
#3203 = CARTESIAN_POINT('',(42.858284947796,57.403782567539,21.2));
#3204 = CARTESIAN_POINT('',(42.850992534497,57.424265723062,21.2));
#3205 = CARTESIAN_POINT('',(42.847365771812,57.446906370869,21.2));
#3206 = CARTESIAN_POINT('',(42.847365771812,57.471652684564,21.2));
#3207 = ORIENTED_EDGE('',*,*,#3208,.F.);
#3208 = EDGE_CURVE('',#3209,#3196,#3211,.T.);
#3209 = VERTEX_POINT('',#3210);
#3210 = CARTESIAN_POINT('',(43.132516778523,57.262172818792,21.2));
#3211 = B_SPLINE_CURVE_WITH_KNOTS('',5,(#3212,#3213,#3214,#3215,#3216,
    #3217),.UNSPECIFIED.,.F.,.F.,(6,6),(0.,1.),
  .PIECEWISE_BEZIER_KNOTS.);
#3212 = CARTESIAN_POINT('',(43.132516778523,57.262172818792,21.2));
#3213 = CARTESIAN_POINT('',(43.069204574719,57.275196012851,21.2));
#3214 = CARTESIAN_POINT('',(43.014588821438,57.28965284652,21.2));
#3215 = CARTESIAN_POINT('',(42.969331451026,57.305586932441,21.2));
#3216 = CARTESIAN_POINT('',(42.934002791179,57.32301550315,21.2));
#3217 = CARTESIAN_POINT('',(42.908917785235,57.341904362416,21.2));
#3218 = ORIENTED_EDGE('',*,*,#3219,.F.);
#3219 = EDGE_CURVE('',#3220,#3209,#3222,.T.);
#3220 = VERTEX_POINT('',#3221);
#3221 = CARTESIAN_POINT('',(43.359530201342,57.216401006711,21.2));
#3222 = LINE('',#3223,#3224);
#3223 = CARTESIAN_POINT('',(40.327845475102,57.82766752062,21.2));
#3224 = VECTOR('',#3225,1.);
#3225 = DIRECTION('',(-0.98027295107,0.197648529972,0.));
#3226 = ORIENTED_EDGE('',*,*,#3227,.F.);
#3227 = EDGE_CURVE('',#3228,#3220,#3230,.T.);
#3228 = VERTEX_POINT('',#3229);
#3229 = CARTESIAN_POINT('',(43.849546979866,57.005813758389,21.2));
#3230 = B_SPLINE_CURVE_WITH_KNOTS('',6,(#3231,#3232,#3233,#3234,#3235,
    #3236,#3237),.UNSPECIFIED.,.F.,.F.,(7,7),(0.,1.),
  .PIECEWISE_BEZIER_KNOTS.);
#3231 = CARTESIAN_POINT('',(43.849546979866,57.005813758389,21.2));
#3232 = CARTESIAN_POINT('',(43.798396600777,57.055535174506,21.2));
#3233 = CARTESIAN_POINT('',(43.733135500208,57.099225249202,21.2));
#3234 = CARTESIAN_POINT('',(43.65493030053,57.136768632261,21.2));
#3235 = CARTESIAN_POINT('',(43.565518356043,57.168497353925,21.2));
#3236 = CARTESIAN_POINT('',(43.46657948061,57.194876506382,21.2));
#3237 = CARTESIAN_POINT('',(43.359530201342,57.216401006711,21.2));
#3238 = ORIENTED_EDGE('',*,*,#3239,.F.);
#3239 = EDGE_CURVE('',#2884,#3228,#3240,.T.);
#3240 = B_SPLINE_CURVE_WITH_KNOTS('',5,(#3241,#3242,#3243,#3244,#3245,
    #3246,#3247,#3248,#3249,#3250),.UNSPECIFIED.,.F.,.F.,(6,4,6),(0.,
    0.880581693373,1.),.UNSPECIFIED.);
#3241 = CARTESIAN_POINT('',(43.994890939597,56.604110738255,21.2));
#3242 = CARTESIAN_POINT('',(43.994890939597,56.693001599793,21.2));
#3243 = CARTESIAN_POINT('',(43.98430674864,56.775096946949,21.2));
#3244 = CARTESIAN_POINT('',(43.96224507372,56.849204783363,21.2));
#3245 = CARTESIAN_POINT('',(43.928202279085,56.914293507086,21.2));
#3246 = CARTESIAN_POINT('',(43.876406923558,56.977416965268,21.2));
#3247 = CARTESIAN_POINT('',(43.870008695415,56.984780515547,21.2));
#3248 = CARTESIAN_POINT('',(43.863398475315,56.991968400275,21.2));
#3249 = CARTESIAN_POINT('',(43.85657743189,56.998979712644,21.2));
#3250 = CARTESIAN_POINT('',(43.849546979866,57.005813758389,21.2));
#3251 = FACE_BOUND('',#3252,.T.);
#3252 = EDGE_LOOP('',(#3253,#3270,#3281,#3296,#3311,#3319,#3327,#3335,
    #3348,#3363,#3374));
#3253 = ORIENTED_EDGE('',*,*,#3254,.F.);
#3254 = EDGE_CURVE('',#3255,#3257,#3259,.T.);
#3255 = VERTEX_POINT('',#3256);
#3256 = CARTESIAN_POINT('',(23.634555369128,56.89,21.2));
#3257 = VERTEX_POINT('',#3258);
#3258 = CARTESIAN_POINT('',(23.368783557047,57.073825503356,21.2));
#3259 = B_SPLINE_CURVE_WITH_KNOTS('',5,(#3260,#3261,#3262,#3263,#3264,
    #3265,#3266,#3267,#3268,#3269),.UNSPECIFIED.,.F.,.F.,(6,4,6),(0.,
    0.305350487272,1.),.UNSPECIFIED.);
#3260 = CARTESIAN_POINT('',(23.634555369128,56.89,21.2));
#3261 = CARTESIAN_POINT('',(23.623051208084,56.906387790193,21.2));
#3262 = CARTESIAN_POINT('',(23.610810613825,56.922006301549,21.2));
#3263 = CARTESIAN_POINT('',(23.597834554146,56.936846049531,21.2));
#3264 = CARTESIAN_POINT('',(23.584126208458,56.950899802358,21.2));
#3265 = CARTESIAN_POINT('',(23.536851875276,56.994334410132,21.2));
#3266 = CARTESIAN_POINT('',(23.5002502345,57.020413389378,21.2));
#3267 = CARTESIAN_POINT('',(23.459950877544,57.042339322077,21.2));
#3268 = CARTESIAN_POINT('',(23.416073953725,57.060121458297,21.2));
#3269 = CARTESIAN_POINT('',(23.368783557047,57.073825503356,21.2));
#3270 = ORIENTED_EDGE('',*,*,#3271,.F.);
#3271 = EDGE_CURVE('',#3272,#3255,#3274,.T.);
#3272 = VERTEX_POINT('',#3273);
#3273 = CARTESIAN_POINT('',(23.728682885906,56.561015100671,21.2));
#3274 = B_SPLINE_CURVE_WITH_KNOTS('',5,(#3275,#3276,#3277,#3278,#3279,
    #3280),.UNSPECIFIED.,.F.,.F.,(6,6),(0.,1.),
  .PIECEWISE_BEZIER_KNOTS.);
#3275 = CARTESIAN_POINT('',(23.728682885906,56.561015100671,21.2));
#3276 = CARTESIAN_POINT('',(23.728682885906,56.637927296661,21.2));
#3277 = CARTESIAN_POINT('',(23.719521429647,56.709707370089,21.2));
#3278 = CARTESIAN_POINT('',(23.700823355267,56.775867013431,21.2));
#3279 = CARTESIAN_POINT('',(23.672441095714,56.836031411048,21.2));
#3280 = CARTESIAN_POINT('',(23.634555369128,56.89,21.2));
#3281 = ORIENTED_EDGE('',*,*,#3282,.F.);
#3282 = EDGE_CURVE('',#3283,#3272,#3285,.T.);
#3283 = VERTEX_POINT('',#3284);
#3284 = CARTESIAN_POINT('',(23.52658557047,56.115847315436,21.2));
#3285 = B_SPLINE_CURVE_WITH_KNOTS('',5,(#3286,#3287,#3288,#3289,#3290,
    #3291,#3292,#3293,#3294,#3295),.UNSPECIFIED.,.F.,.F.,(6,4,6),(0.,
    0.287097191978,1.),.UNSPECIFIED.);
#3286 = CARTESIAN_POINT('',(23.52658557047,56.115847315436,21.2));
#3287 = CARTESIAN_POINT('',(23.549893652326,56.132748335522,21.2));
#3288 = CARTESIAN_POINT('',(23.57162192469,56.150986122695,21.2));
#3289 = CARTESIAN_POINT('',(23.591709289091,56.170559977147,21.2));
#3290 = CARTESIAN_POINT('',(23.610112392874,56.19145309946,21.2));
#3291 = CARTESIAN_POINT('',(23.668257288704,56.268707394395,21.2));
#3292 = CARTESIAN_POINT('',(23.699178722203,56.331729665376,21.2));
#3293 = CARTESIAN_POINT('',(23.719144458882,56.402153882924,21.2));
#3294 = CARTESIAN_POINT('',(23.728682885906,56.478954939307,21.2));
#3295 = CARTESIAN_POINT('',(23.728682885906,56.561015100671,21.2));
#3296 = ORIENTED_EDGE('',*,*,#3297,.F.);
#3297 = EDGE_CURVE('',#3298,#3283,#3300,.T.);
#3298 = VERTEX_POINT('',#3299);
#3299 = CARTESIAN_POINT('',(22.911988255034,55.969395973154,21.2));
#3300 = B_SPLINE_CURVE_WITH_KNOTS('',5,(#3301,#3302,#3303,#3304,#3305,
    #3306,#3307,#3308,#3309,#3310),.UNSPECIFIED.,.F.,.F.,(6,4,6),(0.,
    0.558564616739,1.),.UNSPECIFIED.);
#3301 = CARTESIAN_POINT('',(22.911988255034,55.969395973154,21.2));
#3302 = CARTESIAN_POINT('',(22.996653534835,55.969395973154,21.2));
#3303 = CARTESIAN_POINT('',(23.078019967688,55.973252437672,21.2));
#3304 = CARTESIAN_POINT('',(23.155539275596,55.981370809982,21.2));
#3305 = CARTESIAN_POINT('',(23.228492913006,55.994203268075,21.2));
#3306 = CARTESIAN_POINT('',(23.349592454906,56.026245964573,21.2));
#3307 = CARTESIAN_POINT('',(23.399732799143,56.043554375755,21.2));
#3308 = CARTESIAN_POINT('',(23.44618044905,56.064195238889,21.2));
#3309 = CARTESIAN_POINT('',(23.488560374256,56.088292070508,21.2));
#3310 = CARTESIAN_POINT('',(23.52658557047,56.115847315436,21.2));
#3311 = ORIENTED_EDGE('',*,*,#3312,.F.);
#3312 = EDGE_CURVE('',#3313,#3298,#3315,.T.);
#3313 = VERTEX_POINT('',#3314);
#3314 = CARTESIAN_POINT('',(22.027466442953,55.969395973154,21.2));
#3315 = LINE('',#3316,#3317);
#3316 = CARTESIAN_POINT('',(27.455994127517,55.969395973154,21.2));
#3317 = VECTOR('',#3318,1.);
#3318 = DIRECTION('',(1.,0.,-0.));
#3319 = ORIENTED_EDGE('',*,*,#3320,.F.);
#3320 = EDGE_CURVE('',#3321,#3313,#3323,.T.);
#3321 = VERTEX_POINT('',#3322);
#3322 = CARTESIAN_POINT('',(22.027466442953,58.036510067114,21.2));
#3323 = LINE('',#3324,#3325);
#3324 = CARTESIAN_POINT('',(22.027466442953,43.484697986577,21.2));
#3325 = VECTOR('',#3326,1.);
#3326 = DIRECTION('',(0.,-1.,0.));
#3327 = ORIENTED_EDGE('',*,*,#3328,.F.);
#3328 = EDGE_CURVE('',#3329,#3321,#3331,.T.);
#3329 = VERTEX_POINT('',#3330);
#3330 = CARTESIAN_POINT('',(22.82755033557,58.036510067114,21.2));
#3331 = LINE('',#3332,#3333);
#3332 = CARTESIAN_POINT('',(27.013733221477,58.036510067114,21.2));
#3333 = VECTOR('',#3334,1.);
#3334 = DIRECTION('',(-1.,0.,0.));
#3335 = ORIENTED_EDGE('',*,*,#3336,.F.);
#3336 = EDGE_CURVE('',#3337,#3329,#3339,.T.);
#3337 = VERTEX_POINT('',#3338);
#3338 = CARTESIAN_POINT('',(23.451098993289,57.906115771812,21.2));
#3339 = B_SPLINE_CURVE_WITH_KNOTS('',7,(#3340,#3341,#3342,#3343,#3344,
    #3345,#3346,#3347),.UNSPECIFIED.,.F.,.F.,(8,8),(0.,1.),
  .PIECEWISE_BEZIER_KNOTS.);
#3340 = CARTESIAN_POINT('',(23.451098993289,57.906115771812,21.2));
#3341 = CARTESIAN_POINT('',(23.391370943083,57.946457901325,21.2));
#3342 = CARTESIAN_POINT('',(23.319438567576,57.978807635466,21.2));
#3343 = CARTESIAN_POINT('',(23.236605057104,58.003316192969,21.2));
#3344 = CARTESIAN_POINT('',(23.144543292845,58.020607690242,21.2));
#3345 = CARTESIAN_POINT('',(23.044842641404,58.031425929832,21.2));
#3346 = CARTESIAN_POINT('',(22.93884828334,58.036510067114,21.2));
#3347 = CARTESIAN_POINT('',(22.82755033557,58.036510067114,21.2));
#3348 = ORIENTED_EDGE('',*,*,#3349,.F.);
#3349 = EDGE_CURVE('',#3350,#3337,#3352,.T.);
#3350 = VERTEX_POINT('',#3351);
#3351 = CARTESIAN_POINT('',(23.644244966443,57.488540268456,21.2));
#3352 = B_SPLINE_CURVE_WITH_KNOTS('',5,(#3353,#3354,#3355,#3356,#3357,
    #3358,#3359,#3360,#3361,#3362),.UNSPECIFIED.,.F.,.F.,(6,4,6),(0.,
    0.730993038652,1.),.UNSPECIFIED.);
#3353 = CARTESIAN_POINT('',(23.644244966443,57.488540268456,21.2));
#3354 = CARTESIAN_POINT('',(23.644244966443,57.56935439675,21.2));
#3355 = CARTESIAN_POINT('',(23.634685071515,57.644366657569,21.2));
#3356 = CARTESIAN_POINT('',(23.614642332444,57.712376686005,21.2));
#3357 = CARTESIAN_POINT('',(23.583558244442,57.772291572391,21.2));
#3358 = CARTESIAN_POINT('',(23.526543264502,57.84245637166,21.2));
#3359 = CARTESIAN_POINT('',(23.509769439135,57.860165248176,21.2));
#3360 = CARTESIAN_POINT('',(23.491579601294,57.876683866065,21.2));
#3361 = CARTESIAN_POINT('',(23.472007249275,57.892000451359,21.2));
#3362 = CARTESIAN_POINT('',(23.451098993289,57.906115771812,21.2));
#3363 = ORIENTED_EDGE('',*,*,#3364,.F.);
#3364 = EDGE_CURVE('',#3365,#3350,#3367,.T.);
#3365 = VERTEX_POINT('',#3366);
#3366 = CARTESIAN_POINT('',(23.573649328859,57.231258389262,21.2));
#3367 = B_SPLINE_CURVE_WITH_KNOTS('',5,(#3368,#3369,#3370,#3371,#3372,
    #3373),.UNSPECIFIED.,.F.,.F.,(6,6),(0.,1.),
  .PIECEWISE_BEZIER_KNOTS.);
#3368 = CARTESIAN_POINT('',(23.573649328859,57.231258389262,21.2));
#3369 = CARTESIAN_POINT('',(23.60200012106,57.273877227211,21.2));
#3370 = CARTESIAN_POINT('',(23.623241149424,57.321044638111,21.2));
#3371 = CARTESIAN_POINT('',(23.637301257638,57.372667163017,21.2));
#3372 = CARTESIAN_POINT('',(23.644244966443,57.428575291093,21.2));
#3373 = CARTESIAN_POINT('',(23.644244966443,57.488540268456,21.2));
#3374 = ORIENTED_EDGE('',*,*,#3375,.F.);
#3375 = EDGE_CURVE('',#3257,#3365,#3376,.T.);
#3376 = B_SPLINE_CURVE_WITH_KNOTS('',5,(#3377,#3378,#3379,#3380,#3381,
    #3382,#3383,#3384,#3385,#3386),.UNSPECIFIED.,.F.,.F.,(6,4,6),(0.,
    0.812420248634,1.),.UNSPECIFIED.);
#3377 = CARTESIAN_POINT('',(23.368783557047,57.073825503356,21.2));
#3378 = CARTESIAN_POINT('',(23.412143189033,57.090394544857,21.2));
#3379 = CARTESIAN_POINT('',(23.451538768543,57.110607360548,21.2));
#3380 = CARTESIAN_POINT('',(23.486840367868,57.134502875297,21.2));
#3381 = CARTESIAN_POINT('',(23.517959129793,57.16208044569,21.2));
#3382 = CARTESIAN_POINT('',(23.551064813668,57.200499793114,21.2));
#3383 = CARTESIAN_POINT('',(23.557049654591,57.207900291011,21.2));
#3384 = CARTESIAN_POINT('',(23.562808893713,57.215494031465,21.2));
#3385 = CARTESIAN_POINT('',(23.56834218614,57.22328033158,21.2));
#3386 = CARTESIAN_POINT('',(23.573649328859,57.231258389262,21.2));
#3387 = FACE_BOUND('',#3388,.T.);
#3388 = EDGE_LOOP('',(#3389,#3404,#3414,#3431,#3448,#3465,#3484,#3494,
    #3504,#3512,#3522,#3532,#3547,#3562,#3577,#3592,#3602,#3612,#3620,
    #3628,#3636,#3644));
#3389 = ORIENTED_EDGE('',*,*,#3390,.F.);
#3390 = EDGE_CURVE('',#3391,#3393,#3395,.T.);
#3391 = VERTEX_POINT('',#3392);
#3392 = CARTESIAN_POINT('',(57.34639261745,13.469295302013,21.2));
#3393 = VERTEX_POINT('',#3394);
#3394 = CARTESIAN_POINT('',(57.722651006711,13.600587248322,21.2));
#3395 = B_SPLINE_CURVE_WITH_KNOTS('',4,(#3396,#3397,#3398,#3399,#3400,
    #3401,#3402,#3403),.UNSPECIFIED.,.F.,.F.,(5,3,5),(0.,0.374928257654,
    1.),.UNSPECIFIED.);
#3396 = CARTESIAN_POINT('',(57.34639261745,13.469295302013,21.2));
#3397 = CARTESIAN_POINT('',(57.382952181142,13.477503513733,21.2));
#3398 = CARTESIAN_POINT('',(57.4191999197,13.486738219866,21.2));
#3399 = CARTESIAN_POINT('',(57.455129147139,13.496999592868,21.2));
#3400 = CARTESIAN_POINT('',(57.550093051225,13.527101655588,21.2));
#3401 = CARTESIAN_POINT('',(57.608550179894,13.548765865991,21.2));
#3402 = CARTESIAN_POINT('',(57.666077022554,13.573269347639,21.2));
#3403 = CARTESIAN_POINT('',(57.722651006711,13.600587248322,21.2));
#3404 = ORIENTED_EDGE('',*,*,#3405,.F.);
#3405 = EDGE_CURVE('',#3406,#3391,#3408,.T.);
#3406 = VERTEX_POINT('',#3407);
#3407 = CARTESIAN_POINT('',(56.943708053691,13.425503355705,21.2));
#3408 = B_SPLINE_CURVE_WITH_KNOTS('',4,(#3409,#3410,#3411,#3412,#3413),
  .UNSPECIFIED.,.F.,.F.,(5,5),(0.,1.),.PIECEWISE_BEZIER_KNOTS.);
#3409 = CARTESIAN_POINT('',(56.943708053691,13.425503355705,21.2));
#3410 = CARTESIAN_POINT('',(57.047184261961,13.425503355705,21.2));
#3411 = CARTESIAN_POINT('',(57.148883700218,13.432753984147,21.2));
#3412 = CARTESIAN_POINT('',(57.24866118571,13.447353019274,21.2));
#3413 = CARTESIAN_POINT('',(57.34639261745,13.469295302013,21.2));
#3414 = ORIENTED_EDGE('',*,*,#3415,.F.);
#3415 = EDGE_CURVE('',#3416,#3406,#3418,.T.);
#3416 = VERTEX_POINT('',#3417);
#3417 = CARTESIAN_POINT('',(56.2,13.68783557047,21.2));
#3418 = B_SPLINE_CURVE_WITH_KNOTS('',6,(#3419,#3420,#3421,#3422,#3423,
    #3424,#3425,#3426,#3427,#3428,#3429,#3430),.UNSPECIFIED.,.F.,.F.,(7,
    5,7),(0.,0.140223201862,1.),.UNSPECIFIED.);
#3419 = CARTESIAN_POINT('',(56.2,13.68783557047,21.2));
#3420 = CARTESIAN_POINT('',(56.213143260434,13.675267076471,21.2));
#3421 = CARTESIAN_POINT('',(56.226569844853,13.663045827307,21.2));
#3422 = CARTESIAN_POINT('',(56.240277258877,13.651176818439,21.2));
#3423 = CARTESIAN_POINT('',(56.254262457485,13.639664407009,21.2));
#3424 = CARTESIAN_POINT('',(56.268521845016,13.628512311836,21.2));
#3425 = CARTESIAN_POINT('',(56.372138293357,13.551572844827,21.2));
#3426 = CARTESIAN_POINT('',(56.471417880173,13.499053593511,21.2));
#3427 = CARTESIAN_POINT('',(56.579809476225,13.461003541647,21.2));
#3428 = CARTESIAN_POINT('',(56.69573396573,13.436877133364,21.2));
#3429 = CARTESIAN_POINT('',(56.817533324259,13.425503355705,21.2));
#3430 = CARTESIAN_POINT('',(56.943708053691,13.425503355705,21.2));
#3431 = ORIENTED_EDGE('',*,*,#3432,.F.);
#3432 = EDGE_CURVE('',#3433,#3416,#3435,.T.);
#3433 = VERTEX_POINT('',#3434);
#3434 = CARTESIAN_POINT('',(55.92567114094,14.399412751678,21.2));
#3435 = B_SPLINE_CURVE_WITH_KNOTS('',6,(#3436,#3437,#3438,#3439,#3440,
    #3441,#3442,#3443,#3444,#3445,#3446,#3447),.UNSPECIFIED.,.F.,.F.,(7,
    5,7),(0.,0.766286443015,1.),.UNSPECIFIED.);
#3436 = CARTESIAN_POINT('',(55.92567114094,14.399412751678,21.2));
#3437 = CARTESIAN_POINT('',(55.92567114094,14.290880723718,21.2));
#3438 = CARTESIAN_POINT('',(55.935277898565,14.185895689721,21.2));
#3439 = CARTESIAN_POINT('',(55.95548604284,14.085547541122,21.2));
#3440 = CARTESIAN_POINT('',(55.987095512883,13.9909934341,21.2));
#3441 = CARTESIAN_POINT('',(56.030439433321,13.903313895692,21.2));
#3442 = CARTESIAN_POINT('',(56.101586605708,13.798887273223,21.2));
#3443 = CARTESIAN_POINT('',(56.119256353951,13.775190835487,21.2));
#3444 = CARTESIAN_POINT('',(56.137953860645,13.752223886703,21.2));
#3445 = CARTESIAN_POINT('',(56.157660286671,13.730002136402,21.2));
#3446 = CARTESIAN_POINT('',(56.178351884863,13.708536994333,21.2));
#3447 = CARTESIAN_POINT('',(56.2,13.68783557047,21.2));
#3448 = ORIENTED_EDGE('',*,*,#3449,.F.);
#3449 = EDGE_CURVE('',#3450,#3433,#3452,.T.);
#3450 = VERTEX_POINT('',#3451);
#3451 = CARTESIAN_POINT('',(56.205033557047,15.114010067114,21.2));
#3452 = B_SPLINE_CURVE_WITH_KNOTS('',6,(#3453,#3454,#3455,#3456,#3457,
    #3458,#3459,#3460,#3461,#3462,#3463,#3464),.UNSPECIFIED.,.F.,.F.,(7,
    5,7),(0.,0.233543459258,1.),.UNSPECIFIED.);
#3453 = CARTESIAN_POINT('',(56.205033557047,15.114010067114,21.2));
#3454 = CARTESIAN_POINT('',(56.182993925036,15.093466217936,21.2));
#3455 = CARTESIAN_POINT('',(56.161924569149,15.072130786064,21.2));
#3456 = CARTESIAN_POINT('',(56.14185594891,15.050010677861,21.2));
#3457 = CARTESIAN_POINT('',(56.122813334133,15.027117458317,21.2));
#3458 = CARTESIAN_POINT('',(56.104816804925,15.003467351038,21.2));
#3459 = CARTESIAN_POINT('',(56.032301165648,14.899049471554,21.2));
#3460 = CARTESIAN_POINT('',(55.988123633775,14.811057139115,21.2));
#3461 = CARTESIAN_POINT('',(55.955948886953,14.715927084028,21.2));
#3462 = CARTESIAN_POINT('',(55.935415014793,14.614806791691,21.2));
#3463 = CARTESIAN_POINT('',(55.92567114094,14.508920733231,21.2));
#3464 = CARTESIAN_POINT('',(55.92567114094,14.399412751678,21.2));
#3465 = ORIENTED_EDGE('',*,*,#3466,.F.);
#3466 = EDGE_CURVE('',#3467,#3450,#3469,.T.);
#3467 = VERTEX_POINT('',#3468);
#3468 = CARTESIAN_POINT('',(56.970134228188,15.374496644295,21.2));
#3469 = B_SPLINE_CURVE_WITH_KNOTS('',5,(#3470,#3471,#3472,#3473,#3474,
    #3475,#3476,#3477,#3478,#3479,#3480,#3481,#3482,#3483),
  .UNSPECIFIED.,.F.,.F.,(6,4,4,6),(0.,0.467636410339,0.910969939224,1.),
  .UNSPECIFIED.);
#3470 = CARTESIAN_POINT('',(56.970134228188,15.374496644295,21.2));
#3471 = CARTESIAN_POINT('',(56.885457495077,15.374496644295,21.2));
#3472 = CARTESIAN_POINT('',(56.802795174024,15.36954867971,21.2));
#3473 = CARTESIAN_POINT('',(56.722577660003,15.359210093649,21.2));
#3474 = CARTESIAN_POINT('',(56.645338977091,15.343043321845,21.2));
#3475 = CARTESIAN_POINT('',(56.501734614176,15.299724718957,21.2));
#3476 = CARTESIAN_POINT('',(56.435004060482,15.273185359355,21.2));
#3477 = CARTESIAN_POINT('',(56.371911990994,15.24098781235,21.2));
#3478 = CARTESIAN_POINT('',(56.312876978648,15.203094520518,21.2));
#3479 = CARTESIAN_POINT('',(56.247199385288,15.151027365126,21.2));
#3480 = CARTESIAN_POINT('',(56.236390602362,15.142099256934,21.2));
#3481 = CARTESIAN_POINT('',(56.225758830557,15.132952242097,21.2));
#3482 = CARTESIAN_POINT('',(56.215305951746,15.12358838109,21.2));
#3483 = CARTESIAN_POINT('',(56.205033557047,15.114010067114,21.2));
#3484 = ORIENTED_EDGE('',*,*,#3485,.F.);
#3485 = EDGE_CURVE('',#3486,#3467,#3488,.T.);
#3486 = VERTEX_POINT('',#3487);
#3487 = CARTESIAN_POINT('',(57.329362416107,15.339429530201,21.2));
#3488 = B_SPLINE_CURVE_WITH_KNOTS('',4,(#3489,#3490,#3491,#3492,#3493),
  .UNSPECIFIED.,.F.,.F.,(5,5),(0.,1.),.PIECEWISE_BEZIER_KNOTS.);
#3489 = CARTESIAN_POINT('',(57.329362416107,15.339429530201,21.2));
#3490 = CARTESIAN_POINT('',(57.243197564108,15.357024502422,21.2));
#3491 = CARTESIAN_POINT('',(57.154537293912,15.368702813473,21.2));
#3492 = CARTESIAN_POINT('',(57.063477977615,15.374496644295,21.2));
#3493 = CARTESIAN_POINT('',(56.970134228188,15.374496644295,21.2));
#3494 = ORIENTED_EDGE('',*,*,#3495,.F.);
#3495 = EDGE_CURVE('',#3496,#3486,#3498,.T.);
#3496 = VERTEX_POINT('',#3497);
#3497 = CARTESIAN_POINT('',(57.653439597315,15.235654362416,21.2));
#3498 = B_SPLINE_CURVE_WITH_KNOTS('',4,(#3499,#3500,#3501,#3502,#3503),
  .UNSPECIFIED.,.F.,.F.,(5,5),(0.,1.),.PIECEWISE_BEZIER_KNOTS.);
#3499 = CARTESIAN_POINT('',(57.653439597315,15.235654362416,21.2));
#3500 = CARTESIAN_POINT('',(57.577148574858,15.270121931791,21.2));
#3501 = CARTESIAN_POINT('',(57.497645633081,15.298904236173,21.2));
#3502 = CARTESIAN_POINT('',(57.415012866483,15.32198996096,21.2));
#3503 = CARTESIAN_POINT('',(57.329362416107,15.339429530201,21.2));
#3504 = ORIENTED_EDGE('',*,*,#3505,.F.);
#3505 = EDGE_CURVE('',#3506,#3496,#3508,.T.);
#3506 = VERTEX_POINT('',#3507);
#3507 = CARTESIAN_POINT('',(57.653439597315,14.848322147651,21.2));
#3508 = LINE('',#3509,#3510);
#3509 = CARTESIAN_POINT('',(57.653439597315,23.117827181208,21.2));
#3510 = VECTOR('',#3511,1.);
#3511 = DIRECTION('',(-0.,1.,0.));
#3512 = ORIENTED_EDGE('',*,*,#3513,.F.);
#3513 = EDGE_CURVE('',#3514,#3506,#3516,.T.);
#3514 = VERTEX_POINT('',#3515);
#3515 = CARTESIAN_POINT('',(57.340687919463,14.981459731544,21.2));
#3516 = B_SPLINE_CURVE_WITH_KNOTS('',4,(#3517,#3518,#3519,#3520,#3521),
  .UNSPECIFIED.,.F.,.F.,(5,5),(0.,1.),.PIECEWISE_BEZIER_KNOTS.);
#3517 = CARTESIAN_POINT('',(57.340687919463,14.981459731544,21.2));
#3518 = CARTESIAN_POINT('',(57.418829117028,14.959362598503,21.2));
#3519 = CARTESIAN_POINT('',(57.497065638143,14.929709062486,21.2));
#3520 = CARTESIAN_POINT('',(57.575298763111,14.892622791256,21.2));
#3521 = CARTESIAN_POINT('',(57.653439597315,14.848322147651,21.2));
#3522 = ORIENTED_EDGE('',*,*,#3523,.F.);
#3523 = EDGE_CURVE('',#3524,#3514,#3526,.T.);
#3524 = VERTEX_POINT('',#3525);
#3525 = CARTESIAN_POINT('',(57.02927852349,15.025503355705,21.2));
#3526 = B_SPLINE_CURVE_WITH_KNOTS('',4,(#3527,#3528,#3529,#3530,#3531),
  .UNSPECIFIED.,.F.,.F.,(5,5),(0.,1.),.PIECEWISE_BEZIER_KNOTS.);
#3527 = CARTESIAN_POINT('',(57.02927852349,15.025503355705,21.2));
#3528 = CARTESIAN_POINT('',(57.107375625537,15.025503355705,21.2));
#3529 = CARTESIAN_POINT('',(57.185370795562,15.018148163014,21.2));
#3530 = CARTESIAN_POINT('',(57.263170862838,15.003434059151,21.2));
#3531 = CARTESIAN_POINT('',(57.340687919463,14.981459731544,21.2));
#3532 = ORIENTED_EDGE('',*,*,#3533,.F.);
#3533 = EDGE_CURVE('',#3534,#3524,#3536,.T.);
#3534 = VERTEX_POINT('',#3535);
#3535 = CARTESIAN_POINT('',(56.583137583893,14.863255033557,21.2));
#3536 = B_SPLINE_CURVE_WITH_KNOTS('',5,(#3537,#3538,#3539,#3540,#3541,
    #3542,#3543,#3544,#3545,#3546),.UNSPECIFIED.,.F.,.F.,(6,4,6),(0.,
    0.124057767072,1.),.UNSPECIFIED.);
#3537 = CARTESIAN_POINT('',(56.583137583893,14.863255033557,21.2));
#3538 = CARTESIAN_POINT('',(56.59102974878,14.871426043671,21.2));
#3539 = CARTESIAN_POINT('',(56.599136855896,14.879344591238,21.2));
#3540 = CARTESIAN_POINT('',(56.607457880029,14.887008512756,21.2));
#3541 = CARTESIAN_POINT('',(56.615991458656,14.894416031271,21.2));
#3542 = CARTESIAN_POINT('',(56.686478244743,14.95204825595,21.2));
#3543 = CARTESIAN_POINT('',(56.758750834373,14.989692722366,21.2));
#3544 = CARTESIAN_POINT('',(56.840900203744,15.013945780602,21.2));
#3545 = CARTESIAN_POINT('',(56.931569906251,15.025503355705,21.2));
#3546 = CARTESIAN_POINT('',(57.02927852349,15.025503355705,21.2));
#3547 = ORIENTED_EDGE('',*,*,#3548,.F.);
#3548 = EDGE_CURVE('',#3549,#3534,#3551,.T.);
#3549 = VERTEX_POINT('',#3550);
#3550 = CARTESIAN_POINT('',(56.426510067114,14.39932885906,21.2));
#3551 = B_SPLINE_CURVE_WITH_KNOTS('',5,(#3552,#3553,#3554,#3555,#3556,
    #3557,#3558,#3559,#3560,#3561),.UNSPECIFIED.,.F.,.F.,(6,4,6),(0.,
    0.509989363988,1.),.UNSPECIFIED.);
#3552 = CARTESIAN_POINT('',(56.426510067114,14.39932885906,21.2));
#3553 = CARTESIAN_POINT('',(56.426510067114,14.458345985893,21.2));
#3554 = CARTESIAN_POINT('',(56.430254505958,14.51491854527,21.2));
#3555 = CARTESIAN_POINT('',(56.437969350853,14.56876149636,21.2));
#3556 = CARTESIAN_POINT('',(56.449847581657,14.619580030954,21.2));
#3557 = CARTESIAN_POINT('',(56.481482057461,14.712794794889,21.2));
#3558 = CARTESIAN_POINT('',(56.50091237452,14.755446041713,21.2));
#3559 = CARTESIAN_POINT('',(56.524352376868,14.794841186556,21.2));
#3560 = CARTESIAN_POINT('',(56.551798533507,14.830808121723,21.2));
#3561 = CARTESIAN_POINT('',(56.583137583893,14.863255033557,21.2));
#3562 = ORIENTED_EDGE('',*,*,#3563,.F.);
#3563 = EDGE_CURVE('',#3564,#3549,#3566,.T.);
#3564 = VERTEX_POINT('',#3565);
#3565 = CARTESIAN_POINT('',(56.577516778523,13.937332214765,21.2));
#3566 = B_SPLINE_CURVE_WITH_KNOTS('',5,(#3567,#3568,#3569,#3570,#3571,
    #3572,#3573,#3574,#3575,#3576),.UNSPECIFIED.,.F.,.F.,(6,4,6),(0.,
    0.464155795443,1.),.UNSPECIFIED.);
#3567 = CARTESIAN_POINT('',(56.577516778523,13.937332214765,21.2));
#3568 = CARTESIAN_POINT('',(56.54887469391,13.96821792934,21.2));
#3569 = CARTESIAN_POINT('',(56.523620186304,14.002177381892,21.2));
#3570 = CARTESIAN_POINT('',(56.501834211403,14.039130771298,21.2));
#3571 = CARTESIAN_POINT('',(56.483517422365,14.078939238407,21.2));
#3572 = CARTESIAN_POINT('',(56.451396525968,14.170462162904,21.2));
#3573 = CARTESIAN_POINT('',(56.438725424744,14.223068870384,21.2));
#3574 = CARTESIAN_POINT('',(56.430499799544,14.278962928784,21.2));
#3575 = CARTESIAN_POINT('',(56.426510067114,14.337820679539,21.2));
#3576 = CARTESIAN_POINT('',(56.426510067114,14.39932885906,21.2));
#3577 = ORIENTED_EDGE('',*,*,#3578,.F.);
#3578 = EDGE_CURVE('',#3579,#3564,#3581,.T.);
#3579 = VERTEX_POINT('',#3580);
#3580 = CARTESIAN_POINT('',(57.006627516779,13.774496644295,21.2));
#3581 = B_SPLINE_CURVE_WITH_KNOTS('',5,(#3582,#3583,#3584,#3585,#3586,
    #3587,#3588,#3589,#3590,#3591),.UNSPECIFIED.,.F.,.F.,(6,4,6),(0.,
    0.831151738372,1.),.UNSPECIFIED.);
#3582 = CARTESIAN_POINT('',(57.006627516779,13.774496644295,21.2));
#3583 = CARTESIAN_POINT('',(56.917218251891,13.774496644295,21.2));
#3584 = CARTESIAN_POINT('',(56.834049078074,13.785016158118,21.2));
#3585 = CARTESIAN_POINT('',(56.758315212738,13.806979981953,21.2));
#3586 = CARTESIAN_POINT('',(56.691079746268,13.840920876827,21.2));
#3587 = CARTESIAN_POINT('',(56.621053760453,13.89564379402,21.2));
#3588 = CARTESIAN_POINT('',(56.609602202477,13.905360456017,21.2));
#3589 = CARTESIAN_POINT('',(56.598526994049,13.915550648352,21.2));
#3590 = CARTESIAN_POINT('',(56.587831194015,13.926209836726,21.2));
#3591 = CARTESIAN_POINT('',(56.577516778523,13.937332214765,21.2));
#3592 = ORIENTED_EDGE('',*,*,#3593,.F.);
#3593 = EDGE_CURVE('',#3594,#3579,#3596,.T.);
#3594 = VERTEX_POINT('',#3595);
#3595 = CARTESIAN_POINT('',(57.146895973154,13.783976510067,21.2));
#3596 = B_SPLINE_CURVE_WITH_KNOTS('',4,(#3597,#3598,#3599,#3600,#3601),
  .UNSPECIFIED.,.F.,.F.,(5,5),(0.,1.),.PIECEWISE_BEZIER_KNOTS.);
#3597 = CARTESIAN_POINT('',(57.146895973154,13.783976510067,21.2));
#3598 = CARTESIAN_POINT('',(57.114470546322,13.779230301217,21.2));
#3599 = CARTESIAN_POINT('',(57.080276439639,13.776072031549,21.2));
#3600 = CARTESIAN_POINT('',(57.044324339809,13.774496644295,21.2));
#3601 = CARTESIAN_POINT('',(57.006627516779,13.774496644295,21.2));
#3602 = ORIENTED_EDGE('',*,*,#3603,.F.);
#3603 = EDGE_CURVE('',#3604,#3594,#3606,.T.);
#3604 = VERTEX_POINT('',#3605);
#3605 = CARTESIAN_POINT('',(57.263338926174,13.813926174497,21.2));
#3606 = B_SPLINE_CURVE_WITH_KNOTS('',4,(#3607,#3608,#3609,#3610,#3611),
  .UNSPECIFIED.,.F.,.F.,(5,5),(0.,1.),.PIECEWISE_BEZIER_KNOTS.);
#3607 = CARTESIAN_POINT('',(57.263338926174,13.813926174497,21.2));
#3608 = CARTESIAN_POINT('',(57.237513383278,13.803721935596,21.2));
#3609 = CARTESIAN_POINT('',(57.20948954337,13.79533161994,21.2));
#3610 = CARTESIAN_POINT('',(57.179278454751,13.788752192993,21.2));
#3611 = CARTESIAN_POINT('',(57.146895973154,13.783976510067,21.2));
#3612 = ORIENTED_EDGE('',*,*,#3613,.F.);
#3613 = EDGE_CURVE('',#3614,#3604,#3616,.T.);
#3614 = VERTEX_POINT('',#3615);
#3615 = CARTESIAN_POINT('',(57.263338926174,14.18255033557,21.2));
#3616 = LINE('',#3617,#3618);
#3617 = CARTESIAN_POINT('',(57.263338926174,22.406963087248,21.2));
#3618 = VECTOR('',#3619,1.);
#3619 = DIRECTION('',(0.,-1.,0.));
#3620 = ORIENTED_EDGE('',*,*,#3621,.F.);
#3621 = EDGE_CURVE('',#3622,#3614,#3624,.T.);
#3622 = VERTEX_POINT('',#3623);
#3623 = CARTESIAN_POINT('',(56.967617449664,14.18255033557,21.2));
#3624 = LINE('',#3625,#3626);
#3625 = CARTESIAN_POINT('',(44.631669463087,14.18255033557,21.2));
#3626 = VECTOR('',#3627,1.);
#3627 = DIRECTION('',(1.,0.,-0.));
#3628 = ORIENTED_EDGE('',*,*,#3629,.F.);
#3629 = EDGE_CURVE('',#3630,#3622,#3632,.T.);
#3630 = VERTEX_POINT('',#3631);
#3631 = CARTESIAN_POINT('',(56.967617449664,14.504697986577,21.2));
#3632 = LINE('',#3633,#3634);
#3633 = CARTESIAN_POINT('',(56.967617449664,22.591275167785,21.2));
#3634 = VECTOR('',#3635,1.);
#3635 = DIRECTION('',(0.,-1.,0.));
#3636 = ORIENTED_EDGE('',*,*,#3637,.F.);
#3637 = EDGE_CURVE('',#3638,#3630,#3640,.T.);
#3638 = VERTEX_POINT('',#3639);
#3639 = CARTESIAN_POINT('',(57.722651006711,14.504697986577,21.2));
#3640 = LINE('',#3641,#3642);
#3641 = CARTESIAN_POINT('',(44.483808724832,14.504697986577,21.2));
#3642 = VECTOR('',#3643,1.);
#3643 = DIRECTION('',(-1.,0.,0.));
#3644 = ORIENTED_EDGE('',*,*,#3645,.F.);
#3645 = EDGE_CURVE('',#3393,#3638,#3646,.T.);
#3646 = LINE('',#3647,#3648);
#3647 = CARTESIAN_POINT('',(57.722651006711,22.752348993289,21.2));
#3648 = VECTOR('',#3649,1.);
#3649 = DIRECTION('',(-0.,1.,0.));
#3650 = FACE_BOUND('',#3651,.T.);
#3651 = EDGE_LOOP('',(#3652,#3662,#3670,#3678,#3686,#3694,#3702,#3710,
    #3718,#3726,#3734,#3742));
#3652 = ORIENTED_EDGE('',*,*,#3653,.F.);
#3653 = EDGE_CURVE('',#3654,#3656,#3658,.T.);
#3654 = VERTEX_POINT('',#3655);
#3655 = CARTESIAN_POINT('',(26.613598993289,58.036510067114,21.2));
#3656 = VERTEX_POINT('',#3657);
#3657 = CARTESIAN_POINT('',(25.17538590604,58.036510067114,21.2));
#3658 = LINE('',#3659,#3660);
#3659 = CARTESIAN_POINT('',(28.58769295302,58.036510067114,21.2));
#3660 = VECTOR('',#3661,1.);
#3661 = DIRECTION('',(-1.,0.,0.));
#3662 = ORIENTED_EDGE('',*,*,#3663,.F.);
#3663 = EDGE_CURVE('',#3664,#3654,#3666,.T.);
#3664 = VERTEX_POINT('',#3665);
#3665 = CARTESIAN_POINT('',(26.613598993289,57.634899328859,21.2));
#3666 = LINE('',#3667,#3668);
#3667 = CARTESIAN_POINT('',(26.613598993289,44.518255033557,21.2));
#3668 = VECTOR('',#3669,1.);
#3669 = DIRECTION('',(-0.,1.,0.));
#3670 = ORIENTED_EDGE('',*,*,#3671,.F.);
#3671 = EDGE_CURVE('',#3672,#3664,#3674,.T.);
#3672 = VERTEX_POINT('',#3673);
#3673 = CARTESIAN_POINT('',(25.708313758389,57.634899328859,21.2));
#3674 = LINE('',#3675,#3676);
#3675 = CARTESIAN_POINT('',(29.306799496644,57.634899328859,21.2));
#3676 = VECTOR('',#3677,1.);
#3677 = DIRECTION('',(1.,0.,-0.));
#3678 = ORIENTED_EDGE('',*,*,#3679,.F.);
#3679 = EDGE_CURVE('',#3680,#3672,#3682,.T.);
#3680 = VERTEX_POINT('',#3681);
#3681 = CARTESIAN_POINT('',(25.708313758389,57.245100671141,21.2));
#3682 = LINE('',#3683,#3684);
#3683 = CARTESIAN_POINT('',(25.708313758389,44.31744966443,21.2));
#3684 = VECTOR('',#3685,1.);
#3685 = DIRECTION('',(-0.,1.,0.));
#3686 = ORIENTED_EDGE('',*,*,#3687,.F.);
#3687 = EDGE_CURVE('',#3688,#3680,#3690,.T.);
#3688 = VERTEX_POINT('',#3689);
#3689 = CARTESIAN_POINT('',(26.55961409396,57.245100671141,21.2));
#3690 = LINE('',#3691,#3692);
#3691 = CARTESIAN_POINT('',(28.854156879195,57.245100671141,21.2));
#3692 = VECTOR('',#3693,1.);
#3693 = DIRECTION('',(-1.,0.,0.));
#3694 = ORIENTED_EDGE('',*,*,#3695,.F.);
#3695 = EDGE_CURVE('',#3696,#3688,#3698,.T.);
#3696 = VERTEX_POINT('',#3697);
#3697 = CARTESIAN_POINT('',(26.55961409396,56.843489932886,21.2));
#3698 = LINE('',#3699,#3700);
#3699 = CARTESIAN_POINT('',(26.55961409396,44.12255033557,21.2));
#3700 = VECTOR('',#3701,1.);
#3701 = DIRECTION('',(-0.,1.,0.));
#3702 = ORIENTED_EDGE('',*,*,#3703,.F.);
#3703 = EDGE_CURVE('',#3704,#3696,#3706,.T.);
#3704 = VERTEX_POINT('',#3705);
#3705 = CARTESIAN_POINT('',(25.708313758389,56.843489932886,21.2));
#3706 = LINE('',#3707,#3708);
#3707 = CARTESIAN_POINT('',(29.27980704698,56.843489932886,21.2));
#3708 = VECTOR('',#3709,1.);
#3709 = DIRECTION('',(1.,0.,-0.));
#3710 = ORIENTED_EDGE('',*,*,#3711,.F.);
#3711 = EDGE_CURVE('',#3712,#3704,#3714,.T.);
#3712 = VERTEX_POINT('',#3713);
#3713 = CARTESIAN_POINT('',(25.708313758389,56.371006711409,21.2));
#3714 = LINE('',#3715,#3716);
#3715 = CARTESIAN_POINT('',(25.708313758389,43.921744966443,21.2));
#3716 = VECTOR('',#3717,1.);
#3717 = DIRECTION('',(-0.,1.,0.));
#3718 = ORIENTED_EDGE('',*,*,#3719,.F.);
#3719 = EDGE_CURVE('',#3720,#3712,#3722,.T.);
#3720 = VERTEX_POINT('',#3721);
#3721 = CARTESIAN_POINT('',(26.644052013423,56.371006711409,21.2));
#3722 = LINE('',#3723,#3724);
#3723 = CARTESIAN_POINT('',(28.854156879195,56.371006711409,21.2));
#3724 = VECTOR('',#3725,1.);
#3725 = DIRECTION('',(-1.,0.,0.));
#3726 = ORIENTED_EDGE('',*,*,#3727,.F.);
#3727 = EDGE_CURVE('',#3728,#3720,#3730,.T.);
#3728 = VERTEX_POINT('',#3729);
#3729 = CARTESIAN_POINT('',(26.644052013423,55.969395973154,21.2));
#3730 = LINE('',#3731,#3732);
#3731 = CARTESIAN_POINT('',(26.644052013423,43.685503355705,21.2));
#3732 = VECTOR('',#3733,1.);
#3733 = DIRECTION('',(-0.,1.,0.));
#3734 = ORIENTED_EDGE('',*,*,#3735,.F.);
#3735 = EDGE_CURVE('',#3736,#3728,#3738,.T.);
#3736 = VERTEX_POINT('',#3737);
#3737 = CARTESIAN_POINT('',(25.17538590604,55.969395973154,21.2));
#3738 = LINE('',#3739,#3740);
#3739 = CARTESIAN_POINT('',(29.322026006711,55.969395973154,21.2));
#3740 = VECTOR('',#3741,1.);
#3741 = DIRECTION('',(1.,0.,-0.));
#3742 = ORIENTED_EDGE('',*,*,#3743,.F.);
#3743 = EDGE_CURVE('',#3656,#3736,#3744,.T.);
#3744 = LINE('',#3745,#3746);
#3745 = CARTESIAN_POINT('',(25.17538590604,43.484697986577,21.2));
#3746 = VECTOR('',#3747,1.);
#3747 = DIRECTION('',(0.,-1.,0.));
#3748 = FACE_BOUND('',#3749,.T.);
#3749 = EDGE_LOOP('',(#3750,#3760,#3768,#3776,#3784,#3792,#3800,#3808,
    #3816,#3824,#3832,#3840));
#3750 = ORIENTED_EDGE('',*,*,#3751,.F.);
#3751 = EDGE_CURVE('',#3752,#3754,#3756,.T.);
#3752 = VERTEX_POINT('',#3753);
#3753 = CARTESIAN_POINT('',(54.359983221477,15.342281879195,21.2));
#3754 = VERTEX_POINT('',#3755);
#3755 = CARTESIAN_POINT('',(53.875503355705,15.342281879195,21.2));
#3756 = LINE('',#3757,#3758);
#3757 = CARTESIAN_POINT('',(42.937751677852,15.342281879195,21.2));
#3758 = VECTOR('',#3759,1.);
#3759 = DIRECTION('',(-1.,0.,0.));
#3760 = ORIENTED_EDGE('',*,*,#3761,.F.);
#3761 = EDGE_CURVE('',#3762,#3752,#3764,.T.);
#3762 = VERTEX_POINT('',#3763);
#3763 = CARTESIAN_POINT('',(54.359983221477,14.622818791946,21.2));
#3764 = LINE('',#3765,#3766);
#3765 = CARTESIAN_POINT('',(54.359983221477,23.171140939597,21.2));
#3766 = VECTOR('',#3767,1.);
#3767 = DIRECTION('',(-0.,1.,0.));
#3768 = ORIENTED_EDGE('',*,*,#3769,.F.);
#3769 = EDGE_CURVE('',#3770,#3762,#3772,.T.);
#3770 = VERTEX_POINT('',#3771);
#3771 = CARTESIAN_POINT('',(55.074748322148,14.622818791946,21.2));
#3772 = LINE('',#3773,#3774);
#3773 = CARTESIAN_POINT('',(43.179991610738,14.622818791946,21.2));
#3774 = VECTOR('',#3775,1.);
#3775 = DIRECTION('',(-1.,0.,0.));
#3776 = ORIENTED_EDGE('',*,*,#3777,.F.);
#3777 = EDGE_CURVE('',#3778,#3770,#3780,.T.);
#3778 = VERTEX_POINT('',#3779);
#3779 = CARTESIAN_POINT('',(55.074748322148,15.342281879195,21.2));
#3780 = LINE('',#3781,#3782);
#3781 = CARTESIAN_POINT('',(55.074748322148,22.811409395973,21.2));
#3782 = VECTOR('',#3783,1.);
#3783 = DIRECTION('',(0.,-1.,0.));
#3784 = ORIENTED_EDGE('',*,*,#3785,.F.);
#3785 = EDGE_CURVE('',#3786,#3778,#3788,.T.);
#3786 = VERTEX_POINT('',#3787);
#3787 = CARTESIAN_POINT('',(55.559228187919,15.342281879195,21.2));
#3788 = LINE('',#3789,#3790);
#3789 = CARTESIAN_POINT('',(43.537374161074,15.342281879195,21.2));
#3790 = VECTOR('',#3791,1.);
#3791 = DIRECTION('',(-1.,0.,0.));
#3792 = ORIENTED_EDGE('',*,*,#3793,.F.);
#3793 = EDGE_CURVE('',#3794,#3786,#3796,.T.);
#3794 = VERTEX_POINT('',#3795);
#3795 = CARTESIAN_POINT('',(55.559228187919,13.463087248322,21.2));
#3796 = LINE('',#3797,#3798);
#3797 = CARTESIAN_POINT('',(55.559228187919,23.171140939597,21.2));
#3798 = VECTOR('',#3799,1.);
#3799 = DIRECTION('',(-0.,1.,0.));
#3800 = ORIENTED_EDGE('',*,*,#3801,.F.);
#3801 = EDGE_CURVE('',#3802,#3794,#3804,.T.);
#3802 = VERTEX_POINT('',#3803);
#3803 = CARTESIAN_POINT('',(55.074748322148,13.463087248322,21.2));
#3804 = LINE('',#3805,#3806);
#3805 = CARTESIAN_POINT('',(43.77961409396,13.463087248322,21.2));
#3806 = VECTOR('',#3807,1.);
#3807 = DIRECTION('',(1.,0.,-0.));
#3808 = ORIENTED_EDGE('',*,*,#3809,.F.);
#3809 = EDGE_CURVE('',#3810,#3802,#3812,.T.);
#3810 = VERTEX_POINT('',#3811);
#3811 = CARTESIAN_POINT('',(55.074748322148,14.257718120805,21.2));
#3812 = LINE('',#3813,#3814);
#3813 = CARTESIAN_POINT('',(55.074748322148,22.231543624161,21.2));
#3814 = VECTOR('',#3815,1.);
#3815 = DIRECTION('',(0.,-1.,0.));
#3816 = ORIENTED_EDGE('',*,*,#3817,.F.);
#3817 = EDGE_CURVE('',#3818,#3810,#3820,.T.);
#3818 = VERTEX_POINT('',#3819);
#3819 = CARTESIAN_POINT('',(54.359983221477,14.257718120805,21.2));
#3820 = LINE('',#3821,#3822);
#3821 = CARTESIAN_POINT('',(43.537374161074,14.257718120805,21.2));
#3822 = VECTOR('',#3823,1.);
#3823 = DIRECTION('',(1.,0.,-0.));
#3824 = ORIENTED_EDGE('',*,*,#3825,.F.);
#3825 = EDGE_CURVE('',#3826,#3818,#3828,.T.);
#3826 = VERTEX_POINT('',#3827);
#3827 = CARTESIAN_POINT('',(54.359983221477,13.463087248322,21.2));
#3828 = LINE('',#3829,#3830);
#3829 = CARTESIAN_POINT('',(54.359983221477,22.628859060403,21.2));
#3830 = VECTOR('',#3831,1.);
#3831 = DIRECTION('',(-0.,1.,0.));
#3832 = ORIENTED_EDGE('',*,*,#3833,.F.);
#3833 = EDGE_CURVE('',#3834,#3826,#3836,.T.);
#3834 = VERTEX_POINT('',#3835);
#3835 = CARTESIAN_POINT('',(53.875503355705,13.463087248322,21.2));
#3836 = LINE('',#3837,#3838);
#3837 = CARTESIAN_POINT('',(43.179991610738,13.463087248322,21.2));
#3838 = VECTOR('',#3839,1.);
#3839 = DIRECTION('',(1.,0.,-0.));
#3840 = ORIENTED_EDGE('',*,*,#3841,.F.);
#3841 = EDGE_CURVE('',#3754,#3834,#3842,.T.);
#3842 = LINE('',#3843,#3844);
#3843 = CARTESIAN_POINT('',(53.875503355705,22.231543624161,21.2));
#3844 = VECTOR('',#3845,1.);
#3845 = DIRECTION('',(0.,-1.,0.));
#3846 = FACE_BOUND('',#3847,.T.);
#3847 = EDGE_LOOP('',(#3848,#3863,#3873,#3890,#3907,#3924,#3941,#3951,
    #3964,#3972,#3982,#3992,#4007,#4019,#4036,#4051,#4061,#4071));
#3848 = ORIENTED_EDGE('',*,*,#3849,.F.);
#3849 = EDGE_CURVE('',#3850,#3852,#3854,.T.);
#3850 = VERTEX_POINT('',#3851);
#3851 = CARTESIAN_POINT('',(53.197399328859,13.460570469799,21.2));
#3852 = VERTEX_POINT('',#3853);
#3853 = CARTESIAN_POINT('',(53.475503355705,13.564345637584,21.2));
#3854 = B_SPLINE_CURVE_WITH_KNOTS('',4,(#3855,#3856,#3857,#3858,#3859,
    #3860,#3861,#3862),.UNSPECIFIED.,.F.,.F.,(5,3,5),(0.,0.359949176192,
    1.),.UNSPECIFIED.);
#3855 = CARTESIAN_POINT('',(53.197399328859,13.460570469799,21.2));
#3856 = CARTESIAN_POINT('',(53.223442754302,13.466866184819,21.2));
#3857 = CARTESIAN_POINT('',(53.249246885393,13.473893141153,21.2));
#3858 = CARTESIAN_POINT('',(53.274808878135,13.481651366059,21.2));
#3859 = CARTESIAN_POINT('',(53.345144631169,13.505234234148,21.2));
#3860 = CARTESIAN_POINT('',(53.389389394746,13.522637946043,21.2));
#3861 = CARTESIAN_POINT('',(53.432846062178,13.542346278658,21.2));
#3862 = CARTESIAN_POINT('',(53.475503355705,13.564345637584,21.2));
#3863 = ORIENTED_EDGE('',*,*,#3864,.F.);
#3864 = EDGE_CURVE('',#3865,#3850,#3867,.T.);
#3865 = VERTEX_POINT('',#3866);
#3866 = CARTESIAN_POINT('',(52.89538590604,13.425503355705,21.2));
#3867 = B_SPLINE_CURVE_WITH_KNOTS('',4,(#3868,#3869,#3870,#3871,#3872),
  .UNSPECIFIED.,.F.,.F.,(5,5),(0.,1.),.PIECEWISE_BEZIER_KNOTS.);
#3868 = CARTESIAN_POINT('',(52.89538590604,13.425503355705,21.2));
#3869 = CARTESIAN_POINT('',(52.973817746041,13.425503355705,21.2));
#3870 = CARTESIAN_POINT('',(53.050351831358,13.431315509097,21.2));
#3871 = CARTESIAN_POINT('',(53.12490205304,13.443003013977,21.2));
#3872 = CARTESIAN_POINT('',(53.197399328859,13.460570469799,21.2));
#3873 = ORIENTED_EDGE('',*,*,#3874,.F.);
#3874 = EDGE_CURVE('',#3875,#3865,#3877,.T.);
#3875 = VERTEX_POINT('',#3876);
#3876 = CARTESIAN_POINT('',(52.151677852349,13.68783557047,21.2));
#3877 = B_SPLINE_CURVE_WITH_KNOTS('',6,(#3878,#3879,#3880,#3881,#3882,
    #3883,#3884,#3885,#3886,#3887,#3888,#3889),.UNSPECIFIED.,.F.,.F.,(7,
    5,7),(0.,0.140223201862,1.),.UNSPECIFIED.);
#3878 = CARTESIAN_POINT('',(52.151677852349,13.68783557047,21.2));
#3879 = CARTESIAN_POINT('',(52.164821112783,13.675267076471,21.2));
#3880 = CARTESIAN_POINT('',(52.178247697202,13.663045827307,21.2));
#3881 = CARTESIAN_POINT('',(52.191955111226,13.651176818439,21.2));
#3882 = CARTESIAN_POINT('',(52.205940309834,13.639664407009,21.2));
#3883 = CARTESIAN_POINT('',(52.220199697365,13.628512311836,21.2));
#3884 = CARTESIAN_POINT('',(52.323816145706,13.551572844827,21.2));
#3885 = CARTESIAN_POINT('',(52.423095732522,13.499053593511,21.2));
#3886 = CARTESIAN_POINT('',(52.531487328574,13.461003541647,21.2));
#3887 = CARTESIAN_POINT('',(52.647411818079,13.436877133364,21.2));
#3888 = CARTESIAN_POINT('',(52.769211176608,13.425503355705,21.2));
#3889 = CARTESIAN_POINT('',(52.89538590604,13.425503355705,21.2));
#3890 = ORIENTED_EDGE('',*,*,#3891,.F.);
#3891 = EDGE_CURVE('',#3892,#3875,#3894,.T.);
#3892 = VERTEX_POINT('',#3893);
#3893 = CARTESIAN_POINT('',(51.877348993289,14.399412751678,21.2));
#3894 = B_SPLINE_CURVE_WITH_KNOTS('',6,(#3895,#3896,#3897,#3898,#3899,
    #3900,#3901,#3902,#3903,#3904,#3905,#3906),.UNSPECIFIED.,.F.,.F.,(7,
    5,7),(0.,0.766286443015,1.),.UNSPECIFIED.);
#3895 = CARTESIAN_POINT('',(51.877348993289,14.399412751678,21.2));
#3896 = CARTESIAN_POINT('',(51.877348993289,14.290880723718,21.2));
#3897 = CARTESIAN_POINT('',(51.886955750914,14.185895689721,21.2));
#3898 = CARTESIAN_POINT('',(51.907163895189,14.085547541122,21.2));
#3899 = CARTESIAN_POINT('',(51.938773365232,13.9909934341,21.2));
#3900 = CARTESIAN_POINT('',(51.98211728567,13.903313895692,21.2));
#3901 = CARTESIAN_POINT('',(52.053264458057,13.798887273223,21.2));
#3902 = CARTESIAN_POINT('',(52.0709342063,13.775190835487,21.2));
#3903 = CARTESIAN_POINT('',(52.089631712994,13.752223886703,21.2));
#3904 = CARTESIAN_POINT('',(52.10933813902,13.730002136402,21.2));
#3905 = CARTESIAN_POINT('',(52.130029737212,13.708536994333,21.2));
#3906 = CARTESIAN_POINT('',(52.151677852349,13.68783557047,21.2));
#3907 = ORIENTED_EDGE('',*,*,#3908,.F.);
#3908 = EDGE_CURVE('',#3909,#3892,#3911,.T.);
#3909 = VERTEX_POINT('',#3910);
#3910 = CARTESIAN_POINT('',(52.151677852349,15.11216442953,21.2));
#3911 = B_SPLINE_CURVE_WITH_KNOTS('',6,(#3912,#3913,#3914,#3915,#3916,
    #3917,#3918,#3919,#3920,#3921,#3922,#3923),.UNSPECIFIED.,.F.,.F.,(7,
    5,7),(0.,0.229692292429,1.),.UNSPECIFIED.);
#3912 = CARTESIAN_POINT('',(52.151677852349,15.11216442953,21.2));
#3913 = CARTESIAN_POINT('',(52.130390407322,15.091807903353,21.2));
#3914 = CARTESIAN_POINT('',(52.110028659627,15.070709397406,21.2));
#3915 = CARTESIAN_POINT('',(52.090619789148,15.048875797655,21.2));
#3916 = CARTESIAN_POINT('',(52.072186366268,15.026318040227,21.2));
#3917 = CARTESIAN_POINT('',(52.054746351865,15.00305111141,21.2));
#3918 = CARTESIAN_POINT('',(51.983201702386,14.898750425018,21.2));
#3919 = CARTESIAN_POINT('',(51.939389695126,14.810612491173,21.2));
#3920 = CARTESIAN_POINT('',(51.907451866846,14.71547962043,21.2));
#3921 = CARTESIAN_POINT('',(51.887044801875,14.614458092178,21.2));
#3922 = CARTESIAN_POINT('',(51.877348993289,14.508731692354,21.2));
#3923 = CARTESIAN_POINT('',(51.877348993289,14.399412751678,21.2));
#3924 = ORIENTED_EDGE('',*,*,#3925,.F.);
#3925 = EDGE_CURVE('',#3926,#3909,#3928,.T.);
#3926 = VERTEX_POINT('',#3927);
#3927 = CARTESIAN_POINT('',(52.89538590604,15.374496644295,21.2));
#3928 = B_SPLINE_CURVE_WITH_KNOTS('',6,(#3929,#3930,#3931,#3932,#3933,
    #3934,#3935,#3936,#3937,#3938,#3939,#3940),.UNSPECIFIED.,.F.,.F.,(7,
    5,7),(0.,0.859776798138,1.),.UNSPECIFIED.);
#3929 = CARTESIAN_POINT('',(52.89538590604,15.374496644295,21.2));
#3930 = CARTESIAN_POINT('',(52.769211176608,15.374496644295,21.2));
#3931 = CARTESIAN_POINT('',(52.647411818079,15.363122866636,21.2));
#3932 = CARTESIAN_POINT('',(52.531487328574,15.338996458353,21.2));
#3933 = CARTESIAN_POINT('',(52.423095732522,15.300946406489,21.2));
#3934 = CARTESIAN_POINT('',(52.323816145706,15.248427155172,21.2));
#3935 = CARTESIAN_POINT('',(52.220199697365,15.171487688164,21.2));
#3936 = CARTESIAN_POINT('',(52.205940309834,15.160335592991,21.2));
#3937 = CARTESIAN_POINT('',(52.191955111226,15.148823181561,21.2));
#3938 = CARTESIAN_POINT('',(52.178247697202,15.136954172693,21.2));
#3939 = CARTESIAN_POINT('',(52.164821112783,15.124732923529,21.2));
#3940 = CARTESIAN_POINT('',(52.151677852349,15.11216442953,21.2));
#3941 = ORIENTED_EDGE('',*,*,#3942,.F.);
#3942 = EDGE_CURVE('',#3943,#3926,#3945,.T.);
#3943 = VERTEX_POINT('',#3944);
#3944 = CARTESIAN_POINT('',(53.197399328859,15.339429530201,21.2));
#3945 = B_SPLINE_CURVE_WITH_KNOTS('',4,(#3946,#3947,#3948,#3949,#3950),
  .UNSPECIFIED.,.F.,.F.,(5,5),(0.,1.),.PIECEWISE_BEZIER_KNOTS.);
#3946 = CARTESIAN_POINT('',(53.197399328859,15.339429530201,21.2));
#3947 = CARTESIAN_POINT('',(53.12490205304,15.356996986023,21.2));
#3948 = CARTESIAN_POINT('',(53.050351831358,15.368684490903,21.2));
#3949 = CARTESIAN_POINT('',(52.973817746041,15.374496644295,21.2));
#3950 = CARTESIAN_POINT('',(52.89538590604,15.374496644295,21.2));
#3951 = ORIENTED_EDGE('',*,*,#3952,.F.);
#3952 = EDGE_CURVE('',#3953,#3943,#3955,.T.);
#3953 = VERTEX_POINT('',#3954);
#3954 = CARTESIAN_POINT('',(53.475503355705,15.235654362416,21.2));
#3955 = B_SPLINE_CURVE_WITH_KNOTS('',4,(#3956,#3957,#3958,#3959,#3960,
    #3961,#3962,#3963),.UNSPECIFIED.,.F.,.F.,(5,3,5),(0.,0.640050823808,
    1.),.UNSPECIFIED.);
#3956 = CARTESIAN_POINT('',(53.475503355705,15.235654362416,21.2));
#3957 = CARTESIAN_POINT('',(53.432846062178,15.257653721342,21.2));
#3958 = CARTESIAN_POINT('',(53.389389394746,15.277362053957,21.2));
#3959 = CARTESIAN_POINT('',(53.345144631169,15.294765765852,21.2));
#3960 = CARTESIAN_POINT('',(53.274808878135,15.318348633941,21.2));
#3961 = CARTESIAN_POINT('',(53.249246885393,15.326106858847,21.2));
#3962 = CARTESIAN_POINT('',(53.223442754302,15.333133815181,21.2));
#3963 = CARTESIAN_POINT('',(53.197399328859,15.339429530201,21.2));
#3964 = ORIENTED_EDGE('',*,*,#3965,.F.);
#3965 = EDGE_CURVE('',#3966,#3953,#3968,.T.);
#3966 = VERTEX_POINT('',#3967);
#3967 = CARTESIAN_POINT('',(53.475503355705,14.848322147651,21.2));
#3968 = LINE('',#3969,#3970);
#3969 = CARTESIAN_POINT('',(53.475503355705,23.117827181208,21.2));
#3970 = VECTOR('',#3971,1.);
#3971 = DIRECTION('',(-0.,1.,0.));
#3972 = ORIENTED_EDGE('',*,*,#3973,.F.);
#3973 = EDGE_CURVE('',#3974,#3966,#3976,.T.);
#3974 = VERTEX_POINT('',#3975);
#3975 = CARTESIAN_POINT('',(53.209983221477,14.982718120805,21.2));
#3976 = B_SPLINE_CURVE_WITH_KNOTS('',4,(#3977,#3978,#3979,#3980,#3981),
  .UNSPECIFIED.,.F.,.F.,(5,5),(0.,1.),.PIECEWISE_BEZIER_KNOTS.);
#3977 = CARTESIAN_POINT('',(53.209983221477,14.982718120805,21.2));
#3978 = CARTESIAN_POINT('',(53.275830128186,14.961233457014,21.2));
#3979 = CARTESIAN_POINT('',(53.342101987103,14.931549085716,21.2));
#3980 = CARTESIAN_POINT('',(53.40869282385,14.893819911712,21.2));
#3981 = CARTESIAN_POINT('',(53.475503355705,14.848322147651,21.2));
#3982 = ORIENTED_EDGE('',*,*,#3983,.F.);
#3983 = EDGE_CURVE('',#3984,#3974,#3986,.T.);
#3984 = VERTEX_POINT('',#3985);
#3985 = CARTESIAN_POINT('',(52.934395973154,15.025503355705,21.2));
#3986 = B_SPLINE_CURVE_WITH_KNOTS('',4,(#3987,#3988,#3989,#3990,#3991),
  .UNSPECIFIED.,.F.,.F.,(5,5),(0.,1.),.PIECEWISE_BEZIER_KNOTS.);
#3987 = CARTESIAN_POINT('',(52.934395973154,15.025503355705,21.2));
#3988 = CARTESIAN_POINT('',(53.006575579057,15.025503355705,21.2));
#3989 = CARTESIAN_POINT('',(53.076637170515,15.018407603813,21.2));
#3990 = CARTESIAN_POINT('',(53.144467411854,15.004136750874,21.2));
#3991 = CARTESIAN_POINT('',(53.209983221477,14.982718120805,21.2));
#3992 = ORIENTED_EDGE('',*,*,#3993,.F.);
#3993 = EDGE_CURVE('',#3994,#3984,#3996,.T.);
#3994 = VERTEX_POINT('',#3995);
#3995 = CARTESIAN_POINT('',(52.526677852349,14.858808724832,21.2));
#3996 = B_SPLINE_CURVE_WITH_KNOTS('',5,(#3997,#3998,#3999,#4000,#4001,
    #4002,#4003,#4004,#4005,#4006),.UNSPECIFIED.,.F.,.F.,(6,4,6),(0.,
    0.28205799584,1.),.UNSPECIFIED.);
#3997 = CARTESIAN_POINT('',(52.526677852349,14.858808724832,21.2));
#3998 = CARTESIAN_POINT('',(52.543485826899,14.87767733807,21.2));
#3999 = CARTESIAN_POINT('',(52.561225614126,14.895261725813,21.2));
#4000 = CARTESIAN_POINT('',(52.57989229093,14.911531020791,21.2));
#4001 = CARTESIAN_POINT('',(52.599473977822,14.926463453664,21.2));
#4002 = CARTESIAN_POINT('',(52.672075575388,14.974619859638,21.2));
#4003 = CARTESIAN_POINT('',(52.730013230083,15.000455377945,21.2));
#4004 = CARTESIAN_POINT('',(52.793435641837,15.017328523469,21.2));
#4005 = CARTESIAN_POINT('',(52.861782128145,15.025503355705,21.2));
#4006 = CARTESIAN_POINT('',(52.934395973154,15.025503355705,21.2));
#4007 = ORIENTED_EDGE('',*,*,#4008,.F.);
#4008 = EDGE_CURVE('',#4009,#3994,#4011,.T.);
#4009 = VERTEX_POINT('',#4010);
#4010 = CARTESIAN_POINT('',(52.378187919463,14.39932885906,21.2));
#4011 = B_SPLINE_CURVE_WITH_KNOTS('',6,(#4012,#4013,#4014,#4015,#4016,
    #4017,#4018),.UNSPECIFIED.,.F.,.F.,(7,7),(0.,1.),
  .PIECEWISE_BEZIER_KNOTS.);
#4012 = CARTESIAN_POINT('',(52.378187919463,14.39932885906,21.2));
#4013 = CARTESIAN_POINT('',(52.378187919463,14.493321305504,21.2));
#4014 = CARTESIAN_POINT('',(52.387364709273,14.581548512099,21.2));
#4015 = CARTESIAN_POINT('',(52.406463785558,14.663024122519,21.2));
#4016 = CARTESIAN_POINT('',(52.43603036951,14.736824043256,21.2));
#4017 = CARTESIAN_POINT('',(52.476238652832,14.802214233171,21.2));
#4018 = CARTESIAN_POINT('',(52.526677852349,14.858808724832,21.2));
#4019 = ORIENTED_EDGE('',*,*,#4020,.F.);
#4020 = EDGE_CURVE('',#4021,#4009,#4023,.T.);
#4021 = VERTEX_POINT('',#4022);
#4022 = CARTESIAN_POINT('',(52.526677852349,13.94110738255,21.2));
#4023 = B_SPLINE_CURVE_WITH_KNOTS('',6,(#4024,#4025,#4026,#4027,#4028,
    #4029,#4030,#4031,#4032,#4033,#4034,#4035),.UNSPECIFIED.,.F.,.F.,(7,
    5,7),(0.,3.141770724021E-02,1.),.UNSPECIFIED.);
#4024 = CARTESIAN_POINT('',(52.526677852349,13.94110738255,21.2));
#4025 = CARTESIAN_POINT('',(52.525094030645,13.942885379005,21.2));
#4026 = CARTESIAN_POINT('',(52.523520303014,13.94467194365,21.2));
#4027 = CARTESIAN_POINT('',(52.521956680635,13.94646706591,21.2));
#4028 = CARTESIAN_POINT('',(52.520403174255,13.948270734843,21.2));
#4029 = CARTESIAN_POINT('',(52.518859794194,13.950082939138,21.2));
#4030 = CARTESIAN_POINT('',(52.47005789256,14.00803522581,21.2));
#4031 = CARTESIAN_POINT('',(52.432411584234,14.072281534859,21.2));
#4032 = CARTESIAN_POINT('',(52.404719334769,14.144269080457,21.2));
#4033 = CARTESIAN_POINT('',(52.386809030368,14.223331698333,21.2));
#4034 = CARTESIAN_POINT('',(52.378187919463,14.308644065991,21.2));
#4035 = CARTESIAN_POINT('',(52.378187919463,14.39932885906,21.2));
#4036 = ORIENTED_EDGE('',*,*,#4037,.F.);
#4037 = EDGE_CURVE('',#4038,#4021,#4040,.T.);
#4038 = VERTEX_POINT('',#4039);
#4039 = CARTESIAN_POINT('',(52.934395973154,13.774496644295,21.2));
#4040 = B_SPLINE_CURVE_WITH_KNOTS('',5,(#4041,#4042,#4043,#4044,#4045,
    #4046,#4047,#4048,#4049,#4050),.UNSPECIFIED.,.F.,.F.,(6,4,6),(0.,
    0.718938800182,1.),.UNSPECIFIED.);
#4041 = CARTESIAN_POINT('',(52.934395973154,13.774496644295,21.2));
#4042 = CARTESIAN_POINT('',(52.861682454125,13.774496644295,21.2));
#4043 = CARTESIAN_POINT('',(52.79324797774,13.782689809032,21.2));
#4044 = CARTESIAN_POINT('',(52.729751766499,13.799601531374,21.2));
#4045 = CARTESIAN_POINT('',(52.671756503774,13.825496678508,21.2));
#4046 = CARTESIAN_POINT('',(52.599198960224,13.873696488558,21.2));
#4047 = CARTESIAN_POINT('',(52.579695814844,13.888582879825,21.2));
#4048 = CARTESIAN_POINT('',(52.561101229818,13.90479600205,21.2));
#4049 = CARTESIAN_POINT('',(52.543426946546,13.922314331095,21.2));
#4050 = CARTESIAN_POINT('',(52.526677852349,13.94110738255,21.2));
#4051 = ORIENTED_EDGE('',*,*,#4052,.F.);
#4052 = EDGE_CURVE('',#4053,#4038,#4055,.T.);
#4053 = VERTEX_POINT('',#4054);
#4054 = CARTESIAN_POINT('',(53.209983221477,13.817197986577,21.2));
#4055 = B_SPLINE_CURVE_WITH_KNOTS('',4,(#4056,#4057,#4058,#4059,#4060),
  .UNSPECIFIED.,.F.,.F.,(5,5),(0.,1.),.PIECEWISE_BEZIER_KNOTS.);
#4056 = CARTESIAN_POINT('',(53.209983221477,13.817197986577,21.2));
#4057 = CARTESIAN_POINT('',(53.144466828835,13.795821163593,21.2));
#4058 = CARTESIAN_POINT('',(53.076636547691,13.781578420164,21.2));
#4059 = CARTESIAN_POINT('',(53.006575259055,13.774496644295,21.2));
#4060 = CARTESIAN_POINT('',(52.934395973154,13.774496644295,21.2));
#4061 = ORIENTED_EDGE('',*,*,#4062,.F.);
#4062 = EDGE_CURVE('',#4063,#4053,#4065,.T.);
#4063 = VERTEX_POINT('',#4064);
#4064 = CARTESIAN_POINT('',(53.475503355705,13.951677852349,21.2));
#4065 = B_SPLINE_CURVE_WITH_KNOTS('',4,(#4066,#4067,#4068,#4069,#4070),
  .UNSPECIFIED.,.F.,.F.,(5,5),(0.,1.),.PIECEWISE_BEZIER_KNOTS.);
#4066 = CARTESIAN_POINT('',(53.475503355705,13.951677852349,21.2));
#4067 = CARTESIAN_POINT('',(53.408692214679,13.906179673445,21.2));
#4068 = CARTESIAN_POINT('',(53.342101389585,13.868436879862,21.2));
#4069 = CARTESIAN_POINT('',(53.275829850482,13.838724769137,21.2));
#4070 = CARTESIAN_POINT('',(53.209983221477,13.817197986577,21.2));
#4071 = ORIENTED_EDGE('',*,*,#4072,.F.);
#4072 = EDGE_CURVE('',#3852,#4063,#4073,.T.);
#4073 = LINE('',#4074,#4075);
#4074 = CARTESIAN_POINT('',(53.475503355705,22.475838926175,21.2));
#4075 = VECTOR('',#4076,1.);
#4076 = DIRECTION('',(-0.,1.,0.));
#4077 = FACE_BOUND('',#4078,.T.);
#4078 = EDGE_LOOP('',(#4079,#4089,#4097,#4105,#4113,#4121,#4129,#4137,
    #4145,#4153));
#4079 = ORIENTED_EDGE('',*,*,#4080,.F.);
#4080 = EDGE_CURVE('',#4081,#4083,#4085,.T.);
#4081 = VERTEX_POINT('',#4082);
#4082 = CARTESIAN_POINT('',(38.679639261745,58.036510067114,21.2));
#4083 = VERTEX_POINT('',#4084);
#4084 = CARTESIAN_POINT('',(37.241426174497,58.036510067114,21.2));
#4085 = LINE('',#4086,#4087);
#4086 = CARTESIAN_POINT('',(34.620713087248,58.036510067114,21.2));
#4087 = VECTOR('',#4088,1.);
#4088 = DIRECTION('',(-1.,0.,0.));
#4089 = ORIENTED_EDGE('',*,*,#4090,.F.);
#4090 = EDGE_CURVE('',#4091,#4081,#4093,.T.);
#4091 = VERTEX_POINT('',#4092);
#4092 = CARTESIAN_POINT('',(38.679639261745,57.634899328859,21.2));
#4093 = LINE('',#4094,#4095);
#4094 = CARTESIAN_POINT('',(38.679639261745,44.518255033557,21.2));
#4095 = VECTOR('',#4096,1.);
#4096 = DIRECTION('',(-0.,1.,0.));
#4097 = ORIENTED_EDGE('',*,*,#4098,.F.);
#4098 = EDGE_CURVE('',#4099,#4091,#4101,.T.);
#4099 = VERTEX_POINT('',#4100);
#4100 = CARTESIAN_POINT('',(37.774354026846,57.634899328859,21.2));
#4101 = LINE('',#4102,#4103);
#4102 = CARTESIAN_POINT('',(35.339819630872,57.634899328859,21.2));
#4103 = VECTOR('',#4104,1.);
#4104 = DIRECTION('',(1.,0.,-0.));
#4105 = ORIENTED_EDGE('',*,*,#4106,.F.);
#4106 = EDGE_CURVE('',#4107,#4099,#4109,.T.);
#4107 = VERTEX_POINT('',#4108);
#4108 = CARTESIAN_POINT('',(37.774354026846,57.245100671141,21.2));
#4109 = LINE('',#4110,#4111);
#4110 = CARTESIAN_POINT('',(37.774354026846,44.31744966443,21.2));
#4111 = VECTOR('',#4112,1.);
#4112 = DIRECTION('',(-0.,1.,0.));
#4113 = ORIENTED_EDGE('',*,*,#4114,.F.);
#4114 = EDGE_CURVE('',#4115,#4107,#4117,.T.);
#4115 = VERTEX_POINT('',#4116);
#4116 = CARTESIAN_POINT('',(38.625654362416,57.245100671141,21.2));
#4117 = LINE('',#4118,#4119);
#4118 = CARTESIAN_POINT('',(34.887177013423,57.245100671141,21.2));
#4119 = VECTOR('',#4120,1.);
#4120 = DIRECTION('',(-1.,0.,0.));
#4121 = ORIENTED_EDGE('',*,*,#4122,.F.);
#4122 = EDGE_CURVE('',#4123,#4115,#4125,.T.);
#4123 = VERTEX_POINT('',#4124);
#4124 = CARTESIAN_POINT('',(38.625654362416,56.843489932886,21.2));
#4125 = LINE('',#4126,#4127);
#4126 = CARTESIAN_POINT('',(38.625654362416,44.12255033557,21.2));
#4127 = VECTOR('',#4128,1.);
#4128 = DIRECTION('',(-0.,1.,0.));
#4129 = ORIENTED_EDGE('',*,*,#4130,.F.);
#4130 = EDGE_CURVE('',#4131,#4123,#4133,.T.);
#4131 = VERTEX_POINT('',#4132);
#4132 = CARTESIAN_POINT('',(37.774354026846,56.843489932886,21.2));
#4133 = LINE('',#4134,#4135);
#4134 = CARTESIAN_POINT('',(35.312827181208,56.843489932886,21.2));
#4135 = VECTOR('',#4136,1.);
#4136 = DIRECTION('',(1.,0.,-0.));
#4137 = ORIENTED_EDGE('',*,*,#4138,.F.);
#4138 = EDGE_CURVE('',#4139,#4131,#4141,.T.);
#4139 = VERTEX_POINT('',#4140);
#4140 = CARTESIAN_POINT('',(37.774354026846,55.969395973154,21.2));
#4141 = LINE('',#4142,#4143);
#4142 = CARTESIAN_POINT('',(37.774354026846,43.921744966443,21.2));
#4143 = VECTOR('',#4144,1.);
#4144 = DIRECTION('',(-0.,1.,0.));
#4145 = ORIENTED_EDGE('',*,*,#4146,.F.);
#4146 = EDGE_CURVE('',#4147,#4139,#4149,.T.);
#4147 = VERTEX_POINT('',#4148);
#4148 = CARTESIAN_POINT('',(37.241426174497,55.969395973154,21.2));
#4149 = LINE('',#4150,#4151);
#4150 = CARTESIAN_POINT('',(34.887177013423,55.969395973154,21.2));
#4151 = VECTOR('',#4152,1.);
#4152 = DIRECTION('',(1.,0.,-0.));
#4153 = ORIENTED_EDGE('',*,*,#4154,.F.);
#4154 = EDGE_CURVE('',#4083,#4147,#4155,.T.);
#4155 = LINE('',#4156,#4157);
#4156 = CARTESIAN_POINT('',(37.241426174497,43.484697986577,21.2));
#4157 = VECTOR('',#4158,1.);
#4158 = DIRECTION('',(0.,-1.,0.));
#4159 = FACE_BOUND('',#4160,.T.);
#4160 = EDGE_LOOP('',(#4161,#4171,#4179,#4187));
#4161 = ORIENTED_EDGE('',*,*,#4162,.F.);
#4162 = EDGE_CURVE('',#4163,#4165,#4167,.T.);
#4163 = VERTEX_POINT('',#4164);
#4164 = CARTESIAN_POINT('',(39.711535234899,58.036510067114,21.2));
#4165 = VERTEX_POINT('',#4166);
#4166 = CARTESIAN_POINT('',(39.17860738255,58.036510067114,21.2));
#4167 = LINE('',#4168,#4169);
#4168 = CARTESIAN_POINT('',(35.589303691275,58.036510067114,21.2));
#4169 = VECTOR('',#4170,1.);
#4170 = DIRECTION('',(-1.,0.,0.));
#4171 = ORIENTED_EDGE('',*,*,#4172,.F.);
#4172 = EDGE_CURVE('',#4173,#4163,#4175,.T.);
#4173 = VERTEX_POINT('',#4174);
#4174 = CARTESIAN_POINT('',(39.711535234899,55.969395973154,21.2));
#4175 = LINE('',#4176,#4177);
#4176 = CARTESIAN_POINT('',(39.711535234899,44.518255033557,21.2));
#4177 = VECTOR('',#4178,1.);
#4178 = DIRECTION('',(-0.,1.,0.));
#4179 = ORIENTED_EDGE('',*,*,#4180,.F.);
#4180 = EDGE_CURVE('',#4181,#4173,#4183,.T.);
#4181 = VERTEX_POINT('',#4182);
#4182 = CARTESIAN_POINT('',(39.17860738255,55.969395973154,21.2));
#4183 = LINE('',#4184,#4185);
#4184 = CARTESIAN_POINT('',(35.85576761745,55.969395973154,21.2));
#4185 = VECTOR('',#4186,1.);
#4186 = DIRECTION('',(1.,0.,-0.));
#4187 = ORIENTED_EDGE('',*,*,#4188,.F.);
#4188 = EDGE_CURVE('',#4165,#4181,#4189,.T.);
#4189 = LINE('',#4190,#4191);
#4190 = CARTESIAN_POINT('',(39.17860738255,43.484697986577,21.2));
#4191 = VECTOR('',#4192,1.);
#4192 = DIRECTION('',(0.,-1.,0.));
#4193 = FACE_BOUND('',#4194,.T.);
#4194 = EDGE_LOOP('',(#4195,#4205,#4213,#4221));
#4195 = ORIENTED_EDGE('',*,*,#4196,.F.);
#4196 = EDGE_CURVE('',#4197,#4199,#4201,.T.);
#4197 = VERTEX_POINT('',#4198);
#4198 = CARTESIAN_POINT('',(33.35663590604,58.036510067114,21.2));
#4199 = VERTEX_POINT('',#4200);
#4200 = CARTESIAN_POINT('',(32.823708053691,58.036510067114,21.2));
#4201 = LINE('',#4202,#4203);
#4202 = CARTESIAN_POINT('',(32.411854026846,58.036510067114,21.2));
#4203 = VECTOR('',#4204,1.);
#4204 = DIRECTION('',(-1.,0.,0.));
#4205 = ORIENTED_EDGE('',*,*,#4206,.F.);
#4206 = EDGE_CURVE('',#4207,#4197,#4209,.T.);
#4207 = VERTEX_POINT('',#4208);
#4208 = CARTESIAN_POINT('',(33.35663590604,55.969395973154,21.2));
#4209 = LINE('',#4210,#4211);
#4210 = CARTESIAN_POINT('',(33.35663590604,44.518255033557,21.2));
#4211 = VECTOR('',#4212,1.);
#4212 = DIRECTION('',(-0.,1.,0.));
#4213 = ORIENTED_EDGE('',*,*,#4214,.F.);
#4214 = EDGE_CURVE('',#4215,#4207,#4217,.T.);
#4215 = VERTEX_POINT('',#4216);
#4216 = CARTESIAN_POINT('',(32.823708053691,55.969395973154,21.2));
#4217 = LINE('',#4218,#4219);
#4218 = CARTESIAN_POINT('',(32.67831795302,55.969395973154,21.2));
#4219 = VECTOR('',#4220,1.);
#4220 = DIRECTION('',(1.,0.,-0.));
#4221 = ORIENTED_EDGE('',*,*,#4222,.F.);
#4222 = EDGE_CURVE('',#4199,#4215,#4223,.T.);
#4223 = LINE('',#4224,#4225);
#4224 = CARTESIAN_POINT('',(32.823708053691,43.484697986577,21.2));
#4225 = VECTOR('',#4226,1.);
#4226 = DIRECTION('',(0.,-1.,0.));
#4227 = PLANE('',#4228);
#4228 = AXIS2_PLACEMENT_3D('',#4229,#4230,#4231);
#4229 = CARTESIAN_POINT('',(32.,31.,21.2));
#4230 = DIRECTION('',(0.,0.,1.));
#4231 = DIRECTION('',(1.,0.,-0.));
#4232 = ADVANCED_FACE('',(#4233),#4281,.T.);
#4233 = FACE_BOUND('',#4234,.T.);
#4234 = EDGE_LOOP('',(#4235,#4245,#4251,#4252,#4260,#4268,#4274,#4275));
#4235 = ORIENTED_EDGE('',*,*,#4236,.F.);
#4236 = EDGE_CURVE('',#4237,#4239,#4241,.T.);
#4237 = VERTEX_POINT('',#4238);
#4238 = CARTESIAN_POINT('',(17.5,45.5,10.8));
#4239 = VERTEX_POINT('',#4240);
#4240 = CARTESIAN_POINT('',(17.5,12.,10.8));
#4241 = LINE('',#4242,#4243);
#4242 = CARTESIAN_POINT('',(17.5,45.5,10.8));
#4243 = VECTOR('',#4244,1.);
#4244 = DIRECTION('',(0.,-1.,0.));
#4245 = ORIENTED_EDGE('',*,*,#4246,.T.);
#4246 = EDGE_CURVE('',#4237,#1789,#4247,.T.);
#4247 = LINE('',#4248,#4249);
#4248 = CARTESIAN_POINT('',(17.5,45.5,10.8));
#4249 = VECTOR('',#4250,1.);
#4250 = DIRECTION('',(0.,0.,1.));
#4251 = ORIENTED_EDGE('',*,*,#1788,.F.);
#4252 = ORIENTED_EDGE('',*,*,#4253,.F.);
#4253 = EDGE_CURVE('',#4254,#1780,#4256,.T.);
#4254 = VERTEX_POINT('',#4255);
#4255 = CARTESIAN_POINT('',(17.5,35.75,14.));
#4256 = LINE('',#4257,#4258);
#4257 = CARTESIAN_POINT('',(17.5,35.75,14.));
#4258 = VECTOR('',#4259,1.);
#4259 = DIRECTION('',(0.,0.,1.));
#4260 = ORIENTED_EDGE('',*,*,#4261,.T.);
#4261 = EDGE_CURVE('',#4254,#4262,#4264,.T.);
#4262 = VERTEX_POINT('',#4263);
#4263 = CARTESIAN_POINT('',(17.5,21.75,14.));
#4264 = LINE('',#4265,#4266);
#4265 = CARTESIAN_POINT('',(17.5,37.125,14.));
#4266 = VECTOR('',#4267,1.);
#4267 = DIRECTION('',(0.,-1.,0.));
#4268 = ORIENTED_EDGE('',*,*,#4269,.T.);
#4269 = EDGE_CURVE('',#4262,#1754,#4270,.T.);
#4270 = LINE('',#4271,#4272);
#4271 = CARTESIAN_POINT('',(17.5,21.75,14.));
#4272 = VECTOR('',#4273,1.);
#4273 = DIRECTION('',(0.,0.,1.));
#4274 = ORIENTED_EDGE('',*,*,#1751,.F.);
#4275 = ORIENTED_EDGE('',*,*,#4276,.F.);
#4276 = EDGE_CURVE('',#4239,#1752,#4277,.T.);
#4277 = LINE('',#4278,#4279);
#4278 = CARTESIAN_POINT('',(17.5,12.,10.8));
#4279 = VECTOR('',#4280,1.);
#4280 = DIRECTION('',(0.,0.,1.));
#4281 = PLANE('',#4282);
#4282 = AXIS2_PLACEMENT_3D('',#4283,#4284,#4285);
#4283 = CARTESIAN_POINT('',(17.5,45.5,10.8));
#4284 = DIRECTION('',(1.,0.,-0.));
#4285 = DIRECTION('',(0.,-1.,0.));
#4286 = ADVANCED_FACE('',(#4287),#4306,.F.);
#4287 = FACE_BOUND('',#4288,.T.);
#4288 = EDGE_LOOP('',(#4289,#4298,#4299,#4300));
#4289 = ORIENTED_EDGE('',*,*,#4290,.F.);
#4290 = EDGE_CURVE('',#4239,#4291,#4293,.T.);
#4291 = VERTEX_POINT('',#4292);
#4292 = CARTESIAN_POINT('',(20.,9.5,10.8));
#4293 = CIRCLE('',#4294,2.5);
#4294 = AXIS2_PLACEMENT_3D('',#4295,#4296,#4297);
#4295 = CARTESIAN_POINT('',(20.,12.,10.8));
#4296 = DIRECTION('',(0.,0.,1.));
#4297 = DIRECTION('',(-1.,0.,0.));
#4298 = ORIENTED_EDGE('',*,*,#4276,.T.);
#4299 = ORIENTED_EDGE('',*,*,#1964,.F.);
#4300 = ORIENTED_EDGE('',*,*,#4301,.F.);
#4301 = EDGE_CURVE('',#4291,#1957,#4302,.T.);
#4302 = LINE('',#4303,#4304);
#4303 = CARTESIAN_POINT('',(20.,9.5,10.8));
#4304 = VECTOR('',#4305,1.);
#4305 = DIRECTION('',(0.,0.,1.));
#4306 = CYLINDRICAL_SURFACE('',#4307,2.5);
#4307 = AXIS2_PLACEMENT_3D('',#4308,#4309,#4310);
#4308 = CARTESIAN_POINT('',(20.,12.,10.8));
#4309 = DIRECTION('',(-0.,-0.,-1.));
#4310 = DIRECTION('',(-1.,0.,0.));
#4311 = ADVANCED_FACE('',(#4312),#4330,.T.);
#4312 = FACE_BOUND('',#4313,.T.);
#4313 = EDGE_LOOP('',(#4314,#4322,#4323,#4324));
#4314 = ORIENTED_EDGE('',*,*,#4315,.F.);
#4315 = EDGE_CURVE('',#4291,#4316,#4318,.T.);
#4316 = VERTEX_POINT('',#4317);
#4317 = CARTESIAN_POINT('',(27.2,9.5,10.8));
#4318 = LINE('',#4319,#4320);
#4319 = CARTESIAN_POINT('',(20.,9.5,10.8));
#4320 = VECTOR('',#4321,1.);
#4321 = DIRECTION('',(1.,0.,0.));
#4322 = ORIENTED_EDGE('',*,*,#4301,.T.);
#4323 = ORIENTED_EDGE('',*,*,#1956,.T.);
#4324 = ORIENTED_EDGE('',*,*,#4325,.T.);
#4325 = EDGE_CURVE('',#1949,#4316,#4326,.T.);
#4326 = LINE('',#4327,#4328);
#4327 = CARTESIAN_POINT('',(27.2,9.5,10.8));
#4328 = VECTOR('',#4329,1.);
#4329 = DIRECTION('',(-0.,0.,-1.));
#4330 = PLANE('',#4331);
#4331 = AXIS2_PLACEMENT_3D('',#4332,#4333,#4334);
#4332 = CARTESIAN_POINT('',(20.,9.5,10.8));
#4333 = DIRECTION('',(0.,1.,0.));
#4334 = DIRECTION('',(1.,0.,0.));
#4335 = ADVANCED_FACE('',(#4336),#4350,.F.);
#4336 = FACE_BOUND('',#4337,.F.);
#4337 = EDGE_LOOP('',(#4338,#4339,#4346,#4347,#4348,#4349));
#4338 = ORIENTED_EDGE('',*,*,#4253,.F.);
#4339 = ORIENTED_EDGE('',*,*,#4340,.T.);
#4340 = EDGE_CURVE('',#4254,#4262,#4341,.T.);
#4341 = CIRCLE('',#4342,7.);
#4342 = AXIS2_PLACEMENT_3D('',#4343,#4344,#4345);
#4343 = CARTESIAN_POINT('',(17.5,28.75,14.));
#4344 = DIRECTION('',(0.,0.,1.));
#4345 = DIRECTION('',(1.,0.,-0.));
#4346 = ORIENTED_EDGE('',*,*,#4269,.T.);
#4347 = ORIENTED_EDGE('',*,*,#1761,.F.);
#4348 = ORIENTED_EDGE('',*,*,#1770,.F.);
#4349 = ORIENTED_EDGE('',*,*,#1779,.F.);
#4350 = CYLINDRICAL_SURFACE('',#4351,7.);
#4351 = AXIS2_PLACEMENT_3D('',#4352,#4353,#4354);
#4352 = CARTESIAN_POINT('',(17.5,28.75,14.));
#4353 = DIRECTION('',(0.,0.,1.));
#4354 = DIRECTION('',(1.,0.,-0.));
#4355 = ADVANCED_FACE('',(#4356),#4375,.F.);
#4356 = FACE_BOUND('',#4357,.T.);
#4357 = EDGE_LOOP('',(#4358,#4367,#4373,#4374));
#4358 = ORIENTED_EDGE('',*,*,#4359,.F.);
#4359 = EDGE_CURVE('',#4360,#4237,#4362,.T.);
#4360 = VERTEX_POINT('',#4361);
#4361 = CARTESIAN_POINT('',(20.,48.,10.8));
#4362 = CIRCLE('',#4363,2.5);
#4363 = AXIS2_PLACEMENT_3D('',#4364,#4365,#4366);
#4364 = CARTESIAN_POINT('',(20.,45.5,10.8));
#4365 = DIRECTION('',(0.,-0.,1.));
#4366 = DIRECTION('',(0.,1.,0.));
#4367 = ORIENTED_EDGE('',*,*,#4368,.T.);
#4368 = EDGE_CURVE('',#4360,#1797,#4369,.T.);
#4369 = LINE('',#4370,#4371);
#4370 = CARTESIAN_POINT('',(20.,48.,10.8));
#4371 = VECTOR('',#4372,1.);
#4372 = DIRECTION('',(0.,0.,1.));
#4373 = ORIENTED_EDGE('',*,*,#1796,.F.);
#4374 = ORIENTED_EDGE('',*,*,#4246,.F.);
#4375 = CYLINDRICAL_SURFACE('',#4376,2.5);
#4376 = AXIS2_PLACEMENT_3D('',#4377,#4378,#4379);
#4377 = CARTESIAN_POINT('',(20.,45.5,10.8));
#4378 = DIRECTION('',(-0.,0.,-1.));
#4379 = DIRECTION('',(0.,1.,0.));
#4380 = ADVANCED_FACE('',(#4381),#4415,.T.);
#4381 = FACE_BOUND('',#4382,.T.);
#4382 = EDGE_LOOP('',(#4383,#4391,#4399,#4407,#4413,#4414));
#4383 = ORIENTED_EDGE('',*,*,#4384,.F.);
#4384 = EDGE_CURVE('',#4385,#4360,#4387,.T.);
#4385 = VERTEX_POINT('',#4386);
#4386 = CARTESIAN_POINT('',(37.5,48.,10.8));
#4387 = LINE('',#4388,#4389);
#4388 = CARTESIAN_POINT('',(44.,48.,10.8));
#4389 = VECTOR('',#4390,1.);
#4390 = DIRECTION('',(-1.,0.,0.));
#4391 = ORIENTED_EDGE('',*,*,#4392,.T.);
#4392 = EDGE_CURVE('',#4385,#4393,#4395,.T.);
#4393 = VERTEX_POINT('',#4394);
#4394 = CARTESIAN_POINT('',(37.5,48.,12.6));
#4395 = LINE('',#4396,#4397);
#4396 = CARTESIAN_POINT('',(37.5,48.,10.8));
#4397 = VECTOR('',#4398,1.);
#4398 = DIRECTION('',(0.,0.,1.));
#4399 = ORIENTED_EDGE('',*,*,#4400,.F.);
#4400 = EDGE_CURVE('',#4401,#4393,#4403,.T.);
#4401 = VERTEX_POINT('',#4402);
#4402 = CARTESIAN_POINT('',(44.,48.,12.6));
#4403 = LINE('',#4404,#4405);
#4404 = CARTESIAN_POINT('',(40.75,48.,12.6));
#4405 = VECTOR('',#4406,1.);
#4406 = DIRECTION('',(-1.,0.,0.));
#4407 = ORIENTED_EDGE('',*,*,#4408,.T.);
#4408 = EDGE_CURVE('',#4401,#1806,#4409,.T.);
#4409 = LINE('',#4410,#4411);
#4410 = CARTESIAN_POINT('',(44.,48.,10.8));
#4411 = VECTOR('',#4412,1.);
#4412 = DIRECTION('',(0.,0.,1.));
#4413 = ORIENTED_EDGE('',*,*,#1805,.F.);
#4414 = ORIENTED_EDGE('',*,*,#4368,.F.);
#4415 = PLANE('',#4416);
#4416 = AXIS2_PLACEMENT_3D('',#4417,#4418,#4419);
#4417 = CARTESIAN_POINT('',(44.,48.,10.8));
#4418 = DIRECTION('',(0.,-1.,0.));
#4419 = DIRECTION('',(-1.,0.,0.));
#4420 = ADVANCED_FACE('',(#4421),#4441,.F.);
#4421 = FACE_BOUND('',#4422,.T.);
#4422 = EDGE_LOOP('',(#4423,#4432,#4438,#4439,#4440));
#4423 = ORIENTED_EDGE('',*,*,#4424,.T.);
#4424 = EDGE_CURVE('',#4401,#4425,#4427,.T.);
#4425 = VERTEX_POINT('',#4426);
#4426 = CARTESIAN_POINT('',(46.5,45.5,12.6));
#4427 = CIRCLE('',#4428,2.5);
#4428 = AXIS2_PLACEMENT_3D('',#4429,#4430,#4431);
#4429 = CARTESIAN_POINT('',(44.,45.5,12.6));
#4430 = DIRECTION('',(0.,-0.,-1.));
#4431 = DIRECTION('',(1.,0.,-0.));
#4432 = ORIENTED_EDGE('',*,*,#4433,.T.);
#4433 = EDGE_CURVE('',#4425,#1823,#4434,.T.);
#4434 = LINE('',#4435,#4436);
#4435 = CARTESIAN_POINT('',(46.5,45.5,10.8));
#4436 = VECTOR('',#4437,1.);
#4437 = DIRECTION('',(0.,0.,1.));
#4438 = ORIENTED_EDGE('',*,*,#1822,.F.);
#4439 = ORIENTED_EDGE('',*,*,#1813,.F.);
#4440 = ORIENTED_EDGE('',*,*,#4408,.F.);
#4441 = CYLINDRICAL_SURFACE('',#4442,2.5);
#4442 = AXIS2_PLACEMENT_3D('',#4443,#4444,#4445);
#4443 = CARTESIAN_POINT('',(44.,45.5,10.8));
#4444 = DIRECTION('',(-0.,-0.,-1.));
#4445 = DIRECTION('',(1.,0.,-0.));
#4446 = ADVANCED_FACE('',(#4447),#4451,.T.);
#4447 = FACE_BOUND('',#4448,.T.);
#4448 = EDGE_LOOP('',(#4449,#4450));
#4449 = ORIENTED_EDGE('',*,*,#4261,.F.);
#4450 = ORIENTED_EDGE('',*,*,#4340,.T.);
#4451 = PLANE('',#4452);
#4452 = AXIS2_PLACEMENT_3D('',#4453,#4454,#4455);
#4453 = CARTESIAN_POINT('',(17.5,28.75,14.));
#4454 = DIRECTION('',(0.,0.,1.));
#4455 = DIRECTION('',(1.,0.,-0.));
#4456 = ADVANCED_FACE('',(#4457),#4483,.F.);
#4457 = FACE_BOUND('',#4458,.F.);
#4458 = EDGE_LOOP('',(#4459,#4467,#4468,#4469,#4477));
#4459 = ORIENTED_EDGE('',*,*,#4460,.F.);
#4460 = EDGE_CURVE('',#4393,#4461,#4463,.T.);
#4461 = VERTEX_POINT('',#4462);
#4462 = CARTESIAN_POINT('',(37.5,52.,12.6));
#4463 = LINE('',#4464,#4465);
#4464 = CARTESIAN_POINT('',(37.5,45.,12.6));
#4465 = VECTOR('',#4466,1.);
#4466 = DIRECTION('',(-0.,1.,0.));
#4467 = ORIENTED_EDGE('',*,*,#4400,.F.);
#4468 = ORIENTED_EDGE('',*,*,#4424,.T.);
#4469 = ORIENTED_EDGE('',*,*,#4470,.T.);
#4470 = EDGE_CURVE('',#4425,#4471,#4473,.T.);
#4471 = VERTEX_POINT('',#4472);
#4472 = CARTESIAN_POINT('',(46.5,52.,12.6));
#4473 = LINE('',#4474,#4475);
#4474 = CARTESIAN_POINT('',(46.5,45.,12.6));
#4475 = VECTOR('',#4476,1.);
#4476 = DIRECTION('',(-0.,1.,0.));
#4477 = ORIENTED_EDGE('',*,*,#4478,.F.);
#4478 = EDGE_CURVE('',#4461,#4471,#4479,.T.);
#4479 = LINE('',#4480,#4481);
#4480 = CARTESIAN_POINT('',(37.5,52.,12.6));
#4481 = VECTOR('',#4482,1.);
#4482 = DIRECTION('',(1.,0.,-0.));
#4483 = PLANE('',#4484);
#4484 = AXIS2_PLACEMENT_3D('',#4485,#4486,#4487);
#4485 = CARTESIAN_POINT('',(37.5,45.,12.6));
#4486 = DIRECTION('',(0.,0.,1.));
#4487 = DIRECTION('',(1.,0.,-0.));
#4488 = ADVANCED_FACE('',(#4489),#4507,.T.);
#4489 = FACE_BOUND('',#4490,.T.);
#4490 = EDGE_LOOP('',(#4491,#4492,#4500,#4506));
#4491 = ORIENTED_EDGE('',*,*,#4392,.F.);
#4492 = ORIENTED_EDGE('',*,*,#4493,.T.);
#4493 = EDGE_CURVE('',#4385,#4494,#4496,.T.);
#4494 = VERTEX_POINT('',#4495);
#4495 = CARTESIAN_POINT('',(37.5,52.,10.8));
#4496 = LINE('',#4497,#4498);
#4497 = CARTESIAN_POINT('',(37.5,45.,10.8));
#4498 = VECTOR('',#4499,1.);
#4499 = DIRECTION('',(-0.,1.,0.));
#4500 = ORIENTED_EDGE('',*,*,#4501,.T.);
#4501 = EDGE_CURVE('',#4494,#4461,#4502,.T.);
#4502 = LINE('',#4503,#4504);
#4503 = CARTESIAN_POINT('',(37.5,52.,10.8));
#4504 = VECTOR('',#4505,1.);
#4505 = DIRECTION('',(0.,0.,1.));
#4506 = ORIENTED_EDGE('',*,*,#4460,.F.);
#4507 = PLANE('',#4508);
#4508 = AXIS2_PLACEMENT_3D('',#4509,#4510,#4511);
#4509 = CARTESIAN_POINT('',(37.5,45.,10.8));
#4510 = DIRECTION('',(1.,0.,-0.));
#4511 = DIRECTION('',(0.,0.,1.));
#4512 = ADVANCED_FACE('',(#4513),#4531,.F.);
#4513 = FACE_BOUND('',#4514,.F.);
#4514 = EDGE_LOOP('',(#4515,#4523,#4524,#4525));
#4515 = ORIENTED_EDGE('',*,*,#4516,.F.);
#4516 = EDGE_CURVE('',#4494,#4517,#4519,.T.);
#4517 = VERTEX_POINT('',#4518);
#4518 = CARTESIAN_POINT('',(46.5,52.,10.8));
#4519 = LINE('',#4520,#4521);
#4520 = CARTESIAN_POINT('',(37.5,52.,10.8));
#4521 = VECTOR('',#4522,1.);
#4522 = DIRECTION('',(1.,0.,-0.));
#4523 = ORIENTED_EDGE('',*,*,#4501,.T.);
#4524 = ORIENTED_EDGE('',*,*,#4478,.T.);
#4525 = ORIENTED_EDGE('',*,*,#4526,.F.);
#4526 = EDGE_CURVE('',#4517,#4471,#4527,.T.);
#4527 = LINE('',#4528,#4529);
#4528 = CARTESIAN_POINT('',(46.5,52.,10.8));
#4529 = VECTOR('',#4530,1.);
#4530 = DIRECTION('',(0.,0.,1.));
#4531 = PLANE('',#4532);
#4532 = AXIS2_PLACEMENT_3D('',#4533,#4534,#4535);
#4533 = CARTESIAN_POINT('',(37.5,52.,10.8));
#4534 = DIRECTION('',(-0.,1.,0.));
#4535 = DIRECTION('',(0.,0.,1.));
#4536 = ADVANCED_FACE('',(#4537),#4562,.T.);
#4537 = FACE_BOUND('',#4538,.T.);
#4538 = EDGE_LOOP('',(#4539,#4549,#4555,#4556));
#4539 = ORIENTED_EDGE('',*,*,#4540,.F.);
#4540 = EDGE_CURVE('',#4541,#4543,#4545,.T.);
#4541 = VERTEX_POINT('',#4542);
#4542 = CARTESIAN_POINT('',(36.8,9.5,10.8));
#4543 = VERTEX_POINT('',#4544);
#4544 = CARTESIAN_POINT('',(44.,9.5,10.8));
#4545 = LINE('',#4546,#4547);
#4546 = CARTESIAN_POINT('',(20.,9.5,10.8));
#4547 = VECTOR('',#4548,1.);
#4548 = DIRECTION('',(1.,0.,0.));
#4549 = ORIENTED_EDGE('',*,*,#4550,.F.);
#4550 = EDGE_CURVE('',#1893,#4541,#4551,.T.);
#4551 = LINE('',#4552,#4553);
#4552 = CARTESIAN_POINT('',(36.8,9.5,10.8));
#4553 = VECTOR('',#4554,1.);
#4554 = DIRECTION('',(-0.,0.,-1.));
#4555 = ORIENTED_EDGE('',*,*,#1892,.F.);
#4556 = ORIENTED_EDGE('',*,*,#4557,.F.);
#4557 = EDGE_CURVE('',#4543,#1884,#4558,.T.);
#4558 = LINE('',#4559,#4560);
#4559 = CARTESIAN_POINT('',(44.,9.5,10.8));
#4560 = VECTOR('',#4561,1.);
#4561 = DIRECTION('',(0.,0.,1.));
#4562 = PLANE('',#4563);
#4563 = AXIS2_PLACEMENT_3D('',#4564,#4565,#4566);
#4564 = CARTESIAN_POINT('',(20.,9.5,10.8));
#4565 = DIRECTION('',(0.,1.,0.));
#4566 = DIRECTION('',(1.,0.,0.));
#4567 = ADVANCED_FACE('',(#4568),#4587,.F.);
#4568 = FACE_BOUND('',#4569,.T.);
#4569 = EDGE_LOOP('',(#4570,#4579,#4580,#4581));
#4570 = ORIENTED_EDGE('',*,*,#4571,.F.);
#4571 = EDGE_CURVE('',#4543,#4572,#4574,.T.);
#4572 = VERTEX_POINT('',#4573);
#4573 = CARTESIAN_POINT('',(46.5,12.,10.8));
#4574 = CIRCLE('',#4575,2.5);
#4575 = AXIS2_PLACEMENT_3D('',#4576,#4577,#4578);
#4576 = CARTESIAN_POINT('',(44.,12.,10.8));
#4577 = DIRECTION('',(0.,0.,1.));
#4578 = DIRECTION('',(0.,-1.,0.));
#4579 = ORIENTED_EDGE('',*,*,#4557,.T.);
#4580 = ORIENTED_EDGE('',*,*,#1883,.F.);
#4581 = ORIENTED_EDGE('',*,*,#4582,.F.);
#4582 = EDGE_CURVE('',#4572,#1876,#4583,.T.);
#4583 = LINE('',#4584,#4585);
#4584 = CARTESIAN_POINT('',(46.5,12.,10.8));
#4585 = VECTOR('',#4586,1.);
#4586 = DIRECTION('',(0.,0.,1.));
#4587 = CYLINDRICAL_SURFACE('',#4588,2.5);
#4588 = AXIS2_PLACEMENT_3D('',#4589,#4590,#4591);
#4589 = CARTESIAN_POINT('',(44.,12.,10.8));
#4590 = DIRECTION('',(-0.,-0.,-1.));
#4591 = DIRECTION('',(0.,-1.,0.));
#4592 = ADVANCED_FACE('',(#4593),#4618,.T.);
#4593 = FACE_BOUND('',#4594,.T.);
#4594 = EDGE_LOOP('',(#4595,#4603,#4611,#4617));
#4595 = ORIENTED_EDGE('',*,*,#4596,.F.);
#4596 = EDGE_CURVE('',#4597,#1933,#4599,.T.);
#4597 = VERTEX_POINT('',#4598);
#4598 = CARTESIAN_POINT('',(28.,6.2,10.8));
#4599 = LINE('',#4600,#4601);
#4600 = CARTESIAN_POINT('',(28.,6.2,10.8));
#4601 = VECTOR('',#4602,1.);
#4602 = DIRECTION('',(0.,0.,1.));
#4603 = ORIENTED_EDGE('',*,*,#4604,.F.);
#4604 = EDGE_CURVE('',#4605,#4597,#4607,.T.);
#4605 = VERTEX_POINT('',#4606);
#4606 = CARTESIAN_POINT('',(27.2,6.2,10.8));
#4607 = LINE('',#4608,#4609);
#4608 = CARTESIAN_POINT('',(27.2,6.2,10.8));
#4609 = VECTOR('',#4610,1.);
#4610 = DIRECTION('',(1.,0.,-0.));
#4611 = ORIENTED_EDGE('',*,*,#4612,.T.);
#4612 = EDGE_CURVE('',#4605,#1941,#4613,.T.);
#4613 = LINE('',#4614,#4615);
#4614 = CARTESIAN_POINT('',(27.2,6.2,10.8));
#4615 = VECTOR('',#4616,1.);
#4616 = DIRECTION('',(0.,0.,1.));
#4617 = ORIENTED_EDGE('',*,*,#1940,.F.);
#4618 = PLANE('',#4619);
#4619 = AXIS2_PLACEMENT_3D('',#4620,#4621,#4622);
#4620 = CARTESIAN_POINT('',(27.2,6.2,10.8));
#4621 = DIRECTION('',(-0.,1.,0.));
#4622 = DIRECTION('',(0.,0.,1.));
#4623 = ADVANCED_FACE('',(#4624),#4642,.F.);
#4624 = FACE_BOUND('',#4625,.F.);
#4625 = EDGE_LOOP('',(#4626,#4627,#4635,#4641));
#4626 = ORIENTED_EDGE('',*,*,#4596,.F.);
#4627 = ORIENTED_EDGE('',*,*,#4628,.T.);
#4628 = EDGE_CURVE('',#4597,#4629,#4631,.T.);
#4629 = VERTEX_POINT('',#4630);
#4630 = CARTESIAN_POINT('',(28.,6.5,10.8));
#4631 = LINE('',#4632,#4633);
#4632 = CARTESIAN_POINT('',(28.,6.2,10.8));
#4633 = VECTOR('',#4634,1.);
#4634 = DIRECTION('',(-0.,1.,0.));
#4635 = ORIENTED_EDGE('',*,*,#4636,.T.);
#4636 = EDGE_CURVE('',#4629,#1925,#4637,.T.);
#4637 = LINE('',#4638,#4639);
#4638 = CARTESIAN_POINT('',(28.,6.5,10.8));
#4639 = VECTOR('',#4640,1.);
#4640 = DIRECTION('',(0.,0.,1.));
#4641 = ORIENTED_EDGE('',*,*,#1932,.F.);
#4642 = PLANE('',#4643);
#4643 = AXIS2_PLACEMENT_3D('',#4644,#4645,#4646);
#4644 = CARTESIAN_POINT('',(28.,6.2,10.8));
#4645 = DIRECTION('',(1.,0.,-0.));
#4646 = DIRECTION('',(0.,0.,1.));
#4647 = ADVANCED_FACE('',(#4648),#4666,.T.);
#4648 = FACE_BOUND('',#4649,.T.);
#4649 = EDGE_LOOP('',(#4650,#4658,#4659,#4660));
#4650 = ORIENTED_EDGE('',*,*,#4651,.F.);
#4651 = EDGE_CURVE('',#4629,#4652,#4654,.T.);
#4652 = VERTEX_POINT('',#4653);
#4653 = CARTESIAN_POINT('',(36.,6.5,10.8));
#4654 = LINE('',#4655,#4656);
#4655 = CARTESIAN_POINT('',(27.2,6.5,10.8));
#4656 = VECTOR('',#4657,1.);
#4657 = DIRECTION('',(1.,0.,-0.));
#4658 = ORIENTED_EDGE('',*,*,#4636,.T.);
#4659 = ORIENTED_EDGE('',*,*,#1924,.F.);
#4660 = ORIENTED_EDGE('',*,*,#4661,.F.);
#4661 = EDGE_CURVE('',#4652,#1917,#4662,.T.);
#4662 = LINE('',#4663,#4664);
#4663 = CARTESIAN_POINT('',(36.,6.5,10.8));
#4664 = VECTOR('',#4665,1.);
#4665 = DIRECTION('',(0.,0.,1.));
#4666 = PLANE('',#4667);
#4667 = AXIS2_PLACEMENT_3D('',#4668,#4669,#4670);
#4668 = CARTESIAN_POINT('',(27.2,6.5,10.8));
#4669 = DIRECTION('',(-0.,1.,0.));
#4670 = DIRECTION('',(0.,0.,1.));
#4671 = ADVANCED_FACE('',(#4672),#4690,.T.);
#4672 = FACE_BOUND('',#4673,.T.);
#4673 = EDGE_LOOP('',(#4674,#4682,#4688,#4689));
#4674 = ORIENTED_EDGE('',*,*,#4675,.F.);
#4675 = EDGE_CURVE('',#4676,#1909,#4678,.T.);
#4676 = VERTEX_POINT('',#4677);
#4677 = CARTESIAN_POINT('',(36.,6.2,10.8));
#4678 = LINE('',#4679,#4680);
#4679 = CARTESIAN_POINT('',(36.,6.2,10.8));
#4680 = VECTOR('',#4681,1.);
#4681 = DIRECTION('',(0.,0.,1.));
#4682 = ORIENTED_EDGE('',*,*,#4683,.T.);
#4683 = EDGE_CURVE('',#4676,#4652,#4684,.T.);
#4684 = LINE('',#4685,#4686);
#4685 = CARTESIAN_POINT('',(36.,6.2,10.8));
#4686 = VECTOR('',#4687,1.);
#4687 = DIRECTION('',(-0.,1.,0.));
#4688 = ORIENTED_EDGE('',*,*,#4661,.T.);
#4689 = ORIENTED_EDGE('',*,*,#1916,.F.);
#4690 = PLANE('',#4691);
#4691 = AXIS2_PLACEMENT_3D('',#4692,#4693,#4694);
#4692 = CARTESIAN_POINT('',(36.,6.2,10.8));
#4693 = DIRECTION('',(1.,0.,-0.));
#4694 = DIRECTION('',(0.,0.,1.));
#4695 = ADVANCED_FACE('',(#4696),#4714,.T.);
#4696 = FACE_BOUND('',#4697,.T.);
#4697 = EDGE_LOOP('',(#4698,#4706,#4712,#4713));
#4698 = ORIENTED_EDGE('',*,*,#4699,.F.);
#4699 = EDGE_CURVE('',#4700,#1901,#4702,.T.);
#4700 = VERTEX_POINT('',#4701);
#4701 = CARTESIAN_POINT('',(36.8,6.2,10.8));
#4702 = LINE('',#4703,#4704);
#4703 = CARTESIAN_POINT('',(36.8,6.2,10.8));
#4704 = VECTOR('',#4705,1.);
#4705 = DIRECTION('',(0.,0.,1.));
#4706 = ORIENTED_EDGE('',*,*,#4707,.F.);
#4707 = EDGE_CURVE('',#4676,#4700,#4708,.T.);
#4708 = LINE('',#4709,#4710);
#4709 = CARTESIAN_POINT('',(36.,6.2,10.8));
#4710 = VECTOR('',#4711,1.);
#4711 = DIRECTION('',(1.,0.,-0.));
#4712 = ORIENTED_EDGE('',*,*,#4675,.T.);
#4713 = ORIENTED_EDGE('',*,*,#1908,.F.);
#4714 = PLANE('',#4715);
#4715 = AXIS2_PLACEMENT_3D('',#4716,#4717,#4718);
#4716 = CARTESIAN_POINT('',(36.,6.2,10.8));
#4717 = DIRECTION('',(-0.,1.,0.));
#4718 = DIRECTION('',(0.,0.,1.));
#4719 = ADVANCED_FACE('',(#4720),#4745,.F.);
#4720 = FACE_BOUND('',#4721,.F.);
#4721 = EDGE_LOOP('',(#4722,#4732,#4738,#4739));
#4722 = ORIENTED_EDGE('',*,*,#4723,.F.);
#4723 = EDGE_CURVE('',#4724,#4726,#4728,.T.);
#4724 = VERTEX_POINT('',#4725);
#4725 = CARTESIAN_POINT('',(17.17961409396,48.120805369128,20.8));
#4726 = VERTEX_POINT('',#4727);
#4727 = CARTESIAN_POINT('',(16.205620805369,48.120805369128,20.8));
#4728 = LINE('',#4729,#4730);
#4729 = CARTESIAN_POINT('',(17.17961409396,48.120805369128,20.8));
#4730 = VECTOR('',#4731,1.);
#4731 = DIRECTION('',(-1.,0.,0.));
#4732 = ORIENTED_EDGE('',*,*,#4733,.T.);
#4733 = EDGE_CURVE('',#4724,#2024,#4734,.T.);
#4734 = LINE('',#4735,#4736);
#4735 = CARTESIAN_POINT('',(17.17961409396,48.120805369128,20.8));
#4736 = VECTOR('',#4737,1.);
#4737 = DIRECTION('',(0.,0.,1.));
#4738 = ORIENTED_EDGE('',*,*,#2031,.F.);
#4739 = ORIENTED_EDGE('',*,*,#4740,.F.);
#4740 = EDGE_CURVE('',#4726,#1976,#4741,.T.);
#4741 = LINE('',#4742,#4743);
#4742 = CARTESIAN_POINT('',(16.205620805369,48.120805369128,20.8));
#4743 = VECTOR('',#4744,1.);
#4744 = DIRECTION('',(0.,0.,1.));
#4745 = PLANE('',#4746);
#4746 = AXIS2_PLACEMENT_3D('',#4747,#4748,#4749);
#4747 = CARTESIAN_POINT('',(17.17961409396,48.120805369128,20.8));
#4748 = DIRECTION('',(0.,-1.,0.));
#4749 = DIRECTION('',(-1.,0.,0.));
#4750 = ADVANCED_FACE('',(#4751),#4769,.F.);
#4751 = FACE_BOUND('',#4752,.F.);
#4752 = EDGE_LOOP('',(#4753,#4761,#4762,#4763));
#4753 = ORIENTED_EDGE('',*,*,#4754,.F.);
#4754 = EDGE_CURVE('',#4726,#4755,#4757,.T.);
#4755 = VERTEX_POINT('',#4756);
#4756 = CARTESIAN_POINT('',(15.969043624161,48.808053691275,20.8));
#4757 = LINE('',#4758,#4759);
#4758 = CARTESIAN_POINT('',(16.205620805369,48.120805369128,20.8));
#4759 = VECTOR('',#4760,1.);
#4760 = DIRECTION('',(-0.325492639086,0.945544574254,0.));
#4761 = ORIENTED_EDGE('',*,*,#4740,.T.);
#4762 = ORIENTED_EDGE('',*,*,#1973,.F.);
#4763 = ORIENTED_EDGE('',*,*,#4764,.F.);
#4764 = EDGE_CURVE('',#4755,#1974,#4765,.T.);
#4765 = LINE('',#4766,#4767);
#4766 = CARTESIAN_POINT('',(15.969043624161,48.808053691275,20.8));
#4767 = VECTOR('',#4768,1.);
#4768 = DIRECTION('',(0.,0.,1.));
#4769 = PLANE('',#4770);
#4770 = AXIS2_PLACEMENT_3D('',#4771,#4772,#4773);
#4771 = CARTESIAN_POINT('',(16.205620805369,48.120805369128,20.8));
#4772 = DIRECTION('',(-0.945544574254,-0.325492639086,0.));
#4773 = DIRECTION('',(-0.325492639086,0.945544574254,0.));
#4774 = ADVANCED_FACE('',(#4775),#4793,.F.);
#4775 = FACE_BOUND('',#4776,.F.);
#4776 = EDGE_LOOP('',(#4777,#4785,#4786,#4787));
#4777 = ORIENTED_EDGE('',*,*,#4778,.F.);
#4778 = EDGE_CURVE('',#4755,#4779,#4781,.T.);
#4779 = VERTEX_POINT('',#4780);
#4780 = CARTESIAN_POINT('',(14.45394295302,48.808053691275,20.8));
#4781 = LINE('',#4782,#4783);
#4782 = CARTESIAN_POINT('',(15.969043624161,48.808053691275,20.8));
#4783 = VECTOR('',#4784,1.);
#4784 = DIRECTION('',(-1.,0.,0.));
#4785 = ORIENTED_EDGE('',*,*,#4764,.T.);
#4786 = ORIENTED_EDGE('',*,*,#1983,.F.);
#4787 = ORIENTED_EDGE('',*,*,#4788,.F.);
#4788 = EDGE_CURVE('',#4779,#1984,#4789,.T.);
#4789 = LINE('',#4790,#4791);
#4790 = CARTESIAN_POINT('',(14.45394295302,48.808053691275,20.8));
#4791 = VECTOR('',#4792,1.);
#4792 = DIRECTION('',(0.,0.,1.));
#4793 = PLANE('',#4794);
#4794 = AXIS2_PLACEMENT_3D('',#4795,#4796,#4797);
#4795 = CARTESIAN_POINT('',(15.969043624161,48.808053691275,20.8));
#4796 = DIRECTION('',(0.,-1.,0.));
#4797 = DIRECTION('',(-1.,0.,0.));
#4798 = ADVANCED_FACE('',(#4799),#4817,.F.);
#4799 = FACE_BOUND('',#4800,.F.);
#4800 = EDGE_LOOP('',(#4801,#4809,#4810,#4811));
#4801 = ORIENTED_EDGE('',*,*,#4802,.F.);
#4802 = EDGE_CURVE('',#4779,#4803,#4805,.T.);
#4803 = VERTEX_POINT('',#4804);
#4804 = CARTESIAN_POINT('',(14.214848993289,48.120805369128,20.8));
#4805 = LINE('',#4806,#4807);
#4806 = CARTESIAN_POINT('',(14.45394295302,48.808053691275,20.8));
#4807 = VECTOR('',#4808,1.);
#4808 = DIRECTION('',(-0.328583228166,-0.944475019346,0.));
#4809 = ORIENTED_EDGE('',*,*,#4788,.T.);
#4810 = ORIENTED_EDGE('',*,*,#1991,.F.);
#4811 = ORIENTED_EDGE('',*,*,#4812,.F.);
#4812 = EDGE_CURVE('',#4803,#1992,#4813,.T.);
#4813 = LINE('',#4814,#4815);
#4814 = CARTESIAN_POINT('',(14.214848993289,48.120805369128,20.8));
#4815 = VECTOR('',#4816,1.);
#4816 = DIRECTION('',(0.,0.,1.));
#4817 = PLANE('',#4818);
#4818 = AXIS2_PLACEMENT_3D('',#4819,#4820,#4821);
#4819 = CARTESIAN_POINT('',(14.45394295302,48.808053691275,20.8));
#4820 = DIRECTION('',(0.944475019346,-0.328583228166,0.));
#4821 = DIRECTION('',(-0.328583228166,-0.944475019346,0.));
#4822 = ADVANCED_FACE('',(#4823),#4841,.F.);
#4823 = FACE_BOUND('',#4824,.F.);
#4824 = EDGE_LOOP('',(#4825,#4833,#4834,#4835));
#4825 = ORIENTED_EDGE('',*,*,#4826,.F.);
#4826 = EDGE_CURVE('',#4803,#4827,#4829,.T.);
#4827 = VERTEX_POINT('',#4828);
#4828 = CARTESIAN_POINT('',(13.240855704698,48.120805369128,20.8));
#4829 = LINE('',#4830,#4831);
#4830 = CARTESIAN_POINT('',(14.214848993289,48.120805369128,20.8));
#4831 = VECTOR('',#4832,1.);
#4832 = DIRECTION('',(-1.,0.,0.));
#4833 = ORIENTED_EDGE('',*,*,#4812,.T.);
#4834 = ORIENTED_EDGE('',*,*,#1999,.F.);
#4835 = ORIENTED_EDGE('',*,*,#4836,.F.);
#4836 = EDGE_CURVE('',#4827,#2000,#4837,.T.);
#4837 = LINE('',#4838,#4839);
#4838 = CARTESIAN_POINT('',(13.240855704698,48.120805369128,20.8));
#4839 = VECTOR('',#4840,1.);
#4840 = DIRECTION('',(0.,0.,1.));
#4841 = PLANE('',#4842);
#4842 = AXIS2_PLACEMENT_3D('',#4843,#4844,#4845);
#4843 = CARTESIAN_POINT('',(14.214848993289,48.120805369128,20.8));
#4844 = DIRECTION('',(0.,-1.,0.));
#4845 = DIRECTION('',(-1.,0.,0.));
#4846 = ADVANCED_FACE('',(#4847),#4865,.F.);
#4847 = FACE_BOUND('',#4848,.F.);
#4848 = EDGE_LOOP('',(#4849,#4857,#4858,#4859));
#4849 = ORIENTED_EDGE('',*,*,#4850,.F.);
#4850 = EDGE_CURVE('',#4827,#4851,#4853,.T.);
#4851 = VERTEX_POINT('',#4852);
#4852 = CARTESIAN_POINT('',(14.632634228188,51.879194630872,20.8));
#4853 = LINE('',#4854,#4855);
#4854 = CARTESIAN_POINT('',(13.240855704698,48.120805369128,20.8));
#4855 = VECTOR('',#4856,1.);
#4856 = DIRECTION('',(0.347266632791,0.93776643454,0.));
#4857 = ORIENTED_EDGE('',*,*,#4836,.T.);
#4858 = ORIENTED_EDGE('',*,*,#2007,.F.);
#4859 = ORIENTED_EDGE('',*,*,#4860,.F.);
#4860 = EDGE_CURVE('',#4851,#2008,#4861,.T.);
#4861 = LINE('',#4862,#4863);
#4862 = CARTESIAN_POINT('',(14.632634228188,51.879194630872,20.8));
#4863 = VECTOR('',#4864,1.);
#4864 = DIRECTION('',(0.,0.,1.));
#4865 = PLANE('',#4866);
#4866 = AXIS2_PLACEMENT_3D('',#4867,#4868,#4869);
#4867 = CARTESIAN_POINT('',(13.240855704698,48.120805369128,20.8));
#4868 = DIRECTION('',(-0.93776643454,0.347266632791,0.));
#4869 = DIRECTION('',(0.347266632791,0.93776643454,0.));
#4870 = ADVANCED_FACE('',(#4871),#4889,.F.);
#4871 = FACE_BOUND('',#4872,.F.);
#4872 = EDGE_LOOP('',(#4873,#4881,#4882,#4883));
#4873 = ORIENTED_EDGE('',*,*,#4874,.F.);
#4874 = EDGE_CURVE('',#4851,#4875,#4877,.T.);
#4875 = VERTEX_POINT('',#4876);
#4876 = CARTESIAN_POINT('',(15.78783557047,51.879194630872,20.8));
#4877 = LINE('',#4878,#4879);
#4878 = CARTESIAN_POINT('',(14.632634228188,51.879194630872,20.8));
#4879 = VECTOR('',#4880,1.);
#4880 = DIRECTION('',(1.,0.,0.));
#4881 = ORIENTED_EDGE('',*,*,#4860,.T.);
#4882 = ORIENTED_EDGE('',*,*,#2015,.F.);
#4883 = ORIENTED_EDGE('',*,*,#4884,.F.);
#4884 = EDGE_CURVE('',#4875,#2016,#4885,.T.);
#4885 = LINE('',#4886,#4887);
#4886 = CARTESIAN_POINT('',(15.78783557047,51.879194630872,20.8));
#4887 = VECTOR('',#4888,1.);
#4888 = DIRECTION('',(0.,0.,1.));
#4889 = PLANE('',#4890);
#4890 = AXIS2_PLACEMENT_3D('',#4891,#4892,#4893);
#4891 = CARTESIAN_POINT('',(14.632634228188,51.879194630872,20.8));
#4892 = DIRECTION('',(0.,1.,0.));
#4893 = DIRECTION('',(1.,0.,0.));
#4894 = ADVANCED_FACE('',(#4895),#4906,.F.);
#4895 = FACE_BOUND('',#4896,.F.);
#4896 = EDGE_LOOP('',(#4897,#4903,#4904,#4905));
#4897 = ORIENTED_EDGE('',*,*,#4898,.F.);
#4898 = EDGE_CURVE('',#4875,#4724,#4899,.T.);
#4899 = LINE('',#4900,#4901);
#4900 = CARTESIAN_POINT('',(15.78783557047,51.879194630872,20.8));
#4901 = VECTOR('',#4902,1.);
#4902 = DIRECTION('',(0.347266632791,-0.93776643454,0.));
#4903 = ORIENTED_EDGE('',*,*,#4884,.T.);
#4904 = ORIENTED_EDGE('',*,*,#2023,.F.);
#4905 = ORIENTED_EDGE('',*,*,#4733,.F.);
#4906 = PLANE('',#4907);
#4907 = AXIS2_PLACEMENT_3D('',#4908,#4909,#4910);
#4908 = CARTESIAN_POINT('',(15.78783557047,51.879194630872,20.8));
#4909 = DIRECTION('',(0.93776643454,0.347266632791,-0.));
#4910 = DIRECTION('',(0.347266632791,-0.93776643454,0.));
#4911 = ADVANCED_FACE('',(#4912,#4922),#4948,.T.);
#4912 = FACE_BOUND('',#4913,.F.);
#4913 = EDGE_LOOP('',(#4914,#4915,#4916,#4917,#4918,#4919,#4920,#4921));
#4914 = ORIENTED_EDGE('',*,*,#4778,.T.);
#4915 = ORIENTED_EDGE('',*,*,#4802,.T.);
#4916 = ORIENTED_EDGE('',*,*,#4826,.T.);
#4917 = ORIENTED_EDGE('',*,*,#4850,.T.);
#4918 = ORIENTED_EDGE('',*,*,#4874,.T.);
#4919 = ORIENTED_EDGE('',*,*,#4898,.T.);
#4920 = ORIENTED_EDGE('',*,*,#4723,.T.);
#4921 = ORIENTED_EDGE('',*,*,#4754,.T.);
#4922 = FACE_BOUND('',#4923,.F.);
#4923 = EDGE_LOOP('',(#4924,#4934,#4942));
#4924 = ORIENTED_EDGE('',*,*,#4925,.T.);
#4925 = EDGE_CURVE('',#4926,#4928,#4930,.T.);
#4926 = VERTEX_POINT('',#4927);
#4927 = CARTESIAN_POINT('',(14.695553691275,49.506040268456,20.8));
#4928 = VERTEX_POINT('',#4929);
#4929 = CARTESIAN_POINT('',(15.724916107383,49.506040268456,20.8));
#4930 = LINE('',#4931,#4932);
#4931 = CARTESIAN_POINT('',(14.695553691275,49.506040268456,20.8));
#4932 = VECTOR('',#4933,1.);
#4933 = DIRECTION('',(1.,0.,0.));
#4934 = ORIENTED_EDGE('',*,*,#4935,.T.);
#4935 = EDGE_CURVE('',#4928,#4936,#4938,.T.);
#4936 = VERTEX_POINT('',#4937);
#4937 = CARTESIAN_POINT('',(15.211493288591,50.99932885906,20.8));
#4938 = LINE('',#4939,#4940);
#4939 = CARTESIAN_POINT('',(15.724916107383,49.506040268456,20.8));
#4940 = VECTOR('',#4941,1.);
#4941 = DIRECTION('',(-0.325139159103,0.945666181704,0.));
#4942 = ORIENTED_EDGE('',*,*,#4943,.T.);
#4943 = EDGE_CURVE('',#4936,#4926,#4944,.T.);
#4944 = LINE('',#4945,#4946);
#4945 = CARTESIAN_POINT('',(15.211493288591,50.99932885906,20.8));
#4946 = VECTOR('',#4947,1.);
#4947 = DIRECTION('',(-0.326563378352,-0.945175306448,0.));
#4948 = PLANE('',#4949);
#4949 = AXIS2_PLACEMENT_3D('',#4950,#4951,#4952);
#4950 = CARTESIAN_POINT('',(15.210447021771,49.713329295057,20.8));
#4951 = DIRECTION('',(0.,0.,1.));
#4952 = DIRECTION('',(1.,0.,-0.));
#4953 = ADVANCED_FACE('',(#4954),#4979,.F.);
#4954 = FACE_BOUND('',#4955,.F.);
#4955 = EDGE_LOOP('',(#4956,#4957,#4965,#4973));
#4956 = ORIENTED_EDGE('',*,*,#4925,.F.);
#4957 = ORIENTED_EDGE('',*,*,#4958,.T.);
#4958 = EDGE_CURVE('',#4926,#4959,#4961,.T.);
#4959 = VERTEX_POINT('',#4960);
#4960 = CARTESIAN_POINT('',(14.695553691275,49.506040268456,21.2));
#4961 = LINE('',#4962,#4963);
#4962 = CARTESIAN_POINT('',(14.695553691275,49.506040268456,20.8));
#4963 = VECTOR('',#4964,1.);
#4964 = DIRECTION('',(0.,0.,1.));
#4965 = ORIENTED_EDGE('',*,*,#4966,.F.);
#4966 = EDGE_CURVE('',#4967,#4959,#4969,.T.);
#4967 = VERTEX_POINT('',#4968);
#4968 = CARTESIAN_POINT('',(15.724916107383,49.506040268456,21.2));
#4969 = LINE('',#4970,#4971);
#4970 = CARTESIAN_POINT('',(23.347776845638,49.506040268456,21.2));
#4971 = VECTOR('',#4972,1.);
#4972 = DIRECTION('',(-1.,0.,0.));
#4973 = ORIENTED_EDGE('',*,*,#4974,.F.);
#4974 = EDGE_CURVE('',#4928,#4967,#4975,.T.);
#4975 = LINE('',#4976,#4977);
#4976 = CARTESIAN_POINT('',(15.724916107383,49.506040268456,20.8));
#4977 = VECTOR('',#4978,1.);
#4978 = DIRECTION('',(0.,0.,1.));
#4979 = PLANE('',#4980);
#4980 = AXIS2_PLACEMENT_3D('',#4981,#4982,#4983);
#4981 = CARTESIAN_POINT('',(14.695553691275,49.506040268456,20.8));
#4982 = DIRECTION('',(0.,1.,0.));
#4983 = DIRECTION('',(1.,0.,0.));
#4984 = ADVANCED_FACE('',(#4985),#5003,.F.);
#4985 = FACE_BOUND('',#4986,.F.);
#4986 = EDGE_LOOP('',(#4987,#4988,#4989,#4997));
#4987 = ORIENTED_EDGE('',*,*,#4935,.F.);
#4988 = ORIENTED_EDGE('',*,*,#4974,.T.);
#4989 = ORIENTED_EDGE('',*,*,#4990,.F.);
#4990 = EDGE_CURVE('',#4991,#4967,#4993,.T.);
#4991 = VERTEX_POINT('',#4992);
#4992 = CARTESIAN_POINT('',(15.211493288591,50.99932885906,21.2));
#4993 = LINE('',#4994,#4995);
#4994 = CARTESIAN_POINT('',(19.430235052351,38.729132225902,21.2));
#4995 = VECTOR('',#4996,1.);
#4996 = DIRECTION('',(0.325139159103,-0.945666181704,0.));
#4997 = ORIENTED_EDGE('',*,*,#4998,.F.);
#4998 = EDGE_CURVE('',#4936,#4991,#4999,.T.);
#4999 = LINE('',#5000,#5001);
#5000 = CARTESIAN_POINT('',(15.211493288591,50.99932885906,20.8));
#5001 = VECTOR('',#5002,1.);
#5002 = DIRECTION('',(0.,0.,1.));
#5003 = PLANE('',#5004);
#5004 = AXIS2_PLACEMENT_3D('',#5005,#5006,#5007);
#5005 = CARTESIAN_POINT('',(15.724916107383,49.506040268456,20.8));
#5006 = DIRECTION('',(-0.945666181704,-0.325139159103,0.));
#5007 = DIRECTION('',(-0.325139159103,0.945666181704,0.));
#5008 = ADVANCED_FACE('',(#5009),#5020,.F.);
#5009 = FACE_BOUND('',#5010,.F.);
#5010 = EDGE_LOOP('',(#5011,#5012,#5013,#5019));
#5011 = ORIENTED_EDGE('',*,*,#4943,.F.);
#5012 = ORIENTED_EDGE('',*,*,#4998,.T.);
#5013 = ORIENTED_EDGE('',*,*,#5014,.F.);
#5014 = EDGE_CURVE('',#4959,#4991,#5015,.T.);
#5015 = LINE('',#5016,#5017);
#5016 = CARTESIAN_POINT('',(13.020194187179,44.65703227286,21.2));
#5017 = VECTOR('',#5018,1.);
#5018 = DIRECTION('',(0.326563378352,0.945175306448,-0.));
#5019 = ORIENTED_EDGE('',*,*,#4958,.F.);
#5020 = PLANE('',#5021);
#5021 = AXIS2_PLACEMENT_3D('',#5022,#5023,#5024);
#5022 = CARTESIAN_POINT('',(15.211493288591,50.99932885906,20.8));
#5023 = DIRECTION('',(0.945175306448,-0.326563378352,0.));
#5024 = DIRECTION('',(-0.326563378352,-0.945175306448,0.));
#5025 = ADVANCED_FACE('',(#5026),#5031,.T.);
#5026 = FACE_BOUND('',#5027,.T.);
#5027 = EDGE_LOOP('',(#5028,#5029,#5030));
#5028 = ORIENTED_EDGE('',*,*,#4966,.F.);
#5029 = ORIENTED_EDGE('',*,*,#4990,.F.);
#5030 = ORIENTED_EDGE('',*,*,#5014,.F.);
#5031 = PLANE('',#5032);
#5032 = AXIS2_PLACEMENT_3D('',#5033,#5034,#5035);
#5033 = CARTESIAN_POINT('',(32.,31.,21.2));
#5034 = DIRECTION('',(0.,0.,1.));
#5035 = DIRECTION('',(1.,0.,-0.));
#5036 = ADVANCED_FACE('',(#5037),#5062,.F.);
#5037 = FACE_BOUND('',#5038,.F.);
#5038 = EDGE_LOOP('',(#5039,#5049,#5055,#5056));
#5039 = ORIENTED_EDGE('',*,*,#5040,.F.);
#5040 = EDGE_CURVE('',#5041,#5043,#5045,.T.);
#5041 = VERTEX_POINT('',#5042);
#5042 = CARTESIAN_POINT('',(9.611325503356,51.879194630872,20.8));
#5043 = VERTEX_POINT('',#5044);
#5044 = CARTESIAN_POINT('',(10.585318791946,51.879194630872,20.8));
#5045 = LINE('',#5046,#5047);
#5046 = CARTESIAN_POINT('',(9.611325503356,51.879194630872,20.8));
#5047 = VECTOR('',#5048,1.);
#5048 = DIRECTION('',(1.,0.,0.));
#5049 = ORIENTED_EDGE('',*,*,#5050,.T.);
#5050 = EDGE_CURVE('',#5041,#2042,#5051,.T.);
#5051 = LINE('',#5052,#5053);
#5052 = CARTESIAN_POINT('',(9.611325503356,51.879194630872,20.8));
#5053 = VECTOR('',#5054,1.);
#5054 = DIRECTION('',(0.,0.,1.));
#5055 = ORIENTED_EDGE('',*,*,#2039,.F.);
#5056 = ORIENTED_EDGE('',*,*,#5057,.F.);
#5057 = EDGE_CURVE('',#5043,#2040,#5058,.T.);
#5058 = LINE('',#5059,#5060);
#5059 = CARTESIAN_POINT('',(10.585318791946,51.879194630872,20.8));
#5060 = VECTOR('',#5061,1.);
#5061 = DIRECTION('',(0.,0.,1.));
#5062 = PLANE('',#5063);
#5063 = AXIS2_PLACEMENT_3D('',#5064,#5065,#5066);
#5064 = CARTESIAN_POINT('',(9.611325503356,51.879194630872,20.8));
#5065 = DIRECTION('',(0.,1.,0.));
#5066 = DIRECTION('',(1.,0.,0.));
#5067 = ADVANCED_FACE('',(#5068),#5086,.F.);
#5068 = FACE_BOUND('',#5069,.F.);
#5069 = EDGE_LOOP('',(#5070,#5078,#5079,#5080));
#5070 = ORIENTED_EDGE('',*,*,#5071,.F.);
#5071 = EDGE_CURVE('',#5043,#5072,#5074,.T.);
#5072 = VERTEX_POINT('',#5073);
#5073 = CARTESIAN_POINT('',(11.581963087248,49.105033557047,20.8));
#5074 = LINE('',#5075,#5076);
#5075 = CARTESIAN_POINT('',(10.585318791946,51.879194630872,20.8));
#5076 = VECTOR('',#5077,1.);
#5077 = DIRECTION('',(0.338102631749,-0.94110924467,0.));
#5078 = ORIENTED_EDGE('',*,*,#5057,.T.);
#5079 = ORIENTED_EDGE('',*,*,#2049,.F.);
#5080 = ORIENTED_EDGE('',*,*,#5081,.F.);
#5081 = EDGE_CURVE('',#5072,#2050,#5082,.T.);
#5082 = LINE('',#5083,#5084);
#5083 = CARTESIAN_POINT('',(11.581963087248,49.105033557047,20.8));
#5084 = VECTOR('',#5085,1.);
#5085 = DIRECTION('',(0.,0.,1.));
#5086 = PLANE('',#5087);
#5087 = AXIS2_PLACEMENT_3D('',#5088,#5089,#5090);
#5088 = CARTESIAN_POINT('',(10.585318791946,51.879194630872,20.8));
#5089 = DIRECTION('',(0.94110924467,0.338102631749,-0.));
#5090 = DIRECTION('',(0.338102631749,-0.94110924467,0.));
#5091 = ADVANCED_FACE('',(#5092),#5110,.F.);
#5092 = FACE_BOUND('',#5093,.F.);
#5093 = EDGE_LOOP('',(#5094,#5102,#5108,#5109));
#5094 = ORIENTED_EDGE('',*,*,#5095,.F.);
#5095 = EDGE_CURVE('',#5096,#5041,#5098,.T.);
#5096 = VERTEX_POINT('',#5097);
#5097 = CARTESIAN_POINT('',(11.003104026846,48.120805369128,20.8));
#5098 = LINE('',#5099,#5100);
#5099 = CARTESIAN_POINT('',(11.003104026846,48.120805369128,20.8));
#5100 = VECTOR('',#5101,1.);
#5101 = DIRECTION('',(-0.347266632791,0.93776643454,0.));
#5102 = ORIENTED_EDGE('',*,*,#5103,.T.);
#5103 = EDGE_CURVE('',#5096,#2082,#5104,.T.);
#5104 = LINE('',#5105,#5106);
#5105 = CARTESIAN_POINT('',(11.003104026846,48.120805369128,20.8));
#5106 = VECTOR('',#5107,1.);
#5107 = DIRECTION('',(0.,0.,1.));
#5108 = ORIENTED_EDGE('',*,*,#2089,.F.);
#5109 = ORIENTED_EDGE('',*,*,#5050,.F.);
#5110 = PLANE('',#5111);
#5111 = AXIS2_PLACEMENT_3D('',#5112,#5113,#5114);
#5112 = CARTESIAN_POINT('',(11.003104026846,48.120805369128,20.8));
#5113 = DIRECTION('',(-0.93776643454,-0.347266632791,0.));
#5114 = DIRECTION('',(-0.347266632791,0.93776643454,0.));
#5115 = ADVANCED_FACE('',(#5116),#5134,.F.);
#5116 = FACE_BOUND('',#5117,.F.);
#5117 = EDGE_LOOP('',(#5118,#5126,#5127,#5128));
#5118 = ORIENTED_EDGE('',*,*,#5119,.F.);
#5119 = EDGE_CURVE('',#5072,#5120,#5122,.T.);
#5120 = VERTEX_POINT('',#5121);
#5121 = CARTESIAN_POINT('',(12.576090604027,51.879194630872,20.8));
#5122 = LINE('',#5123,#5124);
#5123 = CARTESIAN_POINT('',(11.581963087248,49.105033557047,20.8));
#5124 = VECTOR('',#5125,1.);
#5125 = DIRECTION('',(0.337346110053,0.941380689218,0.));
#5126 = ORIENTED_EDGE('',*,*,#5081,.T.);
#5127 = ORIENTED_EDGE('',*,*,#2057,.F.);
#5128 = ORIENTED_EDGE('',*,*,#5129,.F.);
#5129 = EDGE_CURVE('',#5120,#2058,#5130,.T.);
#5130 = LINE('',#5131,#5132);
#5131 = CARTESIAN_POINT('',(12.576090604027,51.879194630872,20.8));
#5132 = VECTOR('',#5133,1.);
#5133 = DIRECTION('',(0.,0.,1.));
#5134 = PLANE('',#5135);
#5135 = AXIS2_PLACEMENT_3D('',#5136,#5137,#5138);
#5136 = CARTESIAN_POINT('',(11.581963087248,49.105033557047,20.8));
#5137 = DIRECTION('',(-0.941380689218,0.337346110053,0.));
#5138 = DIRECTION('',(0.337346110053,0.941380689218,0.));
#5139 = ADVANCED_FACE('',(#5140),#5158,.F.);
#5140 = FACE_BOUND('',#5141,.F.);
#5141 = EDGE_LOOP('',(#5142,#5150,#5156,#5157));
#5142 = ORIENTED_EDGE('',*,*,#5143,.F.);
#5143 = EDGE_CURVE('',#5144,#5096,#5146,.T.);
#5144 = VERTEX_POINT('',#5145);
#5145 = CARTESIAN_POINT('',(12.158305369128,48.120805369128,20.8));
#5146 = LINE('',#5147,#5148);
#5147 = CARTESIAN_POINT('',(12.158305369128,48.120805369128,20.8));
#5148 = VECTOR('',#5149,1.);
#5149 = DIRECTION('',(-1.,0.,0.));
#5150 = ORIENTED_EDGE('',*,*,#5151,.T.);
#5151 = EDGE_CURVE('',#5144,#2074,#5152,.T.);
#5152 = LINE('',#5153,#5154);
#5153 = CARTESIAN_POINT('',(12.158305369128,48.120805369128,20.8));
#5154 = VECTOR('',#5155,1.);
#5155 = DIRECTION('',(0.,0.,1.));
#5156 = ORIENTED_EDGE('',*,*,#2081,.F.);
#5157 = ORIENTED_EDGE('',*,*,#5103,.F.);
#5158 = PLANE('',#5159);
#5159 = AXIS2_PLACEMENT_3D('',#5160,#5161,#5162);
#5160 = CARTESIAN_POINT('',(12.158305369128,48.120805369128,20.8));
#5161 = DIRECTION('',(0.,-1.,0.));
#5162 = DIRECTION('',(-1.,0.,0.));
#5163 = ADVANCED_FACE('',(#5164),#5182,.F.);
#5164 = FACE_BOUND('',#5165,.F.);
#5165 = EDGE_LOOP('',(#5166,#5174,#5175,#5176));
#5166 = ORIENTED_EDGE('',*,*,#5167,.F.);
#5167 = EDGE_CURVE('',#5120,#5168,#5170,.T.);
#5168 = VERTEX_POINT('',#5169);
#5169 = CARTESIAN_POINT('',(13.550083892617,51.879194630872,20.8));
#5170 = LINE('',#5171,#5172);
#5171 = CARTESIAN_POINT('',(12.576090604027,51.879194630872,20.8));
#5172 = VECTOR('',#5173,1.);
#5173 = DIRECTION('',(1.,0.,0.));
#5174 = ORIENTED_EDGE('',*,*,#5129,.T.);
#5175 = ORIENTED_EDGE('',*,*,#2065,.F.);
#5176 = ORIENTED_EDGE('',*,*,#5177,.F.);
#5177 = EDGE_CURVE('',#5168,#2066,#5178,.T.);
#5178 = LINE('',#5179,#5180);
#5179 = CARTESIAN_POINT('',(13.550083892617,51.879194630872,20.8));
#5180 = VECTOR('',#5181,1.);
#5181 = DIRECTION('',(0.,0.,1.));
#5182 = PLANE('',#5183);
#5183 = AXIS2_PLACEMENT_3D('',#5184,#5185,#5186);
#5184 = CARTESIAN_POINT('',(12.576090604027,51.879194630872,20.8));
#5185 = DIRECTION('',(0.,1.,0.));
#5186 = DIRECTION('',(1.,0.,0.));
#5187 = ADVANCED_FACE('',(#5188),#5199,.F.);
#5188 = FACE_BOUND('',#5189,.F.);
#5189 = EDGE_LOOP('',(#5190,#5196,#5197,#5198));
#5190 = ORIENTED_EDGE('',*,*,#5191,.F.);
#5191 = EDGE_CURVE('',#5168,#5144,#5192,.T.);
#5192 = LINE('',#5193,#5194);
#5193 = CARTESIAN_POINT('',(13.550083892617,51.879194630872,20.8));
#5194 = VECTOR('',#5195,1.);
#5195 = DIRECTION('',(-0.347266632791,-0.93776643454,0.));
#5196 = ORIENTED_EDGE('',*,*,#5177,.T.);
#5197 = ORIENTED_EDGE('',*,*,#2073,.F.);
#5198 = ORIENTED_EDGE('',*,*,#5151,.F.);
#5199 = PLANE('',#5200);
#5200 = AXIS2_PLACEMENT_3D('',#5201,#5202,#5203);
#5201 = CARTESIAN_POINT('',(13.550083892617,51.879194630872,20.8));
#5202 = DIRECTION('',(0.93776643454,-0.347266632791,0.));
#5203 = DIRECTION('',(-0.347266632791,-0.93776643454,0.));
#5204 = ADVANCED_FACE('',(#5205),#5214,.T.);
#5205 = FACE_BOUND('',#5206,.F.);
#5206 = EDGE_LOOP('',(#5207,#5208,#5209,#5210,#5211,#5212,#5213));
#5207 = ORIENTED_EDGE('',*,*,#5040,.T.);
#5208 = ORIENTED_EDGE('',*,*,#5071,.T.);
#5209 = ORIENTED_EDGE('',*,*,#5119,.T.);
#5210 = ORIENTED_EDGE('',*,*,#5167,.T.);
#5211 = ORIENTED_EDGE('',*,*,#5191,.T.);
#5212 = ORIENTED_EDGE('',*,*,#5143,.T.);
#5213 = ORIENTED_EDGE('',*,*,#5095,.T.);
#5214 = PLANE('',#5215);
#5215 = AXIS2_PLACEMENT_3D('',#5216,#5217,#5218);
#5216 = CARTESIAN_POINT('',(11.580897830994,50.258068729896,20.8));
#5217 = DIRECTION('',(0.,0.,1.));
#5218 = DIRECTION('',(1.,0.,-0.));
#5219 = ADVANCED_FACE('',(#5220),#5245,.F.);
#5220 = FACE_BOUND('',#5221,.F.);
#5221 = EDGE_LOOP('',(#5222,#5232,#5238,#5239));
#5222 = ORIENTED_EDGE('',*,*,#5223,.F.);
#5223 = EDGE_CURVE('',#5224,#5226,#5228,.T.);
#5224 = VERTEX_POINT('',#5225);
#5225 = CARTESIAN_POINT('',(3.82038590604,51.879194630872,20.8));
#5226 = VERTEX_POINT('',#5227);
#5227 = CARTESIAN_POINT('',(4.902600671141,51.879194630872,20.8));
#5228 = LINE('',#5229,#5230);
#5229 = CARTESIAN_POINT('',(3.82038590604,51.879194630872,20.8));
#5230 = VECTOR('',#5231,1.);
#5231 = DIRECTION('',(1.,0.,0.));
#5232 = ORIENTED_EDGE('',*,*,#5233,.T.);
#5233 = EDGE_CURVE('',#5224,#2103,#5234,.T.);
#5234 = LINE('',#5235,#5236);
#5235 = CARTESIAN_POINT('',(3.82038590604,51.879194630872,20.8));
#5236 = VECTOR('',#5237,1.);
#5237 = DIRECTION('',(0.,0.,1.));
#5238 = ORIENTED_EDGE('',*,*,#2100,.F.);
#5239 = ORIENTED_EDGE('',*,*,#5240,.F.);
#5240 = EDGE_CURVE('',#5226,#2101,#5241,.T.);
#5241 = LINE('',#5242,#5243);
#5242 = CARTESIAN_POINT('',(4.902600671141,51.879194630872,20.8));
#5243 = VECTOR('',#5244,1.);
#5244 = DIRECTION('',(0.,0.,1.));
#5245 = PLANE('',#5246);
#5246 = AXIS2_PLACEMENT_3D('',#5247,#5248,#5249);
#5247 = CARTESIAN_POINT('',(3.82038590604,51.879194630872,20.8));
#5248 = DIRECTION('',(0.,1.,0.));
#5249 = DIRECTION('',(1.,0.,0.));
#5250 = ADVANCED_FACE('',(#5251),#5269,.F.);
#5251 = FACE_BOUND('',#5252,.F.);
#5252 = EDGE_LOOP('',(#5253,#5261,#5262,#5263));
#5253 = ORIENTED_EDGE('',*,*,#5254,.F.);
#5254 = EDGE_CURVE('',#5226,#5255,#5257,.T.);
#5255 = VERTEX_POINT('',#5256);
#5256 = CARTESIAN_POINT('',(6.269211409396,49.301510067114,20.8));
#5257 = LINE('',#5258,#5259);
#5258 = CARTESIAN_POINT('',(4.902600671141,51.879194630872,20.8));
#5259 = VECTOR('',#5260,1.);
#5260 = DIRECTION('',(0.46841081492,-0.88351078571,-0.));
#5261 = ORIENTED_EDGE('',*,*,#5240,.T.);
#5262 = ORIENTED_EDGE('',*,*,#2110,.F.);
#5263 = ORIENTED_EDGE('',*,*,#5264,.F.);
#5264 = EDGE_CURVE('',#5255,#2111,#5265,.T.);
#5265 = LINE('',#5266,#5267);
#5266 = CARTESIAN_POINT('',(6.269211409396,49.301510067114,20.8));
#5267 = VECTOR('',#5268,1.);
#5268 = DIRECTION('',(0.,0.,1.));
#5269 = PLANE('',#5270);
#5270 = AXIS2_PLACEMENT_3D('',#5271,#5272,#5273);
#5271 = CARTESIAN_POINT('',(4.902600671141,51.879194630872,20.8));
#5272 = DIRECTION('',(0.88351078571,0.46841081492,-0.));
#5273 = DIRECTION('',(0.46841081492,-0.88351078571,0.));
#5274 = ADVANCED_FACE('',(#5275),#5293,.F.);
#5275 = FACE_BOUND('',#5276,.F.);
#5276 = EDGE_LOOP('',(#5277,#5285,#5291,#5292));
#5277 = ORIENTED_EDGE('',*,*,#5278,.F.);
#5278 = EDGE_CURVE('',#5279,#5224,#5281,.T.);
#5279 = VERTEX_POINT('',#5280);
#5280 = CARTESIAN_POINT('',(3.82038590604,48.120805369128,20.8));
#5281 = LINE('',#5282,#5283);
#5282 = CARTESIAN_POINT('',(3.82038590604,48.120805369128,20.8));
#5283 = VECTOR('',#5284,1.);
#5284 = DIRECTION('',(0.,1.,0.));
#5285 = ORIENTED_EDGE('',*,*,#5286,.T.);
#5286 = EDGE_CURVE('',#5279,#2167,#5287,.T.);
#5287 = LINE('',#5288,#5289);
#5288 = CARTESIAN_POINT('',(3.82038590604,48.120805369128,20.8));
#5289 = VECTOR('',#5290,1.);
#5290 = DIRECTION('',(0.,0.,1.));
#5291 = ORIENTED_EDGE('',*,*,#2174,.F.);
#5292 = ORIENTED_EDGE('',*,*,#5233,.F.);
#5293 = PLANE('',#5294);
#5294 = AXIS2_PLACEMENT_3D('',#5295,#5296,#5297);
#5295 = CARTESIAN_POINT('',(3.82038590604,48.120805369128,20.8));
#5296 = DIRECTION('',(-1.,0.,0.));
#5297 = DIRECTION('',(0.,1.,0.));
#5298 = ADVANCED_FACE('',(#5299),#5317,.F.);
#5299 = FACE_BOUND('',#5300,.F.);
#5300 = EDGE_LOOP('',(#5301,#5309,#5310,#5311));
#5301 = ORIENTED_EDGE('',*,*,#5302,.F.);
#5302 = EDGE_CURVE('',#5255,#5303,#5305,.T.);
#5303 = VERTEX_POINT('',#5304);
#5304 = CARTESIAN_POINT('',(6.269211409396,51.879194630872,20.8));
#5305 = LINE('',#5306,#5307);
#5306 = CARTESIAN_POINT('',(6.269211409396,49.301510067114,20.8));
#5307 = VECTOR('',#5308,1.);
#5308 = DIRECTION('',(0.,1.,0.));
#5309 = ORIENTED_EDGE('',*,*,#5264,.T.);
#5310 = ORIENTED_EDGE('',*,*,#2118,.F.);
#5311 = ORIENTED_EDGE('',*,*,#5312,.F.);
#5312 = EDGE_CURVE('',#5303,#2119,#5313,.T.);
#5313 = LINE('',#5314,#5315);
#5314 = CARTESIAN_POINT('',(6.269211409396,51.879194630872,20.8));
#5315 = VECTOR('',#5316,1.);
#5316 = DIRECTION('',(0.,0.,1.));
#5317 = PLANE('',#5318);
#5318 = AXIS2_PLACEMENT_3D('',#5319,#5320,#5321);
#5319 = CARTESIAN_POINT('',(6.269211409396,49.301510067114,20.8));
#5320 = DIRECTION('',(-1.,0.,0.));
#5321 = DIRECTION('',(0.,1.,0.));
#5322 = ADVANCED_FACE('',(#5323),#5341,.F.);
#5323 = FACE_BOUND('',#5324,.F.);
#5324 = EDGE_LOOP('',(#5325,#5333,#5339,#5340));
#5325 = ORIENTED_EDGE('',*,*,#5326,.F.);
#5326 = EDGE_CURVE('',#5327,#5279,#5329,.T.);
#5327 = VERTEX_POINT('',#5328);
#5328 = CARTESIAN_POINT('',(4.739010067114,48.120805369128,20.8));
#5329 = LINE('',#5330,#5331);
#5330 = CARTESIAN_POINT('',(4.739010067114,48.120805369128,20.8));
#5331 = VECTOR('',#5332,1.);
#5332 = DIRECTION('',(-1.,0.,0.));
#5333 = ORIENTED_EDGE('',*,*,#5334,.T.);
#5334 = EDGE_CURVE('',#5327,#2159,#5335,.T.);
#5335 = LINE('',#5336,#5337);
#5336 = CARTESIAN_POINT('',(4.739010067114,48.120805369128,20.8));
#5337 = VECTOR('',#5338,1.);
#5338 = DIRECTION('',(0.,0.,1.));
#5339 = ORIENTED_EDGE('',*,*,#2166,.F.);
#5340 = ORIENTED_EDGE('',*,*,#5286,.F.);
#5341 = PLANE('',#5342);
#5342 = AXIS2_PLACEMENT_3D('',#5343,#5344,#5345);
#5343 = CARTESIAN_POINT('',(4.739010067114,48.120805369128,20.8));
#5344 = DIRECTION('',(0.,-1.,0.));
#5345 = DIRECTION('',(-1.,0.,0.));
#5346 = ADVANCED_FACE('',(#5347),#5365,.F.);
#5347 = FACE_BOUND('',#5348,.F.);
#5348 = EDGE_LOOP('',(#5349,#5357,#5358,#5359));
#5349 = ORIENTED_EDGE('',*,*,#5350,.F.);
#5350 = EDGE_CURVE('',#5303,#5351,#5353,.T.);
#5351 = VERTEX_POINT('',#5352);
#5352 = CARTESIAN_POINT('',(7.18783557047,51.879194630872,20.8));
#5353 = LINE('',#5354,#5355);
#5354 = CARTESIAN_POINT('',(6.269211409396,51.879194630872,20.8));
#5355 = VECTOR('',#5356,1.);
#5356 = DIRECTION('',(1.,0.,0.));
#5357 = ORIENTED_EDGE('',*,*,#5312,.T.);
#5358 = ORIENTED_EDGE('',*,*,#2126,.F.);
#5359 = ORIENTED_EDGE('',*,*,#5360,.F.);
#5360 = EDGE_CURVE('',#5351,#2127,#5361,.T.);
#5361 = LINE('',#5362,#5363);
#5362 = CARTESIAN_POINT('',(7.18783557047,51.879194630872,20.8));
#5363 = VECTOR('',#5364,1.);
#5364 = DIRECTION('',(0.,0.,1.));
#5365 = PLANE('',#5366);
#5366 = AXIS2_PLACEMENT_3D('',#5367,#5368,#5369);
#5367 = CARTESIAN_POINT('',(6.269211409396,51.879194630872,20.8));
#5368 = DIRECTION('',(0.,1.,0.));
#5369 = DIRECTION('',(1.,0.,0.));
#5370 = ADVANCED_FACE('',(#5371),#5389,.F.);
#5371 = FACE_BOUND('',#5372,.F.);
#5372 = EDGE_LOOP('',(#5373,#5381,#5387,#5388));
#5373 = ORIENTED_EDGE('',*,*,#5374,.F.);
#5374 = EDGE_CURVE('',#5375,#5327,#5377,.T.);
#5375 = VERTEX_POINT('',#5376);
#5376 = CARTESIAN_POINT('',(4.739010067114,50.698489932886,20.8));
#5377 = LINE('',#5378,#5379);
#5378 = CARTESIAN_POINT('',(4.739010067114,50.698489932886,20.8));
#5379 = VECTOR('',#5380,1.);
#5380 = DIRECTION('',(0.,-1.,-0.));
#5381 = ORIENTED_EDGE('',*,*,#5382,.T.);
#5382 = EDGE_CURVE('',#5375,#2151,#5383,.T.);
#5383 = LINE('',#5384,#5385);
#5384 = CARTESIAN_POINT('',(4.739010067114,50.698489932886,20.8));
#5385 = VECTOR('',#5386,1.);
#5386 = DIRECTION('',(0.,0.,1.));
#5387 = ORIENTED_EDGE('',*,*,#2158,.F.);
#5388 = ORIENTED_EDGE('',*,*,#5334,.F.);
#5389 = PLANE('',#5390);
#5390 = AXIS2_PLACEMENT_3D('',#5391,#5392,#5393);
#5391 = CARTESIAN_POINT('',(4.739010067114,50.698489932886,20.8));
#5392 = DIRECTION('',(1.,0.,-0.));
#5393 = DIRECTION('',(0.,-1.,0.));
#5394 = ADVANCED_FACE('',(#5395),#5413,.F.);
#5395 = FACE_BOUND('',#5396,.F.);
#5396 = EDGE_LOOP('',(#5397,#5405,#5406,#5407));
#5397 = ORIENTED_EDGE('',*,*,#5398,.F.);
#5398 = EDGE_CURVE('',#5351,#5399,#5401,.T.);
#5399 = VERTEX_POINT('',#5400);
#5400 = CARTESIAN_POINT('',(7.18783557047,48.120805369128,20.8));
#5401 = LINE('',#5402,#5403);
#5402 = CARTESIAN_POINT('',(7.18783557047,51.879194630872,20.8));
#5403 = VECTOR('',#5404,1.);
#5404 = DIRECTION('',(0.,-1.,-0.));
#5405 = ORIENTED_EDGE('',*,*,#5360,.T.);
#5406 = ORIENTED_EDGE('',*,*,#2134,.F.);
#5407 = ORIENTED_EDGE('',*,*,#5408,.F.);
#5408 = EDGE_CURVE('',#5399,#2135,#5409,.T.);
#5409 = LINE('',#5410,#5411);
#5410 = CARTESIAN_POINT('',(7.18783557047,48.120805369128,20.8));
#5411 = VECTOR('',#5412,1.);
#5412 = DIRECTION('',(0.,0.,1.));
#5413 = PLANE('',#5414);
#5414 = AXIS2_PLACEMENT_3D('',#5415,#5416,#5417);
#5415 = CARTESIAN_POINT('',(7.18783557047,51.879194630872,20.8));
#5416 = DIRECTION('',(1.,0.,-0.));
#5417 = DIRECTION('',(0.,-1.,0.));
#5418 = ADVANCED_FACE('',(#5419),#5437,.F.);
#5419 = FACE_BOUND('',#5420,.F.);
#5420 = EDGE_LOOP('',(#5421,#5429,#5435,#5436));
#5421 = ORIENTED_EDGE('',*,*,#5422,.F.);
#5422 = EDGE_CURVE('',#5423,#5375,#5425,.T.);
#5423 = VERTEX_POINT('',#5424);
#5424 = CARTESIAN_POINT('',(6.105620805369,48.120805369128,20.8));
#5425 = LINE('',#5426,#5427);
#5426 = CARTESIAN_POINT('',(6.105620805369,48.120805369128,20.8));
#5427 = VECTOR('',#5428,1.);
#5428 = DIRECTION('',(-0.46841081492,0.88351078571,0.));
#5429 = ORIENTED_EDGE('',*,*,#5430,.T.);
#5430 = EDGE_CURVE('',#5423,#2143,#5431,.T.);
#5431 = LINE('',#5432,#5433);
#5432 = CARTESIAN_POINT('',(6.105620805369,48.120805369128,20.8));
#5433 = VECTOR('',#5434,1.);
#5434 = DIRECTION('',(0.,0.,1.));
#5435 = ORIENTED_EDGE('',*,*,#2150,.F.);
#5436 = ORIENTED_EDGE('',*,*,#5382,.F.);
#5437 = PLANE('',#5438);
#5438 = AXIS2_PLACEMENT_3D('',#5439,#5440,#5441);
#5439 = CARTESIAN_POINT('',(6.105620805369,48.120805369128,20.8));
#5440 = DIRECTION('',(-0.88351078571,-0.46841081492,0.));
#5441 = DIRECTION('',(-0.46841081492,0.88351078571,0.));
#5442 = ADVANCED_FACE('',(#5443),#5454,.F.);
#5443 = FACE_BOUND('',#5444,.F.);
#5444 = EDGE_LOOP('',(#5445,#5451,#5452,#5453));
#5445 = ORIENTED_EDGE('',*,*,#5446,.F.);
#5446 = EDGE_CURVE('',#5399,#5423,#5447,.T.);
#5447 = LINE('',#5448,#5449);
#5448 = CARTESIAN_POINT('',(7.18783557047,48.120805369128,20.8));
#5449 = VECTOR('',#5450,1.);
#5450 = DIRECTION('',(-1.,0.,0.));
#5451 = ORIENTED_EDGE('',*,*,#5408,.T.);
#5452 = ORIENTED_EDGE('',*,*,#2142,.F.);
#5453 = ORIENTED_EDGE('',*,*,#5430,.F.);
#5454 = PLANE('',#5455);
#5455 = AXIS2_PLACEMENT_3D('',#5456,#5457,#5458);
#5456 = CARTESIAN_POINT('',(7.18783557047,48.120805369128,20.8));
#5457 = DIRECTION('',(0.,-1.,0.));
#5458 = DIRECTION('',(-1.,0.,0.));
#5459 = ADVANCED_FACE('',(#5460),#5472,.T.);
#5460 = FACE_BOUND('',#5461,.F.);
#5461 = EDGE_LOOP('',(#5462,#5463,#5464,#5465,#5466,#5467,#5468,#5469,
    #5470,#5471));
#5462 = ORIENTED_EDGE('',*,*,#5223,.T.);
#5463 = ORIENTED_EDGE('',*,*,#5254,.T.);
#5464 = ORIENTED_EDGE('',*,*,#5302,.T.);
#5465 = ORIENTED_EDGE('',*,*,#5350,.T.);
#5466 = ORIENTED_EDGE('',*,*,#5398,.T.);
#5467 = ORIENTED_EDGE('',*,*,#5446,.T.);
#5468 = ORIENTED_EDGE('',*,*,#5422,.T.);
#5469 = ORIENTED_EDGE('',*,*,#5374,.T.);
#5470 = ORIENTED_EDGE('',*,*,#5326,.T.);
#5471 = ORIENTED_EDGE('',*,*,#5278,.T.);
#5472 = PLANE('',#5473);
#5473 = AXIS2_PLACEMENT_3D('',#5474,#5475,#5476);
#5474 = CARTESIAN_POINT('',(5.504110738255,50.,20.8));
#5475 = DIRECTION('',(0.,0.,1.));
#5476 = DIRECTION('',(1.,0.,-0.));
#5477 = ADVANCED_FACE('',(#5478),#5503,.F.);
#5478 = FACE_BOUND('',#5479,.F.);
#5479 = EDGE_LOOP('',(#5480,#5490,#5496,#5497));
#5480 = ORIENTED_EDGE('',*,*,#5481,.F.);
#5481 = EDGE_CURVE('',#5482,#5484,#5486,.T.);
#5482 = VERTEX_POINT('',#5483);
#5483 = CARTESIAN_POINT('',(8.13716442953,51.879194630872,20.8));
#5484 = VERTEX_POINT('',#5485);
#5485 = CARTESIAN_POINT('',(9.106124161074,51.879194630872,20.8));
#5486 = LINE('',#5487,#5488);
#5487 = CARTESIAN_POINT('',(8.13716442953,51.879194630872,20.8));
#5488 = VECTOR('',#5489,1.);
#5489 = DIRECTION('',(1.,0.,0.));
#5490 = ORIENTED_EDGE('',*,*,#5491,.T.);
#5491 = EDGE_CURVE('',#5482,#2185,#5492,.T.);
#5492 = LINE('',#5493,#5494);
#5493 = CARTESIAN_POINT('',(8.13716442953,51.879194630872,20.8));
#5494 = VECTOR('',#5495,1.);
#5495 = DIRECTION('',(0.,0.,1.));
#5496 = ORIENTED_EDGE('',*,*,#2182,.F.);
#5497 = ORIENTED_EDGE('',*,*,#5498,.F.);
#5498 = EDGE_CURVE('',#5484,#2183,#5499,.T.);
#5499 = LINE('',#5500,#5501);
#5500 = CARTESIAN_POINT('',(9.106124161074,51.879194630872,20.8));
#5501 = VECTOR('',#5502,1.);
#5502 = DIRECTION('',(0.,0.,1.));
#5503 = PLANE('',#5504);
#5504 = AXIS2_PLACEMENT_3D('',#5505,#5506,#5507);
#5505 = CARTESIAN_POINT('',(8.13716442953,51.879194630872,20.8));
#5506 = DIRECTION('',(0.,1.,0.));
#5507 = DIRECTION('',(1.,0.,0.));
#5508 = ADVANCED_FACE('',(#5509),#5527,.F.);
#5509 = FACE_BOUND('',#5510,.F.);
#5510 = EDGE_LOOP('',(#5511,#5519,#5520,#5521));
#5511 = ORIENTED_EDGE('',*,*,#5512,.F.);
#5512 = EDGE_CURVE('',#5484,#5513,#5515,.T.);
#5513 = VERTEX_POINT('',#5514);
#5514 = CARTESIAN_POINT('',(9.106124161074,48.120805369128,20.8));
#5515 = LINE('',#5516,#5517);
#5516 = CARTESIAN_POINT('',(9.106124161074,51.879194630872,20.8));
#5517 = VECTOR('',#5518,1.);
#5518 = DIRECTION('',(0.,-1.,0.));
#5519 = ORIENTED_EDGE('',*,*,#5498,.T.);
#5520 = ORIENTED_EDGE('',*,*,#2192,.F.);
#5521 = ORIENTED_EDGE('',*,*,#5522,.F.);
#5522 = EDGE_CURVE('',#5513,#2193,#5523,.T.);
#5523 = LINE('',#5524,#5525);
#5524 = CARTESIAN_POINT('',(9.106124161074,48.120805369128,20.8));
#5525 = VECTOR('',#5526,1.);
#5526 = DIRECTION('',(0.,0.,1.));
#5527 = PLANE('',#5528);
#5528 = AXIS2_PLACEMENT_3D('',#5529,#5530,#5531);
#5529 = CARTESIAN_POINT('',(9.106124161074,51.879194630872,20.8));
#5530 = DIRECTION('',(1.,0.,-0.));
#5531 = DIRECTION('',(0.,-1.,0.));
#5532 = ADVANCED_FACE('',(#5533),#5551,.F.);
#5533 = FACE_BOUND('',#5534,.F.);
#5534 = EDGE_LOOP('',(#5535,#5543,#5549,#5550));
#5535 = ORIENTED_EDGE('',*,*,#5536,.F.);
#5536 = EDGE_CURVE('',#5537,#5482,#5539,.T.);
#5537 = VERTEX_POINT('',#5538);
#5538 = CARTESIAN_POINT('',(8.13716442953,48.120805369128,20.8));
#5539 = LINE('',#5540,#5541);
#5540 = CARTESIAN_POINT('',(8.13716442953,48.120805369128,20.8));
#5541 = VECTOR('',#5542,1.);
#5542 = DIRECTION('',(0.,1.,0.));
#5543 = ORIENTED_EDGE('',*,*,#5544,.T.);
#5544 = EDGE_CURVE('',#5537,#2201,#5545,.T.);
#5545 = LINE('',#5546,#5547);
#5546 = CARTESIAN_POINT('',(8.13716442953,48.120805369128,20.8));
#5547 = VECTOR('',#5548,1.);
#5548 = DIRECTION('',(0.,0.,1.));
#5549 = ORIENTED_EDGE('',*,*,#2208,.F.);
#5550 = ORIENTED_EDGE('',*,*,#5491,.F.);
#5551 = PLANE('',#5552);
#5552 = AXIS2_PLACEMENT_3D('',#5553,#5554,#5555);
#5553 = CARTESIAN_POINT('',(8.13716442953,48.120805369128,20.8));
#5554 = DIRECTION('',(-1.,0.,0.));
#5555 = DIRECTION('',(0.,1.,0.));
#5556 = ADVANCED_FACE('',(#5557),#5568,.F.);
#5557 = FACE_BOUND('',#5558,.F.);
#5558 = EDGE_LOOP('',(#5559,#5565,#5566,#5567));
#5559 = ORIENTED_EDGE('',*,*,#5560,.F.);
#5560 = EDGE_CURVE('',#5513,#5537,#5561,.T.);
#5561 = LINE('',#5562,#5563);
#5562 = CARTESIAN_POINT('',(9.106124161074,48.120805369128,20.8));
#5563 = VECTOR('',#5564,1.);
#5564 = DIRECTION('',(-1.,0.,0.));
#5565 = ORIENTED_EDGE('',*,*,#5522,.T.);
#5566 = ORIENTED_EDGE('',*,*,#2200,.F.);
#5567 = ORIENTED_EDGE('',*,*,#5544,.F.);
#5568 = PLANE('',#5569);
#5569 = AXIS2_PLACEMENT_3D('',#5570,#5571,#5572);
#5570 = CARTESIAN_POINT('',(9.106124161074,48.120805369128,20.8));
#5571 = DIRECTION('',(0.,-1.,0.));
#5572 = DIRECTION('',(-1.,0.,0.));
#5573 = ADVANCED_FACE('',(#5574),#5580,.T.);
#5574 = FACE_BOUND('',#5575,.F.);
#5575 = EDGE_LOOP('',(#5576,#5577,#5578,#5579));
#5576 = ORIENTED_EDGE('',*,*,#5481,.T.);
#5577 = ORIENTED_EDGE('',*,*,#5512,.T.);
#5578 = ORIENTED_EDGE('',*,*,#5560,.T.);
#5579 = ORIENTED_EDGE('',*,*,#5536,.T.);
#5580 = PLANE('',#5581);
#5581 = AXIS2_PLACEMENT_3D('',#5582,#5583,#5584);
#5582 = CARTESIAN_POINT('',(8.621644295302,50.,20.8));
#5583 = DIRECTION('',(0.,0.,1.));
#5584 = DIRECTION('',(1.,0.,-0.));
#5585 = ADVANCED_FACE('',(#5586),#5611,.F.);
#5586 = FACE_BOUND('',#5587,.F.);
#5587 = EDGE_LOOP('',(#5588,#5598,#5604,#5605));
#5588 = ORIENTED_EDGE('',*,*,#5589,.F.);
#5589 = EDGE_CURVE('',#5590,#5592,#5594,.T.);
#5590 = VERTEX_POINT('',#5591);
#5591 = CARTESIAN_POINT('',(21.090436241611,56.347382550336,20.8));
#5592 = VERTEX_POINT('',#5593);
#5593 = CARTESIAN_POINT('',(20.257130872483,56.347382550336,20.8));
#5594 = LINE('',#5595,#5596);
#5595 = CARTESIAN_POINT('',(21.090436241611,56.347382550336,20.8));
#5596 = VECTOR('',#5597,1.);
#5597 = DIRECTION('',(-1.,0.,0.));
#5598 = ORIENTED_EDGE('',*,*,#5599,.T.);
#5599 = EDGE_CURVE('',#5590,#2219,#5600,.T.);
#5600 = LINE('',#5601,#5602);
#5601 = CARTESIAN_POINT('',(21.090436241611,56.347382550336,20.8));
#5602 = VECTOR('',#5603,1.);
#5603 = DIRECTION('',(0.,0.,1.));
#5604 = ORIENTED_EDGE('',*,*,#2216,.F.);
#5605 = ORIENTED_EDGE('',*,*,#5606,.F.);
#5606 = EDGE_CURVE('',#5592,#2217,#5607,.T.);
#5607 = LINE('',#5608,#5609);
#5608 = CARTESIAN_POINT('',(20.257130872483,56.347382550336,20.8));
#5609 = VECTOR('',#5610,1.);
#5610 = DIRECTION('',(0.,0.,1.));
#5611 = PLANE('',#5612);
#5612 = AXIS2_PLACEMENT_3D('',#5613,#5614,#5615);
#5613 = CARTESIAN_POINT('',(21.090436241611,56.347382550336,20.8));
#5614 = DIRECTION('',(0.,-1.,0.));
#5615 = DIRECTION('',(-1.,0.,0.));
#5616 = ADVANCED_FACE('',(#5617),#5635,.F.);
#5617 = FACE_BOUND('',#5618,.F.);
#5618 = EDGE_LOOP('',(#5619,#5627,#5628,#5629));
#5619 = ORIENTED_EDGE('',*,*,#5620,.F.);
#5620 = EDGE_CURVE('',#5592,#5621,#5623,.T.);
#5621 = VERTEX_POINT('',#5622);
#5622 = CARTESIAN_POINT('',(20.125629194631,55.969395973154,20.8));
#5623 = LINE('',#5624,#5625);
#5624 = CARTESIAN_POINT('',(20.257130872483,56.347382550336,20.8));
#5625 = VECTOR('',#5626,1.);
#5626 = DIRECTION('',(-0.328583228166,-0.944475019346,0.));
#5627 = ORIENTED_EDGE('',*,*,#5606,.T.);
#5628 = ORIENTED_EDGE('',*,*,#2226,.F.);
#5629 = ORIENTED_EDGE('',*,*,#5630,.F.);
#5630 = EDGE_CURVE('',#5621,#2227,#5631,.T.);
#5631 = LINE('',#5632,#5633);
#5632 = CARTESIAN_POINT('',(20.125629194631,55.969395973154,20.8));
#5633 = VECTOR('',#5634,1.);
#5634 = DIRECTION('',(0.,0.,1.));
#5635 = PLANE('',#5636);
#5636 = AXIS2_PLACEMENT_3D('',#5637,#5638,#5639);
#5637 = CARTESIAN_POINT('',(20.257130872483,56.347382550336,20.8));
#5638 = DIRECTION('',(0.944475019346,-0.328583228166,0.));
#5639 = DIRECTION('',(-0.328583228166,-0.944475019346,0.));
#5640 = ADVANCED_FACE('',(#5641),#5659,.F.);
#5641 = FACE_BOUND('',#5642,.F.);
#5642 = EDGE_LOOP('',(#5643,#5651,#5657,#5658));
#5643 = ORIENTED_EDGE('',*,*,#5644,.F.);
#5644 = EDGE_CURVE('',#5645,#5590,#5647,.T.);
#5645 = VERTEX_POINT('',#5646);
#5646 = CARTESIAN_POINT('',(21.220553691275,55.969395973154,20.8));
#5647 = LINE('',#5648,#5649);
#5648 = CARTESIAN_POINT('',(21.220553691275,55.969395973154,20.8));
#5649 = VECTOR('',#5650,1.);
#5650 = DIRECTION('',(-0.325492639086,0.945544574254,0.));
#5651 = ORIENTED_EDGE('',*,*,#5652,.T.);
#5652 = EDGE_CURVE('',#5645,#2267,#5653,.T.);
#5653 = LINE('',#5654,#5655);
#5654 = CARTESIAN_POINT('',(21.220553691275,55.969395973154,20.8));
#5655 = VECTOR('',#5656,1.);
#5656 = DIRECTION('',(0.,0.,1.));
#5657 = ORIENTED_EDGE('',*,*,#2274,.F.);
#5658 = ORIENTED_EDGE('',*,*,#5599,.F.);
#5659 = PLANE('',#5660);
#5660 = AXIS2_PLACEMENT_3D('',#5661,#5662,#5663);
#5661 = CARTESIAN_POINT('',(21.220553691275,55.969395973154,20.8));
#5662 = DIRECTION('',(-0.945544574254,-0.325492639086,0.));
#5663 = DIRECTION('',(-0.325492639086,0.945544574254,0.));
#5664 = ADVANCED_FACE('',(#5665),#5683,.F.);
#5665 = FACE_BOUND('',#5666,.F.);
#5666 = EDGE_LOOP('',(#5667,#5675,#5676,#5677));
#5667 = ORIENTED_EDGE('',*,*,#5668,.F.);
#5668 = EDGE_CURVE('',#5621,#5669,#5671,.T.);
#5669 = VERTEX_POINT('',#5670);
#5670 = CARTESIAN_POINT('',(19.589932885906,55.969395973154,20.8));
#5671 = LINE('',#5672,#5673);
#5672 = CARTESIAN_POINT('',(20.125629194631,55.969395973154,20.8));
#5673 = VECTOR('',#5674,1.);
#5674 = DIRECTION('',(-1.,0.,0.));
#5675 = ORIENTED_EDGE('',*,*,#5630,.T.);
#5676 = ORIENTED_EDGE('',*,*,#2234,.F.);
#5677 = ORIENTED_EDGE('',*,*,#5678,.F.);
#5678 = EDGE_CURVE('',#5669,#2235,#5679,.T.);
#5679 = LINE('',#5680,#5681);
#5680 = CARTESIAN_POINT('',(19.589932885906,55.969395973154,20.8));
#5681 = VECTOR('',#5682,1.);
#5682 = DIRECTION('',(0.,0.,1.));
#5683 = PLANE('',#5684);
#5684 = AXIS2_PLACEMENT_3D('',#5685,#5686,#5687);
#5685 = CARTESIAN_POINT('',(20.125629194631,55.969395973154,20.8));
#5686 = DIRECTION('',(0.,-1.,0.));
#5687 = DIRECTION('',(-1.,0.,0.));
#5688 = ADVANCED_FACE('',(#5689),#5707,.F.);
#5689 = FACE_BOUND('',#5690,.F.);
#5690 = EDGE_LOOP('',(#5691,#5699,#5705,#5706));
#5691 = ORIENTED_EDGE('',*,*,#5692,.F.);
#5692 = EDGE_CURVE('',#5693,#5645,#5695,.T.);
#5693 = VERTEX_POINT('',#5694);
#5694 = CARTESIAN_POINT('',(21.75625,55.969395973154,20.8));
#5695 = LINE('',#5696,#5697);
#5696 = CARTESIAN_POINT('',(21.75625,55.969395973154,20.8));
#5697 = VECTOR('',#5698,1.);
#5698 = DIRECTION('',(-1.,0.,0.));
#5699 = ORIENTED_EDGE('',*,*,#5700,.T.);
#5700 = EDGE_CURVE('',#5693,#2259,#5701,.T.);
#5701 = LINE('',#5702,#5703);
#5702 = CARTESIAN_POINT('',(21.75625,55.969395973154,20.8));
#5703 = VECTOR('',#5704,1.);
#5704 = DIRECTION('',(0.,0.,1.));
#5705 = ORIENTED_EDGE('',*,*,#2266,.F.);
#5706 = ORIENTED_EDGE('',*,*,#5652,.F.);
#5707 = PLANE('',#5708);
#5708 = AXIS2_PLACEMENT_3D('',#5709,#5710,#5711);
#5709 = CARTESIAN_POINT('',(21.75625,55.969395973154,20.8));
#5710 = DIRECTION('',(0.,-1.,0.));
#5711 = DIRECTION('',(-1.,0.,0.));
#5712 = ADVANCED_FACE('',(#5713),#5731,.F.);
#5713 = FACE_BOUND('',#5714,.F.);
#5714 = EDGE_LOOP('',(#5715,#5723,#5724,#5725));
#5715 = ORIENTED_EDGE('',*,*,#5716,.F.);
#5716 = EDGE_CURVE('',#5669,#5717,#5719,.T.);
#5717 = VERTEX_POINT('',#5718);
#5718 = CARTESIAN_POINT('',(20.355411073826,58.036510067114,20.8));
#5719 = LINE('',#5720,#5721);
#5720 = CARTESIAN_POINT('',(19.589932885906,55.969395973154,20.8));
#5721 = VECTOR('',#5722,1.);
#5722 = DIRECTION('',(0.347266632791,0.93776643454,0.));
#5723 = ORIENTED_EDGE('',*,*,#5678,.T.);
#5724 = ORIENTED_EDGE('',*,*,#2242,.F.);
#5725 = ORIENTED_EDGE('',*,*,#5726,.F.);
#5726 = EDGE_CURVE('',#5717,#2243,#5727,.T.);
#5727 = LINE('',#5728,#5729);
#5728 = CARTESIAN_POINT('',(20.355411073826,58.036510067114,20.8));
#5729 = VECTOR('',#5730,1.);
#5730 = DIRECTION('',(0.,0.,1.));
#5731 = PLANE('',#5732);
#5732 = AXIS2_PLACEMENT_3D('',#5733,#5734,#5735);
#5733 = CARTESIAN_POINT('',(19.589932885906,55.969395973154,20.8));
#5734 = DIRECTION('',(-0.93776643454,0.347266632791,0.));
#5735 = DIRECTION('',(0.347266632791,0.93776643454,0.));
#5736 = ADVANCED_FACE('',(#5737),#5755,.F.);
#5737 = FACE_BOUND('',#5738,.F.);
#5738 = EDGE_LOOP('',(#5739,#5747,#5753,#5754));
#5739 = ORIENTED_EDGE('',*,*,#5740,.F.);
#5740 = EDGE_CURVE('',#5741,#5693,#5743,.T.);
#5741 = VERTEX_POINT('',#5742);
#5742 = CARTESIAN_POINT('',(20.990771812081,58.036510067114,20.8));
#5743 = LINE('',#5744,#5745);
#5744 = CARTESIAN_POINT('',(20.990771812081,58.036510067114,20.8));
#5745 = VECTOR('',#5746,1.);
#5746 = DIRECTION('',(0.347266632791,-0.93776643454,0.));
#5747 = ORIENTED_EDGE('',*,*,#5748,.T.);
#5748 = EDGE_CURVE('',#5741,#2251,#5749,.T.);
#5749 = LINE('',#5750,#5751);
#5750 = CARTESIAN_POINT('',(20.990771812081,58.036510067114,20.8));
#5751 = VECTOR('',#5752,1.);
#5752 = DIRECTION('',(0.,0.,1.));
#5753 = ORIENTED_EDGE('',*,*,#2258,.F.);
#5754 = ORIENTED_EDGE('',*,*,#5700,.F.);
#5755 = PLANE('',#5756);
#5756 = AXIS2_PLACEMENT_3D('',#5757,#5758,#5759);
#5757 = CARTESIAN_POINT('',(20.990771812081,58.036510067114,20.8));
#5758 = DIRECTION('',(0.93776643454,0.347266632791,-0.));
#5759 = DIRECTION('',(0.347266632791,-0.93776643454,0.));
#5760 = ADVANCED_FACE('',(#5761),#5772,.F.);
#5761 = FACE_BOUND('',#5762,.F.);
#5762 = EDGE_LOOP('',(#5763,#5769,#5770,#5771));
#5763 = ORIENTED_EDGE('',*,*,#5764,.F.);
#5764 = EDGE_CURVE('',#5717,#5741,#5765,.T.);
#5765 = LINE('',#5766,#5767);
#5766 = CARTESIAN_POINT('',(20.355411073826,58.036510067114,20.8));
#5767 = VECTOR('',#5768,1.);
#5768 = DIRECTION('',(1.,0.,0.));
#5769 = ORIENTED_EDGE('',*,*,#5726,.T.);
#5770 = ORIENTED_EDGE('',*,*,#2250,.F.);
#5771 = ORIENTED_EDGE('',*,*,#5748,.F.);
#5772 = PLANE('',#5773);
#5773 = AXIS2_PLACEMENT_3D('',#5774,#5775,#5776);
#5774 = CARTESIAN_POINT('',(20.355411073826,58.036510067114,20.8));
#5775 = DIRECTION('',(0.,1.,0.));
#5776 = DIRECTION('',(1.,0.,0.));
#5777 = ADVANCED_FACE('',(#5778,#5788),#5814,.T.);
#5778 = FACE_BOUND('',#5779,.F.);
#5779 = EDGE_LOOP('',(#5780,#5781,#5782,#5783,#5784,#5785,#5786,#5787));
#5780 = ORIENTED_EDGE('',*,*,#5589,.T.);
#5781 = ORIENTED_EDGE('',*,*,#5620,.T.);
#5782 = ORIENTED_EDGE('',*,*,#5668,.T.);
#5783 = ORIENTED_EDGE('',*,*,#5716,.T.);
#5784 = ORIENTED_EDGE('',*,*,#5764,.T.);
#5785 = ORIENTED_EDGE('',*,*,#5740,.T.);
#5786 = ORIENTED_EDGE('',*,*,#5692,.T.);
#5787 = ORIENTED_EDGE('',*,*,#5644,.T.);
#5788 = FACE_BOUND('',#5789,.F.);
#5789 = EDGE_LOOP('',(#5790,#5800,#5808));
#5790 = ORIENTED_EDGE('',*,*,#5791,.T.);
#5791 = EDGE_CURVE('',#5792,#5794,#5796,.T.);
#5792 = VERTEX_POINT('',#5793);
#5793 = CARTESIAN_POINT('',(20.390016778523,56.731275167785,20.8));
#5794 = VERTEX_POINT('',#5795);
#5795 = CARTESIAN_POINT('',(20.956166107383,56.731275167785,20.8));
#5796 = LINE('',#5797,#5798);
#5797 = CARTESIAN_POINT('',(20.390016778523,56.731275167785,20.8));
#5798 = VECTOR('',#5799,1.);
#5799 = DIRECTION('',(1.,0.,0.));
#5800 = ORIENTED_EDGE('',*,*,#5801,.T.);
#5801 = EDGE_CURVE('',#5794,#5802,#5804,.T.);
#5802 = VERTEX_POINT('',#5803);
#5803 = CARTESIAN_POINT('',(20.673783557047,57.552583892617,20.8));
#5804 = LINE('',#5805,#5806);
#5805 = CARTESIAN_POINT('',(20.956166107383,56.731275167785,20.8));
#5806 = VECTOR('',#5807,1.);
#5807 = DIRECTION('',(-0.325139159103,0.945666181704,0.));
#5808 = ORIENTED_EDGE('',*,*,#5809,.T.);
#5809 = EDGE_CURVE('',#5802,#5792,#5810,.T.);
#5810 = LINE('',#5811,#5812);
#5811 = CARTESIAN_POINT('',(20.673783557047,57.552583892617,20.8));
#5812 = VECTOR('',#5813,1.);
#5813 = DIRECTION('',(-0.326563378352,-0.945175306448,0.));
#5814 = PLANE('',#5815);
#5815 = AXIS2_PLACEMENT_3D('',#5816,#5817,#5818);
#5816 = CARTESIAN_POINT('',(20.673208110296,56.845284132416,20.8));
#5817 = DIRECTION('',(0.,0.,1.));
#5818 = DIRECTION('',(1.,0.,-0.));
#5819 = ADVANCED_FACE('',(#5820),#5845,.F.);
#5820 = FACE_BOUND('',#5821,.F.);
#5821 = EDGE_LOOP('',(#5822,#5823,#5831,#5839));
#5822 = ORIENTED_EDGE('',*,*,#5791,.F.);
#5823 = ORIENTED_EDGE('',*,*,#5824,.T.);
#5824 = EDGE_CURVE('',#5792,#5825,#5827,.T.);
#5825 = VERTEX_POINT('',#5826);
#5826 = CARTESIAN_POINT('',(20.390016778523,56.731275167785,21.2));
#5827 = LINE('',#5828,#5829);
#5828 = CARTESIAN_POINT('',(20.390016778523,56.731275167785,20.8));
#5829 = VECTOR('',#5830,1.);
#5830 = DIRECTION('',(0.,0.,1.));
#5831 = ORIENTED_EDGE('',*,*,#5832,.F.);
#5832 = EDGE_CURVE('',#5833,#5825,#5835,.T.);
#5833 = VERTEX_POINT('',#5834);
#5834 = CARTESIAN_POINT('',(20.956166107383,56.731275167785,21.2));
#5835 = LINE('',#5836,#5837);
#5836 = CARTESIAN_POINT('',(26.195008389262,56.731275167785,21.2));
#5837 = VECTOR('',#5838,1.);
#5838 = DIRECTION('',(-1.,0.,0.));
#5839 = ORIENTED_EDGE('',*,*,#5840,.F.);
#5840 = EDGE_CURVE('',#5794,#5833,#5841,.T.);
#5841 = LINE('',#5842,#5843);
#5842 = CARTESIAN_POINT('',(20.956166107383,56.731275167785,20.8));
#5843 = VECTOR('',#5844,1.);
#5844 = DIRECTION('',(0.,0.,1.));
#5845 = PLANE('',#5846);
#5846 = AXIS2_PLACEMENT_3D('',#5847,#5848,#5849);
#5847 = CARTESIAN_POINT('',(20.390016778523,56.731275167785,20.8));
#5848 = DIRECTION('',(0.,1.,0.));
#5849 = DIRECTION('',(1.,0.,0.));
#5850 = ADVANCED_FACE('',(#5851),#5869,.F.);
#5851 = FACE_BOUND('',#5852,.F.);
#5852 = EDGE_LOOP('',(#5853,#5854,#5855,#5863));
#5853 = ORIENTED_EDGE('',*,*,#5801,.F.);
#5854 = ORIENTED_EDGE('',*,*,#5840,.T.);
#5855 = ORIENTED_EDGE('',*,*,#5856,.F.);
#5856 = EDGE_CURVE('',#5857,#5833,#5859,.T.);
#5857 = VERTEX_POINT('',#5858);
#5858 = CARTESIAN_POINT('',(20.673783557047,57.552583892617,21.2));
#5859 = LINE('',#5860,#5861);
#5860 = CARTESIAN_POINT('',(25.495755730907,43.527893583025,21.2));
#5861 = VECTOR('',#5862,1.);
#5862 = DIRECTION('',(0.325139159103,-0.945666181704,0.));
#5863 = ORIENTED_EDGE('',*,*,#5864,.F.);
#5864 = EDGE_CURVE('',#5802,#5857,#5865,.T.);
#5865 = LINE('',#5866,#5867);
#5866 = CARTESIAN_POINT('',(20.673783557047,57.552583892617,20.8));
#5867 = VECTOR('',#5868,1.);
#5868 = DIRECTION('',(0.,0.,1.));
#5869 = PLANE('',#5870);
#5870 = AXIS2_PLACEMENT_3D('',#5871,#5872,#5873);
#5871 = CARTESIAN_POINT('',(20.956166107383,56.731275167785,20.8));
#5872 = DIRECTION('',(-0.945666181704,-0.325139159103,0.));
#5873 = DIRECTION('',(-0.325139159103,0.945666181704,0.));
#5874 = ADVANCED_FACE('',(#5875),#5886,.F.);
#5875 = FACE_BOUND('',#5876,.F.);
#5876 = EDGE_LOOP('',(#5877,#5878,#5879,#5885));
#5877 = ORIENTED_EDGE('',*,*,#5809,.F.);
#5878 = ORIENTED_EDGE('',*,*,#5864,.T.);
#5879 = ORIENTED_EDGE('',*,*,#5880,.F.);
#5880 = EDGE_CURVE('',#5825,#5857,#5881,.T.);
#5881 = LINE('',#5882,#5883);
#5882 = CARTESIAN_POINT('',(17.179862523231,47.440096997997,21.2));
#5883 = VECTOR('',#5884,1.);
#5884 = DIRECTION('',(0.326563378352,0.945175306448,-0.));
#5885 = ORIENTED_EDGE('',*,*,#5824,.F.);
#5886 = PLANE('',#5887);
#5887 = AXIS2_PLACEMENT_3D('',#5888,#5889,#5890);
#5888 = CARTESIAN_POINT('',(20.673783557047,57.552583892617,20.8));
#5889 = DIRECTION('',(0.945175306448,-0.326563378352,0.));
#5890 = DIRECTION('',(-0.326563378352,-0.945175306448,0.));
#5891 = ADVANCED_FACE('',(#5892),#5897,.T.);
#5892 = FACE_BOUND('',#5893,.T.);
#5893 = EDGE_LOOP('',(#5894,#5895,#5896));
#5894 = ORIENTED_EDGE('',*,*,#5832,.F.);
#5895 = ORIENTED_EDGE('',*,*,#5856,.F.);
#5896 = ORIENTED_EDGE('',*,*,#5880,.F.);
#5897 = PLANE('',#5898);
#5898 = AXIS2_PLACEMENT_3D('',#5899,#5900,#5901);
#5899 = CARTESIAN_POINT('',(32.,31.,21.2));
#5900 = DIRECTION('',(0.,0.,1.));
#5901 = DIRECTION('',(1.,0.,-0.));
#5902 = ADVANCED_FACE('',(#5903),#5928,.F.);
#5903 = FACE_BOUND('',#5904,.F.);
#5904 = EDGE_LOOP('',(#5905,#5915,#5921,#5922));
#5905 = ORIENTED_EDGE('',*,*,#5906,.F.);
#5906 = EDGE_CURVE('',#5907,#5909,#5911,.T.);
#5907 = VERTEX_POINT('',#5908);
#5908 = CARTESIAN_POINT('',(29.486795302013,58.036510067114,20.8));
#5909 = VERTEX_POINT('',#5910);
#5910 = CARTESIAN_POINT('',(30.048791946309,58.036510067114,20.8));
#5911 = LINE('',#5912,#5913);
#5912 = CARTESIAN_POINT('',(29.486795302013,58.036510067114,20.8));
#5913 = VECTOR('',#5914,1.);
#5914 = DIRECTION('',(1.,0.,0.));
#5915 = ORIENTED_EDGE('',*,*,#5916,.T.);
#5916 = EDGE_CURVE('',#5907,#2285,#5917,.T.);
#5917 = LINE('',#5918,#5919);
#5918 = CARTESIAN_POINT('',(29.486795302013,58.036510067114,20.8));
#5919 = VECTOR('',#5920,1.);
#5920 = DIRECTION('',(0.,0.,1.));
#5921 = ORIENTED_EDGE('',*,*,#2282,.F.);
#5922 = ORIENTED_EDGE('',*,*,#5923,.F.);
#5923 = EDGE_CURVE('',#5909,#2283,#5924,.T.);
#5924 = LINE('',#5925,#5926);
#5925 = CARTESIAN_POINT('',(30.048791946309,58.036510067114,20.8));
#5926 = VECTOR('',#5927,1.);
#5927 = DIRECTION('',(0.,0.,1.));
#5928 = PLANE('',#5929);
#5929 = AXIS2_PLACEMENT_3D('',#5930,#5931,#5932);
#5930 = CARTESIAN_POINT('',(29.486795302013,58.036510067114,20.8));
#5931 = DIRECTION('',(0.,1.,0.));
#5932 = DIRECTION('',(1.,0.,0.));
#5933 = ADVANCED_FACE('',(#5934),#5952,.F.);
#5934 = FACE_BOUND('',#5935,.F.);
#5935 = EDGE_LOOP('',(#5936,#5944,#5945,#5946));
#5936 = ORIENTED_EDGE('',*,*,#5937,.F.);
#5937 = EDGE_CURVE('',#5909,#5938,#5940,.T.);
#5938 = VERTEX_POINT('',#5939);
#5939 = CARTESIAN_POINT('',(30.74985738255,57.96932885906,20.8));
#5940 = B_SPLINE_CURVE_WITH_KNOTS('',2,(#5941,#5942,#5943),
  .UNSPECIFIED.,.F.,.F.,(3,3),(0.,1.),.PIECEWISE_BEZIER_KNOTS.);
#5941 = CARTESIAN_POINT('',(30.048791946309,58.036510067114,20.8));
#5942 = CARTESIAN_POINT('',(30.519429530201,58.036510067114,20.8));
#5943 = CARTESIAN_POINT('',(30.74985738255,57.96932885906,20.8));
#5944 = ORIENTED_EDGE('',*,*,#5923,.T.);
#5945 = ORIENTED_EDGE('',*,*,#2292,.F.);
#5946 = ORIENTED_EDGE('',*,*,#5947,.F.);
#5947 = EDGE_CURVE('',#5938,#2293,#5948,.T.);
#5948 = LINE('',#5949,#5950);
#5949 = CARTESIAN_POINT('',(30.74985738255,57.96932885906,20.8));
#5950 = VECTOR('',#5951,1.);
#5951 = DIRECTION('',(0.,0.,1.));
#5952 = SURFACE_OF_LINEAR_EXTRUSION('',#5953,#5957);
#5953 = B_SPLINE_CURVE_WITH_KNOTS('',2,(#5954,#5955,#5956),
  .UNSPECIFIED.,.F.,.F.,(3,3),(0.,1.),.PIECEWISE_BEZIER_KNOTS.);
#5954 = CARTESIAN_POINT('',(30.048791946309,58.036510067114,20.8));
#5955 = CARTESIAN_POINT('',(30.519429530201,58.036510067114,20.8));
#5956 = CARTESIAN_POINT('',(30.74985738255,57.96932885906,20.8));
#5957 = VECTOR('',#5958,1.);
#5958 = DIRECTION('',(-0.,-0.,-1.));
#5959 = ADVANCED_FACE('',(#5960),#5978,.F.);
#5960 = FACE_BOUND('',#5961,.F.);
#5961 = EDGE_LOOP('',(#5962,#5970,#5976,#5977));
#5962 = ORIENTED_EDGE('',*,*,#5963,.F.);
#5963 = EDGE_CURVE('',#5964,#5907,#5966,.T.);
#5964 = VERTEX_POINT('',#5965);
#5965 = CARTESIAN_POINT('',(29.486795302013,55.969395973154,20.8));
#5966 = LINE('',#5967,#5968);
#5967 = CARTESIAN_POINT('',(29.486795302013,55.969395973154,20.8));
#5968 = VECTOR('',#5969,1.);
#5969 = DIRECTION('',(0.,1.,0.));
#5970 = ORIENTED_EDGE('',*,*,#5971,.T.);
#5971 = EDGE_CURVE('',#5964,#2397,#5972,.T.);
#5972 = LINE('',#5973,#5974);
#5973 = CARTESIAN_POINT('',(29.486795302013,55.969395973154,20.8));
#5974 = VECTOR('',#5975,1.);
#5975 = DIRECTION('',(0.,0.,1.));
#5976 = ORIENTED_EDGE('',*,*,#2404,.F.);
#5977 = ORIENTED_EDGE('',*,*,#5916,.F.);
#5978 = PLANE('',#5979);
#5979 = AXIS2_PLACEMENT_3D('',#5980,#5981,#5982);
#5980 = CARTESIAN_POINT('',(29.486795302013,55.969395973154,20.8));
#5981 = DIRECTION('',(-1.,0.,0.));
#5982 = DIRECTION('',(0.,1.,0.));
#5983 = ADVANCED_FACE('',(#5984),#6002,.F.);
#5984 = FACE_BOUND('',#5985,.F.);
#5985 = EDGE_LOOP('',(#5986,#5994,#5995,#5996));
#5986 = ORIENTED_EDGE('',*,*,#5987,.F.);
#5987 = EDGE_CURVE('',#5938,#5988,#5990,.T.);
#5988 = VERTEX_POINT('',#5989);
#5989 = CARTESIAN_POINT('',(31.145100671141,57.741577181208,20.8));
#5990 = B_SPLINE_CURVE_WITH_KNOTS('',2,(#5991,#5992,#5993),
  .UNSPECIFIED.,.F.,.F.,(3,3),(0.,1.),.PIECEWISE_BEZIER_KNOTS.);
#5991 = CARTESIAN_POINT('',(30.74985738255,57.96932885906,20.8));
#5992 = CARTESIAN_POINT('',(30.980377516779,57.902239932886,20.8));
#5993 = CARTESIAN_POINT('',(31.145100671141,57.741577181208,20.8));
#5994 = ORIENTED_EDGE('',*,*,#5947,.T.);
#5995 = ORIENTED_EDGE('',*,*,#2305,.F.);
#5996 = ORIENTED_EDGE('',*,*,#5997,.F.);
#5997 = EDGE_CURVE('',#5988,#2306,#5998,.T.);
#5998 = LINE('',#5999,#6000);
#5999 = CARTESIAN_POINT('',(31.145100671141,57.741577181208,20.8));
#6000 = VECTOR('',#6001,1.);
#6001 = DIRECTION('',(0.,0.,1.));
#6002 = SURFACE_OF_LINEAR_EXTRUSION('',#6003,#6007);
#6003 = B_SPLINE_CURVE_WITH_KNOTS('',2,(#6004,#6005,#6006),
  .UNSPECIFIED.,.F.,.F.,(3,3),(0.,1.),.PIECEWISE_BEZIER_KNOTS.);
#6004 = CARTESIAN_POINT('',(30.74985738255,57.96932885906,20.8));
#6005 = CARTESIAN_POINT('',(30.980377516779,57.902239932886,20.8));
#6006 = CARTESIAN_POINT('',(31.145100671141,57.741577181208,20.8));
#6007 = VECTOR('',#6008,1.);
#6008 = DIRECTION('',(-0.,-0.,-1.));
#6009 = ADVANCED_FACE('',(#6010),#6028,.F.);
#6010 = FACE_BOUND('',#6011,.F.);
#6011 = EDGE_LOOP('',(#6012,#6020,#6026,#6027));
#6012 = ORIENTED_EDGE('',*,*,#6013,.F.);
#6013 = EDGE_CURVE('',#6014,#5964,#6016,.T.);
#6014 = VERTEX_POINT('',#6015);
#6015 = CARTESIAN_POINT('',(30.048791946309,55.969395973154,20.8));
#6016 = LINE('',#6017,#6018);
#6017 = CARTESIAN_POINT('',(30.048791946309,55.969395973154,20.8));
#6018 = VECTOR('',#6019,1.);
#6019 = DIRECTION('',(-1.,0.,0.));
#6020 = ORIENTED_EDGE('',*,*,#6021,.T.);
#6021 = EDGE_CURVE('',#6014,#2384,#6022,.T.);
#6022 = LINE('',#6023,#6024);
#6023 = CARTESIAN_POINT('',(30.048791946309,55.969395973154,20.8));
#6024 = VECTOR('',#6025,1.);
#6025 = DIRECTION('',(0.,0.,1.));
#6026 = ORIENTED_EDGE('',*,*,#2396,.F.);
#6027 = ORIENTED_EDGE('',*,*,#5971,.F.);
#6028 = PLANE('',#6029);
#6029 = AXIS2_PLACEMENT_3D('',#6030,#6031,#6032);
#6030 = CARTESIAN_POINT('',(30.048791946309,55.969395973154,20.8));
#6031 = DIRECTION('',(0.,-1.,0.));
#6032 = DIRECTION('',(-1.,0.,0.));
#6033 = ADVANCED_FACE('',(#6034),#6052,.F.);
#6034 = FACE_BOUND('',#6035,.F.);
#6035 = EDGE_LOOP('',(#6036,#6044,#6045,#6046));
#6036 = ORIENTED_EDGE('',*,*,#6037,.F.);
#6037 = EDGE_CURVE('',#5988,#6038,#6040,.T.);
#6038 = VERTEX_POINT('',#6039);
#6039 = CARTESIAN_POINT('',(31.361040268456,57.418959731544,20.8));
#6040 = B_SPLINE_CURVE_WITH_KNOTS('',2,(#6041,#6042,#6043),
  .UNSPECIFIED.,.F.,.F.,(3,3),(0.,1.),.PIECEWISE_BEZIER_KNOTS.);
#6041 = CARTESIAN_POINT('',(31.145100671141,57.741577181208,20.8));
#6042 = CARTESIAN_POINT('',(31.290444630872,57.601770134228,20.8));
#6043 = CARTESIAN_POINT('',(31.361040268456,57.418959731544,20.8));
#6044 = ORIENTED_EDGE('',*,*,#5997,.T.);
#6045 = ORIENTED_EDGE('',*,*,#2320,.F.);
#6046 = ORIENTED_EDGE('',*,*,#6047,.F.);
#6047 = EDGE_CURVE('',#6038,#2321,#6048,.T.);
#6048 = LINE('',#6049,#6050);
#6049 = CARTESIAN_POINT('',(31.361040268456,57.418959731544,20.8));
#6050 = VECTOR('',#6051,1.);
#6051 = DIRECTION('',(0.,0.,1.));
#6052 = SURFACE_OF_LINEAR_EXTRUSION('',#6053,#6057);
#6053 = B_SPLINE_CURVE_WITH_KNOTS('',2,(#6054,#6055,#6056),
  .UNSPECIFIED.,.F.,.F.,(3,3),(0.,1.),.PIECEWISE_BEZIER_KNOTS.);
#6054 = CARTESIAN_POINT('',(31.145100671141,57.741577181208,20.8));
#6055 = CARTESIAN_POINT('',(31.290444630872,57.601770134228,20.8));
#6056 = CARTESIAN_POINT('',(31.361040268456,57.418959731544,20.8));
#6057 = VECTOR('',#6058,1.);
#6058 = DIRECTION('',(-0.,-0.,-1.));
#6059 = ADVANCED_FACE('',(#6060),#6078,.F.);
#6060 = FACE_BOUND('',#6061,.F.);
#6061 = EDGE_LOOP('',(#6062,#6070,#6076,#6077));
#6062 = ORIENTED_EDGE('',*,*,#6063,.F.);
#6063 = EDGE_CURVE('',#6064,#6014,#6066,.T.);
#6064 = VERTEX_POINT('',#6065);
#6065 = CARTESIAN_POINT('',(30.74644295302,56.036484899329,20.8));
#6066 = B_SPLINE_CURVE_WITH_KNOTS('',2,(#6067,#6068,#6069),
  .UNSPECIFIED.,.F.,.F.,(3,3),(0.,1.),.PIECEWISE_BEZIER_KNOTS.);
#6067 = CARTESIAN_POINT('',(30.74644295302,56.036484899329,20.8));
#6068 = CARTESIAN_POINT('',(30.51389261745,55.969395973154,20.8));
#6069 = CARTESIAN_POINT('',(30.048791946309,55.969395973154,20.8));
#6070 = ORIENTED_EDGE('',*,*,#6071,.T.);
#6071 = EDGE_CURVE('',#6064,#2369,#6072,.T.);
#6072 = LINE('',#6073,#6074);
#6073 = CARTESIAN_POINT('',(30.74644295302,56.036484899329,20.8));
#6074 = VECTOR('',#6075,1.);
#6075 = DIRECTION('',(0.,0.,1.));
#6076 = ORIENTED_EDGE('',*,*,#2383,.F.);
#6077 = ORIENTED_EDGE('',*,*,#6021,.F.);
#6078 = SURFACE_OF_LINEAR_EXTRUSION('',#6079,#6083);
#6079 = B_SPLINE_CURVE_WITH_KNOTS('',2,(#6080,#6081,#6082),
  .UNSPECIFIED.,.F.,.F.,(3,3),(0.,1.),.PIECEWISE_BEZIER_KNOTS.);
#6080 = CARTESIAN_POINT('',(30.74644295302,56.036484899329,20.8));
#6081 = CARTESIAN_POINT('',(30.51389261745,55.969395973154,20.8));
#6082 = CARTESIAN_POINT('',(30.048791946309,55.969395973154,20.8));
#6083 = VECTOR('',#6084,1.);
#6084 = DIRECTION('',(-0.,-0.,-1.));
#6085 = ADVANCED_FACE('',(#6086),#6104,.F.);
#6086 = FACE_BOUND('',#6087,.F.);
#6087 = EDGE_LOOP('',(#6088,#6096,#6097,#6098));
#6088 = ORIENTED_EDGE('',*,*,#6089,.F.);
#6089 = EDGE_CURVE('',#6038,#6090,#6092,.T.);
#6090 = VERTEX_POINT('',#6091);
#6091 = CARTESIAN_POINT('',(31.43163590604,57.004983221477,20.8));
#6092 = B_SPLINE_CURVE_WITH_KNOTS('',2,(#6093,#6094,#6095),
  .UNSPECIFIED.,.F.,.F.,(3,3),(0.,1.),.PIECEWISE_BEZIER_KNOTS.);
#6093 = CARTESIAN_POINT('',(31.361040268456,57.418959731544,20.8));
#6094 = CARTESIAN_POINT('',(31.43163590604,57.236241610738,20.8));
#6095 = CARTESIAN_POINT('',(31.43163590604,57.004983221477,20.8));
#6096 = ORIENTED_EDGE('',*,*,#6047,.T.);
#6097 = ORIENTED_EDGE('',*,*,#2333,.F.);
#6098 = ORIENTED_EDGE('',*,*,#6099,.F.);
#6099 = EDGE_CURVE('',#6090,#2334,#6100,.T.);
#6100 = LINE('',#6101,#6102);
#6101 = CARTESIAN_POINT('',(31.43163590604,57.004983221477,20.8));
#6102 = VECTOR('',#6103,1.);
#6103 = DIRECTION('',(0.,0.,1.));
#6104 = SURFACE_OF_LINEAR_EXTRUSION('',#6105,#6109);
#6105 = B_SPLINE_CURVE_WITH_KNOTS('',2,(#6106,#6107,#6108),
  .UNSPECIFIED.,.F.,.F.,(3,3),(0.,1.),.PIECEWISE_BEZIER_KNOTS.);
#6106 = CARTESIAN_POINT('',(31.361040268456,57.418959731544,20.8));
#6107 = CARTESIAN_POINT('',(31.43163590604,57.236241610738,20.8));
#6108 = CARTESIAN_POINT('',(31.43163590604,57.004983221477,20.8));
#6109 = VECTOR('',#6110,1.);
#6110 = DIRECTION('',(-0.,-0.,-1.));
#6111 = ADVANCED_FACE('',(#6112),#6130,.F.);
#6112 = FACE_BOUND('',#6113,.F.);
#6113 = EDGE_LOOP('',(#6114,#6122,#6128,#6129));
#6114 = ORIENTED_EDGE('',*,*,#6115,.F.);
#6115 = EDGE_CURVE('',#6116,#6064,#6118,.T.);
#6116 = VERTEX_POINT('',#6117);
#6117 = CARTESIAN_POINT('',(31.145100671141,56.26432885906,20.8));
#6118 = B_SPLINE_CURVE_WITH_KNOTS('',2,(#6119,#6120,#6121),
  .UNSPECIFIED.,.F.,.F.,(3,3),(0.,1.),.PIECEWISE_BEZIER_KNOTS.);
#6119 = CARTESIAN_POINT('',(31.145100671141,56.26432885906,20.8));
#6120 = CARTESIAN_POINT('',(30.978993288591,56.103666107383,20.8));
#6121 = CARTESIAN_POINT('',(30.74644295302,56.036484899329,20.8));
#6122 = ORIENTED_EDGE('',*,*,#6123,.T.);
#6123 = EDGE_CURVE('',#6116,#2356,#6124,.T.);
#6124 = LINE('',#6125,#6126);
#6125 = CARTESIAN_POINT('',(31.145100671141,56.26432885906,20.8));
#6126 = VECTOR('',#6127,1.);
#6127 = DIRECTION('',(0.,0.,1.));
#6128 = ORIENTED_EDGE('',*,*,#2368,.F.);
#6129 = ORIENTED_EDGE('',*,*,#6071,.F.);
#6130 = SURFACE_OF_LINEAR_EXTRUSION('',#6131,#6135);
#6131 = B_SPLINE_CURVE_WITH_KNOTS('',2,(#6132,#6133,#6134),
  .UNSPECIFIED.,.F.,.F.,(3,3),(0.,1.),.PIECEWISE_BEZIER_KNOTS.);
#6132 = CARTESIAN_POINT('',(31.145100671141,56.26432885906,20.8));
#6133 = CARTESIAN_POINT('',(30.978993288591,56.103666107383,20.8));
#6134 = CARTESIAN_POINT('',(30.74644295302,56.036484899329,20.8));
#6135 = VECTOR('',#6136,1.);
#6136 = DIRECTION('',(-0.,-0.,-1.));
#6137 = ADVANCED_FACE('',(#6138),#6156,.F.);
#6138 = FACE_BOUND('',#6139,.F.);
#6139 = EDGE_LOOP('',(#6140,#6148,#6149,#6150));
#6140 = ORIENTED_EDGE('',*,*,#6141,.F.);
#6141 = EDGE_CURVE('',#6090,#6142,#6144,.T.);
#6142 = VERTEX_POINT('',#6143);
#6143 = CARTESIAN_POINT('',(31.361040268456,56.587592281879,20.8));
#6144 = B_SPLINE_CURVE_WITH_KNOTS('',2,(#6145,#6146,#6147),
  .UNSPECIFIED.,.F.,.F.,(3,3),(0.,1.),.PIECEWISE_BEZIER_KNOTS.);
#6145 = CARTESIAN_POINT('',(31.43163590604,57.004983221477,20.8));
#6146 = CARTESIAN_POINT('',(31.43163590604,56.771048657718,20.8));
#6147 = CARTESIAN_POINT('',(31.361040268456,56.587592281879,20.8));
#6148 = ORIENTED_EDGE('',*,*,#6099,.T.);
#6149 = ORIENTED_EDGE('',*,*,#2344,.F.);
#6150 = ORIENTED_EDGE('',*,*,#6151,.F.);
#6151 = EDGE_CURVE('',#6142,#2345,#6152,.T.);
#6152 = LINE('',#6153,#6154);
#6153 = CARTESIAN_POINT('',(31.361040268456,56.587592281879,20.8));
#6154 = VECTOR('',#6155,1.);
#6155 = DIRECTION('',(0.,0.,1.));
#6156 = SURFACE_OF_LINEAR_EXTRUSION('',#6157,#6161);
#6157 = B_SPLINE_CURVE_WITH_KNOTS('',2,(#6158,#6159,#6160),
  .UNSPECIFIED.,.F.,.F.,(3,3),(0.,1.),.PIECEWISE_BEZIER_KNOTS.);
#6158 = CARTESIAN_POINT('',(31.43163590604,57.004983221477,20.8));
#6159 = CARTESIAN_POINT('',(31.43163590604,56.771048657718,20.8));
#6160 = CARTESIAN_POINT('',(31.361040268456,56.587592281879,20.8));
#6161 = VECTOR('',#6162,1.);
#6162 = DIRECTION('',(-0.,-0.,-1.));
#6163 = ADVANCED_FACE('',(#6164),#6175,.F.);
#6164 = FACE_BOUND('',#6165,.F.);
#6165 = EDGE_LOOP('',(#6166,#6172,#6173,#6174));
#6166 = ORIENTED_EDGE('',*,*,#6167,.F.);
#6167 = EDGE_CURVE('',#6142,#6116,#6168,.T.);
#6168 = B_SPLINE_CURVE_WITH_KNOTS('',2,(#6169,#6170,#6171),
  .UNSPECIFIED.,.F.,.F.,(3,3),(0.,1.),.PIECEWISE_BEZIER_KNOTS.);
#6169 = CARTESIAN_POINT('',(31.361040268456,56.587592281879,20.8));
#6170 = CARTESIAN_POINT('',(31.290444630872,56.40413590604,20.8));
#6171 = CARTESIAN_POINT('',(31.145100671141,56.26432885906,20.8));
#6172 = ORIENTED_EDGE('',*,*,#6151,.T.);
#6173 = ORIENTED_EDGE('',*,*,#2355,.F.);
#6174 = ORIENTED_EDGE('',*,*,#6123,.F.);
#6175 = SURFACE_OF_LINEAR_EXTRUSION('',#6176,#6180);
#6176 = B_SPLINE_CURVE_WITH_KNOTS('',2,(#6177,#6178,#6179),
  .UNSPECIFIED.,.F.,.F.,(3,3),(0.,1.),.PIECEWISE_BEZIER_KNOTS.);
#6177 = CARTESIAN_POINT('',(31.361040268456,56.587592281879,20.8));
#6178 = CARTESIAN_POINT('',(31.290444630872,56.40413590604,20.8));
#6179 = CARTESIAN_POINT('',(31.145100671141,56.26432885906,20.8));
#6180 = VECTOR('',#6181,1.);
#6181 = DIRECTION('',(-0.,-0.,-1.));
#6182 = ADVANCED_FACE('',(#6183,#6196),#6254,.T.);
#6183 = FACE_BOUND('',#6184,.F.);
#6184 = EDGE_LOOP('',(#6185,#6186,#6187,#6188,#6189,#6190,#6191,#6192,
    #6193,#6194,#6195));
#6185 = ORIENTED_EDGE('',*,*,#5906,.T.);
#6186 = ORIENTED_EDGE('',*,*,#5937,.T.);
#6187 = ORIENTED_EDGE('',*,*,#5987,.T.);
#6188 = ORIENTED_EDGE('',*,*,#6037,.T.);
#6189 = ORIENTED_EDGE('',*,*,#6089,.T.);
#6190 = ORIENTED_EDGE('',*,*,#6141,.T.);
#6191 = ORIENTED_EDGE('',*,*,#6167,.T.);
#6192 = ORIENTED_EDGE('',*,*,#6115,.T.);
#6193 = ORIENTED_EDGE('',*,*,#6063,.T.);
#6194 = ORIENTED_EDGE('',*,*,#6013,.T.);
#6195 = ORIENTED_EDGE('',*,*,#5963,.T.);
#6196 = FACE_BOUND('',#6197,.F.);
#6197 = EDGE_LOOP('',(#6198,#6208,#6216,#6224,#6232,#6240,#6248));
#6198 = ORIENTED_EDGE('',*,*,#6199,.T.);
#6199 = EDGE_CURVE('',#6200,#6202,#6204,.T.);
#6200 = VERTEX_POINT('',#6201);
#6201 = CARTESIAN_POINT('',(30.019723154362,57.634899328859,20.8));
#6202 = VERTEX_POINT('',#6203);
#6203 = CARTESIAN_POINT('',(30.019723154362,56.371006711409,20.8));
#6204 = LINE('',#6205,#6206);
#6205 = CARTESIAN_POINT('',(30.019723154362,57.634899328859,20.8));
#6206 = VECTOR('',#6207,1.);
#6207 = DIRECTION('',(0.,-1.,0.));
#6208 = ORIENTED_EDGE('',*,*,#6209,.T.);
#6209 = EDGE_CURVE('',#6202,#6210,#6212,.T.);
#6210 = VERTEX_POINT('',#6211);
#6211 = CARTESIAN_POINT('',(30.210746644295,56.371006711409,20.8));
#6212 = LINE('',#6213,#6214);
#6213 = CARTESIAN_POINT('',(30.019723154362,56.371006711409,20.8));
#6214 = VECTOR('',#6215,1.);
#6215 = DIRECTION('',(1.,0.,0.));
#6216 = ORIENTED_EDGE('',*,*,#6217,.T.);
#6217 = EDGE_CURVE('',#6210,#6218,#6220,.T.);
#6218 = VERTEX_POINT('',#6219);
#6219 = CARTESIAN_POINT('',(30.709714765101,56.533330536913,20.8));
#6220 = B_SPLINE_CURVE_WITH_KNOTS('',2,(#6221,#6222,#6223),
  .UNSPECIFIED.,.F.,.F.,(3,3),(0.,1.),.PIECEWISE_BEZIER_KNOTS.);
#6221 = CARTESIAN_POINT('',(30.210746644295,56.371006711409,20.8));
#6222 = CARTESIAN_POINT('',(30.537424496644,56.371006711409,20.8));
#6223 = CARTESIAN_POINT('',(30.709714765101,56.533330536913,20.8));
#6224 = ORIENTED_EDGE('',*,*,#6225,.T.);
#6225 = EDGE_CURVE('',#6218,#6226,#6228,.T.);
#6226 = VERTEX_POINT('',#6227);
#6227 = CARTESIAN_POINT('',(30.882097315436,57.005075503356,20.8));
#6228 = B_SPLINE_CURVE_WITH_KNOTS('',2,(#6229,#6230,#6231),
  .UNSPECIFIED.,.F.,.F.,(3,3),(0.,1.),.PIECEWISE_BEZIER_KNOTS.);
#6229 = CARTESIAN_POINT('',(30.709714765101,56.533330536913,20.8));
#6230 = CARTESIAN_POINT('',(30.882097315436,56.695654362416,20.8));
#6231 = CARTESIAN_POINT('',(30.882097315436,57.005075503356,20.8));
#6232 = ORIENTED_EDGE('',*,*,#6233,.T.);
#6233 = EDGE_CURVE('',#6226,#6234,#6236,.T.);
#6234 = VERTEX_POINT('',#6235);
#6235 = CARTESIAN_POINT('',(30.710453020134,57.473959731544,20.8));
#6236 = B_SPLINE_CURVE_WITH_KNOTS('',2,(#6237,#6238,#6239),
  .UNSPECIFIED.,.F.,.F.,(3,3),(0.,1.),.PIECEWISE_BEZIER_KNOTS.);
#6237 = CARTESIAN_POINT('',(30.882097315436,57.005075503356,20.8));
#6238 = CARTESIAN_POINT('',(30.882097315436,57.313020134228,20.8));
#6239 = CARTESIAN_POINT('',(30.710453020134,57.473959731544,20.8));
#6240 = ORIENTED_EDGE('',*,*,#6241,.T.);
#6241 = EDGE_CURVE('',#6234,#6242,#6244,.T.);
#6242 = VERTEX_POINT('',#6243);
#6243 = CARTESIAN_POINT('',(30.210746644295,57.634899328859,20.8));
#6244 = B_SPLINE_CURVE_WITH_KNOTS('',2,(#6245,#6246,#6247),
  .UNSPECIFIED.,.F.,.F.,(3,3),(0.,1.),.PIECEWISE_BEZIER_KNOTS.);
#6245 = CARTESIAN_POINT('',(30.710453020134,57.473959731544,20.8));
#6246 = CARTESIAN_POINT('',(30.538808724832,57.634899328859,20.8));
#6247 = CARTESIAN_POINT('',(30.210746644295,57.634899328859,20.8));
#6248 = ORIENTED_EDGE('',*,*,#6249,.T.);
#6249 = EDGE_CURVE('',#6242,#6200,#6250,.T.);
#6250 = LINE('',#6251,#6252);
#6251 = CARTESIAN_POINT('',(30.210746644295,57.634899328859,20.8));
#6252 = VECTOR('',#6253,1.);
#6253 = DIRECTION('',(-1.,0.,0.));
#6254 = PLANE('',#6255);
#6255 = AXIS2_PLACEMENT_3D('',#6256,#6257,#6258);
#6256 = CARTESIAN_POINT('',(30.340544375583,57.003145091555,20.8));
#6257 = DIRECTION('',(0.,0.,1.));
#6258 = DIRECTION('',(1.,0.,-0.));
#6259 = ADVANCED_FACE('',(#6260),#6285,.F.);
#6260 = FACE_BOUND('',#6261,.F.);
#6261 = EDGE_LOOP('',(#6262,#6263,#6271,#6279));
#6262 = ORIENTED_EDGE('',*,*,#6199,.F.);
#6263 = ORIENTED_EDGE('',*,*,#6264,.T.);
#6264 = EDGE_CURVE('',#6200,#6265,#6267,.T.);
#6265 = VERTEX_POINT('',#6266);
#6266 = CARTESIAN_POINT('',(30.019723154362,57.634899328859,21.2));
#6267 = LINE('',#6268,#6269);
#6268 = CARTESIAN_POINT('',(30.019723154362,57.634899328859,20.8));
#6269 = VECTOR('',#6270,1.);
#6270 = DIRECTION('',(0.,0.,1.));
#6271 = ORIENTED_EDGE('',*,*,#6272,.F.);
#6272 = EDGE_CURVE('',#6273,#6265,#6275,.T.);
#6273 = VERTEX_POINT('',#6274);
#6274 = CARTESIAN_POINT('',(30.019723154362,56.371006711409,21.2));
#6275 = LINE('',#6276,#6277);
#6276 = CARTESIAN_POINT('',(30.019723154362,44.31744966443,21.2));
#6277 = VECTOR('',#6278,1.);
#6278 = DIRECTION('',(-0.,1.,0.));
#6279 = ORIENTED_EDGE('',*,*,#6280,.F.);
#6280 = EDGE_CURVE('',#6202,#6273,#6281,.T.);
#6281 = LINE('',#6282,#6283);
#6282 = CARTESIAN_POINT('',(30.019723154362,56.371006711409,20.8));
#6283 = VECTOR('',#6284,1.);
#6284 = DIRECTION('',(0.,0.,1.));
#6285 = PLANE('',#6286);
#6286 = AXIS2_PLACEMENT_3D('',#6287,#6288,#6289);
#6287 = CARTESIAN_POINT('',(30.019723154362,57.634899328859,20.8));
#6288 = DIRECTION('',(1.,0.,-0.));
#6289 = DIRECTION('',(0.,-1.,0.));
#6290 = ADVANCED_FACE('',(#6291),#6309,.F.);
#6291 = FACE_BOUND('',#6292,.F.);
#6292 = EDGE_LOOP('',(#6293,#6294,#6295,#6303));
#6293 = ORIENTED_EDGE('',*,*,#6209,.F.);
#6294 = ORIENTED_EDGE('',*,*,#6280,.T.);
#6295 = ORIENTED_EDGE('',*,*,#6296,.F.);
#6296 = EDGE_CURVE('',#6297,#6273,#6299,.T.);
#6297 = VERTEX_POINT('',#6298);
#6298 = CARTESIAN_POINT('',(30.210746644295,56.371006711409,21.2));
#6299 = LINE('',#6300,#6301);
#6300 = CARTESIAN_POINT('',(31.009861577181,56.371006711409,21.2));
#6301 = VECTOR('',#6302,1.);
#6302 = DIRECTION('',(-1.,0.,0.));
#6303 = ORIENTED_EDGE('',*,*,#6304,.F.);
#6304 = EDGE_CURVE('',#6210,#6297,#6305,.T.);
#6305 = LINE('',#6306,#6307);
#6306 = CARTESIAN_POINT('',(30.210746644295,56.371006711409,20.8));
#6307 = VECTOR('',#6308,1.);
#6308 = DIRECTION('',(0.,0.,1.));
#6309 = PLANE('',#6310);
#6310 = AXIS2_PLACEMENT_3D('',#6311,#6312,#6313);
#6311 = CARTESIAN_POINT('',(30.019723154362,56.371006711409,20.8));
#6312 = DIRECTION('',(0.,1.,0.));
#6313 = DIRECTION('',(1.,0.,0.));
#6314 = ADVANCED_FACE('',(#6315),#6340,.F.);
#6315 = FACE_BOUND('',#6316,.F.);
#6316 = EDGE_LOOP('',(#6317,#6318,#6319,#6334));
#6317 = ORIENTED_EDGE('',*,*,#6217,.F.);
#6318 = ORIENTED_EDGE('',*,*,#6304,.T.);
#6319 = ORIENTED_EDGE('',*,*,#6320,.F.);
#6320 = EDGE_CURVE('',#6321,#6297,#6323,.T.);
#6321 = VERTEX_POINT('',#6322);
#6322 = CARTESIAN_POINT('',(30.709714765101,56.533330536913,21.2));
#6323 = B_SPLINE_CURVE_WITH_KNOTS('',5,(#6324,#6325,#6326,#6327,#6328,
    #6329,#6330,#6331,#6332,#6333),.UNSPECIFIED.,.F.,.F.,(6,4,6),(0.,
    0.482266224289,1.),.UNSPECIFIED.);
#6324 = CARTESIAN_POINT('',(30.709714765101,56.533330536913,21.2));
#6325 = CARTESIAN_POINT('',(30.675578642762,56.501169080462,21.2));
#6326 = CARTESIAN_POINT('',(30.637656276882,56.472991789754,21.2));
#6327 = CARTESIAN_POINT('',(30.596068435802,56.448911148928,21.2));
#6328 = CARTESIAN_POINT('',(30.551028456706,56.428913480963,21.2));
#6329 = CARTESIAN_POINT('',(30.451044278994,56.395701879067,21.2));
#6330 = CARTESIAN_POINT('',(30.395611321971,56.383093886338,21.2));
#6331 = CARTESIAN_POINT('',(30.33684138279,56.374944534609,21.2));
#6332 = CARTESIAN_POINT('',(30.275105513826,56.371006711409,21.2));
#6333 = CARTESIAN_POINT('',(30.210746644295,56.371006711409,21.2));
#6334 = ORIENTED_EDGE('',*,*,#6335,.F.);
#6335 = EDGE_CURVE('',#6218,#6321,#6336,.T.);
#6336 = LINE('',#6337,#6338);
#6337 = CARTESIAN_POINT('',(30.709714765101,56.533330536913,20.8));
#6338 = VECTOR('',#6339,1.);
#6339 = DIRECTION('',(0.,0.,1.));
#6340 = SURFACE_OF_LINEAR_EXTRUSION('',#6341,#6345);
#6341 = B_SPLINE_CURVE_WITH_KNOTS('',2,(#6342,#6343,#6344),
  .UNSPECIFIED.,.F.,.F.,(3,3),(0.,1.),.PIECEWISE_BEZIER_KNOTS.);
#6342 = CARTESIAN_POINT('',(30.210746644295,56.371006711409,20.8));
#6343 = CARTESIAN_POINT('',(30.537424496644,56.371006711409,20.8));
#6344 = CARTESIAN_POINT('',(30.709714765101,56.533330536913,20.8));
#6345 = VECTOR('',#6346,1.);
#6346 = DIRECTION('',(-0.,-0.,-1.));
#6347 = ADVANCED_FACE('',(#6348),#6375,.F.);
#6348 = FACE_BOUND('',#6349,.F.);
#6349 = EDGE_LOOP('',(#6350,#6351,#6352,#6369));
#6350 = ORIENTED_EDGE('',*,*,#6225,.F.);
#6351 = ORIENTED_EDGE('',*,*,#6335,.T.);
#6352 = ORIENTED_EDGE('',*,*,#6353,.F.);
#6353 = EDGE_CURVE('',#6354,#6321,#6356,.T.);
#6354 = VERTEX_POINT('',#6355);
#6355 = CARTESIAN_POINT('',(30.882097315436,57.005075503356,21.2));
#6356 = B_SPLINE_CURVE_WITH_KNOTS('',6,(#6357,#6358,#6359,#6360,#6361,
    #6362,#6363,#6364,#6365,#6366,#6367,#6368),.UNSPECIFIED.,.F.,.F.,(7,
    5,7),(0.,0.888100481842,1.),.UNSPECIFIED.);
#6357 = CARTESIAN_POINT('',(30.882097315436,57.005075503356,21.2));
#6358 = CARTESIAN_POINT('',(30.882097315436,56.917348119977,21.2));
#6359 = CARTESIAN_POINT('',(30.873783154111,56.834709883093,21.2));
#6360 = CARTESIAN_POINT('',(30.856442536763,56.758085211048,21.2));
#6361 = CARTESIAN_POINT('',(30.829534170897,56.688365322037,21.2));
#6362 = CARTESIAN_POINT('',(30.792856517333,56.626284250541,21.2));
#6363 = CARTESIAN_POINT('',(30.740971831622,56.56544405756,21.2));
#6364 = CARTESIAN_POINT('',(30.735016492164,56.558763597491,21.2));
#6365 = CARTESIAN_POINT('',(30.728912321225,56.552211412397,21.2));
#6366 = CARTESIAN_POINT('',(30.722660060725,56.545788153194,21.2));
#6367 = CARTESIAN_POINT('',(30.716260557861,56.539494374956,21.2));
#6368 = CARTESIAN_POINT('',(30.709714765101,56.533330536913,21.2));
#6369 = ORIENTED_EDGE('',*,*,#6370,.F.);
#6370 = EDGE_CURVE('',#6226,#6354,#6371,.T.);
#6371 = LINE('',#6372,#6373);
#6372 = CARTESIAN_POINT('',(30.882097315436,57.005075503356,20.8));
#6373 = VECTOR('',#6374,1.);
#6374 = DIRECTION('',(0.,0.,1.));
#6375 = SURFACE_OF_LINEAR_EXTRUSION('',#6376,#6380);
#6376 = B_SPLINE_CURVE_WITH_KNOTS('',2,(#6377,#6378,#6379),
  .UNSPECIFIED.,.F.,.F.,(3,3),(0.,1.),.PIECEWISE_BEZIER_KNOTS.);
#6377 = CARTESIAN_POINT('',(30.709714765101,56.533330536913,20.8));
#6378 = CARTESIAN_POINT('',(30.882097315436,56.695654362416,20.8));
#6379 = CARTESIAN_POINT('',(30.882097315436,57.005075503356,20.8));
#6380 = VECTOR('',#6381,1.);
#6381 = DIRECTION('',(-0.,-0.,-1.));
#6382 = ADVANCED_FACE('',(#6383),#6410,.F.);
#6383 = FACE_BOUND('',#6384,.F.);
#6384 = EDGE_LOOP('',(#6385,#6386,#6387,#6404));
#6385 = ORIENTED_EDGE('',*,*,#6233,.F.);
#6386 = ORIENTED_EDGE('',*,*,#6370,.T.);
#6387 = ORIENTED_EDGE('',*,*,#6388,.F.);
#6388 = EDGE_CURVE('',#6389,#6354,#6391,.T.);
#6389 = VERTEX_POINT('',#6390);
#6390 = CARTESIAN_POINT('',(30.710453020134,57.473959731544,21.2));
#6391 = B_SPLINE_CURVE_WITH_KNOTS('',6,(#6392,#6393,#6394,#6395,#6396,
    #6397,#6398,#6399,#6400,#6401,#6402,#6403),.UNSPECIFIED.,.F.,.F.,(7,
    5,7),(0.,0.111905444038,1.),.UNSPECIFIED.);
#6392 = CARTESIAN_POINT('',(30.710453020134,57.473959731544,21.2));
#6393 = CARTESIAN_POINT('',(30.716970798923,57.467848437883,21.2));
#6394 = CARTESIAN_POINT('',(30.723342902688,57.461607316041,21.2));
#6395 = CARTESIAN_POINT('',(30.729568386185,57.455236818391,21.2));
#6396 = CARTESIAN_POINT('',(30.735646408676,57.448737492747,21.2));
#6397 = CARTESIAN_POINT('',(30.741576233925,57.442109982365,21.2));
#6398 = CARTESIAN_POINT('',(30.793235885747,57.38174690992,21.2));
#6399 = CARTESIAN_POINT('',(30.829754639815,57.320096253265,21.2));
#6400 = CARTESIAN_POINT('',(30.856548352052,57.250808446868,21.2));
#6401 = CARTESIAN_POINT('',(30.873816822969,57.174612357498,21.2));
#6402 = CARTESIAN_POINT('',(30.882097315436,57.092394485031,21.2));
#6403 = CARTESIAN_POINT('',(30.882097315436,57.005075503356,21.2));
#6404 = ORIENTED_EDGE('',*,*,#6405,.F.);
#6405 = EDGE_CURVE('',#6234,#6389,#6406,.T.);
#6406 = LINE('',#6407,#6408);
#6407 = CARTESIAN_POINT('',(30.710453020134,57.473959731544,20.8));
#6408 = VECTOR('',#6409,1.);
#6409 = DIRECTION('',(0.,0.,1.));
#6410 = SURFACE_OF_LINEAR_EXTRUSION('',#6411,#6415);
#6411 = B_SPLINE_CURVE_WITH_KNOTS('',2,(#6412,#6413,#6414),
  .UNSPECIFIED.,.F.,.F.,(3,3),(0.,1.),.PIECEWISE_BEZIER_KNOTS.);
#6412 = CARTESIAN_POINT('',(30.882097315436,57.005075503356,20.8));
#6413 = CARTESIAN_POINT('',(30.882097315436,57.313020134228,20.8));
#6414 = CARTESIAN_POINT('',(30.710453020134,57.473959731544,20.8));
#6415 = VECTOR('',#6416,1.);
#6416 = DIRECTION('',(-0.,-0.,-1.));
#6417 = ADVANCED_FACE('',(#6418),#6443,.F.);
#6418 = FACE_BOUND('',#6419,.F.);
#6419 = EDGE_LOOP('',(#6420,#6421,#6422,#6437));
#6420 = ORIENTED_EDGE('',*,*,#6241,.F.);
#6421 = ORIENTED_EDGE('',*,*,#6405,.T.);
#6422 = ORIENTED_EDGE('',*,*,#6423,.F.);
#6423 = EDGE_CURVE('',#6424,#6389,#6426,.T.);
#6424 = VERTEX_POINT('',#6425);
#6425 = CARTESIAN_POINT('',(30.210746644295,57.634899328859,21.2));
#6426 = B_SPLINE_CURVE_WITH_KNOTS('',5,(#6427,#6428,#6429,#6430,#6431,
    #6432,#6433,#6434,#6435,#6436),.UNSPECIFIED.,.F.,.F.,(6,4,6),(0.,
    0.522999965171,1.),.UNSPECIFIED.);
#6427 = CARTESIAN_POINT('',(30.210746644295,57.634899328859,21.2));
#6428 = CARTESIAN_POINT('',(30.275960636501,57.634899328859,21.2));
#6429 = CARTESIAN_POINT('',(30.338475894917,57.630924391496,21.2));
#6430 = CARTESIAN_POINT('',(30.397935358329,57.622691650287,21.2));
#6431 = CARTESIAN_POINT('',(30.453950337806,57.609943519504,21.2));
#6432 = CARTESIAN_POINT('',(30.553804434318,57.576676780136,21.2));
#6433 = CARTESIAN_POINT('',(30.598284368591,57.55693933647,21.2));
#6434 = CARTESIAN_POINT('',(30.63934523309,57.53323176977,21.2));
#6435 = CARTESIAN_POINT('',(30.676775325047,57.505537097259,21.2));
#6436 = CARTESIAN_POINT('',(30.710453020134,57.473959731544,21.2));
#6437 = ORIENTED_EDGE('',*,*,#6438,.F.);
#6438 = EDGE_CURVE('',#6242,#6424,#6439,.T.);
#6439 = LINE('',#6440,#6441);
#6440 = CARTESIAN_POINT('',(30.210746644295,57.634899328859,20.8));
#6441 = VECTOR('',#6442,1.);
#6442 = DIRECTION('',(0.,0.,1.));
#6443 = SURFACE_OF_LINEAR_EXTRUSION('',#6444,#6448);
#6444 = B_SPLINE_CURVE_WITH_KNOTS('',2,(#6445,#6446,#6447),
  .UNSPECIFIED.,.F.,.F.,(3,3),(0.,1.),.PIECEWISE_BEZIER_KNOTS.);
#6445 = CARTESIAN_POINT('',(30.710453020134,57.473959731544,20.8));
#6446 = CARTESIAN_POINT('',(30.538808724832,57.634899328859,20.8));
#6447 = CARTESIAN_POINT('',(30.210746644295,57.634899328859,20.8));
#6448 = VECTOR('',#6449,1.);
#6449 = DIRECTION('',(-0.,-0.,-1.));
#6450 = ADVANCED_FACE('',(#6451),#6462,.F.);
#6451 = FACE_BOUND('',#6452,.F.);
#6452 = EDGE_LOOP('',(#6453,#6454,#6455,#6461));
#6453 = ORIENTED_EDGE('',*,*,#6249,.F.);
#6454 = ORIENTED_EDGE('',*,*,#6438,.T.);
#6455 = ORIENTED_EDGE('',*,*,#6456,.F.);
#6456 = EDGE_CURVE('',#6265,#6424,#6457,.T.);
#6457 = LINE('',#6458,#6459);
#6458 = CARTESIAN_POINT('',(31.105373322148,57.634899328859,21.2));
#6459 = VECTOR('',#6460,1.);
#6460 = DIRECTION('',(1.,0.,-0.));
#6461 = ORIENTED_EDGE('',*,*,#6264,.F.);
#6462 = PLANE('',#6463);
#6463 = AXIS2_PLACEMENT_3D('',#6464,#6465,#6466);
#6464 = CARTESIAN_POINT('',(30.210746644295,57.634899328859,20.8));
#6465 = DIRECTION('',(0.,-1.,0.));
#6466 = DIRECTION('',(-1.,0.,0.));
#6467 = ADVANCED_FACE('',(#6468),#6477,.T.);
#6468 = FACE_BOUND('',#6469,.T.);
#6469 = EDGE_LOOP('',(#6470,#6471,#6472,#6473,#6474,#6475,#6476));
#6470 = ORIENTED_EDGE('',*,*,#6272,.F.);
#6471 = ORIENTED_EDGE('',*,*,#6296,.F.);
#6472 = ORIENTED_EDGE('',*,*,#6320,.F.);
#6473 = ORIENTED_EDGE('',*,*,#6353,.F.);
#6474 = ORIENTED_EDGE('',*,*,#6388,.F.);
#6475 = ORIENTED_EDGE('',*,*,#6423,.F.);
#6476 = ORIENTED_EDGE('',*,*,#6456,.F.);
#6477 = PLANE('',#6478);
#6478 = AXIS2_PLACEMENT_3D('',#6479,#6480,#6481);
#6479 = CARTESIAN_POINT('',(32.,31.,21.2));
#6480 = DIRECTION('',(0.,0.,1.));
#6481 = DIRECTION('',(1.,0.,-0.));
#6482 = ADVANCED_FACE('',(#6483),#6508,.F.);
#6483 = FACE_BOUND('',#6484,.F.);
#6484 = EDGE_LOOP('',(#6485,#6495,#6501,#6502));
#6485 = ORIENTED_EDGE('',*,*,#6486,.F.);
#6486 = EDGE_CURVE('',#6487,#6489,#6491,.T.);
#6487 = VERTEX_POINT('',#6488);
#6488 = CARTESIAN_POINT('',(17.877181208054,58.036510067114,20.8));
#6489 = VERTEX_POINT('',#6490);
#6490 = CARTESIAN_POINT('',(19.781879194631,58.036510067114,20.8));
#6491 = LINE('',#6492,#6493);
#6492 = CARTESIAN_POINT('',(17.877181208054,58.036510067114,20.8));
#6493 = VECTOR('',#6494,1.);
#6494 = DIRECTION('',(1.,0.,0.));
#6495 = ORIENTED_EDGE('',*,*,#6496,.T.);
#6496 = EDGE_CURVE('',#6487,#2415,#6497,.T.);
#6497 = LINE('',#6498,#6499);
#6498 = CARTESIAN_POINT('',(17.877181208054,58.036510067114,20.8));
#6499 = VECTOR('',#6500,1.);
#6500 = DIRECTION('',(0.,0.,1.));
#6501 = ORIENTED_EDGE('',*,*,#2412,.F.);
#6502 = ORIENTED_EDGE('',*,*,#6503,.F.);
#6503 = EDGE_CURVE('',#6489,#2413,#6504,.T.);
#6504 = LINE('',#6505,#6506);
#6505 = CARTESIAN_POINT('',(19.781879194631,58.036510067114,20.8));
#6506 = VECTOR('',#6507,1.);
#6507 = DIRECTION('',(0.,0.,1.));
#6508 = PLANE('',#6509);
#6509 = AXIS2_PLACEMENT_3D('',#6510,#6511,#6512);
#6510 = CARTESIAN_POINT('',(17.877181208054,58.036510067114,20.8));
#6511 = DIRECTION('',(0.,1.,0.));
#6512 = DIRECTION('',(1.,0.,0.));
#6513 = ADVANCED_FACE('',(#6514),#6532,.F.);
#6514 = FACE_BOUND('',#6515,.F.);
#6515 = EDGE_LOOP('',(#6516,#6524,#6525,#6526));
#6516 = ORIENTED_EDGE('',*,*,#6517,.F.);
#6517 = EDGE_CURVE('',#6489,#6518,#6520,.T.);
#6518 = VERTEX_POINT('',#6519);
#6519 = CARTESIAN_POINT('',(19.781879194631,57.634899328859,20.8));
#6520 = LINE('',#6521,#6522);
#6521 = CARTESIAN_POINT('',(19.781879194631,58.036510067114,20.8));
#6522 = VECTOR('',#6523,1.);
#6523 = DIRECTION('',(0.,-1.,-0.));
#6524 = ORIENTED_EDGE('',*,*,#6503,.T.);
#6525 = ORIENTED_EDGE('',*,*,#2422,.F.);
#6526 = ORIENTED_EDGE('',*,*,#6527,.F.);
#6527 = EDGE_CURVE('',#6518,#2423,#6528,.T.);
#6528 = LINE('',#6529,#6530);
#6529 = CARTESIAN_POINT('',(19.781879194631,57.634899328859,20.8));
#6530 = VECTOR('',#6531,1.);
#6531 = DIRECTION('',(0.,0.,1.));
#6532 = PLANE('',#6533);
#6533 = AXIS2_PLACEMENT_3D('',#6534,#6535,#6536);
#6534 = CARTESIAN_POINT('',(19.781879194631,58.036510067114,20.8));
#6535 = DIRECTION('',(1.,0.,-0.));
#6536 = DIRECTION('',(0.,-1.,0.));
#6537 = ADVANCED_FACE('',(#6538),#6556,.F.);
#6538 = FACE_BOUND('',#6539,.F.);
#6539 = EDGE_LOOP('',(#6540,#6548,#6554,#6555));
#6540 = ORIENTED_EDGE('',*,*,#6541,.F.);
#6541 = EDGE_CURVE('',#6542,#6487,#6544,.T.);
#6542 = VERTEX_POINT('',#6543);
#6543 = CARTESIAN_POINT('',(17.877181208054,57.634899328859,20.8));
#6544 = LINE('',#6545,#6546);
#6545 = CARTESIAN_POINT('',(17.877181208054,57.634899328859,20.8));
#6546 = VECTOR('',#6547,1.);
#6547 = DIRECTION('',(0.,1.,0.));
#6548 = ORIENTED_EDGE('',*,*,#6549,.T.);
#6549 = EDGE_CURVE('',#6542,#2463,#6550,.T.);
#6550 = LINE('',#6551,#6552);
#6551 = CARTESIAN_POINT('',(17.877181208054,57.634899328859,20.8));
#6552 = VECTOR('',#6553,1.);
#6553 = DIRECTION('',(0.,0.,1.));
#6554 = ORIENTED_EDGE('',*,*,#2470,.F.);
#6555 = ORIENTED_EDGE('',*,*,#6496,.F.);
#6556 = PLANE('',#6557);
#6557 = AXIS2_PLACEMENT_3D('',#6558,#6559,#6560);
#6558 = CARTESIAN_POINT('',(17.877181208054,57.634899328859,20.8));
#6559 = DIRECTION('',(-1.,0.,0.));
#6560 = DIRECTION('',(0.,1.,0.));
#6561 = ADVANCED_FACE('',(#6562),#6580,.F.);
#6562 = FACE_BOUND('',#6563,.F.);
#6563 = EDGE_LOOP('',(#6564,#6572,#6573,#6574));
#6564 = ORIENTED_EDGE('',*,*,#6565,.F.);
#6565 = EDGE_CURVE('',#6518,#6566,#6568,.T.);
#6566 = VERTEX_POINT('',#6567);
#6567 = CARTESIAN_POINT('',(19.096686241611,57.634899328859,20.8));
#6568 = LINE('',#6569,#6570);
#6569 = CARTESIAN_POINT('',(19.781879194631,57.634899328859,20.8));
#6570 = VECTOR('',#6571,1.);
#6571 = DIRECTION('',(-1.,0.,0.));
#6572 = ORIENTED_EDGE('',*,*,#6527,.T.);
#6573 = ORIENTED_EDGE('',*,*,#2430,.F.);
#6574 = ORIENTED_EDGE('',*,*,#6575,.F.);
#6575 = EDGE_CURVE('',#6566,#2431,#6576,.T.);
#6576 = LINE('',#6577,#6578);
#6577 = CARTESIAN_POINT('',(19.096686241611,57.634899328859,20.8));
#6578 = VECTOR('',#6579,1.);
#6579 = DIRECTION('',(0.,0.,1.));
#6580 = PLANE('',#6581);
#6581 = AXIS2_PLACEMENT_3D('',#6582,#6583,#6584);
#6582 = CARTESIAN_POINT('',(19.781879194631,57.634899328859,20.8));
#6583 = DIRECTION('',(0.,-1.,0.));
#6584 = DIRECTION('',(-1.,0.,0.));
#6585 = ADVANCED_FACE('',(#6586),#6604,.F.);
#6586 = FACE_BOUND('',#6587,.F.);
#6587 = EDGE_LOOP('',(#6588,#6596,#6602,#6603));
#6588 = ORIENTED_EDGE('',*,*,#6589,.F.);
#6589 = EDGE_CURVE('',#6590,#6542,#6592,.T.);
#6590 = VERTEX_POINT('',#6591);
#6591 = CARTESIAN_POINT('',(18.563758389262,57.634899328859,20.8));
#6592 = LINE('',#6593,#6594);
#6593 = CARTESIAN_POINT('',(18.563758389262,57.634899328859,20.8));
#6594 = VECTOR('',#6595,1.);
#6595 = DIRECTION('',(-1.,0.,0.));
#6596 = ORIENTED_EDGE('',*,*,#6597,.T.);
#6597 = EDGE_CURVE('',#6590,#2455,#6598,.T.);
#6598 = LINE('',#6599,#6600);
#6599 = CARTESIAN_POINT('',(18.563758389262,57.634899328859,20.8));
#6600 = VECTOR('',#6601,1.);
#6601 = DIRECTION('',(0.,0.,1.));
#6602 = ORIENTED_EDGE('',*,*,#2462,.F.);
#6603 = ORIENTED_EDGE('',*,*,#6549,.F.);
#6604 = PLANE('',#6605);
#6605 = AXIS2_PLACEMENT_3D('',#6606,#6607,#6608);
#6606 = CARTESIAN_POINT('',(18.563758389262,57.634899328859,20.8));
#6607 = DIRECTION('',(0.,-1.,0.));
#6608 = DIRECTION('',(-1.,0.,0.));
#6609 = ADVANCED_FACE('',(#6610),#6628,.F.);
#6610 = FACE_BOUND('',#6611,.F.);
#6611 = EDGE_LOOP('',(#6612,#6620,#6621,#6622));
#6612 = ORIENTED_EDGE('',*,*,#6613,.F.);
#6613 = EDGE_CURVE('',#6566,#6614,#6616,.T.);
#6614 = VERTEX_POINT('',#6615);
#6615 = CARTESIAN_POINT('',(19.096686241611,55.969395973154,20.8));
#6616 = LINE('',#6617,#6618);
#6617 = CARTESIAN_POINT('',(19.096686241611,57.634899328859,20.8));
#6618 = VECTOR('',#6619,1.);
#6619 = DIRECTION('',(0.,-1.,-0.));
#6620 = ORIENTED_EDGE('',*,*,#6575,.T.);
#6621 = ORIENTED_EDGE('',*,*,#2438,.F.);
#6622 = ORIENTED_EDGE('',*,*,#6623,.F.);
#6623 = EDGE_CURVE('',#6614,#2439,#6624,.T.);
#6624 = LINE('',#6625,#6626);
#6625 = CARTESIAN_POINT('',(19.096686241611,55.969395973154,20.8));
#6626 = VECTOR('',#6627,1.);
#6627 = DIRECTION('',(0.,0.,1.));
#6628 = PLANE('',#6629);
#6629 = AXIS2_PLACEMENT_3D('',#6630,#6631,#6632);
#6630 = CARTESIAN_POINT('',(19.096686241611,57.634899328859,20.8));
#6631 = DIRECTION('',(1.,0.,-0.));
#6632 = DIRECTION('',(0.,-1.,0.));
#6633 = ADVANCED_FACE('',(#6634),#6652,.F.);
#6634 = FACE_BOUND('',#6635,.F.);
#6635 = EDGE_LOOP('',(#6636,#6644,#6650,#6651));
#6636 = ORIENTED_EDGE('',*,*,#6637,.F.);
#6637 = EDGE_CURVE('',#6638,#6590,#6640,.T.);
#6638 = VERTEX_POINT('',#6639);
#6639 = CARTESIAN_POINT('',(18.563758389262,55.969395973154,20.8));
#6640 = LINE('',#6641,#6642);
#6641 = CARTESIAN_POINT('',(18.563758389262,55.969395973154,20.8));
#6642 = VECTOR('',#6643,1.);
#6643 = DIRECTION('',(0.,1.,0.));
#6644 = ORIENTED_EDGE('',*,*,#6645,.T.);
#6645 = EDGE_CURVE('',#6638,#2447,#6646,.T.);
#6646 = LINE('',#6647,#6648);
#6647 = CARTESIAN_POINT('',(18.563758389262,55.969395973154,20.8));
#6648 = VECTOR('',#6649,1.);
#6649 = DIRECTION('',(0.,0.,1.));
#6650 = ORIENTED_EDGE('',*,*,#2454,.F.);
#6651 = ORIENTED_EDGE('',*,*,#6597,.F.);
#6652 = PLANE('',#6653);
#6653 = AXIS2_PLACEMENT_3D('',#6654,#6655,#6656);
#6654 = CARTESIAN_POINT('',(18.563758389262,55.969395973154,20.8));
#6655 = DIRECTION('',(-1.,0.,0.));
#6656 = DIRECTION('',(0.,1.,0.));
#6657 = ADVANCED_FACE('',(#6658),#6669,.F.);
#6658 = FACE_BOUND('',#6659,.F.);
#6659 = EDGE_LOOP('',(#6660,#6666,#6667,#6668));
#6660 = ORIENTED_EDGE('',*,*,#6661,.F.);
#6661 = EDGE_CURVE('',#6614,#6638,#6662,.T.);
#6662 = LINE('',#6663,#6664);
#6663 = CARTESIAN_POINT('',(19.096686241611,55.969395973154,20.8));
#6664 = VECTOR('',#6665,1.);
#6665 = DIRECTION('',(-1.,0.,0.));
#6666 = ORIENTED_EDGE('',*,*,#6623,.T.);
#6667 = ORIENTED_EDGE('',*,*,#2446,.F.);
#6668 = ORIENTED_EDGE('',*,*,#6645,.F.);
#6669 = PLANE('',#6670);
#6670 = AXIS2_PLACEMENT_3D('',#6671,#6672,#6673);
#6671 = CARTESIAN_POINT('',(19.096686241611,55.969395973154,20.8));
#6672 = DIRECTION('',(0.,-1.,0.));
#6673 = DIRECTION('',(-1.,0.,0.));
#6674 = ADVANCED_FACE('',(#6675),#6685,.T.);
#6675 = FACE_BOUND('',#6676,.F.);
#6676 = EDGE_LOOP('',(#6677,#6678,#6679,#6680,#6681,#6682,#6683,#6684));
#6677 = ORIENTED_EDGE('',*,*,#6486,.T.);
#6678 = ORIENTED_EDGE('',*,*,#6517,.T.);
#6679 = ORIENTED_EDGE('',*,*,#6565,.T.);
#6680 = ORIENTED_EDGE('',*,*,#6613,.T.);
#6681 = ORIENTED_EDGE('',*,*,#6661,.T.);
#6682 = ORIENTED_EDGE('',*,*,#6637,.T.);
#6683 = ORIENTED_EDGE('',*,*,#6589,.T.);
#6684 = ORIENTED_EDGE('',*,*,#6541,.T.);
#6685 = PLANE('',#6686);
#6686 = AXIS2_PLACEMENT_3D('',#6687,#6688,#6689);
#6687 = CARTESIAN_POINT('',(18.829820426137,57.290565791772,20.8));
#6688 = DIRECTION('',(0.,0.,1.));
#6689 = DIRECTION('',(1.,0.,-0.));
#6690 = ADVANCED_FACE('',(#6691),#6716,.F.);
#6691 = FACE_BOUND('',#6692,.F.);
#6692 = EDGE_LOOP('',(#6693,#6703,#6709,#6710));
#6693 = ORIENTED_EDGE('',*,*,#6694,.F.);
#6694 = EDGE_CURVE('',#6695,#6697,#6699,.T.);
#6695 = VERTEX_POINT('',#6696);
#6696 = CARTESIAN_POINT('',(45.437625838926,57.634899328859,20.8));
#6697 = VERTEX_POINT('',#6698);
#6698 = CARTESIAN_POINT('',(45.437625838926,55.969395973154,20.8));
#6699 = LINE('',#6700,#6701);
#6700 = CARTESIAN_POINT('',(45.437625838926,57.634899328859,20.8));
#6701 = VECTOR('',#6702,1.);
#6702 = DIRECTION('',(0.,-1.,0.));
#6703 = ORIENTED_EDGE('',*,*,#6704,.T.);
#6704 = EDGE_CURVE('',#6695,#2481,#6705,.T.);
#6705 = LINE('',#6706,#6707);
#6706 = CARTESIAN_POINT('',(45.437625838926,57.634899328859,20.8));
#6707 = VECTOR('',#6708,1.);
#6708 = DIRECTION('',(0.,0.,1.));
#6709 = ORIENTED_EDGE('',*,*,#2478,.F.);
#6710 = ORIENTED_EDGE('',*,*,#6711,.F.);
#6711 = EDGE_CURVE('',#6697,#2479,#6712,.T.);
#6712 = LINE('',#6713,#6714);
#6713 = CARTESIAN_POINT('',(45.437625838926,55.969395973154,20.8));
#6714 = VECTOR('',#6715,1.);
#6715 = DIRECTION('',(0.,0.,1.));
#6716 = PLANE('',#6717);
#6717 = AXIS2_PLACEMENT_3D('',#6718,#6719,#6720);
#6718 = CARTESIAN_POINT('',(45.437625838926,57.634899328859,20.8));
#6719 = DIRECTION('',(1.,0.,-0.));
#6720 = DIRECTION('',(0.,-1.,0.));
#6721 = ADVANCED_FACE('',(#6722),#6740,.F.);
#6722 = FACE_BOUND('',#6723,.F.);
#6723 = EDGE_LOOP('',(#6724,#6732,#6738,#6739));
#6724 = ORIENTED_EDGE('',*,*,#6725,.F.);
#6725 = EDGE_CURVE('',#6726,#6695,#6728,.T.);
#6726 = VERTEX_POINT('',#6727);
#6727 = CARTESIAN_POINT('',(46.122818791946,57.634899328859,20.8));
#6728 = LINE('',#6729,#6730);
#6729 = CARTESIAN_POINT('',(46.122818791946,57.634899328859,20.8));
#6730 = VECTOR('',#6731,1.);
#6731 = DIRECTION('',(-1.,0.,0.));
#6732 = ORIENTED_EDGE('',*,*,#6733,.T.);
#6733 = EDGE_CURVE('',#6726,#2529,#6734,.T.);
#6734 = LINE('',#6735,#6736);
#6735 = CARTESIAN_POINT('',(46.122818791946,57.634899328859,20.8));
#6736 = VECTOR('',#6737,1.);
#6737 = DIRECTION('',(0.,0.,1.));
#6738 = ORIENTED_EDGE('',*,*,#2536,.F.);
#6739 = ORIENTED_EDGE('',*,*,#6704,.F.);
#6740 = PLANE('',#6741);
#6741 = AXIS2_PLACEMENT_3D('',#6742,#6743,#6744);
#6742 = CARTESIAN_POINT('',(46.122818791946,57.634899328859,20.8));
#6743 = DIRECTION('',(0.,-1.,0.));
#6744 = DIRECTION('',(-1.,0.,0.));
#6745 = ADVANCED_FACE('',(#6746),#6764,.F.);
#6746 = FACE_BOUND('',#6747,.F.);
#6747 = EDGE_LOOP('',(#6748,#6756,#6762,#6763));
#6748 = ORIENTED_EDGE('',*,*,#6749,.F.);
#6749 = EDGE_CURVE('',#6750,#6726,#6752,.T.);
#6750 = VERTEX_POINT('',#6751);
#6751 = CARTESIAN_POINT('',(46.122818791946,58.036510067114,20.8));
#6752 = LINE('',#6753,#6754);
#6753 = CARTESIAN_POINT('',(46.122818791946,58.036510067114,20.8));
#6754 = VECTOR('',#6755,1.);
#6755 = DIRECTION('',(0.,-1.,0.));
#6756 = ORIENTED_EDGE('',*,*,#6757,.T.);
#6757 = EDGE_CURVE('',#6750,#2521,#6758,.T.);
#6758 = LINE('',#6759,#6760);
#6759 = CARTESIAN_POINT('',(46.122818791946,58.036510067114,20.8));
#6760 = VECTOR('',#6761,1.);
#6761 = DIRECTION('',(0.,0.,1.));
#6762 = ORIENTED_EDGE('',*,*,#2528,.F.);
#6763 = ORIENTED_EDGE('',*,*,#6733,.F.);
#6764 = PLANE('',#6765);
#6765 = AXIS2_PLACEMENT_3D('',#6766,#6767,#6768);
#6766 = CARTESIAN_POINT('',(46.122818791946,58.036510067114,20.8));
#6767 = DIRECTION('',(1.,0.,-0.));
#6768 = DIRECTION('',(0.,-1.,0.));
#6769 = ADVANCED_FACE('',(#6770),#6788,.F.);
#6770 = FACE_BOUND('',#6771,.F.);
#6771 = EDGE_LOOP('',(#6772,#6780,#6786,#6787));
#6772 = ORIENTED_EDGE('',*,*,#6773,.F.);
#6773 = EDGE_CURVE('',#6774,#6750,#6776,.T.);
#6774 = VERTEX_POINT('',#6775);
#6775 = CARTESIAN_POINT('',(44.218120805369,58.036510067114,20.8));
#6776 = LINE('',#6777,#6778);
#6777 = CARTESIAN_POINT('',(44.218120805369,58.036510067114,20.8));
#6778 = VECTOR('',#6779,1.);
#6779 = DIRECTION('',(1.,0.,0.));
#6780 = ORIENTED_EDGE('',*,*,#6781,.T.);
#6781 = EDGE_CURVE('',#6774,#2513,#6782,.T.);
#6782 = LINE('',#6783,#6784);
#6783 = CARTESIAN_POINT('',(44.218120805369,58.036510067114,20.8));
#6784 = VECTOR('',#6785,1.);
#6785 = DIRECTION('',(0.,0.,1.));
#6786 = ORIENTED_EDGE('',*,*,#2520,.F.);
#6787 = ORIENTED_EDGE('',*,*,#6757,.F.);
#6788 = PLANE('',#6789);
#6789 = AXIS2_PLACEMENT_3D('',#6790,#6791,#6792);
#6790 = CARTESIAN_POINT('',(44.218120805369,58.036510067114,20.8));
#6791 = DIRECTION('',(0.,1.,0.));
#6792 = DIRECTION('',(1.,0.,0.));
#6793 = ADVANCED_FACE('',(#6794),#6812,.F.);
#6794 = FACE_BOUND('',#6795,.F.);
#6795 = EDGE_LOOP('',(#6796,#6804,#6810,#6811));
#6796 = ORIENTED_EDGE('',*,*,#6797,.F.);
#6797 = EDGE_CURVE('',#6798,#6774,#6800,.T.);
#6798 = VERTEX_POINT('',#6799);
#6799 = CARTESIAN_POINT('',(44.218120805369,57.634899328859,20.8));
#6800 = LINE('',#6801,#6802);
#6801 = CARTESIAN_POINT('',(44.218120805369,57.634899328859,20.8));
#6802 = VECTOR('',#6803,1.);
#6803 = DIRECTION('',(0.,1.,0.));
#6804 = ORIENTED_EDGE('',*,*,#6805,.T.);
#6805 = EDGE_CURVE('',#6798,#2505,#6806,.T.);
#6806 = LINE('',#6807,#6808);
#6807 = CARTESIAN_POINT('',(44.218120805369,57.634899328859,20.8));
#6808 = VECTOR('',#6809,1.);
#6809 = DIRECTION('',(0.,0.,1.));
#6810 = ORIENTED_EDGE('',*,*,#2512,.F.);
#6811 = ORIENTED_EDGE('',*,*,#6781,.F.);
#6812 = PLANE('',#6813);
#6813 = AXIS2_PLACEMENT_3D('',#6814,#6815,#6816);
#6814 = CARTESIAN_POINT('',(44.218120805369,57.634899328859,20.8));
#6815 = DIRECTION('',(-1.,0.,0.));
#6816 = DIRECTION('',(0.,1.,0.));
#6817 = ADVANCED_FACE('',(#6818),#6836,.F.);
#6818 = FACE_BOUND('',#6819,.F.);
#6819 = EDGE_LOOP('',(#6820,#6828,#6834,#6835));
#6820 = ORIENTED_EDGE('',*,*,#6821,.F.);
#6821 = EDGE_CURVE('',#6822,#6798,#6824,.T.);
#6822 = VERTEX_POINT('',#6823);
#6823 = CARTESIAN_POINT('',(44.904697986577,57.634899328859,20.8));
#6824 = LINE('',#6825,#6826);
#6825 = CARTESIAN_POINT('',(44.904697986577,57.634899328859,20.8));
#6826 = VECTOR('',#6827,1.);
#6827 = DIRECTION('',(-1.,0.,0.));
#6828 = ORIENTED_EDGE('',*,*,#6829,.T.);
#6829 = EDGE_CURVE('',#6822,#2497,#6830,.T.);
#6830 = LINE('',#6831,#6832);
#6831 = CARTESIAN_POINT('',(44.904697986577,57.634899328859,20.8));
#6832 = VECTOR('',#6833,1.);
#6833 = DIRECTION('',(0.,0.,1.));
#6834 = ORIENTED_EDGE('',*,*,#2504,.F.);
#6835 = ORIENTED_EDGE('',*,*,#6805,.F.);
#6836 = PLANE('',#6837);
#6837 = AXIS2_PLACEMENT_3D('',#6838,#6839,#6840);
#6838 = CARTESIAN_POINT('',(44.904697986577,57.634899328859,20.8));
#6839 = DIRECTION('',(0.,-1.,0.));
#6840 = DIRECTION('',(-1.,0.,0.));
#6841 = ADVANCED_FACE('',(#6842),#6860,.F.);
#6842 = FACE_BOUND('',#6843,.F.);
#6843 = EDGE_LOOP('',(#6844,#6852,#6858,#6859));
#6844 = ORIENTED_EDGE('',*,*,#6845,.F.);
#6845 = EDGE_CURVE('',#6846,#6822,#6848,.T.);
#6846 = VERTEX_POINT('',#6847);
#6847 = CARTESIAN_POINT('',(44.904697986577,55.969395973154,20.8));
#6848 = LINE('',#6849,#6850);
#6849 = CARTESIAN_POINT('',(44.904697986577,55.969395973154,20.8));
#6850 = VECTOR('',#6851,1.);
#6851 = DIRECTION('',(0.,1.,0.));
#6852 = ORIENTED_EDGE('',*,*,#6853,.T.);
#6853 = EDGE_CURVE('',#6846,#2489,#6854,.T.);
#6854 = LINE('',#6855,#6856);
#6855 = CARTESIAN_POINT('',(44.904697986577,55.969395973154,20.8));
#6856 = VECTOR('',#6857,1.);
#6857 = DIRECTION('',(0.,0.,1.));
#6858 = ORIENTED_EDGE('',*,*,#2496,.F.);
#6859 = ORIENTED_EDGE('',*,*,#6829,.F.);
#6860 = PLANE('',#6861);
#6861 = AXIS2_PLACEMENT_3D('',#6862,#6863,#6864);
#6862 = CARTESIAN_POINT('',(44.904697986577,55.969395973154,20.8));
#6863 = DIRECTION('',(-1.,0.,0.));
#6864 = DIRECTION('',(0.,1.,0.));
#6865 = ADVANCED_FACE('',(#6866),#6877,.F.);
#6866 = FACE_BOUND('',#6867,.F.);
#6867 = EDGE_LOOP('',(#6868,#6874,#6875,#6876));
#6868 = ORIENTED_EDGE('',*,*,#6869,.F.);
#6869 = EDGE_CURVE('',#6697,#6846,#6870,.T.);
#6870 = LINE('',#6871,#6872);
#6871 = CARTESIAN_POINT('',(45.437625838926,55.969395973154,20.8));
#6872 = VECTOR('',#6873,1.);
#6873 = DIRECTION('',(-1.,0.,0.));
#6874 = ORIENTED_EDGE('',*,*,#6711,.T.);
#6875 = ORIENTED_EDGE('',*,*,#2488,.F.);
#6876 = ORIENTED_EDGE('',*,*,#6853,.F.);
#6877 = PLANE('',#6878);
#6878 = AXIS2_PLACEMENT_3D('',#6879,#6880,#6881);
#6879 = CARTESIAN_POINT('',(45.437625838926,55.969395973154,20.8));
#6880 = DIRECTION('',(0.,-1.,0.));
#6881 = DIRECTION('',(-1.,0.,0.));
#6882 = ADVANCED_FACE('',(#6883),#6893,.T.);
#6883 = FACE_BOUND('',#6884,.F.);
#6884 = EDGE_LOOP('',(#6885,#6886,#6887,#6888,#6889,#6890,#6891,#6892));
#6885 = ORIENTED_EDGE('',*,*,#6773,.T.);
#6886 = ORIENTED_EDGE('',*,*,#6749,.T.);
#6887 = ORIENTED_EDGE('',*,*,#6725,.T.);
#6888 = ORIENTED_EDGE('',*,*,#6694,.T.);
#6889 = ORIENTED_EDGE('',*,*,#6869,.T.);
#6890 = ORIENTED_EDGE('',*,*,#6845,.T.);
#6891 = ORIENTED_EDGE('',*,*,#6821,.T.);
#6892 = ORIENTED_EDGE('',*,*,#6797,.T.);
#6893 = PLANE('',#6894);
#6894 = AXIS2_PLACEMENT_3D('',#6895,#6896,#6897);
#6895 = CARTESIAN_POINT('',(45.170760023453,57.290565791772,20.8));
#6896 = DIRECTION('',(0.,0.,1.));
#6897 = DIRECTION('',(1.,0.,-0.));
#6898 = ADVANCED_FACE('',(#6899),#6925,.F.);
#6899 = FACE_BOUND('',#6900,.F.);
#6900 = EDGE_LOOP('',(#6901,#6911,#6917,#6918,#6919));
#6901 = ORIENTED_EDGE('',*,*,#6902,.F.);
#6902 = EDGE_CURVE('',#6903,#6905,#6907,.T.);
#6903 = VERTEX_POINT('',#6904);
#6904 = CARTESIAN_POINT('',(41.282265100671,56.481283557047,20.8));
#6905 = VERTEX_POINT('',#6906);
#6906 = CARTESIAN_POINT('',(41.127877516779,56.692424496644,20.8));
#6907 = B_SPLINE_CURVE_WITH_KNOTS('',2,(#6908,#6909,#6910),
  .UNSPECIFIED.,.F.,.F.,(3,3),(0.,1.),.PIECEWISE_BEZIER_KNOTS.);
#6908 = CARTESIAN_POINT('',(41.282265100671,56.481283557047,20.8));
#6909 = CARTESIAN_POINT('',(41.206132550336,56.635855704698,20.8));
#6910 = CARTESIAN_POINT('',(41.127877516779,56.692424496644,20.8));
#6911 = ORIENTED_EDGE('',*,*,#6912,.T.);
#6912 = EDGE_CURVE('',#6903,#2646,#6913,.T.);
#6913 = LINE('',#6914,#6915);
#6914 = CARTESIAN_POINT('',(41.282265100671,56.481283557047,20.8));
#6915 = VECTOR('',#6916,1.);
#6916 = DIRECTION('',(0.,0.,1.));
#6917 = ORIENTED_EDGE('',*,*,#2653,.F.);
#6918 = ORIENTED_EDGE('',*,*,#2663,.F.);
#6919 = ORIENTED_EDGE('',*,*,#6920,.F.);
#6920 = EDGE_CURVE('',#6905,#2664,#6921,.T.);
#6921 = LINE('',#6922,#6923);
#6922 = CARTESIAN_POINT('',(41.127877516779,56.692424496644,20.8));
#6923 = VECTOR('',#6924,1.);
#6924 = DIRECTION('',(0.,0.,1.));
#6925 = SURFACE_OF_LINEAR_EXTRUSION('',#6926,#6930);
#6926 = B_SPLINE_CURVE_WITH_KNOTS('',2,(#6927,#6928,#6929),
  .UNSPECIFIED.,.F.,.F.,(3,3),(0.,1.),.PIECEWISE_BEZIER_KNOTS.);
#6927 = CARTESIAN_POINT('',(41.282265100671,56.481283557047,20.8));
#6928 = CARTESIAN_POINT('',(41.206132550336,56.635855704698,20.8));
#6929 = CARTESIAN_POINT('',(41.127877516779,56.692424496644,20.8));
#6930 = VECTOR('',#6931,1.);
#6931 = DIRECTION('',(-0.,-0.,-1.));
#6932 = ADVANCED_FACE('',(#6933),#6951,.F.);
#6933 = FACE_BOUND('',#6934,.F.);
#6934 = EDGE_LOOP('',(#6935,#6943,#6949,#6950));
#6935 = ORIENTED_EDGE('',*,*,#6936,.F.);
#6936 = EDGE_CURVE('',#6937,#6903,#6939,.T.);
#6937 = VERTEX_POINT('',#6938);
#6938 = CARTESIAN_POINT('',(41.534194630872,55.969395973154,20.8));
#6939 = LINE('',#6940,#6941);
#6940 = CARTESIAN_POINT('',(41.534194630872,55.969395973154,20.8));
#6941 = VECTOR('',#6942,1.);
#6942 = DIRECTION('',(-0.441575860289,0.897223918323,0.));
#6943 = ORIENTED_EDGE('',*,*,#6944,.T.);
#6944 = EDGE_CURVE('',#6937,#2638,#6945,.T.);
#6945 = LINE('',#6946,#6947);
#6946 = CARTESIAN_POINT('',(41.534194630872,55.969395973154,20.8));
#6947 = VECTOR('',#6948,1.);
#6948 = DIRECTION('',(0.,0.,1.));
#6949 = ORIENTED_EDGE('',*,*,#2645,.F.);
#6950 = ORIENTED_EDGE('',*,*,#6912,.F.);
#6951 = PLANE('',#6952);
#6952 = AXIS2_PLACEMENT_3D('',#6953,#6954,#6955);
#6953 = CARTESIAN_POINT('',(41.534194630872,55.969395973154,20.8));
#6954 = DIRECTION('',(-0.897223918323,-0.441575860289,0.));
#6955 = DIRECTION('',(-0.441575860289,0.897223918323,0.));
#6956 = ADVANCED_FACE('',(#6957),#6975,.F.);
#6957 = FACE_BOUND('',#6958,.F.);
#6958 = EDGE_LOOP('',(#6959,#6967,#6973,#6974));
#6959 = ORIENTED_EDGE('',*,*,#6960,.F.);
#6960 = EDGE_CURVE('',#6961,#6937,#6963,.T.);
#6961 = VERTEX_POINT('',#6962);
#6962 = CARTESIAN_POINT('',(42.101728187919,55.969395973154,20.8));
#6963 = LINE('',#6964,#6965);
#6964 = CARTESIAN_POINT('',(42.101728187919,55.969395973154,20.8));
#6965 = VECTOR('',#6966,1.);
#6966 = DIRECTION('',(-1.,0.,0.));
#6967 = ORIENTED_EDGE('',*,*,#6968,.T.);
#6968 = EDGE_CURVE('',#6961,#2630,#6969,.T.);
#6969 = LINE('',#6970,#6971);
#6970 = CARTESIAN_POINT('',(42.101728187919,55.969395973154,20.8));
#6971 = VECTOR('',#6972,1.);
#6972 = DIRECTION('',(0.,0.,1.));
#6973 = ORIENTED_EDGE('',*,*,#2637,.F.);
#6974 = ORIENTED_EDGE('',*,*,#6944,.F.);
#6975 = PLANE('',#6976);
#6976 = AXIS2_PLACEMENT_3D('',#6977,#6978,#6979);
#6977 = CARTESIAN_POINT('',(42.101728187919,55.969395973154,20.8));
#6978 = DIRECTION('',(0.,-1.,0.));
#6979 = DIRECTION('',(-1.,0.,0.));
#6980 = ADVANCED_FACE('',(#6981),#7006,.F.);
#6981 = FACE_BOUND('',#6982,.F.);
#6982 = EDGE_LOOP('',(#6983,#6993,#6999,#7000));
#6983 = ORIENTED_EDGE('',*,*,#6984,.F.);
#6984 = EDGE_CURVE('',#6985,#6987,#6989,.T.);
#6985 = VERTEX_POINT('',#6986);
#6986 = CARTESIAN_POINT('',(40.235788590604,55.969395973154,20.8));
#6987 = VERTEX_POINT('',#6988);
#6988 = CARTESIAN_POINT('',(40.235788590604,58.036510067114,20.8));
#6989 = LINE('',#6990,#6991);
#6990 = CARTESIAN_POINT('',(40.235788590604,55.969395973154,20.8));
#6991 = VECTOR('',#6992,1.);
#6992 = DIRECTION('',(0.,1.,0.));
#6993 = ORIENTED_EDGE('',*,*,#6994,.T.);
#6994 = EDGE_CURVE('',#6985,#2702,#6995,.T.);
#6995 = LINE('',#6996,#6997);
#6996 = CARTESIAN_POINT('',(40.235788590604,55.969395973154,20.8));
#6997 = VECTOR('',#6998,1.);
#6998 = DIRECTION('',(0.,0.,1.));
#6999 = ORIENTED_EDGE('',*,*,#2709,.F.);
#7000 = ORIENTED_EDGE('',*,*,#7001,.F.);
#7001 = EDGE_CURVE('',#6987,#2547,#7002,.T.);
#7002 = LINE('',#7003,#7004);
#7003 = CARTESIAN_POINT('',(40.235788590604,58.036510067114,20.8));
#7004 = VECTOR('',#7005,1.);
#7005 = DIRECTION('',(0.,0.,1.));
#7006 = PLANE('',#7007);
#7007 = AXIS2_PLACEMENT_3D('',#7008,#7009,#7010);
#7008 = CARTESIAN_POINT('',(40.235788590604,55.969395973154,20.8));
#7009 = DIRECTION('',(-1.,0.,0.));
#7010 = DIRECTION('',(0.,1.,0.));
#7011 = ADVANCED_FACE('',(#7012),#7030,.F.);
#7012 = FACE_BOUND('',#7013,.F.);
#7013 = EDGE_LOOP('',(#7014,#7022,#7023,#7024));
#7014 = ORIENTED_EDGE('',*,*,#7015,.F.);
#7015 = EDGE_CURVE('',#6987,#7016,#7018,.T.);
#7016 = VERTEX_POINT('',#7017);
#7017 = CARTESIAN_POINT('',(41.049714765101,58.036510067114,20.8));
#7018 = LINE('',#7019,#7020);
#7019 = CARTESIAN_POINT('',(40.235788590604,58.036510067114,20.8));
#7020 = VECTOR('',#7021,1.);
#7021 = DIRECTION('',(1.,0.,0.));
#7022 = ORIENTED_EDGE('',*,*,#7001,.T.);
#7023 = ORIENTED_EDGE('',*,*,#2544,.F.);
#7024 = ORIENTED_EDGE('',*,*,#7025,.F.);
#7025 = EDGE_CURVE('',#7016,#2545,#7026,.T.);
#7026 = LINE('',#7027,#7028);
#7027 = CARTESIAN_POINT('',(41.049714765101,58.036510067114,20.8));
#7028 = VECTOR('',#7029,1.);
#7029 = DIRECTION('',(0.,0.,1.));
#7030 = PLANE('',#7031);
#7031 = AXIS2_PLACEMENT_3D('',#7032,#7033,#7034);
#7032 = CARTESIAN_POINT('',(40.235788590604,58.036510067114,20.8));
#7033 = DIRECTION('',(0.,1.,0.));
#7034 = DIRECTION('',(1.,0.,0.));
#7035 = ADVANCED_FACE('',(#7036),#7054,.F.);
#7036 = FACE_BOUND('',#7037,.F.);
#7037 = EDGE_LOOP('',(#7038,#7046,#7047,#7048));
#7038 = ORIENTED_EDGE('',*,*,#7039,.F.);
#7039 = EDGE_CURVE('',#7016,#7040,#7042,.T.);
#7040 = VERTEX_POINT('',#7041);
#7041 = CARTESIAN_POINT('',(41.648347315436,57.898917785235,20.8));
#7042 = B_SPLINE_CURVE_WITH_KNOTS('',2,(#7043,#7044,#7045),
  .UNSPECIFIED.,.F.,.F.,(3,3),(0.,1.),.PIECEWISE_BEZIER_KNOTS.);
#7043 = CARTESIAN_POINT('',(41.049714765101,58.036510067114,20.8));
#7044 = CARTESIAN_POINT('',(41.458062080537,58.036510067114,20.8));
#7045 = CARTESIAN_POINT('',(41.648347315436,57.898917785235,20.8));
#7046 = ORIENTED_EDGE('',*,*,#7025,.T.);
#7047 = ORIENTED_EDGE('',*,*,#2554,.F.);
#7048 = ORIENTED_EDGE('',*,*,#7049,.F.);
#7049 = EDGE_CURVE('',#7040,#2555,#7050,.T.);
#7050 = LINE('',#7051,#7052);
#7051 = CARTESIAN_POINT('',(41.648347315436,57.898917785235,20.8));
#7052 = VECTOR('',#7053,1.);
#7053 = DIRECTION('',(0.,0.,1.));
#7054 = SURFACE_OF_LINEAR_EXTRUSION('',#7055,#7059);
#7055 = B_SPLINE_CURVE_WITH_KNOTS('',2,(#7056,#7057,#7058),
  .UNSPECIFIED.,.F.,.F.,(3,3),(0.,1.),.PIECEWISE_BEZIER_KNOTS.);
#7056 = CARTESIAN_POINT('',(41.049714765101,58.036510067114,20.8));
#7057 = CARTESIAN_POINT('',(41.458062080537,58.036510067114,20.8));
#7058 = CARTESIAN_POINT('',(41.648347315436,57.898917785235,20.8));
#7059 = VECTOR('',#7060,1.);
#7060 = DIRECTION('',(-0.,-0.,-1.));
#7061 = ADVANCED_FACE('',(#7062),#7080,.F.);
#7062 = FACE_BOUND('',#7063,.F.);
#7063 = EDGE_LOOP('',(#7064,#7072,#7073,#7074));
#7064 = ORIENTED_EDGE('',*,*,#7065,.F.);
#7065 = EDGE_CURVE('',#7040,#7066,#7068,.T.);
#7066 = VERTEX_POINT('',#7067);
#7067 = CARTESIAN_POINT('',(41.838724832215,57.464177852349,20.8));
#7068 = B_SPLINE_CURVE_WITH_KNOTS('',2,(#7069,#7070,#7071),
  .UNSPECIFIED.,.F.,.F.,(3,3),(0.,1.),.PIECEWISE_BEZIER_KNOTS.);
#7069 = CARTESIAN_POINT('',(41.648347315436,57.898917785235,20.8));
#7070 = CARTESIAN_POINT('',(41.838724832215,57.761417785235,20.8));
#7071 = CARTESIAN_POINT('',(41.838724832215,57.464177852349,20.8));
#7072 = ORIENTED_EDGE('',*,*,#7049,.T.);
#7073 = ORIENTED_EDGE('',*,*,#2566,.F.);
#7074 = ORIENTED_EDGE('',*,*,#7075,.F.);
#7075 = EDGE_CURVE('',#7066,#2567,#7076,.T.);
#7076 = LINE('',#7077,#7078);
#7077 = CARTESIAN_POINT('',(41.838724832215,57.464177852349,20.8));
#7078 = VECTOR('',#7079,1.);
#7079 = DIRECTION('',(0.,0.,1.));
#7080 = SURFACE_OF_LINEAR_EXTRUSION('',#7081,#7085);
#7081 = B_SPLINE_CURVE_WITH_KNOTS('',2,(#7082,#7083,#7084),
  .UNSPECIFIED.,.F.,.F.,(3,3),(0.,1.),.PIECEWISE_BEZIER_KNOTS.);
#7082 = CARTESIAN_POINT('',(41.648347315436,57.898917785235,20.8));
#7083 = CARTESIAN_POINT('',(41.838724832215,57.761417785235,20.8));
#7084 = CARTESIAN_POINT('',(41.838724832215,57.464177852349,20.8));
#7085 = VECTOR('',#7086,1.);
#7086 = DIRECTION('',(-0.,-0.,-1.));
#7087 = ADVANCED_FACE('',(#7088),#7106,.F.);
#7088 = FACE_BOUND('',#7089,.F.);
#7089 = EDGE_LOOP('',(#7090,#7098,#7099,#7100));
#7090 = ORIENTED_EDGE('',*,*,#7091,.F.);
#7091 = EDGE_CURVE('',#7066,#7092,#7094,.T.);
#7092 = VERTEX_POINT('',#7093);
#7093 = CARTESIAN_POINT('',(41.739706375839,57.126518456376,20.8));
#7094 = B_SPLINE_CURVE_WITH_KNOTS('',2,(#7095,#7096,#7097),
  .UNSPECIFIED.,.F.,.F.,(3,3),(0.,1.),.PIECEWISE_BEZIER_KNOTS.);
#7095 = CARTESIAN_POINT('',(41.838724832215,57.464177852349,20.8));
#7096 = CARTESIAN_POINT('',(41.838724832215,57.258573825503,20.8));
#7097 = CARTESIAN_POINT('',(41.739706375839,57.126518456376,20.8));
#7098 = ORIENTED_EDGE('',*,*,#7075,.T.);
#7099 = ORIENTED_EDGE('',*,*,#2583,.F.);
#7100 = ORIENTED_EDGE('',*,*,#7101,.F.);
#7101 = EDGE_CURVE('',#7092,#2584,#7102,.T.);
#7102 = LINE('',#7103,#7104);
#7103 = CARTESIAN_POINT('',(41.739706375839,57.126518456376,20.8));
#7104 = VECTOR('',#7105,1.);
#7105 = DIRECTION('',(0.,0.,1.));
#7106 = SURFACE_OF_LINEAR_EXTRUSION('',#7107,#7111);
#7107 = B_SPLINE_CURVE_WITH_KNOTS('',2,(#7108,#7109,#7110),
  .UNSPECIFIED.,.F.,.F.,(3,3),(0.,1.),.PIECEWISE_BEZIER_KNOTS.);
#7108 = CARTESIAN_POINT('',(41.838724832215,57.464177852349,20.8));
#7109 = CARTESIAN_POINT('',(41.838724832215,57.258573825503,20.8));
#7110 = CARTESIAN_POINT('',(41.739706375839,57.126518456376,20.8));
#7111 = VECTOR('',#7112,1.);
#7112 = DIRECTION('',(-0.,-0.,-1.));
#7113 = ADVANCED_FACE('',(#7114),#7132,.F.);
#7114 = FACE_BOUND('',#7115,.F.);
#7115 = EDGE_LOOP('',(#7116,#7124,#7125,#7126));
#7116 = ORIENTED_EDGE('',*,*,#7117,.F.);
#7117 = EDGE_CURVE('',#7092,#7118,#7120,.T.);
#7118 = VERTEX_POINT('',#7119);
#7119 = CARTESIAN_POINT('',(41.441451342282,56.932080536913,20.8));
#7120 = B_SPLINE_CURVE_WITH_KNOTS('',2,(#7121,#7122,#7123),
  .UNSPECIFIED.,.F.,.F.,(3,3),(0.,1.),.PIECEWISE_BEZIER_KNOTS.);
#7121 = CARTESIAN_POINT('',(41.739706375839,57.126518456376,20.8));
#7122 = CARTESIAN_POINT('',(41.640780201342,56.994555369128,20.8));
#7123 = CARTESIAN_POINT('',(41.441451342282,56.932080536913,20.8));
#7124 = ORIENTED_EDGE('',*,*,#7101,.T.);
#7125 = ORIENTED_EDGE('',*,*,#2594,.F.);
#7126 = ORIENTED_EDGE('',*,*,#7127,.F.);
#7127 = EDGE_CURVE('',#7118,#2595,#7128,.T.);
#7128 = LINE('',#7129,#7130);
#7129 = CARTESIAN_POINT('',(41.441451342282,56.932080536913,20.8));
#7130 = VECTOR('',#7131,1.);
#7131 = DIRECTION('',(0.,0.,1.));
#7132 = SURFACE_OF_LINEAR_EXTRUSION('',#7133,#7137);
#7133 = B_SPLINE_CURVE_WITH_KNOTS('',2,(#7134,#7135,#7136),
  .UNSPECIFIED.,.F.,.F.,(3,3),(0.,1.),.PIECEWISE_BEZIER_KNOTS.);
#7134 = CARTESIAN_POINT('',(41.739706375839,57.126518456376,20.8));
#7135 = CARTESIAN_POINT('',(41.640780201342,56.994555369128,20.8));
#7136 = CARTESIAN_POINT('',(41.441451342282,56.932080536913,20.8));
#7137 = VECTOR('',#7138,1.);
#7138 = DIRECTION('',(-0.,-0.,-1.));
#7139 = ADVANCED_FACE('',(#7140),#7158,.F.);
#7140 = FACE_BOUND('',#7141,.F.);
#7141 = EDGE_LOOP('',(#7142,#7150,#7151,#7152));
#7142 = ORIENTED_EDGE('',*,*,#7143,.F.);
#7143 = EDGE_CURVE('',#7118,#7144,#7146,.T.);
#7144 = VERTEX_POINT('',#7145);
#7145 = CARTESIAN_POINT('',(41.637273489933,56.819773489933,20.8));
#7146 = B_SPLINE_CURVE_WITH_KNOTS('',2,(#7147,#7148,#7149),
  .UNSPECIFIED.,.F.,.F.,(3,3),(0.,1.),.PIECEWISE_BEZIER_KNOTS.);
#7147 = CARTESIAN_POINT('',(41.441451342282,56.932080536913,20.8));
#7148 = CARTESIAN_POINT('',(41.550805369128,56.907256711409,20.8));
#7149 = CARTESIAN_POINT('',(41.637273489933,56.819773489933,20.8));
#7150 = ORIENTED_EDGE('',*,*,#7127,.T.);
#7151 = ORIENTED_EDGE('',*,*,#2605,.F.);
#7152 = ORIENTED_EDGE('',*,*,#7153,.F.);
#7153 = EDGE_CURVE('',#7144,#2606,#7154,.T.);
#7154 = LINE('',#7155,#7156);
#7155 = CARTESIAN_POINT('',(41.637273489933,56.819773489933,20.8));
#7156 = VECTOR('',#7157,1.);
#7157 = DIRECTION('',(0.,0.,1.));
#7158 = SURFACE_OF_LINEAR_EXTRUSION('',#7159,#7163);
#7159 = B_SPLINE_CURVE_WITH_KNOTS('',2,(#7160,#7161,#7162),
  .UNSPECIFIED.,.F.,.F.,(3,3),(0.,1.),.PIECEWISE_BEZIER_KNOTS.);
#7160 = CARTESIAN_POINT('',(41.441451342282,56.932080536913,20.8));
#7161 = CARTESIAN_POINT('',(41.550805369128,56.907256711409,20.8));
#7162 = CARTESIAN_POINT('',(41.637273489933,56.819773489933,20.8));
#7163 = VECTOR('',#7164,1.);
#7164 = DIRECTION('',(-0.,-0.,-1.));
#7165 = ADVANCED_FACE('',(#7166),#7184,.F.);
#7166 = FACE_BOUND('',#7167,.F.);
#7167 = EDGE_LOOP('',(#7168,#7176,#7177,#7178));
#7168 = ORIENTED_EDGE('',*,*,#7169,.F.);
#7169 = EDGE_CURVE('',#7144,#7170,#7172,.T.);
#7170 = VERTEX_POINT('',#7171);
#7171 = CARTESIAN_POINT('',(41.812424496644,56.554463087248,20.8));
#7172 = B_SPLINE_CURVE_WITH_KNOTS('',2,(#7173,#7174,#7175),
  .UNSPECIFIED.,.F.,.F.,(3,3),(0.,1.),.PIECEWISE_BEZIER_KNOTS.);
#7173 = CARTESIAN_POINT('',(41.637273489933,56.819773489933,20.8));
#7174 = CARTESIAN_POINT('',(41.723833892617,56.732290268456,20.8));
#7175 = CARTESIAN_POINT('',(41.812424496644,56.554463087248,20.8));
#7176 = ORIENTED_EDGE('',*,*,#7153,.T.);
#7177 = ORIENTED_EDGE('',*,*,#2618,.F.);
#7178 = ORIENTED_EDGE('',*,*,#7179,.F.);
#7179 = EDGE_CURVE('',#7170,#2619,#7180,.T.);
#7180 = LINE('',#7181,#7182);
#7181 = CARTESIAN_POINT('',(41.812424496644,56.554463087248,20.8));
#7182 = VECTOR('',#7183,1.);
#7183 = DIRECTION('',(0.,0.,1.));
#7184 = SURFACE_OF_LINEAR_EXTRUSION('',#7185,#7189);
#7185 = B_SPLINE_CURVE_WITH_KNOTS('',2,(#7186,#7187,#7188),
  .UNSPECIFIED.,.F.,.F.,(3,3),(0.,1.),.PIECEWISE_BEZIER_KNOTS.);
#7186 = CARTESIAN_POINT('',(41.637273489933,56.819773489933,20.8));
#7187 = CARTESIAN_POINT('',(41.723833892617,56.732290268456,20.8));
#7188 = CARTESIAN_POINT('',(41.812424496644,56.554463087248,20.8));
#7189 = VECTOR('',#7190,1.);
#7190 = DIRECTION('',(-0.,-0.,-1.));
#7191 = ADVANCED_FACE('',(#7192),#7203,.F.);
#7192 = FACE_BOUND('',#7193,.F.);
#7193 = EDGE_LOOP('',(#7194,#7200,#7201,#7202));
#7194 = ORIENTED_EDGE('',*,*,#7195,.F.);
#7195 = EDGE_CURVE('',#7170,#6961,#7196,.T.);
#7196 = LINE('',#7197,#7198);
#7197 = CARTESIAN_POINT('',(41.812424496644,56.554463087248,20.8));
#7198 = VECTOR('',#7199,1.);
#7199 = DIRECTION('',(0.443250359983,-0.89639785719,0.));
#7200 = ORIENTED_EDGE('',*,*,#7179,.T.);
#7201 = ORIENTED_EDGE('',*,*,#2629,.F.);
#7202 = ORIENTED_EDGE('',*,*,#6968,.F.);
#7203 = PLANE('',#7204);
#7204 = AXIS2_PLACEMENT_3D('',#7205,#7206,#7207);
#7205 = CARTESIAN_POINT('',(41.812424496644,56.554463087248,20.8));
#7206 = DIRECTION('',(0.89639785719,0.443250359983,-0.));
#7207 = DIRECTION('',(0.443250359983,-0.89639785719,0.));
#7208 = ADVANCED_FACE('',(#7209),#7227,.F.);
#7209 = FACE_BOUND('',#7210,.F.);
#7210 = EDGE_LOOP('',(#7211,#7219,#7225,#7226));
#7211 = ORIENTED_EDGE('',*,*,#7212,.F.);
#7212 = EDGE_CURVE('',#7213,#6985,#7215,.T.);
#7213 = VERTEX_POINT('',#7214);
#7214 = CARTESIAN_POINT('',(40.768716442953,55.969395973154,20.8));
#7215 = LINE('',#7216,#7217);
#7216 = CARTESIAN_POINT('',(40.768716442953,55.969395973154,20.8));
#7217 = VECTOR('',#7218,1.);
#7218 = DIRECTION('',(-1.,0.,0.));
#7219 = ORIENTED_EDGE('',*,*,#7220,.T.);
#7220 = EDGE_CURVE('',#7213,#2694,#7221,.T.);
#7221 = LINE('',#7222,#7223);
#7222 = CARTESIAN_POINT('',(40.768716442953,55.969395973154,20.8));
#7223 = VECTOR('',#7224,1.);
#7224 = DIRECTION('',(0.,0.,1.));
#7225 = ORIENTED_EDGE('',*,*,#2701,.F.);
#7226 = ORIENTED_EDGE('',*,*,#6994,.F.);
#7227 = PLANE('',#7228);
#7228 = AXIS2_PLACEMENT_3D('',#7229,#7230,#7231);
#7229 = CARTESIAN_POINT('',(40.768716442953,55.969395973154,20.8));
#7230 = DIRECTION('',(0.,-1.,0.));
#7231 = DIRECTION('',(-1.,0.,0.));
#7232 = ADVANCED_FACE('',(#7233),#7251,.F.);
#7233 = FACE_BOUND('',#7234,.F.);
#7234 = EDGE_LOOP('',(#7235,#7243,#7249,#7250));
#7235 = ORIENTED_EDGE('',*,*,#7236,.F.);
#7236 = EDGE_CURVE('',#7237,#7213,#7239,.T.);
#7237 = VERTEX_POINT('',#7238);
#7238 = CARTESIAN_POINT('',(40.768716442953,56.748993288591,20.8));
#7239 = LINE('',#7240,#7241);
#7240 = CARTESIAN_POINT('',(40.768716442953,56.748993288591,20.8));
#7241 = VECTOR('',#7242,1.);
#7242 = DIRECTION('',(0.,-1.,0.));
#7243 = ORIENTED_EDGE('',*,*,#7244,.T.);
#7244 = EDGE_CURVE('',#7237,#2686,#7245,.T.);
#7245 = LINE('',#7246,#7247);
#7246 = CARTESIAN_POINT('',(40.768716442953,56.748993288591,20.8));
#7247 = VECTOR('',#7248,1.);
#7248 = DIRECTION('',(0.,0.,1.));
#7249 = ORIENTED_EDGE('',*,*,#2693,.F.);
#7250 = ORIENTED_EDGE('',*,*,#7220,.F.);
#7251 = PLANE('',#7252);
#7252 = AXIS2_PLACEMENT_3D('',#7253,#7254,#7255);
#7253 = CARTESIAN_POINT('',(40.768716442953,56.748993288591,20.8));
#7254 = DIRECTION('',(1.,0.,-0.));
#7255 = DIRECTION('',(0.,-1.,0.));
#7256 = ADVANCED_FACE('',(#7257,#7287),#7345,.T.);
#7257 = FACE_BOUND('',#7258,.F.);
#7258 = EDGE_LOOP('',(#7259,#7260,#7261,#7262,#7263,#7264,#7265,#7266,
    #7267,#7268,#7269,#7270,#7271,#7272,#7273,#7281));
#7259 = ORIENTED_EDGE('',*,*,#7236,.T.);
#7260 = ORIENTED_EDGE('',*,*,#7212,.T.);
#7261 = ORIENTED_EDGE('',*,*,#6984,.T.);
#7262 = ORIENTED_EDGE('',*,*,#7015,.T.);
#7263 = ORIENTED_EDGE('',*,*,#7039,.T.);
#7264 = ORIENTED_EDGE('',*,*,#7065,.T.);
#7265 = ORIENTED_EDGE('',*,*,#7091,.T.);
#7266 = ORIENTED_EDGE('',*,*,#7117,.T.);
#7267 = ORIENTED_EDGE('',*,*,#7143,.T.);
#7268 = ORIENTED_EDGE('',*,*,#7169,.T.);
#7269 = ORIENTED_EDGE('',*,*,#7195,.T.);
#7270 = ORIENTED_EDGE('',*,*,#6960,.T.);
#7271 = ORIENTED_EDGE('',*,*,#6936,.T.);
#7272 = ORIENTED_EDGE('',*,*,#6902,.T.);
#7273 = ORIENTED_EDGE('',*,*,#7274,.T.);
#7274 = EDGE_CURVE('',#6905,#7275,#7277,.T.);
#7275 = VERTEX_POINT('',#7276);
#7276 = CARTESIAN_POINT('',(40.919597315436,56.748993288591,20.8));
#7277 = B_SPLINE_CURVE_WITH_KNOTS('',2,(#7278,#7279,#7280),
  .UNSPECIFIED.,.F.,.F.,(3,3),(0.,1.),.PIECEWISE_BEZIER_KNOTS.);
#7278 = CARTESIAN_POINT('',(41.127877516779,56.692424496644,20.8));
#7279 = CARTESIAN_POINT('',(41.049714765101,56.748993288591,20.8));
#7280 = CARTESIAN_POINT('',(40.919597315436,56.748993288591,20.8));
#7281 = ORIENTED_EDGE('',*,*,#7282,.T.);
#7282 = EDGE_CURVE('',#7275,#7237,#7283,.T.);
#7283 = LINE('',#7284,#7285);
#7284 = CARTESIAN_POINT('',(40.919597315436,56.748993288591,20.8));
#7285 = VECTOR('',#7286,1.);
#7286 = DIRECTION('',(-1.,0.,0.));
#7287 = FACE_BOUND('',#7288,.F.);
#7288 = EDGE_LOOP('',(#7289,#7299,#7307,#7315,#7323,#7331,#7339));
#7289 = ORIENTED_EDGE('',*,*,#7290,.T.);
#7290 = EDGE_CURVE('',#7291,#7293,#7295,.T.);
#7291 = VERTEX_POINT('',#7292);
#7292 = CARTESIAN_POINT('',(40.992961409396,57.115167785235,20.8));
#7293 = VERTEX_POINT('',#7294);
#7294 = CARTESIAN_POINT('',(41.23307885906,57.178288590604,20.8));
#7295 = B_SPLINE_CURVE_WITH_KNOTS('',2,(#7296,#7297,#7298),
  .UNSPECIFIED.,.F.,.F.,(3,3),(0.,1.),.PIECEWISE_BEZIER_KNOTS.);
#7296 = CARTESIAN_POINT('',(40.992961409396,57.115167785235,20.8));
#7297 = CARTESIAN_POINT('',(41.160453020134,57.115167785235,20.8));
#7298 = CARTESIAN_POINT('',(41.23307885906,57.178288590604,20.8));
#7299 = ORIENTED_EDGE('',*,*,#7300,.T.);
#7300 = EDGE_CURVE('',#7293,#7301,#7303,.T.);
#7301 = VERTEX_POINT('',#7302);
#7302 = CARTESIAN_POINT('',(41.305796979866,57.386015100671,20.8));
#7303 = B_SPLINE_CURVE_WITH_KNOTS('',2,(#7304,#7305,#7306),
  .UNSPECIFIED.,.F.,.F.,(3,3),(0.,1.),.PIECEWISE_BEZIER_KNOTS.);
#7304 = CARTESIAN_POINT('',(41.23307885906,57.178288590604,20.8));
#7305 = CARTESIAN_POINT('',(41.305796979866,57.241501677852,20.8));
#7306 = CARTESIAN_POINT('',(41.305796979866,57.386015100671,20.8));
#7307 = ORIENTED_EDGE('',*,*,#7308,.T.);
#7308 = EDGE_CURVE('',#7301,#7309,#7311,.T.);
#7309 = VERTEX_POINT('',#7310);
#7310 = CARTESIAN_POINT('',(41.23307885906,57.590880872483,20.8));
#7311 = B_SPLINE_CURVE_WITH_KNOTS('',2,(#7312,#7313,#7314),
  .UNSPECIFIED.,.F.,.F.,(3,3),(0.,1.),.PIECEWISE_BEZIER_KNOTS.);
#7312 = CARTESIAN_POINT('',(41.305796979866,57.386015100671,20.8));
#7313 = CARTESIAN_POINT('',(41.305796979866,57.529144295302,20.8));
#7314 = CARTESIAN_POINT('',(41.23307885906,57.590880872483,20.8));
#7315 = ORIENTED_EDGE('',*,*,#7316,.T.);
#7316 = EDGE_CURVE('',#7309,#7317,#7319,.T.);
#7317 = VERTEX_POINT('',#7318);
#7318 = CARTESIAN_POINT('',(40.992961409396,57.652617449664,20.8));
#7319 = B_SPLINE_CURVE_WITH_KNOTS('',2,(#7320,#7321,#7322),
  .UNSPECIFIED.,.F.,.F.,(3,3),(0.,1.),.PIECEWISE_BEZIER_KNOTS.);
#7320 = CARTESIAN_POINT('',(41.23307885906,57.590880872483,20.8));
#7321 = CARTESIAN_POINT('',(41.160453020134,57.652617449664,20.8));
#7322 = CARTESIAN_POINT('',(40.992961409396,57.652617449664,20.8));
#7323 = ORIENTED_EDGE('',*,*,#7324,.T.);
#7324 = EDGE_CURVE('',#7317,#7325,#7327,.T.);
#7325 = VERTEX_POINT('',#7326);
#7326 = CARTESIAN_POINT('',(40.768716442953,57.652617449664,20.8));
#7327 = LINE('',#7328,#7329);
#7328 = CARTESIAN_POINT('',(40.992961409396,57.652617449664,20.8));
#7329 = VECTOR('',#7330,1.);
#7330 = DIRECTION('',(-1.,0.,0.));
#7331 = ORIENTED_EDGE('',*,*,#7332,.T.);
#7332 = EDGE_CURVE('',#7325,#7333,#7335,.T.);
#7333 = VERTEX_POINT('',#7334);
#7334 = CARTESIAN_POINT('',(40.768716442953,57.115167785235,20.8));
#7335 = LINE('',#7336,#7337);
#7336 = CARTESIAN_POINT('',(40.768716442953,57.652617449664,20.8));
#7337 = VECTOR('',#7338,1.);
#7338 = DIRECTION('',(0.,-1.,0.));
#7339 = ORIENTED_EDGE('',*,*,#7340,.T.);
#7340 = EDGE_CURVE('',#7333,#7291,#7341,.T.);
#7341 = LINE('',#7342,#7343);
#7342 = CARTESIAN_POINT('',(40.768716442953,57.115167785235,20.8));
#7343 = VECTOR('',#7344,1.);
#7344 = DIRECTION('',(1.,0.,0.));
#7345 = PLANE('',#7346);
#7346 = AXIS2_PLACEMENT_3D('',#7347,#7348,#7349);
#7347 = CARTESIAN_POINT('',(41.046302593555,56.979052978054,20.8));
#7348 = DIRECTION('',(0.,0.,1.));
#7349 = DIRECTION('',(1.,0.,-0.));
#7350 = ADVANCED_FACE('',(#7351),#7362,.F.);
#7351 = FACE_BOUND('',#7352,.F.);
#7352 = EDGE_LOOP('',(#7353,#7354,#7360,#7361));
#7353 = ORIENTED_EDGE('',*,*,#7282,.F.);
#7354 = ORIENTED_EDGE('',*,*,#7355,.T.);
#7355 = EDGE_CURVE('',#7275,#2675,#7356,.T.);
#7356 = LINE('',#7357,#7358);
#7357 = CARTESIAN_POINT('',(40.919597315436,56.748993288591,20.8));
#7358 = VECTOR('',#7359,1.);
#7359 = DIRECTION('',(0.,0.,1.));
#7360 = ORIENTED_EDGE('',*,*,#2685,.F.);
#7361 = ORIENTED_EDGE('',*,*,#7244,.F.);
#7362 = PLANE('',#7363);
#7363 = AXIS2_PLACEMENT_3D('',#7364,#7365,#7366);
#7364 = CARTESIAN_POINT('',(40.919597315436,56.748993288591,20.8));
#7365 = DIRECTION('',(0.,-1.,0.));
#7366 = DIRECTION('',(-1.,0.,0.));
#7367 = ADVANCED_FACE('',(#7368),#7374,.F.);
#7368 = FACE_BOUND('',#7369,.F.);
#7369 = EDGE_LOOP('',(#7370,#7371,#7372,#7373));
#7370 = ORIENTED_EDGE('',*,*,#7274,.F.);
#7371 = ORIENTED_EDGE('',*,*,#6920,.T.);
#7372 = ORIENTED_EDGE('',*,*,#2674,.F.);
#7373 = ORIENTED_EDGE('',*,*,#7355,.F.);
#7374 = SURFACE_OF_LINEAR_EXTRUSION('',#7375,#7379);
#7375 = B_SPLINE_CURVE_WITH_KNOTS('',2,(#7376,#7377,#7378),
  .UNSPECIFIED.,.F.,.F.,(3,3),(0.,1.),.PIECEWISE_BEZIER_KNOTS.);
#7376 = CARTESIAN_POINT('',(41.127877516779,56.692424496644,20.8));
#7377 = CARTESIAN_POINT('',(41.049714765101,56.748993288591,20.8));
#7378 = CARTESIAN_POINT('',(40.919597315436,56.748993288591,20.8));
#7379 = VECTOR('',#7380,1.);
#7380 = DIRECTION('',(-0.,-0.,-1.));
#7381 = ADVANCED_FACE('',(#7382),#7410,.F.);
#7382 = FACE_BOUND('',#7383,.F.);
#7383 = EDGE_LOOP('',(#7384,#7385,#7393,#7404));
#7384 = ORIENTED_EDGE('',*,*,#7290,.F.);
#7385 = ORIENTED_EDGE('',*,*,#7386,.T.);
#7386 = EDGE_CURVE('',#7291,#7387,#7389,.T.);
#7387 = VERTEX_POINT('',#7388);
#7388 = CARTESIAN_POINT('',(40.992961409396,57.115167785235,21.2));
#7389 = LINE('',#7390,#7391);
#7390 = CARTESIAN_POINT('',(40.992961409396,57.115167785235,20.8));
#7391 = VECTOR('',#7392,1.);
#7392 = DIRECTION('',(0.,0.,1.));
#7393 = ORIENTED_EDGE('',*,*,#7394,.F.);
#7394 = EDGE_CURVE('',#7395,#7387,#7397,.T.);
#7395 = VERTEX_POINT('',#7396);
#7396 = CARTESIAN_POINT('',(41.23307885906,57.178288590604,21.2));
#7397 = B_SPLINE_CURVE_WITH_KNOTS('',5,(#7398,#7399,#7400,#7401,#7402,
    #7403),.UNSPECIFIED.,.F.,.F.,(6,6),(0.,1.),
  .PIECEWISE_BEZIER_KNOTS.);
#7398 = CARTESIAN_POINT('',(41.23307885906,57.178288590604,21.2));
#7399 = CARTESIAN_POINT('',(41.203627950368,57.152692121042,21.2));
#7400 = CARTESIAN_POINT('',(41.164508746389,57.133654141715,21.2));
#7401 = CARTESIAN_POINT('',(41.115961560256,57.121216565156,21.2));
#7402 = CARTESIAN_POINT('',(41.05854543652,57.115167785235,21.2));
#7403 = CARTESIAN_POINT('',(40.992961409396,57.115167785235,21.2));
#7404 = ORIENTED_EDGE('',*,*,#7405,.F.);
#7405 = EDGE_CURVE('',#7293,#7395,#7406,.T.);
#7406 = LINE('',#7407,#7408);
#7407 = CARTESIAN_POINT('',(41.23307885906,57.178288590604,20.8));
#7408 = VECTOR('',#7409,1.);
#7409 = DIRECTION('',(0.,0.,1.));
#7410 = SURFACE_OF_LINEAR_EXTRUSION('',#7411,#7415);
#7411 = B_SPLINE_CURVE_WITH_KNOTS('',2,(#7412,#7413,#7414),
  .UNSPECIFIED.,.F.,.F.,(3,3),(0.,1.),.PIECEWISE_BEZIER_KNOTS.);
#7412 = CARTESIAN_POINT('',(40.992961409396,57.115167785235,20.8));
#7413 = CARTESIAN_POINT('',(41.160453020134,57.115167785235,20.8));
#7414 = CARTESIAN_POINT('',(41.23307885906,57.178288590604,20.8));
#7415 = VECTOR('',#7416,1.);
#7416 = DIRECTION('',(-0.,-0.,-1.));
#7417 = ADVANCED_FACE('',(#7418),#7439,.F.);
#7418 = FACE_BOUND('',#7419,.F.);
#7419 = EDGE_LOOP('',(#7420,#7421,#7422,#7433));
#7420 = ORIENTED_EDGE('',*,*,#7300,.F.);
#7421 = ORIENTED_EDGE('',*,*,#7405,.T.);
#7422 = ORIENTED_EDGE('',*,*,#7423,.F.);
#7423 = EDGE_CURVE('',#7424,#7395,#7426,.T.);
#7424 = VERTEX_POINT('',#7425);
#7425 = CARTESIAN_POINT('',(41.305796979866,57.386015100671,21.2));
#7426 = B_SPLINE_CURVE_WITH_KNOTS('',5,(#7427,#7428,#7429,#7430,#7431,
    #7432),.UNSPECIFIED.,.F.,.F.,(6,6),(0.,1.),
  .PIECEWISE_BEZIER_KNOTS.);
#7427 = CARTESIAN_POINT('',(41.305796979866,57.386015100671,21.2));
#7428 = CARTESIAN_POINT('',(41.305796979866,57.329048654731,21.2));
#7429 = CARTESIAN_POINT('',(41.298734726856,57.279364421381,21.2));
#7430 = CARTESIAN_POINT('',(41.284305860603,57.23748269442,21.2));
#7431 = CARTESIAN_POINT('',(41.262378417591,57.203758384504,21.2));
#7432 = CARTESIAN_POINT('',(41.23307885906,57.178288590604,21.2));
#7433 = ORIENTED_EDGE('',*,*,#7434,.F.);
#7434 = EDGE_CURVE('',#7301,#7424,#7435,.T.);
#7435 = LINE('',#7436,#7437);
#7436 = CARTESIAN_POINT('',(41.305796979866,57.386015100671,20.8));
#7437 = VECTOR('',#7438,1.);
#7438 = DIRECTION('',(0.,0.,1.));
#7439 = SURFACE_OF_LINEAR_EXTRUSION('',#7440,#7444);
#7440 = B_SPLINE_CURVE_WITH_KNOTS('',2,(#7441,#7442,#7443),
  .UNSPECIFIED.,.F.,.F.,(3,3),(0.,1.),.PIECEWISE_BEZIER_KNOTS.);
#7441 = CARTESIAN_POINT('',(41.23307885906,57.178288590604,20.8));
#7442 = CARTESIAN_POINT('',(41.305796979866,57.241501677852,20.8));
#7443 = CARTESIAN_POINT('',(41.305796979866,57.386015100671,20.8));
#7444 = VECTOR('',#7445,1.);
#7445 = DIRECTION('',(-0.,-0.,-1.));
#7446 = ADVANCED_FACE('',(#7447),#7468,.F.);
#7447 = FACE_BOUND('',#7448,.F.);
#7448 = EDGE_LOOP('',(#7449,#7450,#7451,#7462));
#7449 = ORIENTED_EDGE('',*,*,#7308,.F.);
#7450 = ORIENTED_EDGE('',*,*,#7434,.T.);
#7451 = ORIENTED_EDGE('',*,*,#7452,.F.);
#7452 = EDGE_CURVE('',#7453,#7424,#7455,.T.);
#7453 = VERTEX_POINT('',#7454);
#7454 = CARTESIAN_POINT('',(41.23307885906,57.590880872483,21.2));
#7455 = B_SPLINE_CURVE_WITH_KNOTS('',5,(#7456,#7457,#7458,#7459,#7460,
    #7461),.UNSPECIFIED.,.F.,.F.,(6,6),(0.,1.),
  .PIECEWISE_BEZIER_KNOTS.);
#7456 = CARTESIAN_POINT('',(41.23307885906,57.590880872483,21.2));
#7457 = CARTESIAN_POINT('',(41.262372491228,57.566011024869,21.2));
#7458 = CARTESIAN_POINT('',(41.284300270056,57.532877986625,21.2));
#7459 = CARTESIAN_POINT('',(41.298732224384,57.491572871293,21.2));
#7460 = CARTESIAN_POINT('',(41.305796979866,57.44244589671,21.2));
#7461 = CARTESIAN_POINT('',(41.305796979866,57.386015100671,21.2));
#7462 = ORIENTED_EDGE('',*,*,#7463,.F.);
#7463 = EDGE_CURVE('',#7309,#7453,#7464,.T.);
#7464 = LINE('',#7465,#7466);
#7465 = CARTESIAN_POINT('',(41.23307885906,57.590880872483,20.8));
#7466 = VECTOR('',#7467,1.);
#7467 = DIRECTION('',(0.,0.,1.));
#7468 = SURFACE_OF_LINEAR_EXTRUSION('',#7469,#7473);
#7469 = B_SPLINE_CURVE_WITH_KNOTS('',2,(#7470,#7471,#7472),
  .UNSPECIFIED.,.F.,.F.,(3,3),(0.,1.),.PIECEWISE_BEZIER_KNOTS.);
#7470 = CARTESIAN_POINT('',(41.305796979866,57.386015100671,20.8));
#7471 = CARTESIAN_POINT('',(41.305796979866,57.529144295302,20.8));
#7472 = CARTESIAN_POINT('',(41.23307885906,57.590880872483,20.8));
#7473 = VECTOR('',#7474,1.);
#7474 = DIRECTION('',(-0.,-0.,-1.));
#7475 = ADVANCED_FACE('',(#7476),#7497,.F.);
#7476 = FACE_BOUND('',#7477,.F.);
#7477 = EDGE_LOOP('',(#7478,#7479,#7480,#7491));
#7478 = ORIENTED_EDGE('',*,*,#7316,.F.);
#7479 = ORIENTED_EDGE('',*,*,#7463,.T.);
#7480 = ORIENTED_EDGE('',*,*,#7481,.F.);
#7481 = EDGE_CURVE('',#7482,#7453,#7484,.T.);
#7482 = VERTEX_POINT('',#7483);
#7483 = CARTESIAN_POINT('',(40.992961409396,57.652617449664,21.2));
#7484 = B_SPLINE_CURVE_WITH_KNOTS('',5,(#7485,#7486,#7487,#7488,#7489,
    #7490),.UNSPECIFIED.,.F.,.F.,(6,6),(0.,1.),
  .PIECEWISE_BEZIER_KNOTS.);
#7485 = CARTESIAN_POINT('',(40.992961409396,57.652617449664,21.2));
#7486 = CARTESIAN_POINT('',(41.058538326549,57.652617449664,21.2));
#7487 = CARTESIAN_POINT('',(41.115948941697,57.646702598263,21.2));
#7488 = CARTESIAN_POINT('',(41.164496255977,57.634540521323,21.2));
#7489 = CARTESIAN_POINT('',(41.203621324795,57.615921648117,21.2));
#7490 = CARTESIAN_POINT('',(41.23307885906,57.590880872483,21.2));
#7491 = ORIENTED_EDGE('',*,*,#7492,.F.);
#7492 = EDGE_CURVE('',#7317,#7482,#7493,.T.);
#7493 = LINE('',#7494,#7495);
#7494 = CARTESIAN_POINT('',(40.992961409396,57.652617449664,20.8));
#7495 = VECTOR('',#7496,1.);
#7496 = DIRECTION('',(0.,0.,1.));
#7497 = SURFACE_OF_LINEAR_EXTRUSION('',#7498,#7502);
#7498 = B_SPLINE_CURVE_WITH_KNOTS('',2,(#7499,#7500,#7501),
  .UNSPECIFIED.,.F.,.F.,(3,3),(0.,1.),.PIECEWISE_BEZIER_KNOTS.);
#7499 = CARTESIAN_POINT('',(41.23307885906,57.590880872483,20.8));
#7500 = CARTESIAN_POINT('',(41.160453020134,57.652617449664,20.8));
#7501 = CARTESIAN_POINT('',(40.992961409396,57.652617449664,20.8));
#7502 = VECTOR('',#7503,1.);
#7503 = DIRECTION('',(-0.,-0.,-1.));
#7504 = ADVANCED_FACE('',(#7505),#7523,.F.);
#7505 = FACE_BOUND('',#7506,.F.);
#7506 = EDGE_LOOP('',(#7507,#7508,#7509,#7517));
#7507 = ORIENTED_EDGE('',*,*,#7324,.F.);
#7508 = ORIENTED_EDGE('',*,*,#7492,.T.);
#7509 = ORIENTED_EDGE('',*,*,#7510,.F.);
#7510 = EDGE_CURVE('',#7511,#7482,#7513,.T.);
#7511 = VERTEX_POINT('',#7512);
#7512 = CARTESIAN_POINT('',(40.768716442953,57.652617449664,21.2));
#7513 = LINE('',#7514,#7515);
#7514 = CARTESIAN_POINT('',(36.496480704698,57.652617449664,21.2));
#7515 = VECTOR('',#7516,1.);
#7516 = DIRECTION('',(1.,0.,-0.));
#7517 = ORIENTED_EDGE('',*,*,#7518,.F.);
#7518 = EDGE_CURVE('',#7325,#7511,#7519,.T.);
#7519 = LINE('',#7520,#7521);
#7520 = CARTESIAN_POINT('',(40.768716442953,57.652617449664,20.8));
#7521 = VECTOR('',#7522,1.);
#7522 = DIRECTION('',(0.,0.,1.));
#7523 = PLANE('',#7524);
#7524 = AXIS2_PLACEMENT_3D('',#7525,#7526,#7527);
#7525 = CARTESIAN_POINT('',(40.992961409396,57.652617449664,20.8));
#7526 = DIRECTION('',(0.,-1.,0.));
#7527 = DIRECTION('',(-1.,0.,0.));
#7528 = ADVANCED_FACE('',(#7529),#7547,.F.);
#7529 = FACE_BOUND('',#7530,.F.);
#7530 = EDGE_LOOP('',(#7531,#7532,#7533,#7541));
#7531 = ORIENTED_EDGE('',*,*,#7332,.F.);
#7532 = ORIENTED_EDGE('',*,*,#7518,.T.);
#7533 = ORIENTED_EDGE('',*,*,#7534,.F.);
#7534 = EDGE_CURVE('',#7535,#7511,#7537,.T.);
#7535 = VERTEX_POINT('',#7536);
#7536 = CARTESIAN_POINT('',(40.768716442953,57.115167785235,21.2));
#7537 = LINE('',#7538,#7539);
#7538 = CARTESIAN_POINT('',(40.768716442953,44.326308724832,21.2));
#7539 = VECTOR('',#7540,1.);
#7540 = DIRECTION('',(-0.,1.,0.));
#7541 = ORIENTED_EDGE('',*,*,#7542,.F.);
#7542 = EDGE_CURVE('',#7333,#7535,#7543,.T.);
#7543 = LINE('',#7544,#7545);
#7544 = CARTESIAN_POINT('',(40.768716442953,57.115167785235,20.8));
#7545 = VECTOR('',#7546,1.);
#7546 = DIRECTION('',(0.,0.,1.));
#7547 = PLANE('',#7548);
#7548 = AXIS2_PLACEMENT_3D('',#7549,#7550,#7551);
#7549 = CARTESIAN_POINT('',(40.768716442953,57.652617449664,20.8));
#7550 = DIRECTION('',(1.,0.,-0.));
#7551 = DIRECTION('',(0.,-1.,0.));
#7552 = ADVANCED_FACE('',(#7553),#7564,.F.);
#7553 = FACE_BOUND('',#7554,.F.);
#7554 = EDGE_LOOP('',(#7555,#7556,#7557,#7563));
#7555 = ORIENTED_EDGE('',*,*,#7340,.F.);
#7556 = ORIENTED_EDGE('',*,*,#7542,.T.);
#7557 = ORIENTED_EDGE('',*,*,#7558,.F.);
#7558 = EDGE_CURVE('',#7387,#7535,#7559,.T.);
#7559 = LINE('',#7560,#7561);
#7560 = CARTESIAN_POINT('',(36.384358221477,57.115167785235,21.2));
#7561 = VECTOR('',#7562,1.);
#7562 = DIRECTION('',(-1.,0.,0.));
#7563 = ORIENTED_EDGE('',*,*,#7386,.F.);
#7564 = PLANE('',#7565);
#7565 = AXIS2_PLACEMENT_3D('',#7566,#7567,#7568);
#7566 = CARTESIAN_POINT('',(40.768716442953,57.115167785235,20.8));
#7567 = DIRECTION('',(0.,1.,0.));
#7568 = DIRECTION('',(1.,0.,0.));
#7569 = ADVANCED_FACE('',(#7570),#7579,.T.);
#7570 = FACE_BOUND('',#7571,.T.);
#7571 = EDGE_LOOP('',(#7572,#7573,#7574,#7575,#7576,#7577,#7578));
#7572 = ORIENTED_EDGE('',*,*,#7394,.F.);
#7573 = ORIENTED_EDGE('',*,*,#7423,.F.);
#7574 = ORIENTED_EDGE('',*,*,#7452,.F.);
#7575 = ORIENTED_EDGE('',*,*,#7481,.F.);
#7576 = ORIENTED_EDGE('',*,*,#7510,.F.);
#7577 = ORIENTED_EDGE('',*,*,#7534,.F.);
#7578 = ORIENTED_EDGE('',*,*,#7558,.F.);
#7579 = PLANE('',#7580);
#7580 = AXIS2_PLACEMENT_3D('',#7581,#7582,#7583);
#7581 = CARTESIAN_POINT('',(32.,31.,21.2));
#7582 = DIRECTION('',(0.,0.,1.));
#7583 = DIRECTION('',(1.,0.,-0.));
#7584 = ADVANCED_FACE('',(#7585),#7610,.F.);
#7585 = FACE_BOUND('',#7586,.F.);
#7586 = EDGE_LOOP('',(#7587,#7597,#7603,#7604));
#7587 = ORIENTED_EDGE('',*,*,#7588,.F.);
#7588 = EDGE_CURVE('',#7589,#7591,#7593,.T.);
#7589 = VERTEX_POINT('',#7590);
#7590 = CARTESIAN_POINT('',(27.112567114094,58.036510067114,20.8));
#7591 = VERTEX_POINT('',#7592);
#7592 = CARTESIAN_POINT('',(27.707785234899,58.036510067114,20.8));
#7593 = LINE('',#7594,#7595);
#7594 = CARTESIAN_POINT('',(27.112567114094,58.036510067114,20.8));
#7595 = VECTOR('',#7596,1.);
#7596 = DIRECTION('',(1.,0.,0.));
#7597 = ORIENTED_EDGE('',*,*,#7598,.T.);
#7598 = EDGE_CURVE('',#7589,#2720,#7599,.T.);
#7599 = LINE('',#7600,#7601);
#7600 = CARTESIAN_POINT('',(27.112567114094,58.036510067114,20.8));
#7601 = VECTOR('',#7602,1.);
#7602 = DIRECTION('',(0.,0.,1.));
#7603 = ORIENTED_EDGE('',*,*,#2717,.F.);
#7604 = ORIENTED_EDGE('',*,*,#7605,.F.);
#7605 = EDGE_CURVE('',#7591,#2718,#7606,.T.);
#7606 = LINE('',#7607,#7608);
#7607 = CARTESIAN_POINT('',(27.707785234899,58.036510067114,20.8));
#7608 = VECTOR('',#7609,1.);
#7609 = DIRECTION('',(0.,0.,1.));
#7610 = PLANE('',#7611);
#7611 = AXIS2_PLACEMENT_3D('',#7612,#7613,#7614);
#7612 = CARTESIAN_POINT('',(27.112567114094,58.036510067114,20.8));
#7613 = DIRECTION('',(0.,1.,0.));
#7614 = DIRECTION('',(1.,0.,0.));
#7615 = ADVANCED_FACE('',(#7616),#7634,.F.);
#7616 = FACE_BOUND('',#7617,.F.);
#7617 = EDGE_LOOP('',(#7618,#7626,#7627,#7628));
#7618 = ORIENTED_EDGE('',*,*,#7619,.F.);
#7619 = EDGE_CURVE('',#7591,#7620,#7622,.T.);
#7620 = VERTEX_POINT('',#7621);
#7621 = CARTESIAN_POINT('',(28.45942114094,56.618783557047,20.8));
#7622 = LINE('',#7623,#7624);
#7623 = CARTESIAN_POINT('',(27.707785234899,58.036510067114,20.8));
#7624 = VECTOR('',#7625,1.);
#7625 = DIRECTION('',(0.46841081492,-0.88351078571,0.));
#7626 = ORIENTED_EDGE('',*,*,#7605,.T.);
#7627 = ORIENTED_EDGE('',*,*,#2727,.F.);
#7628 = ORIENTED_EDGE('',*,*,#7629,.F.);
#7629 = EDGE_CURVE('',#7620,#2728,#7630,.T.);
#7630 = LINE('',#7631,#7632);
#7631 = CARTESIAN_POINT('',(28.45942114094,56.618783557047,20.8));
#7632 = VECTOR('',#7633,1.);
#7633 = DIRECTION('',(0.,0.,1.));
#7634 = PLANE('',#7635);
#7635 = AXIS2_PLACEMENT_3D('',#7636,#7637,#7638);
#7636 = CARTESIAN_POINT('',(27.707785234899,58.036510067114,20.8));
#7637 = DIRECTION('',(0.88351078571,0.46841081492,-0.));
#7638 = DIRECTION('',(0.46841081492,-0.88351078571,0.));
#7639 = ADVANCED_FACE('',(#7640),#7658,.F.);
#7640 = FACE_BOUND('',#7641,.F.);
#7641 = EDGE_LOOP('',(#7642,#7650,#7656,#7657));
#7642 = ORIENTED_EDGE('',*,*,#7643,.F.);
#7643 = EDGE_CURVE('',#7644,#7589,#7646,.T.);
#7644 = VERTEX_POINT('',#7645);
#7645 = CARTESIAN_POINT('',(27.112567114094,55.969395973154,20.8));
#7646 = LINE('',#7647,#7648);
#7647 = CARTESIAN_POINT('',(27.112567114094,55.969395973154,20.8));
#7648 = VECTOR('',#7649,1.);
#7649 = DIRECTION('',(0.,1.,0.));
#7650 = ORIENTED_EDGE('',*,*,#7651,.T.);
#7651 = EDGE_CURVE('',#7644,#2784,#7652,.T.);
#7652 = LINE('',#7653,#7654);
#7653 = CARTESIAN_POINT('',(27.112567114094,55.969395973154,20.8));
#7654 = VECTOR('',#7655,1.);
#7655 = DIRECTION('',(0.,0.,1.));
#7656 = ORIENTED_EDGE('',*,*,#2791,.F.);
#7657 = ORIENTED_EDGE('',*,*,#7598,.F.);
#7658 = PLANE('',#7659);
#7659 = AXIS2_PLACEMENT_3D('',#7660,#7661,#7662);
#7660 = CARTESIAN_POINT('',(27.112567114094,55.969395973154,20.8));
#7661 = DIRECTION('',(-1.,0.,0.));
#7662 = DIRECTION('',(0.,1.,0.));
#7663 = ADVANCED_FACE('',(#7664),#7682,.F.);
#7664 = FACE_BOUND('',#7665,.F.);
#7665 = EDGE_LOOP('',(#7666,#7674,#7675,#7676));
#7666 = ORIENTED_EDGE('',*,*,#7667,.F.);
#7667 = EDGE_CURVE('',#7620,#7668,#7670,.T.);
#7668 = VERTEX_POINT('',#7669);
#7669 = CARTESIAN_POINT('',(28.45942114094,58.036510067114,20.8));
#7670 = LINE('',#7671,#7672);
#7671 = CARTESIAN_POINT('',(28.45942114094,56.618783557047,20.8));
#7672 = VECTOR('',#7673,1.);
#7673 = DIRECTION('',(0.,1.,0.));
#7674 = ORIENTED_EDGE('',*,*,#7629,.T.);
#7675 = ORIENTED_EDGE('',*,*,#2735,.F.);
#7676 = ORIENTED_EDGE('',*,*,#7677,.F.);
#7677 = EDGE_CURVE('',#7668,#2736,#7678,.T.);
#7678 = LINE('',#7679,#7680);
#7679 = CARTESIAN_POINT('',(28.45942114094,58.036510067114,20.8));
#7680 = VECTOR('',#7681,1.);
#7681 = DIRECTION('',(0.,0.,1.));
#7682 = PLANE('',#7683);
#7683 = AXIS2_PLACEMENT_3D('',#7684,#7685,#7686);
#7684 = CARTESIAN_POINT('',(28.45942114094,56.618783557047,20.8));
#7685 = DIRECTION('',(-1.,0.,0.));
#7686 = DIRECTION('',(0.,1.,0.));
#7687 = ADVANCED_FACE('',(#7688),#7706,.F.);
#7688 = FACE_BOUND('',#7689,.F.);
#7689 = EDGE_LOOP('',(#7690,#7698,#7704,#7705));
#7690 = ORIENTED_EDGE('',*,*,#7691,.F.);
#7691 = EDGE_CURVE('',#7692,#7644,#7694,.T.);
#7692 = VERTEX_POINT('',#7693);
#7693 = CARTESIAN_POINT('',(27.617810402685,55.969395973154,20.8));
#7694 = LINE('',#7695,#7696);
#7695 = CARTESIAN_POINT('',(27.617810402685,55.969395973154,20.8));
#7696 = VECTOR('',#7697,1.);
#7697 = DIRECTION('',(-1.,0.,0.));
#7698 = ORIENTED_EDGE('',*,*,#7699,.T.);
#7699 = EDGE_CURVE('',#7692,#2776,#7700,.T.);
#7700 = LINE('',#7701,#7702);
#7701 = CARTESIAN_POINT('',(27.617810402685,55.969395973154,20.8));
#7702 = VECTOR('',#7703,1.);
#7703 = DIRECTION('',(0.,0.,1.));
#7704 = ORIENTED_EDGE('',*,*,#2783,.F.);
#7705 = ORIENTED_EDGE('',*,*,#7651,.F.);
#7706 = PLANE('',#7707);
#7707 = AXIS2_PLACEMENT_3D('',#7708,#7709,#7710);
#7708 = CARTESIAN_POINT('',(27.617810402685,55.969395973154,20.8));
#7709 = DIRECTION('',(0.,-1.,0.));
#7710 = DIRECTION('',(-1.,0.,0.));
#7711 = ADVANCED_FACE('',(#7712),#7730,.F.);
#7712 = FACE_BOUND('',#7713,.F.);
#7713 = EDGE_LOOP('',(#7714,#7722,#7723,#7724));
#7714 = ORIENTED_EDGE('',*,*,#7715,.F.);
#7715 = EDGE_CURVE('',#7668,#7716,#7718,.T.);
#7716 = VERTEX_POINT('',#7717);
#7717 = CARTESIAN_POINT('',(28.96466442953,58.036510067114,20.8));
#7718 = LINE('',#7719,#7720);
#7719 = CARTESIAN_POINT('',(28.45942114094,58.036510067114,20.8));
#7720 = VECTOR('',#7721,1.);
#7721 = DIRECTION('',(1.,0.,0.));
#7722 = ORIENTED_EDGE('',*,*,#7677,.T.);
#7723 = ORIENTED_EDGE('',*,*,#2743,.F.);
#7724 = ORIENTED_EDGE('',*,*,#7725,.F.);
#7725 = EDGE_CURVE('',#7716,#2744,#7726,.T.);
#7726 = LINE('',#7727,#7728);
#7727 = CARTESIAN_POINT('',(28.96466442953,58.036510067114,20.8));
#7728 = VECTOR('',#7729,1.);
#7729 = DIRECTION('',(0.,0.,1.));
#7730 = PLANE('',#7731);
#7731 = AXIS2_PLACEMENT_3D('',#7732,#7733,#7734);
#7732 = CARTESIAN_POINT('',(28.45942114094,58.036510067114,20.8));
#7733 = DIRECTION('',(0.,1.,0.));
#7734 = DIRECTION('',(1.,0.,0.));
#7735 = ADVANCED_FACE('',(#7736),#7754,.F.);
#7736 = FACE_BOUND('',#7737,.F.);
#7737 = EDGE_LOOP('',(#7738,#7746,#7752,#7753));
#7738 = ORIENTED_EDGE('',*,*,#7739,.F.);
#7739 = EDGE_CURVE('',#7740,#7692,#7742,.T.);
#7740 = VERTEX_POINT('',#7741);
#7741 = CARTESIAN_POINT('',(27.617810402685,57.387122483221,20.8));
#7742 = LINE('',#7743,#7744);
#7743 = CARTESIAN_POINT('',(27.617810402685,57.387122483221,20.8));
#7744 = VECTOR('',#7745,1.);
#7745 = DIRECTION('',(0.,-1.,0.));
#7746 = ORIENTED_EDGE('',*,*,#7747,.T.);
#7747 = EDGE_CURVE('',#7740,#2768,#7748,.T.);
#7748 = LINE('',#7749,#7750);
#7749 = CARTESIAN_POINT('',(27.617810402685,57.387122483221,20.8));
#7750 = VECTOR('',#7751,1.);
#7751 = DIRECTION('',(0.,0.,1.));
#7752 = ORIENTED_EDGE('',*,*,#2775,.F.);
#7753 = ORIENTED_EDGE('',*,*,#7699,.F.);
#7754 = PLANE('',#7755);
#7755 = AXIS2_PLACEMENT_3D('',#7756,#7757,#7758);
#7756 = CARTESIAN_POINT('',(27.617810402685,57.387122483221,20.8));
#7757 = DIRECTION('',(1.,0.,-0.));
#7758 = DIRECTION('',(0.,-1.,0.));
#7759 = ADVANCED_FACE('',(#7760),#7778,.F.);
#7760 = FACE_BOUND('',#7761,.F.);
#7761 = EDGE_LOOP('',(#7762,#7770,#7771,#7772));
#7762 = ORIENTED_EDGE('',*,*,#7763,.F.);
#7763 = EDGE_CURVE('',#7716,#7764,#7766,.T.);
#7764 = VERTEX_POINT('',#7765);
#7765 = CARTESIAN_POINT('',(28.96466442953,55.969395973154,20.8));
#7766 = LINE('',#7767,#7768);
#7767 = CARTESIAN_POINT('',(28.96466442953,58.036510067114,20.8));
#7768 = VECTOR('',#7769,1.);
#7769 = DIRECTION('',(0.,-1.,0.));
#7770 = ORIENTED_EDGE('',*,*,#7725,.T.);
#7771 = ORIENTED_EDGE('',*,*,#2751,.F.);
#7772 = ORIENTED_EDGE('',*,*,#7773,.F.);
#7773 = EDGE_CURVE('',#7764,#2752,#7774,.T.);
#7774 = LINE('',#7775,#7776);
#7775 = CARTESIAN_POINT('',(28.96466442953,55.969395973154,20.8));
#7776 = VECTOR('',#7777,1.);
#7777 = DIRECTION('',(0.,0.,1.));
#7778 = PLANE('',#7779);
#7779 = AXIS2_PLACEMENT_3D('',#7780,#7781,#7782);
#7780 = CARTESIAN_POINT('',(28.96466442953,58.036510067114,20.8));
#7781 = DIRECTION('',(1.,0.,-0.));
#7782 = DIRECTION('',(0.,-1.,0.));
#7783 = ADVANCED_FACE('',(#7784),#7802,.F.);
#7784 = FACE_BOUND('',#7785,.F.);
#7785 = EDGE_LOOP('',(#7786,#7794,#7800,#7801));
#7786 = ORIENTED_EDGE('',*,*,#7787,.F.);
#7787 = EDGE_CURVE('',#7788,#7740,#7790,.T.);
#7788 = VERTEX_POINT('',#7789);
#7789 = CARTESIAN_POINT('',(28.369446308725,55.969395973154,20.8));
#7790 = LINE('',#7791,#7792);
#7791 = CARTESIAN_POINT('',(28.369446308725,55.969395973154,20.8));
#7792 = VECTOR('',#7793,1.);
#7793 = DIRECTION('',(-0.46841081492,0.88351078571,0.));
#7794 = ORIENTED_EDGE('',*,*,#7795,.T.);
#7795 = EDGE_CURVE('',#7788,#2760,#7796,.T.);
#7796 = LINE('',#7797,#7798);
#7797 = CARTESIAN_POINT('',(28.369446308725,55.969395973154,20.8));
#7798 = VECTOR('',#7799,1.);
#7799 = DIRECTION('',(0.,0.,1.));
#7800 = ORIENTED_EDGE('',*,*,#2767,.F.);
#7801 = ORIENTED_EDGE('',*,*,#7747,.F.);
#7802 = PLANE('',#7803);
#7803 = AXIS2_PLACEMENT_3D('',#7804,#7805,#7806);
#7804 = CARTESIAN_POINT('',(28.369446308725,55.969395973154,20.8));
#7805 = DIRECTION('',(-0.88351078571,-0.46841081492,0.));
#7806 = DIRECTION('',(-0.46841081492,0.88351078571,0.));
#7807 = ADVANCED_FACE('',(#7808),#7819,.F.);
#7808 = FACE_BOUND('',#7809,.F.);
#7809 = EDGE_LOOP('',(#7810,#7816,#7817,#7818));
#7810 = ORIENTED_EDGE('',*,*,#7811,.F.);
#7811 = EDGE_CURVE('',#7764,#7788,#7812,.T.);
#7812 = LINE('',#7813,#7814);
#7813 = CARTESIAN_POINT('',(28.96466442953,55.969395973154,20.8));
#7814 = VECTOR('',#7815,1.);
#7815 = DIRECTION('',(-1.,0.,0.));
#7816 = ORIENTED_EDGE('',*,*,#7773,.T.);
#7817 = ORIENTED_EDGE('',*,*,#2759,.F.);
#7818 = ORIENTED_EDGE('',*,*,#7795,.F.);
#7819 = PLANE('',#7820);
#7820 = AXIS2_PLACEMENT_3D('',#7821,#7822,#7823);
#7821 = CARTESIAN_POINT('',(28.96466442953,55.969395973154,20.8));
#7822 = DIRECTION('',(0.,-1.,0.));
#7823 = DIRECTION('',(-1.,0.,0.));
#7824 = ADVANCED_FACE('',(#7825),#7837,.T.);
#7825 = FACE_BOUND('',#7826,.F.);
#7826 = EDGE_LOOP('',(#7827,#7828,#7829,#7830,#7831,#7832,#7833,#7834,
    #7835,#7836));
#7827 = ORIENTED_EDGE('',*,*,#7588,.T.);
#7828 = ORIENTED_EDGE('',*,*,#7619,.T.);
#7829 = ORIENTED_EDGE('',*,*,#7667,.T.);
#7830 = ORIENTED_EDGE('',*,*,#7715,.T.);
#7831 = ORIENTED_EDGE('',*,*,#7763,.T.);
#7832 = ORIENTED_EDGE('',*,*,#7811,.T.);
#7833 = ORIENTED_EDGE('',*,*,#7787,.T.);
#7834 = ORIENTED_EDGE('',*,*,#7739,.T.);
#7835 = ORIENTED_EDGE('',*,*,#7691,.T.);
#7836 = ORIENTED_EDGE('',*,*,#7643,.T.);
#7837 = PLANE('',#7838);
#7838 = AXIS2_PLACEMENT_3D('',#7839,#7840,#7841);
#7839 = CARTESIAN_POINT('',(28.038615771812,57.002953020134,20.8));
#7840 = DIRECTION('',(0.,0.,1.));
#7841 = DIRECTION('',(1.,0.,-0.));
#7842 = ADVANCED_FACE('',(#7843),#7868,.F.);
#7843 = FACE_BOUND('',#7844,.F.);
#7844 = EDGE_LOOP('',(#7845,#7855,#7861,#7862));
#7845 = ORIENTED_EDGE('',*,*,#7846,.F.);
#7846 = EDGE_CURVE('',#7847,#7849,#7851,.T.);
#7847 = VERTEX_POINT('',#7848);
#7848 = CARTESIAN_POINT('',(33.880889261745,58.036510067114,20.8));
#7849 = VERTEX_POINT('',#7850);
#7850 = CARTESIAN_POINT('',(34.47610738255,58.036510067114,20.8));
#7851 = LINE('',#7852,#7853);
#7852 = CARTESIAN_POINT('',(33.880889261745,58.036510067114,20.8));
#7853 = VECTOR('',#7854,1.);
#7854 = DIRECTION('',(1.,0.,0.));
#7855 = ORIENTED_EDGE('',*,*,#7856,.T.);
#7856 = EDGE_CURVE('',#7847,#2802,#7857,.T.);
#7857 = LINE('',#7858,#7859);
#7858 = CARTESIAN_POINT('',(33.880889261745,58.036510067114,20.8));
#7859 = VECTOR('',#7860,1.);
#7860 = DIRECTION('',(0.,0.,1.));
#7861 = ORIENTED_EDGE('',*,*,#2799,.F.);
#7862 = ORIENTED_EDGE('',*,*,#7863,.F.);
#7863 = EDGE_CURVE('',#7849,#2800,#7864,.T.);
#7864 = LINE('',#7865,#7866);
#7865 = CARTESIAN_POINT('',(34.47610738255,58.036510067114,20.8));
#7866 = VECTOR('',#7867,1.);
#7867 = DIRECTION('',(0.,0.,1.));
#7868 = PLANE('',#7869);
#7869 = AXIS2_PLACEMENT_3D('',#7870,#7871,#7872);
#7870 = CARTESIAN_POINT('',(33.880889261745,58.036510067114,20.8));
#7871 = DIRECTION('',(0.,1.,0.));
#7872 = DIRECTION('',(1.,0.,0.));
#7873 = ADVANCED_FACE('',(#7874),#7892,.F.);
#7874 = FACE_BOUND('',#7875,.F.);
#7875 = EDGE_LOOP('',(#7876,#7884,#7885,#7886));
#7876 = ORIENTED_EDGE('',*,*,#7877,.F.);
#7877 = EDGE_CURVE('',#7849,#7878,#7880,.T.);
#7878 = VERTEX_POINT('',#7879);
#7879 = CARTESIAN_POINT('',(35.227743288591,56.618783557047,20.8));
#7880 = LINE('',#7881,#7882);
#7881 = CARTESIAN_POINT('',(34.47610738255,58.036510067114,20.8));
#7882 = VECTOR('',#7883,1.);
#7883 = DIRECTION('',(0.46841081492,-0.88351078571,0.));
#7884 = ORIENTED_EDGE('',*,*,#7863,.T.);
#7885 = ORIENTED_EDGE('',*,*,#2809,.F.);
#7886 = ORIENTED_EDGE('',*,*,#7887,.F.);
#7887 = EDGE_CURVE('',#7878,#2810,#7888,.T.);
#7888 = LINE('',#7889,#7890);
#7889 = CARTESIAN_POINT('',(35.227743288591,56.618783557047,20.8));
#7890 = VECTOR('',#7891,1.);
#7891 = DIRECTION('',(0.,0.,1.));
#7892 = PLANE('',#7893);
#7893 = AXIS2_PLACEMENT_3D('',#7894,#7895,#7896);
#7894 = CARTESIAN_POINT('',(34.47610738255,58.036510067114,20.8));
#7895 = DIRECTION('',(0.88351078571,0.46841081492,-0.));
#7896 = DIRECTION('',(0.46841081492,-0.88351078571,0.));
#7897 = ADVANCED_FACE('',(#7898),#7916,.F.);
#7898 = FACE_BOUND('',#7899,.F.);
#7899 = EDGE_LOOP('',(#7900,#7908,#7914,#7915));
#7900 = ORIENTED_EDGE('',*,*,#7901,.F.);
#7901 = EDGE_CURVE('',#7902,#7847,#7904,.T.);
#7902 = VERTEX_POINT('',#7903);
#7903 = CARTESIAN_POINT('',(33.880889261745,55.969395973154,20.8));
#7904 = LINE('',#7905,#7906);
#7905 = CARTESIAN_POINT('',(33.880889261745,55.969395973154,20.8));
#7906 = VECTOR('',#7907,1.);
#7907 = DIRECTION('',(0.,1.,0.));
#7908 = ORIENTED_EDGE('',*,*,#7909,.T.);
#7909 = EDGE_CURVE('',#7902,#2866,#7910,.T.);
#7910 = LINE('',#7911,#7912);
#7911 = CARTESIAN_POINT('',(33.880889261745,55.969395973154,20.8));
#7912 = VECTOR('',#7913,1.);
#7913 = DIRECTION('',(0.,0.,1.));
#7914 = ORIENTED_EDGE('',*,*,#2873,.F.);
#7915 = ORIENTED_EDGE('',*,*,#7856,.F.);
#7916 = PLANE('',#7917);
#7917 = AXIS2_PLACEMENT_3D('',#7918,#7919,#7920);
#7918 = CARTESIAN_POINT('',(33.880889261745,55.969395973154,20.8));
#7919 = DIRECTION('',(-1.,0.,0.));
#7920 = DIRECTION('',(0.,1.,0.));
#7921 = ADVANCED_FACE('',(#7922),#7940,.F.);
#7922 = FACE_BOUND('',#7923,.F.);
#7923 = EDGE_LOOP('',(#7924,#7932,#7933,#7934));
#7924 = ORIENTED_EDGE('',*,*,#7925,.F.);
#7925 = EDGE_CURVE('',#7878,#7926,#7928,.T.);
#7926 = VERTEX_POINT('',#7927);
#7927 = CARTESIAN_POINT('',(35.227743288591,58.036510067114,20.8));
#7928 = LINE('',#7929,#7930);
#7929 = CARTESIAN_POINT('',(35.227743288591,56.618783557047,20.8));
#7930 = VECTOR('',#7931,1.);
#7931 = DIRECTION('',(0.,1.,0.));
#7932 = ORIENTED_EDGE('',*,*,#7887,.T.);
#7933 = ORIENTED_EDGE('',*,*,#2817,.F.);
#7934 = ORIENTED_EDGE('',*,*,#7935,.F.);
#7935 = EDGE_CURVE('',#7926,#2818,#7936,.T.);
#7936 = LINE('',#7937,#7938);
#7937 = CARTESIAN_POINT('',(35.227743288591,58.036510067114,20.8));
#7938 = VECTOR('',#7939,1.);
#7939 = DIRECTION('',(0.,0.,1.));
#7940 = PLANE('',#7941);
#7941 = AXIS2_PLACEMENT_3D('',#7942,#7943,#7944);
#7942 = CARTESIAN_POINT('',(35.227743288591,56.618783557047,20.8));
#7943 = DIRECTION('',(-1.,0.,0.));
#7944 = DIRECTION('',(0.,1.,0.));
#7945 = ADVANCED_FACE('',(#7946),#7964,.F.);
#7946 = FACE_BOUND('',#7947,.F.);
#7947 = EDGE_LOOP('',(#7948,#7956,#7962,#7963));
#7948 = ORIENTED_EDGE('',*,*,#7949,.F.);
#7949 = EDGE_CURVE('',#7950,#7902,#7952,.T.);
#7950 = VERTEX_POINT('',#7951);
#7951 = CARTESIAN_POINT('',(34.386132550336,55.969395973154,20.8));
#7952 = LINE('',#7953,#7954);
#7953 = CARTESIAN_POINT('',(34.386132550336,55.969395973154,20.8));
#7954 = VECTOR('',#7955,1.);
#7955 = DIRECTION('',(-1.,0.,0.));
#7956 = ORIENTED_EDGE('',*,*,#7957,.T.);
#7957 = EDGE_CURVE('',#7950,#2858,#7958,.T.);
#7958 = LINE('',#7959,#7960);
#7959 = CARTESIAN_POINT('',(34.386132550336,55.969395973154,20.8));
#7960 = VECTOR('',#7961,1.);
#7961 = DIRECTION('',(0.,0.,1.));
#7962 = ORIENTED_EDGE('',*,*,#2865,.F.);
#7963 = ORIENTED_EDGE('',*,*,#7909,.F.);
#7964 = PLANE('',#7965);
#7965 = AXIS2_PLACEMENT_3D('',#7966,#7967,#7968);
#7966 = CARTESIAN_POINT('',(34.386132550336,55.969395973154,20.8));
#7967 = DIRECTION('',(0.,-1.,0.));
#7968 = DIRECTION('',(-1.,0.,0.));
#7969 = ADVANCED_FACE('',(#7970),#7988,.F.);
#7970 = FACE_BOUND('',#7971,.F.);
#7971 = EDGE_LOOP('',(#7972,#7980,#7981,#7982));
#7972 = ORIENTED_EDGE('',*,*,#7973,.F.);
#7973 = EDGE_CURVE('',#7926,#7974,#7976,.T.);
#7974 = VERTEX_POINT('',#7975);
#7975 = CARTESIAN_POINT('',(35.732986577181,58.036510067114,20.8));
#7976 = LINE('',#7977,#7978);
#7977 = CARTESIAN_POINT('',(35.227743288591,58.036510067114,20.8));
#7978 = VECTOR('',#7979,1.);
#7979 = DIRECTION('',(1.,0.,0.));
#7980 = ORIENTED_EDGE('',*,*,#7935,.T.);
#7981 = ORIENTED_EDGE('',*,*,#2825,.F.);
#7982 = ORIENTED_EDGE('',*,*,#7983,.F.);
#7983 = EDGE_CURVE('',#7974,#2826,#7984,.T.);
#7984 = LINE('',#7985,#7986);
#7985 = CARTESIAN_POINT('',(35.732986577181,58.036510067114,20.8));
#7986 = VECTOR('',#7987,1.);
#7987 = DIRECTION('',(0.,0.,1.));
#7988 = PLANE('',#7989);
#7989 = AXIS2_PLACEMENT_3D('',#7990,#7991,#7992);
#7990 = CARTESIAN_POINT('',(35.227743288591,58.036510067114,20.8));
#7991 = DIRECTION('',(0.,1.,0.));
#7992 = DIRECTION('',(1.,0.,0.));
#7993 = ADVANCED_FACE('',(#7994),#8012,.F.);
#7994 = FACE_BOUND('',#7995,.F.);
#7995 = EDGE_LOOP('',(#7996,#8004,#8010,#8011));
#7996 = ORIENTED_EDGE('',*,*,#7997,.F.);
#7997 = EDGE_CURVE('',#7998,#7950,#8000,.T.);
#7998 = VERTEX_POINT('',#7999);
#7999 = CARTESIAN_POINT('',(34.386132550336,57.387122483221,20.8));
#8000 = LINE('',#8001,#8002);
#8001 = CARTESIAN_POINT('',(34.386132550336,57.387122483221,20.8));
#8002 = VECTOR('',#8003,1.);
#8003 = DIRECTION('',(0.,-1.,0.));
#8004 = ORIENTED_EDGE('',*,*,#8005,.T.);
#8005 = EDGE_CURVE('',#7998,#2850,#8006,.T.);
#8006 = LINE('',#8007,#8008);
#8007 = CARTESIAN_POINT('',(34.386132550336,57.387122483221,20.8));
#8008 = VECTOR('',#8009,1.);
#8009 = DIRECTION('',(0.,0.,1.));
#8010 = ORIENTED_EDGE('',*,*,#2857,.F.);
#8011 = ORIENTED_EDGE('',*,*,#7957,.F.);
#8012 = PLANE('',#8013);
#8013 = AXIS2_PLACEMENT_3D('',#8014,#8015,#8016);
#8014 = CARTESIAN_POINT('',(34.386132550336,57.387122483221,20.8));
#8015 = DIRECTION('',(1.,0.,-0.));
#8016 = DIRECTION('',(0.,-1.,0.));
#8017 = ADVANCED_FACE('',(#8018),#8036,.F.);
#8018 = FACE_BOUND('',#8019,.F.);
#8019 = EDGE_LOOP('',(#8020,#8028,#8029,#8030));
#8020 = ORIENTED_EDGE('',*,*,#8021,.F.);
#8021 = EDGE_CURVE('',#7974,#8022,#8024,.T.);
#8022 = VERTEX_POINT('',#8023);
#8023 = CARTESIAN_POINT('',(35.732986577181,55.969395973154,20.8));
#8024 = LINE('',#8025,#8026);
#8025 = CARTESIAN_POINT('',(35.732986577181,58.036510067114,20.8));
#8026 = VECTOR('',#8027,1.);
#8027 = DIRECTION('',(0.,-1.,0.));
#8028 = ORIENTED_EDGE('',*,*,#7983,.T.);
#8029 = ORIENTED_EDGE('',*,*,#2833,.F.);
#8030 = ORIENTED_EDGE('',*,*,#8031,.F.);
#8031 = EDGE_CURVE('',#8022,#2834,#8032,.T.);
#8032 = LINE('',#8033,#8034);
#8033 = CARTESIAN_POINT('',(35.732986577181,55.969395973154,20.8));
#8034 = VECTOR('',#8035,1.);
#8035 = DIRECTION('',(0.,0.,1.));
#8036 = PLANE('',#8037);
#8037 = AXIS2_PLACEMENT_3D('',#8038,#8039,#8040);
#8038 = CARTESIAN_POINT('',(35.732986577181,58.036510067114,20.8));
#8039 = DIRECTION('',(1.,0.,-0.));
#8040 = DIRECTION('',(0.,-1.,0.));
#8041 = ADVANCED_FACE('',(#8042),#8060,.F.);
#8042 = FACE_BOUND('',#8043,.F.);
#8043 = EDGE_LOOP('',(#8044,#8052,#8058,#8059));
#8044 = ORIENTED_EDGE('',*,*,#8045,.F.);
#8045 = EDGE_CURVE('',#8046,#7998,#8048,.T.);
#8046 = VERTEX_POINT('',#8047);
#8047 = CARTESIAN_POINT('',(35.137768456376,55.969395973154,20.8));
#8048 = LINE('',#8049,#8050);
#8049 = CARTESIAN_POINT('',(35.137768456376,55.969395973154,20.8));
#8050 = VECTOR('',#8051,1.);
#8051 = DIRECTION('',(-0.46841081492,0.88351078571,0.));
#8052 = ORIENTED_EDGE('',*,*,#8053,.T.);
#8053 = EDGE_CURVE('',#8046,#2842,#8054,.T.);
#8054 = LINE('',#8055,#8056);
#8055 = CARTESIAN_POINT('',(35.137768456376,55.969395973154,20.8));
#8056 = VECTOR('',#8057,1.);
#8057 = DIRECTION('',(0.,0.,1.));
#8058 = ORIENTED_EDGE('',*,*,#2849,.F.);
#8059 = ORIENTED_EDGE('',*,*,#8005,.F.);
#8060 = PLANE('',#8061);
#8061 = AXIS2_PLACEMENT_3D('',#8062,#8063,#8064);
#8062 = CARTESIAN_POINT('',(35.137768456376,55.969395973154,20.8));
#8063 = DIRECTION('',(-0.88351078571,-0.46841081492,0.));
#8064 = DIRECTION('',(-0.46841081492,0.88351078571,0.));
#8065 = ADVANCED_FACE('',(#8066),#8077,.F.);
#8066 = FACE_BOUND('',#8067,.F.);
#8067 = EDGE_LOOP('',(#8068,#8074,#8075,#8076));
#8068 = ORIENTED_EDGE('',*,*,#8069,.F.);
#8069 = EDGE_CURVE('',#8022,#8046,#8070,.T.);
#8070 = LINE('',#8071,#8072);
#8071 = CARTESIAN_POINT('',(35.732986577181,55.969395973154,20.8));
#8072 = VECTOR('',#8073,1.);
#8073 = DIRECTION('',(-1.,0.,0.));
#8074 = ORIENTED_EDGE('',*,*,#8031,.T.);
#8075 = ORIENTED_EDGE('',*,*,#2841,.F.);
#8076 = ORIENTED_EDGE('',*,*,#8053,.F.);
#8077 = PLANE('',#8078);
#8078 = AXIS2_PLACEMENT_3D('',#8079,#8080,#8081);
#8079 = CARTESIAN_POINT('',(35.732986577181,55.969395973154,20.8));
#8080 = DIRECTION('',(0.,-1.,0.));
#8081 = DIRECTION('',(-1.,0.,0.));
#8082 = ADVANCED_FACE('',(#8083),#8095,.T.);
#8083 = FACE_BOUND('',#8084,.F.);
#8084 = EDGE_LOOP('',(#8085,#8086,#8087,#8088,#8089,#8090,#8091,#8092,
    #8093,#8094));
#8085 = ORIENTED_EDGE('',*,*,#7846,.T.);
#8086 = ORIENTED_EDGE('',*,*,#7877,.T.);
#8087 = ORIENTED_EDGE('',*,*,#7925,.T.);
#8088 = ORIENTED_EDGE('',*,*,#7973,.T.);
#8089 = ORIENTED_EDGE('',*,*,#8021,.T.);
#8090 = ORIENTED_EDGE('',*,*,#8069,.T.);
#8091 = ORIENTED_EDGE('',*,*,#8045,.T.);
#8092 = ORIENTED_EDGE('',*,*,#7997,.T.);
#8093 = ORIENTED_EDGE('',*,*,#7949,.T.);
#8094 = ORIENTED_EDGE('',*,*,#7901,.T.);
#8095 = PLANE('',#8096);
#8096 = AXIS2_PLACEMENT_3D('',#8097,#8098,#8099);
#8097 = CARTESIAN_POINT('',(34.806937919463,57.002953020134,20.8));
#8098 = DIRECTION('',(0.,0.,1.));
#8099 = DIRECTION('',(1.,0.,-0.));
#8100 = ADVANCED_FACE('',(#8101),#8126,.F.);
#8101 = FACE_BOUND('',#8102,.F.);
#8102 = EDGE_LOOP('',(#8103,#8113,#8119,#8120));
#8103 = ORIENTED_EDGE('',*,*,#8104,.F.);
#8104 = EDGE_CURVE('',#8105,#8107,#8109,.T.);
#8105 = VERTEX_POINT('',#8106);
#8106 = CARTESIAN_POINT('',(42.382265100671,56.075243288591,20.8));
#8107 = VERTEX_POINT('',#8108);
#8108 = CARTESIAN_POINT('',(42.382265100671,56.524563758389,20.8));
#8109 = LINE('',#8110,#8111);
#8110 = CARTESIAN_POINT('',(42.382265100671,56.075243288591,20.8));
#8111 = VECTOR('',#8112,1.);
#8112 = DIRECTION('',(0.,1.,0.));
#8113 = ORIENTED_EDGE('',*,*,#8114,.T.);
#8114 = EDGE_CURVE('',#8105,#2945,#8115,.T.);
#8115 = LINE('',#8116,#8117);
#8116 = CARTESIAN_POINT('',(42.382265100671,56.075243288591,20.8));
#8117 = VECTOR('',#8118,1.);
#8118 = DIRECTION('',(0.,0.,1.));
#8119 = ORIENTED_EDGE('',*,*,#2954,.F.);
#8120 = ORIENTED_EDGE('',*,*,#8121,.F.);
#8121 = EDGE_CURVE('',#8107,#2955,#8122,.T.);
#8122 = LINE('',#8123,#8124);
#8123 = CARTESIAN_POINT('',(42.382265100671,56.524563758389,20.8));
#8124 = VECTOR('',#8125,1.);
#8125 = DIRECTION('',(0.,0.,1.));
#8126 = PLANE('',#8127);
#8127 = AXIS2_PLACEMENT_3D('',#8128,#8129,#8130);
#8128 = CARTESIAN_POINT('',(42.382265100671,56.075243288591,20.8));
#8129 = DIRECTION('',(-1.,0.,0.));
#8130 = DIRECTION('',(0.,1.,0.));
#8131 = ADVANCED_FACE('',(#8132),#8151,.F.);
#8132 = FACE_BOUND('',#8133,.F.);
#8133 = EDGE_LOOP('',(#8134,#8142,#8143,#8144,#8145));
#8134 = ORIENTED_EDGE('',*,*,#8135,.F.);
#8135 = EDGE_CURVE('',#8107,#8136,#8138,.T.);
#8136 = VERTEX_POINT('',#8137);
#8137 = CARTESIAN_POINT('',(42.764958053691,56.365469798658,20.8));
#8138 = B_SPLINE_CURVE_WITH_KNOTS('',2,(#8139,#8140,#8141),
  .UNSPECIFIED.,.F.,.F.,(3,3),(0.,1.),.PIECEWISE_BEZIER_KNOTS.);
#8139 = CARTESIAN_POINT('',(42.382265100671,56.524563758389,20.8));
#8140 = CARTESIAN_POINT('',(42.580209731544,56.418993288591,20.8));
#8141 = CARTESIAN_POINT('',(42.764958053691,56.365469798658,20.8));
#8142 = ORIENTED_EDGE('',*,*,#8121,.T.);
#8143 = ORIENTED_EDGE('',*,*,#2962,.F.);
#8144 = ORIENTED_EDGE('',*,*,#2973,.F.);
#8145 = ORIENTED_EDGE('',*,*,#8146,.F.);
#8146 = EDGE_CURVE('',#8136,#2974,#8147,.T.);
#8147 = LINE('',#8148,#8149);
#8148 = CARTESIAN_POINT('',(42.764958053691,56.365469798658,20.8));
#8149 = VECTOR('',#8150,1.);
#8150 = DIRECTION('',(0.,0.,1.));
#8151 = SURFACE_OF_LINEAR_EXTRUSION('',#8152,#8156);
#8152 = B_SPLINE_CURVE_WITH_KNOTS('',2,(#8153,#8154,#8155),
  .UNSPECIFIED.,.F.,.F.,(3,3),(0.,1.),.PIECEWISE_BEZIER_KNOTS.);
#8153 = CARTESIAN_POINT('',(42.382265100671,56.524563758389,20.8));
#8154 = CARTESIAN_POINT('',(42.580209731544,56.418993288591,20.8));
#8155 = CARTESIAN_POINT('',(42.764958053691,56.365469798658,20.8));
#8156 = VECTOR('',#8157,1.);
#8157 = DIRECTION('',(-0.,-0.,-1.));
#8158 = ADVANCED_FACE('',(#8159),#8177,.F.);
#8159 = FACE_BOUND('',#8160,.F.);
#8160 = EDGE_LOOP('',(#8161,#8169,#8175,#8176));
#8161 = ORIENTED_EDGE('',*,*,#8162,.F.);
#8162 = EDGE_CURVE('',#8163,#8105,#8165,.T.);
#8163 = VERTEX_POINT('',#8164);
#8164 = CARTESIAN_POINT('',(42.778154362416,55.965243288591,20.8));
#8165 = B_SPLINE_CURVE_WITH_KNOTS('',2,(#8166,#8167,#8168),
  .UNSPECIFIED.,.F.,.F.,(3,3),(0.,1.),.PIECEWISE_BEZIER_KNOTS.);
#8166 = CARTESIAN_POINT('',(42.778154362416,55.965243288591,20.8));
#8167 = CARTESIAN_POINT('',(42.580209731544,56.002340604027,20.8));
#8168 = CARTESIAN_POINT('',(42.382265100671,56.075243288591,20.8));
#8169 = ORIENTED_EDGE('',*,*,#8170,.T.);
#8170 = EDGE_CURVE('',#8163,#2935,#8171,.T.);
#8171 = LINE('',#8172,#8173);
#8172 = CARTESIAN_POINT('',(42.778154362416,55.965243288591,20.8));
#8173 = VECTOR('',#8174,1.);
#8174 = DIRECTION('',(0.,0.,1.));
#8175 = ORIENTED_EDGE('',*,*,#2944,.F.);
#8176 = ORIENTED_EDGE('',*,*,#8114,.F.);
#8177 = SURFACE_OF_LINEAR_EXTRUSION('',#8178,#8182);
#8178 = B_SPLINE_CURVE_WITH_KNOTS('',2,(#8179,#8180,#8181),
  .UNSPECIFIED.,.F.,.F.,(3,3),(0.,1.),.PIECEWISE_BEZIER_KNOTS.);
#8179 = CARTESIAN_POINT('',(42.778154362416,55.965243288591,20.8));
#8180 = CARTESIAN_POINT('',(42.580209731544,56.002340604027,20.8));
#8181 = CARTESIAN_POINT('',(42.382265100671,56.075243288591,20.8));
#8182 = VECTOR('',#8183,1.);
#8183 = DIRECTION('',(-0.,-0.,-1.));
#8184 = ADVANCED_FACE('',(#8185),#8203,.F.);
#8185 = FACE_BOUND('',#8186,.F.);
#8186 = EDGE_LOOP('',(#8187,#8195,#8201,#8202));
#8187 = ORIENTED_EDGE('',*,*,#8188,.F.);
#8188 = EDGE_CURVE('',#8189,#8163,#8191,.T.);
#8189 = VERTEX_POINT('',#8190);
#8190 = CARTESIAN_POINT('',(43.172659395973,55.928053691275,20.8));
#8191 = B_SPLINE_CURVE_WITH_KNOTS('',2,(#8192,#8193,#8194),
  .UNSPECIFIED.,.F.,.F.,(3,3),(0.,1.),.PIECEWISE_BEZIER_KNOTS.);
#8192 = CARTESIAN_POINT('',(43.172659395973,55.928053691275,20.8));
#8193 = CARTESIAN_POINT('',(42.976098993289,55.928053691275,20.8));
#8194 = CARTESIAN_POINT('',(42.778154362416,55.965243288591,20.8));
#8195 = ORIENTED_EDGE('',*,*,#8196,.T.);
#8196 = EDGE_CURVE('',#8189,#2920,#8197,.T.);
#8197 = LINE('',#8198,#8199);
#8198 = CARTESIAN_POINT('',(43.172659395973,55.928053691275,20.8));
#8199 = VECTOR('',#8200,1.);
#8200 = DIRECTION('',(0.,0.,1.));
#8201 = ORIENTED_EDGE('',*,*,#2934,.F.);
#8202 = ORIENTED_EDGE('',*,*,#8170,.F.);
#8203 = SURFACE_OF_LINEAR_EXTRUSION('',#8204,#8208);
#8204 = B_SPLINE_CURVE_WITH_KNOTS('',2,(#8205,#8206,#8207),
  .UNSPECIFIED.,.F.,.F.,(3,3),(0.,1.),.PIECEWISE_BEZIER_KNOTS.);
#8205 = CARTESIAN_POINT('',(43.172659395973,55.928053691275,20.8));
#8206 = CARTESIAN_POINT('',(42.976098993289,55.928053691275,20.8));
#8207 = CARTESIAN_POINT('',(42.778154362416,55.965243288591,20.8));
#8208 = VECTOR('',#8209,1.);
#8209 = DIRECTION('',(-0.,-0.,-1.));
#8210 = ADVANCED_FACE('',(#8211),#8229,.F.);
#8211 = FACE_BOUND('',#8212,.F.);
#8212 = EDGE_LOOP('',(#8213,#8221,#8227,#8228));
#8213 = ORIENTED_EDGE('',*,*,#8214,.F.);
#8214 = EDGE_CURVE('',#8215,#8189,#8217,.T.);
#8215 = VERTEX_POINT('',#8216);
#8216 = CARTESIAN_POINT('',(43.792055369128,56.094991610738,20.8));
#8217 = B_SPLINE_CURVE_WITH_KNOTS('',2,(#8218,#8219,#8220),
  .UNSPECIFIED.,.F.,.F.,(3,3),(0.,1.),.PIECEWISE_BEZIER_KNOTS.);
#8218 = CARTESIAN_POINT('',(43.792055369128,56.094991610738,20.8));
#8219 = CARTESIAN_POINT('',(43.589312080537,55.928053691275,20.8));
#8220 = CARTESIAN_POINT('',(43.172659395973,55.928053691275,20.8));
#8221 = ORIENTED_EDGE('',*,*,#8222,.T.);
#8222 = EDGE_CURVE('',#8215,#2901,#8223,.T.);
#8223 = LINE('',#8224,#8225);
#8224 = CARTESIAN_POINT('',(43.792055369128,56.094991610738,20.8));
#8225 = VECTOR('',#8226,1.);
#8226 = DIRECTION('',(0.,0.,1.));
#8227 = ORIENTED_EDGE('',*,*,#2919,.F.);
#8228 = ORIENTED_EDGE('',*,*,#8196,.F.);
#8229 = SURFACE_OF_LINEAR_EXTRUSION('',#8230,#8234);
#8230 = B_SPLINE_CURVE_WITH_KNOTS('',2,(#8231,#8232,#8233),
  .UNSPECIFIED.,.F.,.F.,(3,3),(0.,1.),.PIECEWISE_BEZIER_KNOTS.);
#8231 = CARTESIAN_POINT('',(43.792055369128,56.094991610738,20.8));
#8232 = CARTESIAN_POINT('',(43.589312080537,55.928053691275,20.8));
#8233 = CARTESIAN_POINT('',(43.172659395973,55.928053691275,20.8));
#8234 = VECTOR('',#8235,1.);
#8235 = DIRECTION('',(-0.,-0.,-1.));
#8236 = ADVANCED_FACE('',(#8237),#8256,.F.);
#8237 = FACE_BOUND('',#8238,.F.);
#8238 = EDGE_LOOP('',(#8239,#8247,#8253,#8254,#8255));
#8239 = ORIENTED_EDGE('',*,*,#8240,.F.);
#8240 = EDGE_CURVE('',#8241,#8215,#8243,.T.);
#8241 = VERTEX_POINT('',#8242);
#8242 = CARTESIAN_POINT('',(43.994890939597,56.604110738255,20.8));
#8243 = B_SPLINE_CURVE_WITH_KNOTS('',2,(#8244,#8245,#8246),
  .UNSPECIFIED.,.F.,.F.,(3,3),(0.,1.),.PIECEWISE_BEZIER_KNOTS.);
#8244 = CARTESIAN_POINT('',(43.994890939597,56.604110738255,20.8));
#8245 = CARTESIAN_POINT('',(43.994890939597,56.261929530201,20.8));
#8246 = CARTESIAN_POINT('',(43.792055369128,56.094991610738,20.8));
#8247 = ORIENTED_EDGE('',*,*,#8248,.T.);
#8248 = EDGE_CURVE('',#8241,#2884,#8249,.T.);
#8249 = LINE('',#8250,#8251);
#8250 = CARTESIAN_POINT('',(43.994890939597,56.604110738255,20.8));
#8251 = VECTOR('',#8252,1.);
#8252 = DIRECTION('',(0.,0.,1.));
#8253 = ORIENTED_EDGE('',*,*,#2881,.F.);
#8254 = ORIENTED_EDGE('',*,*,#2900,.F.);
#8255 = ORIENTED_EDGE('',*,*,#8222,.F.);
#8256 = SURFACE_OF_LINEAR_EXTRUSION('',#8257,#8261);
#8257 = B_SPLINE_CURVE_WITH_KNOTS('',2,(#8258,#8259,#8260),
  .UNSPECIFIED.,.F.,.F.,(3,3),(0.,1.),.PIECEWISE_BEZIER_KNOTS.);
#8258 = CARTESIAN_POINT('',(43.994890939597,56.604110738255,20.8));
#8259 = CARTESIAN_POINT('',(43.994890939597,56.261929530201,20.8));
#8260 = CARTESIAN_POINT('',(43.792055369128,56.094991610738,20.8));
#8261 = VECTOR('',#8262,1.);
#8262 = DIRECTION('',(-0.,-0.,-1.));
#8263 = ADVANCED_FACE('',(#8264),#8282,.F.);
#8264 = FACE_BOUND('',#8265,.F.);
#8265 = EDGE_LOOP('',(#8266,#8274,#8280,#8281));
#8266 = ORIENTED_EDGE('',*,*,#8267,.F.);
#8267 = EDGE_CURVE('',#8268,#8241,#8270,.T.);
#8268 = VERTEX_POINT('',#8269);
#8269 = CARTESIAN_POINT('',(43.849546979866,57.005813758389,20.8));
#8270 = B_SPLINE_CURVE_WITH_KNOTS('',2,(#8271,#8272,#8273),
  .UNSPECIFIED.,.F.,.F.,(3,3),(0.,1.),.PIECEWISE_BEZIER_KNOTS.);
#8271 = CARTESIAN_POINT('',(43.849546979866,57.005813758389,20.8));
#8272 = CARTESIAN_POINT('',(43.994890939597,56.864530201342,20.8));
#8273 = CARTESIAN_POINT('',(43.994890939597,56.604110738255,20.8));
#8274 = ORIENTED_EDGE('',*,*,#8275,.T.);
#8275 = EDGE_CURVE('',#8268,#3228,#8276,.T.);
#8276 = LINE('',#8277,#8278);
#8277 = CARTESIAN_POINT('',(43.849546979866,57.005813758389,20.8));
#8278 = VECTOR('',#8279,1.);
#8279 = DIRECTION('',(0.,0.,1.));
#8280 = ORIENTED_EDGE('',*,*,#3239,.F.);
#8281 = ORIENTED_EDGE('',*,*,#8248,.F.);
#8282 = SURFACE_OF_LINEAR_EXTRUSION('',#8283,#8287);
#8283 = B_SPLINE_CURVE_WITH_KNOTS('',2,(#8284,#8285,#8286),
  .UNSPECIFIED.,.F.,.F.,(3,3),(0.,1.),.PIECEWISE_BEZIER_KNOTS.);
#8284 = CARTESIAN_POINT('',(43.849546979866,57.005813758389,20.8));
#8285 = CARTESIAN_POINT('',(43.994890939597,56.864530201342,20.8));
#8286 = CARTESIAN_POINT('',(43.994890939597,56.604110738255,20.8));
#8287 = VECTOR('',#8288,1.);
#8288 = DIRECTION('',(-0.,-0.,-1.));
#8289 = ADVANCED_FACE('',(#8290),#8308,.F.);
#8290 = FACE_BOUND('',#8291,.F.);
#8291 = EDGE_LOOP('',(#8292,#8300,#8306,#8307));
#8292 = ORIENTED_EDGE('',*,*,#8293,.F.);
#8293 = EDGE_CURVE('',#8294,#8268,#8296,.T.);
#8294 = VERTEX_POINT('',#8295);
#8295 = CARTESIAN_POINT('',(43.359530201342,57.216401006711,20.8));
#8296 = B_SPLINE_CURVE_WITH_KNOTS('',2,(#8297,#8298,#8299),
  .UNSPECIFIED.,.F.,.F.,(3,3),(0.,1.),.PIECEWISE_BEZIER_KNOTS.);
#8297 = CARTESIAN_POINT('',(43.359530201342,57.216401006711,20.8));
#8298 = CARTESIAN_POINT('',(43.704203020134,57.147097315436,20.8));
#8299 = CARTESIAN_POINT('',(43.849546979866,57.005813758389,20.8));
#8300 = ORIENTED_EDGE('',*,*,#8301,.T.);
#8301 = EDGE_CURVE('',#8294,#3220,#8302,.T.);
#8302 = LINE('',#8303,#8304);
#8303 = CARTESIAN_POINT('',(43.359530201342,57.216401006711,20.8));
#8304 = VECTOR('',#8305,1.);
#8305 = DIRECTION('',(0.,0.,1.));
#8306 = ORIENTED_EDGE('',*,*,#3227,.F.);
#8307 = ORIENTED_EDGE('',*,*,#8275,.F.);
#8308 = SURFACE_OF_LINEAR_EXTRUSION('',#8309,#8313);
#8309 = B_SPLINE_CURVE_WITH_KNOTS('',2,(#8310,#8311,#8312),
  .UNSPECIFIED.,.F.,.F.,(3,3),(0.,1.),.PIECEWISE_BEZIER_KNOTS.);
#8310 = CARTESIAN_POINT('',(43.359530201342,57.216401006711,20.8));
#8311 = CARTESIAN_POINT('',(43.704203020134,57.147097315436,20.8));
#8312 = CARTESIAN_POINT('',(43.849546979866,57.005813758389,20.8));
#8313 = VECTOR('',#8314,1.);
#8314 = DIRECTION('',(-0.,-0.,-1.));
#8315 = ADVANCED_FACE('',(#8316),#8334,.F.);
#8316 = FACE_BOUND('',#8317,.F.);
#8317 = EDGE_LOOP('',(#8318,#8326,#8332,#8333));
#8318 = ORIENTED_EDGE('',*,*,#8319,.F.);
#8319 = EDGE_CURVE('',#8320,#8294,#8322,.T.);
#8320 = VERTEX_POINT('',#8321);
#8321 = CARTESIAN_POINT('',(43.132516778523,57.262172818792,20.8));
#8322 = LINE('',#8323,#8324);
#8323 = CARTESIAN_POINT('',(43.132516778523,57.262172818792,20.8));
#8324 = VECTOR('',#8325,1.);
#8325 = DIRECTION('',(0.98027295107,-0.197648529972,0.));
#8326 = ORIENTED_EDGE('',*,*,#8327,.T.);
#8327 = EDGE_CURVE('',#8320,#3209,#8328,.T.);
#8328 = LINE('',#8329,#8330);
#8329 = CARTESIAN_POINT('',(43.132516778523,57.262172818792,20.8));
#8330 = VECTOR('',#8331,1.);
#8331 = DIRECTION('',(0.,0.,1.));
#8332 = ORIENTED_EDGE('',*,*,#3219,.F.);
#8333 = ORIENTED_EDGE('',*,*,#8301,.F.);
#8334 = PLANE('',#8335);
#8335 = AXIS2_PLACEMENT_3D('',#8336,#8337,#8338);
#8336 = CARTESIAN_POINT('',(43.132516778523,57.262172818792,20.8));
#8337 = DIRECTION('',(0.197648529972,0.98027295107,-0.));
#8338 = DIRECTION('',(0.98027295107,-0.197648529972,0.));
#8339 = ADVANCED_FACE('',(#8340),#8358,.F.);
#8340 = FACE_BOUND('',#8341,.F.);
#8341 = EDGE_LOOP('',(#8342,#8350,#8356,#8357));
#8342 = ORIENTED_EDGE('',*,*,#8343,.F.);
#8343 = EDGE_CURVE('',#8344,#8320,#8346,.T.);
#8344 = VERTEX_POINT('',#8345);
#8345 = CARTESIAN_POINT('',(42.908917785235,57.341904362416,20.8));
#8346 = B_SPLINE_CURVE_WITH_KNOTS('',2,(#8347,#8348,#8349),
  .UNSPECIFIED.,.F.,.F.,(3,3),(0.,1.),.PIECEWISE_BEZIER_KNOTS.);
#8347 = CARTESIAN_POINT('',(42.908917785235,57.341904362416,20.8));
#8348 = CARTESIAN_POINT('',(42.970562080537,57.295486577181,20.8));
#8349 = CARTESIAN_POINT('',(43.132516778523,57.262172818792,20.8));
#8350 = ORIENTED_EDGE('',*,*,#8351,.T.);
#8351 = EDGE_CURVE('',#8344,#3196,#8352,.T.);
#8352 = LINE('',#8353,#8354);
#8353 = CARTESIAN_POINT('',(42.908917785235,57.341904362416,20.8));
#8354 = VECTOR('',#8355,1.);
#8355 = DIRECTION('',(0.,0.,1.));
#8356 = ORIENTED_EDGE('',*,*,#3208,.F.);
#8357 = ORIENTED_EDGE('',*,*,#8327,.F.);
#8358 = SURFACE_OF_LINEAR_EXTRUSION('',#8359,#8363);
#8359 = B_SPLINE_CURVE_WITH_KNOTS('',2,(#8360,#8361,#8362),
  .UNSPECIFIED.,.F.,.F.,(3,3),(0.,1.),.PIECEWISE_BEZIER_KNOTS.);
#8360 = CARTESIAN_POINT('',(42.908917785235,57.341904362416,20.8));
#8361 = CARTESIAN_POINT('',(42.970562080537,57.295486577181,20.8));
#8362 = CARTESIAN_POINT('',(43.132516778523,57.262172818792,20.8));
#8363 = VECTOR('',#8364,1.);
#8364 = DIRECTION('',(-0.,-0.,-1.));
#8365 = ADVANCED_FACE('',(#8366),#8384,.F.);
#8366 = FACE_BOUND('',#8367,.F.);
#8367 = EDGE_LOOP('',(#8368,#8376,#8382,#8383));
#8368 = ORIENTED_EDGE('',*,*,#8369,.F.);
#8369 = EDGE_CURVE('',#8370,#8344,#8372,.T.);
#8370 = VERTEX_POINT('',#8371);
#8371 = CARTESIAN_POINT('',(42.847365771812,57.471652684564,20.8));
#8372 = B_SPLINE_CURVE_WITH_KNOTS('',2,(#8373,#8374,#8375),
  .UNSPECIFIED.,.F.,.F.,(3,3),(0.,1.),.PIECEWISE_BEZIER_KNOTS.);
#8373 = CARTESIAN_POINT('',(42.847365771812,57.471652684564,20.8));
#8374 = CARTESIAN_POINT('',(42.847365771812,57.38841442953,20.8));
#8375 = CARTESIAN_POINT('',(42.908917785235,57.341904362416,20.8));
#8376 = ORIENTED_EDGE('',*,*,#8377,.T.);
#8377 = EDGE_CURVE('',#8370,#3183,#8378,.T.);
#8378 = LINE('',#8379,#8380);
#8379 = CARTESIAN_POINT('',(42.847365771812,57.471652684564,20.8));
#8380 = VECTOR('',#8381,1.);
#8381 = DIRECTION('',(0.,0.,1.));
#8382 = ORIENTED_EDGE('',*,*,#3195,.F.);
#8383 = ORIENTED_EDGE('',*,*,#8351,.F.);
#8384 = SURFACE_OF_LINEAR_EXTRUSION('',#8385,#8389);
#8385 = B_SPLINE_CURVE_WITH_KNOTS('',2,(#8386,#8387,#8388),
  .UNSPECIFIED.,.F.,.F.,(3,3),(0.,1.),.PIECEWISE_BEZIER_KNOTS.);
#8386 = CARTESIAN_POINT('',(42.847365771812,57.471652684564,20.8));
#8387 = CARTESIAN_POINT('',(42.847365771812,57.38841442953,20.8));
#8388 = CARTESIAN_POINT('',(42.908917785235,57.341904362416,20.8));
#8389 = VECTOR('',#8390,1.);
#8390 = DIRECTION('',(-0.,-0.,-1.));
#8391 = ADVANCED_FACE('',(#8392),#8410,.F.);
#8392 = FACE_BOUND('',#8393,.F.);
#8393 = EDGE_LOOP('',(#8394,#8402,#8408,#8409));
#8394 = ORIENTED_EDGE('',*,*,#8395,.F.);
#8395 = EDGE_CURVE('',#8396,#8370,#8398,.T.);
#8396 = VERTEX_POINT('',#8397);
#8397 = CARTESIAN_POINT('',(42.938724832215,57.635360738255,20.8));
#8398 = B_SPLINE_CURVE_WITH_KNOTS('',2,(#8399,#8400,#8401),
  .UNSPECIFIED.,.F.,.F.,(3,3),(0.,1.),.PIECEWISE_BEZIER_KNOTS.);
#8399 = CARTESIAN_POINT('',(42.938724832215,57.635360738255,20.8));
#8400 = CARTESIAN_POINT('',(42.847365771812,57.582667785235,20.8));
#8401 = CARTESIAN_POINT('',(42.847365771812,57.471652684564,20.8));
#8402 = ORIENTED_EDGE('',*,*,#8403,.T.);
#8403 = EDGE_CURVE('',#8396,#3172,#8404,.T.);
#8404 = LINE('',#8405,#8406);
#8405 = CARTESIAN_POINT('',(42.938724832215,57.635360738255,20.8));
#8406 = VECTOR('',#8407,1.);
#8407 = DIRECTION('',(0.,0.,1.));
#8408 = ORIENTED_EDGE('',*,*,#3182,.F.);
#8409 = ORIENTED_EDGE('',*,*,#8377,.F.);
#8410 = SURFACE_OF_LINEAR_EXTRUSION('',#8411,#8415);
#8411 = B_SPLINE_CURVE_WITH_KNOTS('',2,(#8412,#8413,#8414),
  .UNSPECIFIED.,.F.,.F.,(3,3),(0.,1.),.PIECEWISE_BEZIER_KNOTS.);
#8412 = CARTESIAN_POINT('',(42.938724832215,57.635360738255,20.8));
#8413 = CARTESIAN_POINT('',(42.847365771812,57.582667785235,20.8));
#8414 = CARTESIAN_POINT('',(42.847365771812,57.471652684564,20.8));
#8415 = VECTOR('',#8416,1.);
#8416 = DIRECTION('',(-0.,-0.,-1.));
#8417 = ADVANCED_FACE('',(#8418),#8436,.F.);
#8418 = FACE_BOUND('',#8419,.F.);
#8419 = EDGE_LOOP('',(#8420,#8428,#8434,#8435));
#8420 = ORIENTED_EDGE('',*,*,#8421,.F.);
#8421 = EDGE_CURVE('',#8422,#8396,#8424,.T.);
#8422 = VERTEX_POINT('',#8423);
#8423 = CARTESIAN_POINT('',(43.22110738255,57.688053691275,20.8));
#8424 = B_SPLINE_CURVE_WITH_KNOTS('',2,(#8425,#8426,#8427),
  .UNSPECIFIED.,.F.,.F.,(3,3),(0.,1.),.PIECEWISE_BEZIER_KNOTS.);
#8425 = CARTESIAN_POINT('',(43.22110738255,57.688053691275,20.8));
#8426 = CARTESIAN_POINT('',(43.030083892617,57.688053691275,20.8));
#8427 = CARTESIAN_POINT('',(42.938724832215,57.635360738255,20.8));
#8428 = ORIENTED_EDGE('',*,*,#8429,.T.);
#8429 = EDGE_CURVE('',#8422,#3162,#8430,.T.);
#8430 = LINE('',#8431,#8432);
#8431 = CARTESIAN_POINT('',(43.22110738255,57.688053691275,20.8));
#8432 = VECTOR('',#8433,1.);
#8433 = DIRECTION('',(0.,0.,1.));
#8434 = ORIENTED_EDGE('',*,*,#3171,.F.);
#8435 = ORIENTED_EDGE('',*,*,#8403,.F.);
#8436 = SURFACE_OF_LINEAR_EXTRUSION('',#8437,#8441);
#8437 = B_SPLINE_CURVE_WITH_KNOTS('',2,(#8438,#8439,#8440),
  .UNSPECIFIED.,.F.,.F.,(3,3),(0.,1.),.PIECEWISE_BEZIER_KNOTS.);
#8438 = CARTESIAN_POINT('',(43.22110738255,57.688053691275,20.8));
#8439 = CARTESIAN_POINT('',(43.030083892617,57.688053691275,20.8));
#8440 = CARTESIAN_POINT('',(42.938724832215,57.635360738255,20.8));
#8441 = VECTOR('',#8442,1.);
#8442 = DIRECTION('',(-0.,-0.,-1.));
#8443 = ADVANCED_FACE('',(#8444),#8462,.F.);
#8444 = FACE_BOUND('',#8445,.F.);
#8445 = EDGE_LOOP('',(#8446,#8454,#8460,#8461));
#8446 = ORIENTED_EDGE('',*,*,#8447,.F.);
#8447 = EDGE_CURVE('',#8448,#8422,#8450,.T.);
#8448 = VERTEX_POINT('',#8449);
#8449 = CARTESIAN_POINT('',(43.527021812081,57.649295302013,20.8));
#8450 = B_SPLINE_CURVE_WITH_KNOTS('',2,(#8451,#8452,#8453),
  .UNSPECIFIED.,.F.,.F.,(3,3),(0.,1.),.PIECEWISE_BEZIER_KNOTS.);
#8451 = CARTESIAN_POINT('',(43.527021812081,57.649295302013,20.8));
#8452 = CARTESIAN_POINT('',(43.365067114094,57.688053691275,20.8));
#8453 = CARTESIAN_POINT('',(43.22110738255,57.688053691275,20.8));
#8454 = ORIENTED_EDGE('',*,*,#8455,.T.);
#8455 = EDGE_CURVE('',#8448,#3152,#8456,.T.);
#8456 = LINE('',#8457,#8458);
#8457 = CARTESIAN_POINT('',(43.527021812081,57.649295302013,20.8));
#8458 = VECTOR('',#8459,1.);
#8459 = DIRECTION('',(0.,0.,1.));
#8460 = ORIENTED_EDGE('',*,*,#3161,.F.);
#8461 = ORIENTED_EDGE('',*,*,#8429,.F.);
#8462 = SURFACE_OF_LINEAR_EXTRUSION('',#8463,#8467);
#8463 = B_SPLINE_CURVE_WITH_KNOTS('',2,(#8464,#8465,#8466),
  .UNSPECIFIED.,.F.,.F.,(3,3),(0.,1.),.PIECEWISE_BEZIER_KNOTS.);
#8464 = CARTESIAN_POINT('',(43.527021812081,57.649295302013,20.8));
#8465 = CARTESIAN_POINT('',(43.365067114094,57.688053691275,20.8));
#8466 = CARTESIAN_POINT('',(43.22110738255,57.688053691275,20.8));
#8467 = VECTOR('',#8468,1.);
#8468 = DIRECTION('',(-0.,-0.,-1.));
#8469 = ADVANCED_FACE('',(#8470),#8488,.F.);
#8470 = FACE_BOUND('',#8471,.F.);
#8471 = EDGE_LOOP('',(#8472,#8480,#8486,#8487));
#8472 = ORIENTED_EDGE('',*,*,#8473,.F.);
#8473 = EDGE_CURVE('',#8474,#8448,#8476,.T.);
#8474 = VERTEX_POINT('',#8475);
#8475 = CARTESIAN_POINT('',(43.859236577181,57.534496644295,20.8));
#8476 = B_SPLINE_CURVE_WITH_KNOTS('',2,(#8477,#8478,#8479),
  .UNSPECIFIED.,.F.,.F.,(3,3),(0.,1.),.PIECEWISE_BEZIER_KNOTS.);
#8477 = CARTESIAN_POINT('',(43.859236577181,57.534496644295,20.8));
#8478 = CARTESIAN_POINT('',(43.688976510067,57.610629194631,20.8));
#8479 = CARTESIAN_POINT('',(43.527021812081,57.649295302013,20.8));
#8480 = ORIENTED_EDGE('',*,*,#8481,.T.);
#8481 = EDGE_CURVE('',#8474,#3144,#8482,.T.);
#8482 = LINE('',#8483,#8484);
#8483 = CARTESIAN_POINT('',(43.859236577181,57.534496644295,20.8));
#8484 = VECTOR('',#8485,1.);
#8485 = DIRECTION('',(0.,0.,1.));
#8486 = ORIENTED_EDGE('',*,*,#3151,.F.);
#8487 = ORIENTED_EDGE('',*,*,#8455,.F.);
#8488 = SURFACE_OF_LINEAR_EXTRUSION('',#8489,#8493);
#8489 = B_SPLINE_CURVE_WITH_KNOTS('',2,(#8490,#8491,#8492),
  .UNSPECIFIED.,.F.,.F.,(3,3),(0.,1.),.PIECEWISE_BEZIER_KNOTS.);
#8490 = CARTESIAN_POINT('',(43.859236577181,57.534496644295,20.8));
#8491 = CARTESIAN_POINT('',(43.688976510067,57.610629194631,20.8));
#8492 = CARTESIAN_POINT('',(43.527021812081,57.649295302013,20.8));
#8493 = VECTOR('',#8494,1.);
#8494 = DIRECTION('',(-0.,-0.,-1.));
#8495 = ADVANCED_FACE('',(#8496),#8514,.F.);
#8496 = FACE_BOUND('',#8497,.F.);
#8497 = EDGE_LOOP('',(#8498,#8506,#8512,#8513));
#8498 = ORIENTED_EDGE('',*,*,#8499,.F.);
#8499 = EDGE_CURVE('',#8500,#8474,#8502,.T.);
#8500 = VERTEX_POINT('',#8501);
#8501 = CARTESIAN_POINT('',(43.859236577181,57.970159395973,20.8));
#8502 = LINE('',#8503,#8504);
#8503 = CARTESIAN_POINT('',(43.859236577181,57.970159395973,20.8));
#8504 = VECTOR('',#8505,1.);
#8505 = DIRECTION('',(0.,-1.,0.));
#8506 = ORIENTED_EDGE('',*,*,#8507,.T.);
#8507 = EDGE_CURVE('',#8500,#3134,#8508,.T.);
#8508 = LINE('',#8509,#8510);
#8509 = CARTESIAN_POINT('',(43.859236577181,57.970159395973,20.8));
#8510 = VECTOR('',#8511,1.);
#8511 = DIRECTION('',(0.,0.,1.));
#8512 = ORIENTED_EDGE('',*,*,#3143,.F.);
#8513 = ORIENTED_EDGE('',*,*,#8481,.F.);
#8514 = PLANE('',#8515);
#8515 = AXIS2_PLACEMENT_3D('',#8516,#8517,#8518);
#8516 = CARTESIAN_POINT('',(43.859236577181,57.970159395973,20.8));
#8517 = DIRECTION('',(1.,0.,-0.));
#8518 = DIRECTION('',(0.,-1.,0.));
#8519 = ADVANCED_FACE('',(#8520),#8538,.F.);
#8520 = FACE_BOUND('',#8521,.F.);
#8521 = EDGE_LOOP('',(#8522,#8530,#8536,#8537));
#8522 = ORIENTED_EDGE('',*,*,#8523,.F.);
#8523 = EDGE_CURVE('',#8524,#8500,#8526,.T.);
#8524 = VERTEX_POINT('',#8525);
#8525 = CARTESIAN_POINT('',(43.486879194631,58.046476510067,20.8));
#8526 = B_SPLINE_CURVE_WITH_KNOTS('',2,(#8527,#8528,#8529),
  .UNSPECIFIED.,.F.,.F.,(3,3),(0.,1.),.PIECEWISE_BEZIER_KNOTS.);
#8527 = CARTESIAN_POINT('',(43.486879194631,58.046476510067,20.8));
#8528 = CARTESIAN_POINT('',(43.66682885906,58.021098993289,20.8));
#8529 = CARTESIAN_POINT('',(43.859236577181,57.970159395973,20.8));
#8530 = ORIENTED_EDGE('',*,*,#8531,.T.);
#8531 = EDGE_CURVE('',#8524,#3124,#8532,.T.);
#8532 = LINE('',#8533,#8534);
#8533 = CARTESIAN_POINT('',(43.486879194631,58.046476510067,20.8));
#8534 = VECTOR('',#8535,1.);
#8535 = DIRECTION('',(0.,0.,1.));
#8536 = ORIENTED_EDGE('',*,*,#3133,.F.);
#8537 = ORIENTED_EDGE('',*,*,#8507,.F.);
#8538 = SURFACE_OF_LINEAR_EXTRUSION('',#8539,#8543);
#8539 = B_SPLINE_CURVE_WITH_KNOTS('',2,(#8540,#8541,#8542),
  .UNSPECIFIED.,.F.,.F.,(3,3),(0.,1.),.PIECEWISE_BEZIER_KNOTS.);
#8540 = CARTESIAN_POINT('',(43.486879194631,58.046476510067,20.8));
#8541 = CARTESIAN_POINT('',(43.66682885906,58.021098993289,20.8));
#8542 = CARTESIAN_POINT('',(43.859236577181,57.970159395973,20.8));
#8543 = VECTOR('',#8544,1.);
#8544 = DIRECTION('',(-0.,-0.,-1.));
#8545 = ADVANCED_FACE('',(#8546),#8564,.F.);
#8546 = FACE_BOUND('',#8547,.F.);
#8547 = EDGE_LOOP('',(#8548,#8556,#8562,#8563));
#8548 = ORIENTED_EDGE('',*,*,#8549,.F.);
#8549 = EDGE_CURVE('',#8550,#8524,#8552,.T.);
#8550 = VERTEX_POINT('',#8551);
#8551 = CARTESIAN_POINT('',(43.136669463087,58.071946308725,20.8));
#8552 = B_SPLINE_CURVE_WITH_KNOTS('',2,(#8553,#8554,#8555),
  .UNSPECIFIED.,.F.,.F.,(3,3),(0.,1.),.PIECEWISE_BEZIER_KNOTS.);
#8553 = CARTESIAN_POINT('',(43.136669463087,58.071946308725,20.8));
#8554 = CARTESIAN_POINT('',(43.306929530201,58.071946308725,20.8));
#8555 = CARTESIAN_POINT('',(43.486879194631,58.046476510067,20.8));
#8556 = ORIENTED_EDGE('',*,*,#8557,.T.);
#8557 = EDGE_CURVE('',#8550,#3109,#8558,.T.);
#8558 = LINE('',#8559,#8560);
#8559 = CARTESIAN_POINT('',(43.136669463087,58.071946308725,20.8));
#8560 = VECTOR('',#8561,1.);
#8561 = DIRECTION('',(0.,0.,1.));
#8562 = ORIENTED_EDGE('',*,*,#3123,.F.);
#8563 = ORIENTED_EDGE('',*,*,#8531,.F.);
#8564 = SURFACE_OF_LINEAR_EXTRUSION('',#8565,#8569);
#8565 = B_SPLINE_CURVE_WITH_KNOTS('',2,(#8566,#8567,#8568),
  .UNSPECIFIED.,.F.,.F.,(3,3),(0.,1.),.PIECEWISE_BEZIER_KNOTS.);
#8566 = CARTESIAN_POINT('',(43.136669463087,58.071946308725,20.8));
#8567 = CARTESIAN_POINT('',(43.306929530201,58.071946308725,20.8));
#8568 = CARTESIAN_POINT('',(43.486879194631,58.046476510067,20.8));
#8569 = VECTOR('',#8570,1.);
#8570 = DIRECTION('',(-0.,-0.,-1.));
#8571 = ADVANCED_FACE('',(#8572),#8590,.F.);
#8572 = FACE_BOUND('',#8573,.F.);
#8573 = EDGE_LOOP('',(#8574,#8582,#8588,#8589));
#8574 = ORIENTED_EDGE('',*,*,#8575,.F.);
#8575 = EDGE_CURVE('',#8576,#8550,#8578,.T.);
#8576 = VERTEX_POINT('',#8577);
#8577 = CARTESIAN_POINT('',(42.563598993289,57.905838926174,20.8));
#8578 = B_SPLINE_CURVE_WITH_KNOTS('',2,(#8579,#8580,#8581),
  .UNSPECIFIED.,.F.,.F.,(3,3),(0.,1.),.PIECEWISE_BEZIER_KNOTS.);
#8579 = CARTESIAN_POINT('',(42.563598993289,57.905838926174,20.8));
#8580 = CARTESIAN_POINT('',(42.762927852349,58.071946308725,20.8));
#8581 = CARTESIAN_POINT('',(43.136669463087,58.071946308725,20.8));
#8582 = ORIENTED_EDGE('',*,*,#8583,.T.);
#8583 = EDGE_CURVE('',#8576,#3094,#8584,.T.);
#8584 = LINE('',#8585,#8586);
#8585 = CARTESIAN_POINT('',(42.563598993289,57.905838926174,20.8));
#8586 = VECTOR('',#8587,1.);
#8587 = DIRECTION('',(0.,0.,1.));
#8588 = ORIENTED_EDGE('',*,*,#3108,.F.);
#8589 = ORIENTED_EDGE('',*,*,#8557,.F.);
#8590 = SURFACE_OF_LINEAR_EXTRUSION('',#8591,#8595);
#8591 = B_SPLINE_CURVE_WITH_KNOTS('',2,(#8592,#8593,#8594),
  .UNSPECIFIED.,.F.,.F.,(3,3),(0.,1.),.PIECEWISE_BEZIER_KNOTS.);
#8592 = CARTESIAN_POINT('',(42.563598993289,57.905838926174,20.8));
#8593 = CARTESIAN_POINT('',(42.762927852349,58.071946308725,20.8));
#8594 = CARTESIAN_POINT('',(43.136669463087,58.071946308725,20.8));
#8595 = VECTOR('',#8596,1.);
#8596 = DIRECTION('',(-0.,-0.,-1.));
#8597 = ADVANCED_FACE('',(#8598),#8616,.F.);
#8598 = FACE_BOUND('',#8599,.F.);
#8599 = EDGE_LOOP('',(#8600,#8608,#8614,#8615));
#8600 = ORIENTED_EDGE('',*,*,#8601,.F.);
#8601 = EDGE_CURVE('',#8602,#8576,#8604,.T.);
#8602 = VERTEX_POINT('',#8603);
#8603 = CARTESIAN_POINT('',(42.364270134228,57.430956375839,20.8));
#8604 = B_SPLINE_CURVE_WITH_KNOTS('',2,(#8605,#8606,#8607),
  .UNSPECIFIED.,.F.,.F.,(3,3),(0.,1.),.PIECEWISE_BEZIER_KNOTS.);
#8605 = CARTESIAN_POINT('',(42.364270134228,57.430956375839,20.8));
#8606 = CARTESIAN_POINT('',(42.364270134228,57.739731543624,20.8));
#8607 = CARTESIAN_POINT('',(42.563598993289,57.905838926174,20.8));
#8608 = ORIENTED_EDGE('',*,*,#8609,.T.);
#8609 = EDGE_CURVE('',#8602,#3079,#8610,.T.);
#8610 = LINE('',#8611,#8612);
#8611 = CARTESIAN_POINT('',(42.364270134228,57.430956375839,20.8));
#8612 = VECTOR('',#8613,1.);
#8613 = DIRECTION('',(0.,0.,1.));
#8614 = ORIENTED_EDGE('',*,*,#3093,.F.);
#8615 = ORIENTED_EDGE('',*,*,#8583,.F.);
#8616 = SURFACE_OF_LINEAR_EXTRUSION('',#8617,#8621);
#8617 = B_SPLINE_CURVE_WITH_KNOTS('',2,(#8618,#8619,#8620),
  .UNSPECIFIED.,.F.,.F.,(3,3),(0.,1.),.PIECEWISE_BEZIER_KNOTS.);
#8618 = CARTESIAN_POINT('',(42.364270134228,57.430956375839,20.8));
#8619 = CARTESIAN_POINT('',(42.364270134228,57.739731543624,20.8));
#8620 = CARTESIAN_POINT('',(42.563598993289,57.905838926174,20.8));
#8621 = VECTOR('',#8622,1.);
#8622 = DIRECTION('',(-0.,-0.,-1.));
#8623 = ADVANCED_FACE('',(#8624),#8642,.F.);
#8624 = FACE_BOUND('',#8625,.F.);
#8625 = EDGE_LOOP('',(#8626,#8634,#8640,#8641));
#8626 = ORIENTED_EDGE('',*,*,#8627,.F.);
#8627 = EDGE_CURVE('',#8628,#8602,#8630,.T.);
#8628 = VERTEX_POINT('',#8629);
#8629 = CARTESIAN_POINT('',(42.507491610738,57.039219798658,20.8));
#8630 = B_SPLINE_CURVE_WITH_KNOTS('',2,(#8631,#8632,#8633),
  .UNSPECIFIED.,.F.,.F.,(3,3),(0.,1.),.PIECEWISE_BEZIER_KNOTS.);
#8631 = CARTESIAN_POINT('',(42.507491610738,57.039219798658,20.8));
#8632 = CARTESIAN_POINT('',(42.364270134228,57.184563758389,20.8));
#8633 = CARTESIAN_POINT('',(42.364270134228,57.430956375839,20.8));
#8634 = ORIENTED_EDGE('',*,*,#8635,.T.);
#8635 = EDGE_CURVE('',#8628,#3067,#8636,.T.);
#8636 = LINE('',#8637,#8638);
#8637 = CARTESIAN_POINT('',(42.507491610738,57.039219798658,20.8));
#8638 = VECTOR('',#8639,1.);
#8639 = DIRECTION('',(0.,0.,1.));
#8640 = ORIENTED_EDGE('',*,*,#3078,.F.);
#8641 = ORIENTED_EDGE('',*,*,#8609,.F.);
#8642 = SURFACE_OF_LINEAR_EXTRUSION('',#8643,#8647);
#8643 = B_SPLINE_CURVE_WITH_KNOTS('',2,(#8644,#8645,#8646),
  .UNSPECIFIED.,.F.,.F.,(3,3),(0.,1.),.PIECEWISE_BEZIER_KNOTS.);
#8644 = CARTESIAN_POINT('',(42.507491610738,57.039219798658,20.8));
#8645 = CARTESIAN_POINT('',(42.364270134228,57.184563758389,20.8));
#8646 = CARTESIAN_POINT('',(42.364270134228,57.430956375839,20.8));
#8647 = VECTOR('',#8648,1.);
#8648 = DIRECTION('',(-0.,-0.,-1.));
#8649 = ADVANCED_FACE('',(#8650),#8668,.F.);
#8650 = FACE_BOUND('',#8651,.F.);
#8651 = EDGE_LOOP('',(#8652,#8660,#8666,#8667));
#8652 = ORIENTED_EDGE('',*,*,#8653,.F.);
#8653 = EDGE_CURVE('',#8654,#8628,#8656,.T.);
#8654 = VERTEX_POINT('',#8655);
#8655 = CARTESIAN_POINT('',(42.960872483221,56.827432885906,20.8));
#8656 = B_SPLINE_CURVE_WITH_KNOTS('',2,(#8657,#8658,#8659),
  .UNSPECIFIED.,.F.,.F.,(3,3),(0.,1.),.PIECEWISE_BEZIER_KNOTS.);
#8657 = CARTESIAN_POINT('',(42.960872483221,56.827432885906,20.8));
#8658 = CARTESIAN_POINT('',(42.650805369128,56.893875838926,20.8));
#8659 = CARTESIAN_POINT('',(42.507491610738,57.039219798658,20.8));
#8660 = ORIENTED_EDGE('',*,*,#8661,.T.);
#8661 = EDGE_CURVE('',#8654,#3059,#8662,.T.);
#8662 = LINE('',#8663,#8664);
#8663 = CARTESIAN_POINT('',(42.960872483221,56.827432885906,20.8));
#8664 = VECTOR('',#8665,1.);
#8665 = DIRECTION('',(0.,0.,1.));
#8666 = ORIENTED_EDGE('',*,*,#3066,.F.);
#8667 = ORIENTED_EDGE('',*,*,#8635,.F.);
#8668 = SURFACE_OF_LINEAR_EXTRUSION('',#8669,#8673);
#8669 = B_SPLINE_CURVE_WITH_KNOTS('',2,(#8670,#8671,#8672),
  .UNSPECIFIED.,.F.,.F.,(3,3),(0.,1.),.PIECEWISE_BEZIER_KNOTS.);
#8670 = CARTESIAN_POINT('',(42.960872483221,56.827432885906,20.8));
#8671 = CARTESIAN_POINT('',(42.650805369128,56.893875838926,20.8));
#8672 = CARTESIAN_POINT('',(42.507491610738,57.039219798658,20.8));
#8673 = VECTOR('',#8674,1.);
#8674 = DIRECTION('',(-0.,-0.,-1.));
#8675 = ADVANCED_FACE('',(#8676),#8694,.F.);
#8676 = FACE_BOUND('',#8677,.F.);
#8677 = EDGE_LOOP('',(#8678,#8686,#8692,#8693));
#8678 = ORIENTED_EDGE('',*,*,#8679,.F.);
#8679 = EDGE_CURVE('',#8680,#8654,#8682,.T.);
#8680 = VERTEX_POINT('',#8681);
#8681 = CARTESIAN_POINT('',(43.167122483221,56.781568791946,20.8));
#8682 = LINE('',#8683,#8684);
#8683 = CARTESIAN_POINT('',(43.167122483221,56.781568791946,20.8));
#8684 = VECTOR('',#8685,1.);
#8685 = DIRECTION('',(-0.976156220283,0.217069190819,0.));
#8686 = ORIENTED_EDGE('',*,*,#8687,.T.);
#8687 = EDGE_CURVE('',#8680,#3048,#8688,.T.);
#8688 = LINE('',#8689,#8690);
#8689 = CARTESIAN_POINT('',(43.167122483221,56.781568791946,20.8));
#8690 = VECTOR('',#8691,1.);
#8691 = DIRECTION('',(0.,0.,1.));
#8692 = ORIENTED_EDGE('',*,*,#3058,.F.);
#8693 = ORIENTED_EDGE('',*,*,#8661,.F.);
#8694 = PLANE('',#8695);
#8695 = AXIS2_PLACEMENT_3D('',#8696,#8697,#8698);
#8696 = CARTESIAN_POINT('',(43.167122483221,56.781568791946,20.8));
#8697 = DIRECTION('',(-0.217069190819,-0.976156220283,0.));
#8698 = DIRECTION('',(-0.976156220283,0.217069190819,0.));
#8699 = ADVANCED_FACE('',(#8700),#8718,.F.);
#8700 = FACE_BOUND('',#8701,.F.);
#8701 = EDGE_LOOP('',(#8702,#8710,#8716,#8717));
#8702 = ORIENTED_EDGE('',*,*,#8703,.F.);
#8703 = EDGE_CURVE('',#8704,#8680,#8706,.T.);
#8704 = VERTEX_POINT('',#8705);
#8705 = CARTESIAN_POINT('',(43.418313758389,56.687072147651,20.8));
#8706 = B_SPLINE_CURVE_WITH_KNOTS('',2,(#8707,#8708,#8709),
  .UNSPECIFIED.,.F.,.F.,(3,3),(0.,1.),.PIECEWISE_BEZIER_KNOTS.);
#8707 = CARTESIAN_POINT('',(43.418313758389,56.687072147651,20.8));
#8708 = CARTESIAN_POINT('',(43.355377516779,56.73985738255,20.8));
#8709 = CARTESIAN_POINT('',(43.167122483221,56.781568791946,20.8));
#8710 = ORIENTED_EDGE('',*,*,#8711,.T.);
#8711 = EDGE_CURVE('',#8704,#3035,#8712,.T.);
#8712 = LINE('',#8713,#8714);
#8713 = CARTESIAN_POINT('',(43.418313758389,56.687072147651,20.8));
#8714 = VECTOR('',#8715,1.);
#8715 = DIRECTION('',(0.,0.,1.));
#8716 = ORIENTED_EDGE('',*,*,#3047,.F.);
#8717 = ORIENTED_EDGE('',*,*,#8687,.F.);
#8718 = SURFACE_OF_LINEAR_EXTRUSION('',#8719,#8723);
#8719 = B_SPLINE_CURVE_WITH_KNOTS('',2,(#8720,#8721,#8722),
  .UNSPECIFIED.,.F.,.F.,(3,3),(0.,1.),.PIECEWISE_BEZIER_KNOTS.);
#8720 = CARTESIAN_POINT('',(43.418313758389,56.687072147651,20.8));
#8721 = CARTESIAN_POINT('',(43.355377516779,56.73985738255,20.8));
#8722 = CARTESIAN_POINT('',(43.167122483221,56.781568791946,20.8));
#8723 = VECTOR('',#8724,1.);
#8724 = DIRECTION('',(-0.,-0.,-1.));
#8725 = ADVANCED_FACE('',(#8726),#8744,.F.);
#8726 = FACE_BOUND('',#8727,.F.);
#8727 = EDGE_LOOP('',(#8728,#8736,#8742,#8743));
#8728 = ORIENTED_EDGE('',*,*,#8729,.F.);
#8729 = EDGE_CURVE('',#8730,#8704,#8732,.T.);
#8730 = VERTEX_POINT('',#8731);
#8731 = CARTESIAN_POINT('',(43.481342281879,56.537021812081,20.8));
#8732 = B_SPLINE_CURVE_WITH_KNOTS('',2,(#8733,#8734,#8735),
  .UNSPECIFIED.,.F.,.F.,(3,3),(0.,1.),.PIECEWISE_BEZIER_KNOTS.);
#8733 = CARTESIAN_POINT('',(43.481342281879,56.537021812081,20.8));
#8734 = CARTESIAN_POINT('',(43.481342281879,56.634286912752,20.8));
#8735 = CARTESIAN_POINT('',(43.418313758389,56.687072147651,20.8));
#8736 = ORIENTED_EDGE('',*,*,#8737,.T.);
#8737 = EDGE_CURVE('',#8730,#3022,#8738,.T.);
#8738 = LINE('',#8739,#8740);
#8739 = CARTESIAN_POINT('',(43.481342281879,56.537021812081,20.8));
#8740 = VECTOR('',#8741,1.);
#8741 = DIRECTION('',(0.,0.,1.));
#8742 = ORIENTED_EDGE('',*,*,#3034,.F.);
#8743 = ORIENTED_EDGE('',*,*,#8711,.F.);
#8744 = SURFACE_OF_LINEAR_EXTRUSION('',#8745,#8749);
#8745 = B_SPLINE_CURVE_WITH_KNOTS('',2,(#8746,#8747,#8748),
  .UNSPECIFIED.,.F.,.F.,(3,3),(0.,1.),.PIECEWISE_BEZIER_KNOTS.);
#8746 = CARTESIAN_POINT('',(43.481342281879,56.537021812081,20.8));
#8747 = CARTESIAN_POINT('',(43.481342281879,56.634286912752,20.8));
#8748 = CARTESIAN_POINT('',(43.418313758389,56.687072147651,20.8));
#8749 = VECTOR('',#8750,1.);
#8750 = DIRECTION('',(-0.,-0.,-1.));
#8751 = ADVANCED_FACE('',(#8752),#8771,.F.);
#8752 = FACE_BOUND('',#8753,.F.);
#8753 = EDGE_LOOP('',(#8754,#8762,#8768,#8769,#8770));
#8754 = ORIENTED_EDGE('',*,*,#8755,.F.);
#8755 = EDGE_CURVE('',#8756,#8730,#8758,.T.);
#8756 = VERTEX_POINT('',#8757);
#8757 = CARTESIAN_POINT('',(43.388598993289,56.370268456376,20.8));
#8758 = B_SPLINE_CURVE_WITH_KNOTS('',2,(#8759,#8760,#8761),
  .UNSPECIFIED.,.F.,.F.,(3,3),(0.,1.),.PIECEWISE_BEZIER_KNOTS.);
#8759 = CARTESIAN_POINT('',(43.388598993289,56.370268456376,20.8));
#8760 = CARTESIAN_POINT('',(43.481342281879,56.428682885906,20.8));
#8761 = CARTESIAN_POINT('',(43.481342281879,56.537021812081,20.8));
#8762 = ORIENTED_EDGE('',*,*,#8763,.T.);
#8763 = EDGE_CURVE('',#8756,#2998,#8764,.T.);
#8764 = LINE('',#8765,#8766);
#8765 = CARTESIAN_POINT('',(43.388598993289,56.370268456376,20.8));
#8766 = VECTOR('',#8767,1.);
#8767 = DIRECTION('',(0.,0.,1.));
#8768 = ORIENTED_EDGE('',*,*,#3008,.F.);
#8769 = ORIENTED_EDGE('',*,*,#3021,.F.);
#8770 = ORIENTED_EDGE('',*,*,#8737,.F.);
#8771 = SURFACE_OF_LINEAR_EXTRUSION('',#8772,#8776);
#8772 = B_SPLINE_CURVE_WITH_KNOTS('',2,(#8773,#8774,#8775),
  .UNSPECIFIED.,.F.,.F.,(3,3),(0.,1.),.PIECEWISE_BEZIER_KNOTS.);
#8773 = CARTESIAN_POINT('',(43.388598993289,56.370268456376,20.8));
#8774 = CARTESIAN_POINT('',(43.481342281879,56.428682885906,20.8));
#8775 = CARTESIAN_POINT('',(43.481342281879,56.537021812081,20.8));
#8776 = VECTOR('',#8777,1.);
#8777 = DIRECTION('',(-0.,-0.,-1.));
#8778 = ADVANCED_FACE('',(#8779),#8821,.T.);
#8779 = FACE_BOUND('',#8780,.F.);
#8780 = EDGE_LOOP('',(#8781,#8782,#8783,#8784,#8785,#8786,#8787,#8788,
    #8789,#8790,#8791,#8792,#8793,#8794,#8795,#8796,#8797,#8805,#8811,
    #8812,#8813,#8814,#8815,#8816,#8817,#8818,#8819,#8820));
#8781 = ORIENTED_EDGE('',*,*,#8499,.T.);
#8782 = ORIENTED_EDGE('',*,*,#8473,.T.);
#8783 = ORIENTED_EDGE('',*,*,#8447,.T.);
#8784 = ORIENTED_EDGE('',*,*,#8421,.T.);
#8785 = ORIENTED_EDGE('',*,*,#8395,.T.);
#8786 = ORIENTED_EDGE('',*,*,#8369,.T.);
#8787 = ORIENTED_EDGE('',*,*,#8343,.T.);
#8788 = ORIENTED_EDGE('',*,*,#8319,.T.);
#8789 = ORIENTED_EDGE('',*,*,#8293,.T.);
#8790 = ORIENTED_EDGE('',*,*,#8267,.T.);
#8791 = ORIENTED_EDGE('',*,*,#8240,.T.);
#8792 = ORIENTED_EDGE('',*,*,#8214,.T.);
#8793 = ORIENTED_EDGE('',*,*,#8188,.T.);
#8794 = ORIENTED_EDGE('',*,*,#8162,.T.);
#8795 = ORIENTED_EDGE('',*,*,#8104,.T.);
#8796 = ORIENTED_EDGE('',*,*,#8135,.T.);
#8797 = ORIENTED_EDGE('',*,*,#8798,.T.);
#8798 = EDGE_CURVE('',#8136,#8799,#8801,.T.);
#8799 = VERTEX_POINT('',#8800);
#8800 = CARTESIAN_POINT('',(43.12144295302,56.311946308725,20.8));
#8801 = B_SPLINE_CURVE_WITH_KNOTS('',2,(#8802,#8803,#8804),
  .UNSPECIFIED.,.F.,.F.,(3,3),(0.,1.),.PIECEWISE_BEZIER_KNOTS.);
#8802 = CARTESIAN_POINT('',(42.764958053691,56.365469798658,20.8));
#8803 = CARTESIAN_POINT('',(42.949798657718,56.311946308725,20.8));
#8804 = CARTESIAN_POINT('',(43.12144295302,56.311946308725,20.8));
#8805 = ORIENTED_EDGE('',*,*,#8806,.T.);
#8806 = EDGE_CURVE('',#8799,#8756,#8807,.T.);
#8807 = B_SPLINE_CURVE_WITH_KNOTS('',2,(#8808,#8809,#8810),
  .UNSPECIFIED.,.F.,.F.,(3,3),(0.,1.),.PIECEWISE_BEZIER_KNOTS.);
#8808 = CARTESIAN_POINT('',(43.12144295302,56.311946308725,20.8));
#8809 = CARTESIAN_POINT('',(43.295855704698,56.311946308725,20.8));
#8810 = CARTESIAN_POINT('',(43.388598993289,56.370268456376,20.8));
#8811 = ORIENTED_EDGE('',*,*,#8755,.T.);
#8812 = ORIENTED_EDGE('',*,*,#8729,.T.);
#8813 = ORIENTED_EDGE('',*,*,#8703,.T.);
#8814 = ORIENTED_EDGE('',*,*,#8679,.T.);
#8815 = ORIENTED_EDGE('',*,*,#8653,.T.);
#8816 = ORIENTED_EDGE('',*,*,#8627,.T.);
#8817 = ORIENTED_EDGE('',*,*,#8601,.T.);
#8818 = ORIENTED_EDGE('',*,*,#8575,.T.);
#8819 = ORIENTED_EDGE('',*,*,#8549,.T.);
#8820 = ORIENTED_EDGE('',*,*,#8523,.T.);
#8821 = PLANE('',#8822);
#8822 = AXIS2_PLACEMENT_3D('',#8823,#8824,#8825);
#8823 = CARTESIAN_POINT('',(43.155738895982,56.989681931877,20.8));
#8824 = DIRECTION('',(0.,0.,1.));
#8825 = DIRECTION('',(1.,0.,-0.));
#8826 = ADVANCED_FACE('',(#8827),#8838,.F.);
#8827 = FACE_BOUND('',#8828,.F.);
#8828 = EDGE_LOOP('',(#8829,#8830,#8836,#8837));
#8829 = ORIENTED_EDGE('',*,*,#8806,.F.);
#8830 = ORIENTED_EDGE('',*,*,#8831,.T.);
#8831 = EDGE_CURVE('',#8799,#2987,#8832,.T.);
#8832 = LINE('',#8833,#8834);
#8833 = CARTESIAN_POINT('',(43.12144295302,56.311946308725,20.8));
#8834 = VECTOR('',#8835,1.);
#8835 = DIRECTION('',(0.,0.,1.));
#8836 = ORIENTED_EDGE('',*,*,#2997,.F.);
#8837 = ORIENTED_EDGE('',*,*,#8763,.F.);
#8838 = SURFACE_OF_LINEAR_EXTRUSION('',#8839,#8843);
#8839 = B_SPLINE_CURVE_WITH_KNOTS('',2,(#8840,#8841,#8842),
  .UNSPECIFIED.,.F.,.F.,(3,3),(0.,1.),.PIECEWISE_BEZIER_KNOTS.);
#8840 = CARTESIAN_POINT('',(43.12144295302,56.311946308725,20.8));
#8841 = CARTESIAN_POINT('',(43.295855704698,56.311946308725,20.8));
#8842 = CARTESIAN_POINT('',(43.388598993289,56.370268456376,20.8));
#8843 = VECTOR('',#8844,1.);
#8844 = DIRECTION('',(-0.,-0.,-1.));
#8845 = ADVANCED_FACE('',(#8846),#8852,.F.);
#8846 = FACE_BOUND('',#8847,.F.);
#8847 = EDGE_LOOP('',(#8848,#8849,#8850,#8851));
#8848 = ORIENTED_EDGE('',*,*,#8798,.F.);
#8849 = ORIENTED_EDGE('',*,*,#8146,.T.);
#8850 = ORIENTED_EDGE('',*,*,#2986,.F.);
#8851 = ORIENTED_EDGE('',*,*,#8831,.F.);
#8852 = SURFACE_OF_LINEAR_EXTRUSION('',#8853,#8857);
#8853 = B_SPLINE_CURVE_WITH_KNOTS('',2,(#8854,#8855,#8856),
  .UNSPECIFIED.,.F.,.F.,(3,3),(0.,1.),.PIECEWISE_BEZIER_KNOTS.);
#8854 = CARTESIAN_POINT('',(42.764958053691,56.365469798658,20.8));
#8855 = CARTESIAN_POINT('',(42.949798657718,56.311946308725,20.8));
#8856 = CARTESIAN_POINT('',(43.12144295302,56.311946308725,20.8));
#8857 = VECTOR('',#8858,1.);
#8858 = DIRECTION('',(-0.,-0.,-1.));
#8859 = ADVANCED_FACE('',(#8860),#8885,.F.);
#8860 = FACE_BOUND('',#8861,.F.);
#8861 = EDGE_LOOP('',(#8862,#8872,#8878,#8879));
#8862 = ORIENTED_EDGE('',*,*,#8863,.F.);
#8863 = EDGE_CURVE('',#8864,#8866,#8868,.T.);
#8864 = VERTEX_POINT('',#8865);
#8865 = CARTESIAN_POINT('',(23.368783557047,57.073825503356,20.8));
#8866 = VERTEX_POINT('',#8867);
#8867 = CARTESIAN_POINT('',(23.634555369128,56.89,20.8));
#8868 = B_SPLINE_CURVE_WITH_KNOTS('',2,(#8869,#8870,#8871),
  .UNSPECIFIED.,.F.,.F.,(3,3),(0.,1.),.PIECEWISE_BEZIER_KNOTS.);
#8869 = CARTESIAN_POINT('',(23.368783557047,57.073825503356,20.8));
#8870 = CARTESIAN_POINT('',(23.540427852349,57.02408557047,20.8));
#8871 = CARTESIAN_POINT('',(23.634555369128,56.89,20.8));
#8872 = ORIENTED_EDGE('',*,*,#8873,.T.);
#8873 = EDGE_CURVE('',#8864,#3257,#8874,.T.);
#8874 = LINE('',#8875,#8876);
#8875 = CARTESIAN_POINT('',(23.368783557047,57.073825503356,20.8));
#8876 = VECTOR('',#8877,1.);
#8877 = DIRECTION('',(0.,0.,1.));
#8878 = ORIENTED_EDGE('',*,*,#3254,.F.);
#8879 = ORIENTED_EDGE('',*,*,#8880,.F.);
#8880 = EDGE_CURVE('',#8866,#3255,#8881,.T.);
#8881 = LINE('',#8882,#8883);
#8882 = CARTESIAN_POINT('',(23.634555369128,56.89,20.8));
#8883 = VECTOR('',#8884,1.);
#8884 = DIRECTION('',(0.,0.,1.));
#8885 = SURFACE_OF_LINEAR_EXTRUSION('',#8886,#8890);
#8886 = B_SPLINE_CURVE_WITH_KNOTS('',2,(#8887,#8888,#8889),
  .UNSPECIFIED.,.F.,.F.,(3,3),(0.,1.),.PIECEWISE_BEZIER_KNOTS.);
#8887 = CARTESIAN_POINT('',(23.368783557047,57.073825503356,20.8));
#8888 = CARTESIAN_POINT('',(23.540427852349,57.02408557047,20.8));
#8889 = CARTESIAN_POINT('',(23.634555369128,56.89,20.8));
#8890 = VECTOR('',#8891,1.);
#8891 = DIRECTION('',(-0.,-0.,-1.));
#8892 = ADVANCED_FACE('',(#8893),#8911,.F.);
#8893 = FACE_BOUND('',#8894,.F.);
#8894 = EDGE_LOOP('',(#8895,#8903,#8904,#8905));
#8895 = ORIENTED_EDGE('',*,*,#8896,.F.);
#8896 = EDGE_CURVE('',#8866,#8897,#8899,.T.);
#8897 = VERTEX_POINT('',#8898);
#8898 = CARTESIAN_POINT('',(23.728682885906,56.561015100671,20.8));
#8899 = B_SPLINE_CURVE_WITH_KNOTS('',2,(#8900,#8901,#8902),
  .UNSPECIFIED.,.F.,.F.,(3,3),(0.,1.),.PIECEWISE_BEZIER_KNOTS.);
#8900 = CARTESIAN_POINT('',(23.634555369128,56.89,20.8));
#8901 = CARTESIAN_POINT('',(23.728682885906,56.75591442953,20.8));
#8902 = CARTESIAN_POINT('',(23.728682885906,56.561015100671,20.8));
#8903 = ORIENTED_EDGE('',*,*,#8880,.T.);
#8904 = ORIENTED_EDGE('',*,*,#3271,.F.);
#8905 = ORIENTED_EDGE('',*,*,#8906,.F.);
#8906 = EDGE_CURVE('',#8897,#3272,#8907,.T.);
#8907 = LINE('',#8908,#8909);
#8908 = CARTESIAN_POINT('',(23.728682885906,56.561015100671,20.8));
#8909 = VECTOR('',#8910,1.);
#8910 = DIRECTION('',(0.,0.,1.));
#8911 = SURFACE_OF_LINEAR_EXTRUSION('',#8912,#8916);
#8912 = B_SPLINE_CURVE_WITH_KNOTS('',2,(#8913,#8914,#8915),
  .UNSPECIFIED.,.F.,.F.,(3,3),(0.,1.),.PIECEWISE_BEZIER_KNOTS.);
#8913 = CARTESIAN_POINT('',(23.634555369128,56.89,20.8));
#8914 = CARTESIAN_POINT('',(23.728682885906,56.75591442953,20.8));
#8915 = CARTESIAN_POINT('',(23.728682885906,56.561015100671,20.8));
#8916 = VECTOR('',#8917,1.);
#8917 = DIRECTION('',(-0.,-0.,-1.));
#8918 = ADVANCED_FACE('',(#8919),#8937,.F.);
#8919 = FACE_BOUND('',#8920,.F.);
#8920 = EDGE_LOOP('',(#8921,#8929,#8935,#8936));
#8921 = ORIENTED_EDGE('',*,*,#8922,.F.);
#8922 = EDGE_CURVE('',#8923,#8864,#8925,.T.);
#8923 = VERTEX_POINT('',#8924);
#8924 = CARTESIAN_POINT('',(23.573649328859,57.231258389262,20.8));
#8925 = B_SPLINE_CURVE_WITH_KNOTS('',2,(#8926,#8927,#8928),
  .UNSPECIFIED.,.F.,.F.,(3,3),(0.,1.),.PIECEWISE_BEZIER_KNOTS.);
#8926 = CARTESIAN_POINT('',(23.573649328859,57.231258389262,20.8));
#8927 = CARTESIAN_POINT('',(23.503053691275,57.125134228188,20.8));
#8928 = CARTESIAN_POINT('',(23.368783557047,57.073825503356,20.8));
#8929 = ORIENTED_EDGE('',*,*,#8930,.T.);
#8930 = EDGE_CURVE('',#8923,#3365,#8931,.T.);
#8931 = LINE('',#8932,#8933);
#8932 = CARTESIAN_POINT('',(23.573649328859,57.231258389262,20.8));
#8933 = VECTOR('',#8934,1.);
#8934 = DIRECTION('',(0.,0.,1.));
#8935 = ORIENTED_EDGE('',*,*,#3375,.F.);
#8936 = ORIENTED_EDGE('',*,*,#8873,.F.);
#8937 = SURFACE_OF_LINEAR_EXTRUSION('',#8938,#8942);
#8938 = B_SPLINE_CURVE_WITH_KNOTS('',2,(#8939,#8940,#8941),
  .UNSPECIFIED.,.F.,.F.,(3,3),(0.,1.),.PIECEWISE_BEZIER_KNOTS.);
#8939 = CARTESIAN_POINT('',(23.573649328859,57.231258389262,20.8));
#8940 = CARTESIAN_POINT('',(23.503053691275,57.125134228188,20.8));
#8941 = CARTESIAN_POINT('',(23.368783557047,57.073825503356,20.8));
#8942 = VECTOR('',#8943,1.);
#8943 = DIRECTION('',(-0.,-0.,-1.));
#8944 = ADVANCED_FACE('',(#8945),#8963,.F.);
#8945 = FACE_BOUND('',#8946,.F.);
#8946 = EDGE_LOOP('',(#8947,#8955,#8956,#8957));
#8947 = ORIENTED_EDGE('',*,*,#8948,.F.);
#8948 = EDGE_CURVE('',#8897,#8949,#8951,.T.);
#8949 = VERTEX_POINT('',#8950);
#8950 = CARTESIAN_POINT('',(23.52658557047,56.115847315436,20.8));
#8951 = B_SPLINE_CURVE_WITH_KNOTS('',2,(#8952,#8953,#8954),
  .UNSPECIFIED.,.F.,.F.,(3,3),(0.,1.),.PIECEWISE_BEZIER_KNOTS.);
#8952 = CARTESIAN_POINT('',(23.728682885906,56.561015100671,20.8));
#8953 = CARTESIAN_POINT('',(23.728682885906,56.262390939597,20.8));
#8954 = CARTESIAN_POINT('',(23.52658557047,56.115847315436,20.8));
#8955 = ORIENTED_EDGE('',*,*,#8906,.T.);
#8956 = ORIENTED_EDGE('',*,*,#3282,.F.);
#8957 = ORIENTED_EDGE('',*,*,#8958,.F.);
#8958 = EDGE_CURVE('',#8949,#3283,#8959,.T.);
#8959 = LINE('',#8960,#8961);
#8960 = CARTESIAN_POINT('',(23.52658557047,56.115847315436,20.8));
#8961 = VECTOR('',#8962,1.);
#8962 = DIRECTION('',(0.,0.,1.));
#8963 = SURFACE_OF_LINEAR_EXTRUSION('',#8964,#8968);
#8964 = B_SPLINE_CURVE_WITH_KNOTS('',2,(#8965,#8966,#8967),
  .UNSPECIFIED.,.F.,.F.,(3,3),(0.,1.),.PIECEWISE_BEZIER_KNOTS.);
#8965 = CARTESIAN_POINT('',(23.728682885906,56.561015100671,20.8));
#8966 = CARTESIAN_POINT('',(23.728682885906,56.262390939597,20.8));
#8967 = CARTESIAN_POINT('',(23.52658557047,56.115847315436,20.8));
#8968 = VECTOR('',#8969,1.);
#8969 = DIRECTION('',(-0.,-0.,-1.));
#8970 = ADVANCED_FACE('',(#8971),#8989,.F.);
#8971 = FACE_BOUND('',#8972,.F.);
#8972 = EDGE_LOOP('',(#8973,#8981,#8987,#8988));
#8973 = ORIENTED_EDGE('',*,*,#8974,.F.);
#8974 = EDGE_CURVE('',#8975,#8923,#8977,.T.);
#8975 = VERTEX_POINT('',#8976);
#8976 = CARTESIAN_POINT('',(23.644244966443,57.488540268456,20.8));
#8977 = B_SPLINE_CURVE_WITH_KNOTS('',2,(#8978,#8979,#8980),
  .UNSPECIFIED.,.F.,.F.,(3,3),(0.,1.),.PIECEWISE_BEZIER_KNOTS.);
#8978 = CARTESIAN_POINT('',(23.644244966443,57.488540268456,20.8));
#8979 = CARTESIAN_POINT('',(23.644244966443,57.337382550336,20.8));
#8980 = CARTESIAN_POINT('',(23.573649328859,57.231258389262,20.8));
#8981 = ORIENTED_EDGE('',*,*,#8982,.T.);
#8982 = EDGE_CURVE('',#8975,#3350,#8983,.T.);
#8983 = LINE('',#8984,#8985);
#8984 = CARTESIAN_POINT('',(23.644244966443,57.488540268456,20.8));
#8985 = VECTOR('',#8986,1.);
#8986 = DIRECTION('',(0.,0.,1.));
#8987 = ORIENTED_EDGE('',*,*,#3364,.F.);
#8988 = ORIENTED_EDGE('',*,*,#8930,.F.);
#8989 = SURFACE_OF_LINEAR_EXTRUSION('',#8990,#8994);
#8990 = B_SPLINE_CURVE_WITH_KNOTS('',2,(#8991,#8992,#8993),
  .UNSPECIFIED.,.F.,.F.,(3,3),(0.,1.),.PIECEWISE_BEZIER_KNOTS.);
#8991 = CARTESIAN_POINT('',(23.644244966443,57.488540268456,20.8));
#8992 = CARTESIAN_POINT('',(23.644244966443,57.337382550336,20.8));
#8993 = CARTESIAN_POINT('',(23.573649328859,57.231258389262,20.8));
#8994 = VECTOR('',#8995,1.);
#8995 = DIRECTION('',(-0.,-0.,-1.));
#8996 = ADVANCED_FACE('',(#8997),#9015,.F.);
#8997 = FACE_BOUND('',#8998,.F.);
#8998 = EDGE_LOOP('',(#8999,#9007,#9008,#9009));
#8999 = ORIENTED_EDGE('',*,*,#9000,.F.);
#9000 = EDGE_CURVE('',#8949,#9001,#9003,.T.);
#9001 = VERTEX_POINT('',#9002);
#9002 = CARTESIAN_POINT('',(22.911988255034,55.969395973154,20.8));
#9003 = B_SPLINE_CURVE_WITH_KNOTS('',2,(#9004,#9005,#9006),
  .UNSPECIFIED.,.F.,.F.,(3,3),(0.,1.),.PIECEWISE_BEZIER_KNOTS.);
#9004 = CARTESIAN_POINT('',(23.52658557047,56.115847315436,20.8));
#9005 = CARTESIAN_POINT('',(23.324488255034,55.969395973154,20.8));
#9006 = CARTESIAN_POINT('',(22.911988255034,55.969395973154,20.8));
#9007 = ORIENTED_EDGE('',*,*,#8958,.T.);
#9008 = ORIENTED_EDGE('',*,*,#3297,.F.);
#9009 = ORIENTED_EDGE('',*,*,#9010,.F.);
#9010 = EDGE_CURVE('',#9001,#3298,#9011,.T.);
#9011 = LINE('',#9012,#9013);
#9012 = CARTESIAN_POINT('',(22.911988255034,55.969395973154,20.8));
#9013 = VECTOR('',#9014,1.);
#9014 = DIRECTION('',(0.,0.,1.));
#9015 = SURFACE_OF_LINEAR_EXTRUSION('',#9016,#9020);
#9016 = B_SPLINE_CURVE_WITH_KNOTS('',2,(#9017,#9018,#9019),
  .UNSPECIFIED.,.F.,.F.,(3,3),(0.,1.),.PIECEWISE_BEZIER_KNOTS.);
#9017 = CARTESIAN_POINT('',(23.52658557047,56.115847315436,20.8));
#9018 = CARTESIAN_POINT('',(23.324488255034,55.969395973154,20.8));
#9019 = CARTESIAN_POINT('',(22.911988255034,55.969395973154,20.8));
#9020 = VECTOR('',#9021,1.);
#9021 = DIRECTION('',(-0.,-0.,-1.));
#9022 = ADVANCED_FACE('',(#9023),#9041,.F.);
#9023 = FACE_BOUND('',#9024,.F.);
#9024 = EDGE_LOOP('',(#9025,#9033,#9039,#9040));
#9025 = ORIENTED_EDGE('',*,*,#9026,.F.);
#9026 = EDGE_CURVE('',#9027,#8975,#9029,.T.);
#9027 = VERTEX_POINT('',#9028);
#9028 = CARTESIAN_POINT('',(23.451098993289,57.906115771812,20.8));
#9029 = B_SPLINE_CURVE_WITH_KNOTS('',2,(#9030,#9031,#9032),
  .UNSPECIFIED.,.F.,.F.,(3,3),(0.,1.),.PIECEWISE_BEZIER_KNOTS.);
#9030 = CARTESIAN_POINT('',(23.451098993289,57.906115771812,20.8));
#9031 = CARTESIAN_POINT('',(23.644244966443,57.77572147651,20.8));
#9032 = CARTESIAN_POINT('',(23.644244966443,57.488540268456,20.8));
#9033 = ORIENTED_EDGE('',*,*,#9034,.T.);
#9034 = EDGE_CURVE('',#9027,#3337,#9035,.T.);
#9035 = LINE('',#9036,#9037);
#9036 = CARTESIAN_POINT('',(23.451098993289,57.906115771812,20.8));
#9037 = VECTOR('',#9038,1.);
#9038 = DIRECTION('',(0.,0.,1.));
#9039 = ORIENTED_EDGE('',*,*,#3349,.F.);
#9040 = ORIENTED_EDGE('',*,*,#8982,.F.);
#9041 = SURFACE_OF_LINEAR_EXTRUSION('',#9042,#9046);
#9042 = B_SPLINE_CURVE_WITH_KNOTS('',2,(#9043,#9044,#9045),
  .UNSPECIFIED.,.F.,.F.,(3,3),(0.,1.),.PIECEWISE_BEZIER_KNOTS.);
#9043 = CARTESIAN_POINT('',(23.451098993289,57.906115771812,20.8));
#9044 = CARTESIAN_POINT('',(23.644244966443,57.77572147651,20.8));
#9045 = CARTESIAN_POINT('',(23.644244966443,57.488540268456,20.8));
#9046 = VECTOR('',#9047,1.);
#9047 = DIRECTION('',(-0.,-0.,-1.));
#9048 = ADVANCED_FACE('',(#9049),#9067,.F.);
#9049 = FACE_BOUND('',#9050,.F.);
#9050 = EDGE_LOOP('',(#9051,#9059,#9060,#9061));
#9051 = ORIENTED_EDGE('',*,*,#9052,.F.);
#9052 = EDGE_CURVE('',#9001,#9053,#9055,.T.);
#9053 = VERTEX_POINT('',#9054);
#9054 = CARTESIAN_POINT('',(22.027466442953,55.969395973154,20.8));
#9055 = LINE('',#9056,#9057);
#9056 = CARTESIAN_POINT('',(22.911988255034,55.969395973154,20.8));
#9057 = VECTOR('',#9058,1.);
#9058 = DIRECTION('',(-1.,0.,0.));
#9059 = ORIENTED_EDGE('',*,*,#9010,.T.);
#9060 = ORIENTED_EDGE('',*,*,#3312,.F.);
#9061 = ORIENTED_EDGE('',*,*,#9062,.F.);
#9062 = EDGE_CURVE('',#9053,#3313,#9063,.T.);
#9063 = LINE('',#9064,#9065);
#9064 = CARTESIAN_POINT('',(22.027466442953,55.969395973154,20.8));
#9065 = VECTOR('',#9066,1.);
#9066 = DIRECTION('',(0.,0.,1.));
#9067 = PLANE('',#9068);
#9068 = AXIS2_PLACEMENT_3D('',#9069,#9070,#9071);
#9069 = CARTESIAN_POINT('',(22.911988255034,55.969395973154,20.8));
#9070 = DIRECTION('',(0.,-1.,0.));
#9071 = DIRECTION('',(-1.,0.,0.));
#9072 = ADVANCED_FACE('',(#9073),#9091,.F.);
#9073 = FACE_BOUND('',#9074,.F.);
#9074 = EDGE_LOOP('',(#9075,#9083,#9089,#9090));
#9075 = ORIENTED_EDGE('',*,*,#9076,.F.);
#9076 = EDGE_CURVE('',#9077,#9027,#9079,.T.);
#9077 = VERTEX_POINT('',#9078);
#9078 = CARTESIAN_POINT('',(22.82755033557,58.036510067114,20.8));
#9079 = B_SPLINE_CURVE_WITH_KNOTS('',2,(#9080,#9081,#9082),
  .UNSPECIFIED.,.F.,.F.,(3,3),(0.,1.),.PIECEWISE_BEZIER_KNOTS.);
#9080 = CARTESIAN_POINT('',(22.82755033557,58.036510067114,20.8));
#9081 = CARTESIAN_POINT('',(23.258045302013,58.036510067114,20.8));
#9082 = CARTESIAN_POINT('',(23.451098993289,57.906115771812,20.8));
#9083 = ORIENTED_EDGE('',*,*,#9084,.T.);
#9084 = EDGE_CURVE('',#9077,#3329,#9085,.T.);
#9085 = LINE('',#9086,#9087);
#9086 = CARTESIAN_POINT('',(22.82755033557,58.036510067114,20.8));
#9087 = VECTOR('',#9088,1.);
#9088 = DIRECTION('',(0.,0.,1.));
#9089 = ORIENTED_EDGE('',*,*,#3336,.F.);
#9090 = ORIENTED_EDGE('',*,*,#9034,.F.);
#9091 = SURFACE_OF_LINEAR_EXTRUSION('',#9092,#9096);
#9092 = B_SPLINE_CURVE_WITH_KNOTS('',2,(#9093,#9094,#9095),
  .UNSPECIFIED.,.F.,.F.,(3,3),(0.,1.),.PIECEWISE_BEZIER_KNOTS.);
#9093 = CARTESIAN_POINT('',(22.82755033557,58.036510067114,20.8));
#9094 = CARTESIAN_POINT('',(23.258045302013,58.036510067114,20.8));
#9095 = CARTESIAN_POINT('',(23.451098993289,57.906115771812,20.8));
#9096 = VECTOR('',#9097,1.);
#9097 = DIRECTION('',(-0.,-0.,-1.));
#9098 = ADVANCED_FACE('',(#9099),#9117,.F.);
#9099 = FACE_BOUND('',#9100,.F.);
#9100 = EDGE_LOOP('',(#9101,#9109,#9110,#9111));
#9101 = ORIENTED_EDGE('',*,*,#9102,.F.);
#9102 = EDGE_CURVE('',#9053,#9103,#9105,.T.);
#9103 = VERTEX_POINT('',#9104);
#9104 = CARTESIAN_POINT('',(22.027466442953,58.036510067114,20.8));
#9105 = LINE('',#9106,#9107);
#9106 = CARTESIAN_POINT('',(22.027466442953,55.969395973154,20.8));
#9107 = VECTOR('',#9108,1.);
#9108 = DIRECTION('',(0.,1.,0.));
#9109 = ORIENTED_EDGE('',*,*,#9062,.T.);
#9110 = ORIENTED_EDGE('',*,*,#3320,.F.);
#9111 = ORIENTED_EDGE('',*,*,#9112,.F.);
#9112 = EDGE_CURVE('',#9103,#3321,#9113,.T.);
#9113 = LINE('',#9114,#9115);
#9114 = CARTESIAN_POINT('',(22.027466442953,58.036510067114,20.8));
#9115 = VECTOR('',#9116,1.);
#9116 = DIRECTION('',(0.,0.,1.));
#9117 = PLANE('',#9118);
#9118 = AXIS2_PLACEMENT_3D('',#9119,#9120,#9121);
#9119 = CARTESIAN_POINT('',(22.027466442953,55.969395973154,20.8));
#9120 = DIRECTION('',(-1.,0.,0.));
#9121 = DIRECTION('',(0.,1.,0.));
#9122 = ADVANCED_FACE('',(#9123),#9134,.F.);
#9123 = FACE_BOUND('',#9124,.F.);
#9124 = EDGE_LOOP('',(#9125,#9131,#9132,#9133));
#9125 = ORIENTED_EDGE('',*,*,#9126,.F.);
#9126 = EDGE_CURVE('',#9103,#9077,#9127,.T.);
#9127 = LINE('',#9128,#9129);
#9128 = CARTESIAN_POINT('',(22.027466442953,58.036510067114,20.8));
#9129 = VECTOR('',#9130,1.);
#9130 = DIRECTION('',(1.,0.,0.));
#9131 = ORIENTED_EDGE('',*,*,#9112,.T.);
#9132 = ORIENTED_EDGE('',*,*,#3328,.F.);
#9133 = ORIENTED_EDGE('',*,*,#9084,.F.);
#9134 = PLANE('',#9135);
#9135 = AXIS2_PLACEMENT_3D('',#9136,#9137,#9138);
#9136 = CARTESIAN_POINT('',(22.027466442953,58.036510067114,20.8));
#9137 = DIRECTION('',(0.,1.,0.));
#9138 = DIRECTION('',(1.,0.,0.));
#9139 = ADVANCED_FACE('',(#9140,#9153,#9211),#9269,.T.);
#9140 = FACE_BOUND('',#9141,.F.);
#9141 = EDGE_LOOP('',(#9142,#9143,#9144,#9145,#9146,#9147,#9148,#9149,
    #9150,#9151,#9152));
#9142 = ORIENTED_EDGE('',*,*,#8863,.T.);
#9143 = ORIENTED_EDGE('',*,*,#8896,.T.);
#9144 = ORIENTED_EDGE('',*,*,#8948,.T.);
#9145 = ORIENTED_EDGE('',*,*,#9000,.T.);
#9146 = ORIENTED_EDGE('',*,*,#9052,.T.);
#9147 = ORIENTED_EDGE('',*,*,#9102,.T.);
#9148 = ORIENTED_EDGE('',*,*,#9126,.T.);
#9149 = ORIENTED_EDGE('',*,*,#9076,.T.);
#9150 = ORIENTED_EDGE('',*,*,#9026,.T.);
#9151 = ORIENTED_EDGE('',*,*,#8974,.T.);
#9152 = ORIENTED_EDGE('',*,*,#8922,.T.);
#9153 = FACE_BOUND('',#9154,.F.);
#9154 = EDGE_LOOP('',(#9155,#9165,#9173,#9181,#9189,#9197,#9205));
#9155 = ORIENTED_EDGE('',*,*,#9156,.T.);
#9156 = EDGE_CURVE('',#9157,#9159,#9161,.T.);
#9157 = VERTEX_POINT('',#9158);
#9158 = CARTESIAN_POINT('',(22.873229865772,56.32966442953,20.8));
#9159 = VERTEX_POINT('',#9160);
#9160 = CARTESIAN_POINT('',(23.114731543624,56.397768456376,20.8));
#9161 = B_SPLINE_CURVE_WITH_KNOTS('',2,(#9162,#9163,#9164),
  .UNSPECIFIED.,.F.,.F.,(3,3),(0.,1.),.PIECEWISE_BEZIER_KNOTS.);
#9162 = CARTESIAN_POINT('',(22.873229865772,56.32966442953,20.8));
#9163 = CARTESIAN_POINT('',(23.03380033557,56.32966442953,20.8));
#9164 = CARTESIAN_POINT('',(23.114731543624,56.397768456376,20.8));
#9165 = ORIENTED_EDGE('',*,*,#9166,.T.);
#9166 = EDGE_CURVE('',#9159,#9167,#9169,.T.);
#9167 = VERTEX_POINT('',#9168);
#9168 = CARTESIAN_POINT('',(23.195755033557,56.603464765101,20.8));
#9169 = B_SPLINE_CURVE_WITH_KNOTS('',2,(#9170,#9171,#9172),
  .UNSPECIFIED.,.F.,.F.,(3,3),(0.,1.),.PIECEWISE_BEZIER_KNOTS.);
#9170 = CARTESIAN_POINT('',(23.114731543624,56.397768456376,20.8));
#9171 = CARTESIAN_POINT('',(23.195755033557,56.465872483221,20.8));
#9172 = CARTESIAN_POINT('',(23.195755033557,56.603464765101,20.8));
#9173 = ORIENTED_EDGE('',*,*,#9174,.T.);
#9174 = EDGE_CURVE('',#9167,#9175,#9177,.T.);
#9175 = VERTEX_POINT('',#9176);
#9176 = CARTESIAN_POINT('',(23.115469798658,56.805562080537,20.8));
#9177 = B_SPLINE_CURVE_WITH_KNOTS('',2,(#9178,#9179,#9180),
  .UNSPECIFIED.,.F.,.F.,(3,3),(0.,1.),.PIECEWISE_BEZIER_KNOTS.);
#9178 = CARTESIAN_POINT('',(23.195755033557,56.603464765101,20.8));
#9179 = CARTESIAN_POINT('',(23.195755033557,56.738196308725,20.8));
#9180 = CARTESIAN_POINT('',(23.115469798658,56.805562080537,20.8));
#9181 = ORIENTED_EDGE('',*,*,#9182,.T.);
#9182 = EDGE_CURVE('',#9175,#9183,#9185,.T.);
#9183 = VERTEX_POINT('',#9184);
#9184 = CARTESIAN_POINT('',(22.873229865772,56.873020134228,20.8));
#9185 = B_SPLINE_CURVE_WITH_KNOTS('',2,(#9186,#9187,#9188),
  .UNSPECIFIED.,.F.,.F.,(3,3),(0.,1.),.PIECEWISE_BEZIER_KNOTS.);
#9186 = CARTESIAN_POINT('',(23.115469798658,56.805562080537,20.8));
#9187 = CARTESIAN_POINT('',(23.035184563758,56.873020134228,20.8));
#9188 = CARTESIAN_POINT('',(22.873229865772,56.873020134228,20.8));
#9189 = ORIENTED_EDGE('',*,*,#9190,.T.);
#9190 = EDGE_CURVE('',#9183,#9191,#9193,.T.);
#9191 = VERTEX_POINT('',#9192);
#9192 = CARTESIAN_POINT('',(22.560394295302,56.873020134228,20.8));
#9193 = LINE('',#9194,#9195);
#9194 = CARTESIAN_POINT('',(22.873229865772,56.873020134228,20.8));
#9195 = VECTOR('',#9196,1.);
#9196 = DIRECTION('',(-1.,0.,0.));
#9197 = ORIENTED_EDGE('',*,*,#9198,.T.);
#9198 = EDGE_CURVE('',#9191,#9199,#9201,.T.);
#9199 = VERTEX_POINT('',#9200);
#9200 = CARTESIAN_POINT('',(22.560394295302,56.32966442953,20.8));
#9201 = LINE('',#9202,#9203);
#9202 = CARTESIAN_POINT('',(22.560394295302,56.873020134228,20.8));
#9203 = VECTOR('',#9204,1.);
#9204 = DIRECTION('',(0.,-1.,0.));
#9205 = ORIENTED_EDGE('',*,*,#9206,.T.);
#9206 = EDGE_CURVE('',#9199,#9157,#9207,.T.);
#9207 = LINE('',#9208,#9209);
#9208 = CARTESIAN_POINT('',(22.560394295302,56.32966442953,20.8));
#9209 = VECTOR('',#9210,1.);
#9210 = DIRECTION('',(1.,0.,0.));
#9211 = FACE_BOUND('',#9212,.F.);
#9212 = EDGE_LOOP('',(#9213,#9223,#9231,#9239,#9247,#9255,#9263));
#9213 = ORIENTED_EDGE('',*,*,#9214,.T.);
#9214 = EDGE_CURVE('',#9215,#9217,#9219,.T.);
#9215 = VERTEX_POINT('',#9216);
#9216 = CARTESIAN_POINT('',(22.855234899329,57.233288590604,20.8));
#9217 = VERTEX_POINT('',#9218);
#9218 = CARTESIAN_POINT('',(23.046258389262,57.289303691275,20.8));
#9219 = B_SPLINE_CURVE_WITH_KNOTS('',2,(#9220,#9221,#9222),
  .UNSPECIFIED.,.F.,.F.,(3,3),(0.,1.),.PIECEWISE_BEZIER_KNOTS.);
#9220 = CARTESIAN_POINT('',(22.855234899329,57.233288590604,20.8));
#9221 = CARTESIAN_POINT('',(22.98119966443,57.233288590604,20.8));
#9222 = CARTESIAN_POINT('',(23.046258389262,57.289303691275,20.8));
#9223 = ORIENTED_EDGE('',*,*,#9224,.T.);
#9224 = EDGE_CURVE('',#9217,#9225,#9227,.T.);
#9225 = VERTEX_POINT('',#9226);
#9226 = CARTESIAN_POINT('',(23.111317114094,57.454765100671,20.8));
#9227 = B_SPLINE_CURVE_WITH_KNOTS('',2,(#9228,#9229,#9230),
  .UNSPECIFIED.,.F.,.F.,(3,3),(0.,1.),.PIECEWISE_BEZIER_KNOTS.);
#9228 = CARTESIAN_POINT('',(23.046258389262,57.289303691275,20.8));
#9229 = CARTESIAN_POINT('',(23.111317114094,57.345411073826,20.8));
#9230 = CARTESIAN_POINT('',(23.111317114094,57.454765100671,20.8));
#9231 = ORIENTED_EDGE('',*,*,#9232,.T.);
#9232 = EDGE_CURVE('',#9225,#9233,#9235,.T.);
#9233 = VERTEX_POINT('',#9234);
#9234 = CARTESIAN_POINT('',(23.046258389262,57.619488255034,20.8));
#9235 = B_SPLINE_CURVE_WITH_KNOTS('',2,(#9236,#9237,#9238),
  .UNSPECIFIED.,.F.,.F.,(3,3),(0.,1.),.PIECEWISE_BEZIER_KNOTS.);
#9236 = CARTESIAN_POINT('',(23.111317114094,57.454765100671,20.8));
#9237 = CARTESIAN_POINT('',(23.111317114094,57.562734899329,20.8));
#9238 = CARTESIAN_POINT('',(23.046258389262,57.619488255034,20.8));
#9239 = ORIENTED_EDGE('',*,*,#9240,.T.);
#9240 = EDGE_CURVE('',#9233,#9241,#9243,.T.);
#9241 = VERTEX_POINT('',#9242);
#9242 = CARTESIAN_POINT('',(22.855234899329,57.676241610738,20.8));
#9243 = B_SPLINE_CURVE_WITH_KNOTS('',2,(#9244,#9245,#9246),
  .UNSPECIFIED.,.F.,.F.,(3,3),(0.,1.),.PIECEWISE_BEZIER_KNOTS.);
#9244 = CARTESIAN_POINT('',(23.046258389262,57.619488255034,20.8));
#9245 = CARTESIAN_POINT('',(22.98119966443,57.676241610738,20.8));
#9246 = CARTESIAN_POINT('',(22.855234899329,57.676241610738,20.8));
#9247 = ORIENTED_EDGE('',*,*,#9248,.T.);
#9248 = EDGE_CURVE('',#9241,#9249,#9251,.T.);
#9249 = VERTEX_POINT('',#9250);
#9250 = CARTESIAN_POINT('',(22.560394295302,57.676241610738,20.8));
#9251 = LINE('',#9252,#9253);
#9252 = CARTESIAN_POINT('',(22.855234899329,57.676241610738,20.8));
#9253 = VECTOR('',#9254,1.);
#9254 = DIRECTION('',(-1.,0.,0.));
#9255 = ORIENTED_EDGE('',*,*,#9256,.T.);
#9256 = EDGE_CURVE('',#9249,#9257,#9259,.T.);
#9257 = VERTEX_POINT('',#9258);
#9258 = CARTESIAN_POINT('',(22.560394295302,57.233288590604,20.8));
#9259 = LINE('',#9260,#9261);
#9260 = CARTESIAN_POINT('',(22.560394295302,57.676241610738,20.8));
#9261 = VECTOR('',#9262,1.);
#9262 = DIRECTION('',(0.,-1.,0.));
#9263 = ORIENTED_EDGE('',*,*,#9264,.T.);
#9264 = EDGE_CURVE('',#9257,#9215,#9265,.T.);
#9265 = LINE('',#9266,#9267);
#9266 = CARTESIAN_POINT('',(22.560394295302,57.233288590604,20.8));
#9267 = VECTOR('',#9268,1.);
#9268 = DIRECTION('',(1.,0.,0.));
#9269 = PLANE('',#9270);
#9270 = AXIS2_PLACEMENT_3D('',#9271,#9272,#9273);
#9271 = CARTESIAN_POINT('',(22.812278257049,56.994826667157,20.8));
#9272 = DIRECTION('',(0.,0.,1.));
#9273 = DIRECTION('',(1.,0.,-0.));
#9274 = ADVANCED_FACE('',(#9275),#9303,.F.);
#9275 = FACE_BOUND('',#9276,.F.);
#9276 = EDGE_LOOP('',(#9277,#9278,#9286,#9297));
#9277 = ORIENTED_EDGE('',*,*,#9156,.F.);
#9278 = ORIENTED_EDGE('',*,*,#9279,.T.);
#9279 = EDGE_CURVE('',#9157,#9280,#9282,.T.);
#9280 = VERTEX_POINT('',#9281);
#9281 = CARTESIAN_POINT('',(22.873229865772,56.32966442953,21.2));
#9282 = LINE('',#9283,#9284);
#9283 = CARTESIAN_POINT('',(22.873229865772,56.32966442953,20.8));
#9284 = VECTOR('',#9285,1.);
#9285 = DIRECTION('',(0.,0.,1.));
#9286 = ORIENTED_EDGE('',*,*,#9287,.F.);
#9287 = EDGE_CURVE('',#9288,#9280,#9290,.T.);
#9288 = VERTEX_POINT('',#9289);
#9289 = CARTESIAN_POINT('',(23.114731543624,56.397768456376,21.2));
#9290 = B_SPLINE_CURVE_WITH_KNOTS('',5,(#9291,#9292,#9293,#9294,#9295,
    #9296),.UNSPECIFIED.,.F.,.F.,(6,6),(0.,1.),
  .PIECEWISE_BEZIER_KNOTS.);
#9291 = CARTESIAN_POINT('',(23.114731543624,56.397768456376,21.2));
#9292 = CARTESIAN_POINT('',(23.082023366223,56.370244357263,21.2));
#9293 = CARTESIAN_POINT('',(23.041240718813,56.34971934563,21.2));
#9294 = CARTESIAN_POINT('',(22.992560795979,56.336248808112,21.2));
#9295 = CARTESIAN_POINT('',(22.936383155387,56.32966442953,21.2));
#9296 = CARTESIAN_POINT('',(22.873229865772,56.32966442953,21.2));
#9297 = ORIENTED_EDGE('',*,*,#9298,.F.);
#9298 = EDGE_CURVE('',#9159,#9288,#9299,.T.);
#9299 = LINE('',#9300,#9301);
#9300 = CARTESIAN_POINT('',(23.114731543624,56.397768456376,20.8));
#9301 = VECTOR('',#9302,1.);
#9302 = DIRECTION('',(0.,0.,1.));
#9303 = SURFACE_OF_LINEAR_EXTRUSION('',#9304,#9308);
#9304 = B_SPLINE_CURVE_WITH_KNOTS('',2,(#9305,#9306,#9307),
  .UNSPECIFIED.,.F.,.F.,(3,3),(0.,1.),.PIECEWISE_BEZIER_KNOTS.);
#9305 = CARTESIAN_POINT('',(22.873229865772,56.32966442953,20.8));
#9306 = CARTESIAN_POINT('',(23.03380033557,56.32966442953,20.8));
#9307 = CARTESIAN_POINT('',(23.114731543624,56.397768456376,20.8));
#9308 = VECTOR('',#9309,1.);
#9309 = DIRECTION('',(-0.,-0.,-1.));
#9310 = ADVANCED_FACE('',(#9311),#9336,.F.);
#9311 = FACE_BOUND('',#9312,.F.);
#9312 = EDGE_LOOP('',(#9313,#9314,#9315,#9330));
#9313 = ORIENTED_EDGE('',*,*,#9166,.F.);
#9314 = ORIENTED_EDGE('',*,*,#9298,.T.);
#9315 = ORIENTED_EDGE('',*,*,#9316,.F.);
#9316 = EDGE_CURVE('',#9317,#9288,#9319,.T.);
#9317 = VERTEX_POINT('',#9318);
#9318 = CARTESIAN_POINT('',(23.195755033557,56.603464765101,21.2));
#9319 = B_SPLINE_CURVE_WITH_KNOTS('',5,(#9320,#9321,#9322,#9323,#9324,
    #9325,#9326,#9327,#9328,#9329),.UNSPECIFIED.,.F.,.F.,(6,4,6),(0.,
    0.839660136087,1.),.UNSPECIFIED.);
#9320 = CARTESIAN_POINT('',(23.195755033557,56.603464765101,21.2));
#9321 = CARTESIAN_POINT('',(23.195755033557,56.557751135459,21.2));
#9322 = CARTESIAN_POINT('',(23.190165273918,56.516492284821,21.2));
#9323 = CARTESIAN_POINT('',(23.178819774845,56.479933155384,21.2));
#9324 = CARTESIAN_POINT('',(23.161650812252,56.44824503931,21.2));
#9325 = CARTESIAN_POINT('',(23.134342245647,56.4163918167,21.2));
#9326 = CARTESIAN_POINT('',(23.129753492197,56.411464661824,21.2));
#9327 = CARTESIAN_POINT('',(23.124955051003,56.406718176125,21.2));
#9328 = CARTESIAN_POINT('',(23.119947492483,56.402152704961,21.2));
#9329 = CARTESIAN_POINT('',(23.114731543624,56.397768456376,21.2));
#9330 = ORIENTED_EDGE('',*,*,#9331,.F.);
#9331 = EDGE_CURVE('',#9167,#9317,#9332,.T.);
#9332 = LINE('',#9333,#9334);
#9333 = CARTESIAN_POINT('',(23.195755033557,56.603464765101,20.8));
#9334 = VECTOR('',#9335,1.);
#9335 = DIRECTION('',(0.,0.,1.));
#9336 = SURFACE_OF_LINEAR_EXTRUSION('',#9337,#9341);
#9337 = B_SPLINE_CURVE_WITH_KNOTS('',2,(#9338,#9339,#9340),
  .UNSPECIFIED.,.F.,.F.,(3,3),(0.,1.),.PIECEWISE_BEZIER_KNOTS.);
#9338 = CARTESIAN_POINT('',(23.114731543624,56.397768456376,20.8));
#9339 = CARTESIAN_POINT('',(23.195755033557,56.465872483221,20.8));
#9340 = CARTESIAN_POINT('',(23.195755033557,56.603464765101,20.8));
#9341 = VECTOR('',#9342,1.);
#9342 = DIRECTION('',(-0.,-0.,-1.));
#9343 = ADVANCED_FACE('',(#9344),#9369,.F.);
#9344 = FACE_BOUND('',#9345,.F.);
#9345 = EDGE_LOOP('',(#9346,#9347,#9348,#9363));
#9346 = ORIENTED_EDGE('',*,*,#9174,.F.);
#9347 = ORIENTED_EDGE('',*,*,#9331,.T.);
#9348 = ORIENTED_EDGE('',*,*,#9349,.F.);
#9349 = EDGE_CURVE('',#9350,#9317,#9352,.T.);
#9350 = VERTEX_POINT('',#9351);
#9351 = CARTESIAN_POINT('',(23.115469798658,56.805562080537,21.2));
#9352 = B_SPLINE_CURVE_WITH_KNOTS('',5,(#9353,#9354,#9355,#9356,#9357,
    #9358,#9359,#9360,#9361,#9362),.UNSPECIFIED.,.F.,.F.,(6,4,6),(0.,
    0.173347263505,1.),.UNSPECIFIED.);
#9353 = CARTESIAN_POINT('',(23.115469798658,56.805562080537,21.2));
#9354 = CARTESIAN_POINT('',(23.121055283706,56.800875409174,21.2));
#9355 = CARTESIAN_POINT('',(23.126399678728,56.795983464284,21.2));
#9356 = CARTESIAN_POINT('',(23.131502083766,56.79088648192,21.2));
#9357 = CARTESIAN_POINT('',(23.136361802978,56.785584873507,21.2));
#9358 = CARTESIAN_POINT('',(23.162993556832,56.753824074075,21.2));
#9359 = CARTESIAN_POINT('',(23.179479299273,56.722928079364,21.2));
#9360 = CARTESIAN_POINT('',(23.190379675149,56.687456526493,21.2));
#9361 = CARTESIAN_POINT('',(23.195755033557,56.647562437845,21.2));
#9362 = CARTESIAN_POINT('',(23.195755033557,56.603464765101,21.2));
#9363 = ORIENTED_EDGE('',*,*,#9364,.F.);
#9364 = EDGE_CURVE('',#9175,#9350,#9365,.T.);
#9365 = LINE('',#9366,#9367);
#9366 = CARTESIAN_POINT('',(23.115469798658,56.805562080537,20.8));
#9367 = VECTOR('',#9368,1.);
#9368 = DIRECTION('',(0.,0.,1.));
#9369 = SURFACE_OF_LINEAR_EXTRUSION('',#9370,#9374);
#9370 = B_SPLINE_CURVE_WITH_KNOTS('',2,(#9371,#9372,#9373),
  .UNSPECIFIED.,.F.,.F.,(3,3),(0.,1.),.PIECEWISE_BEZIER_KNOTS.);
#9371 = CARTESIAN_POINT('',(23.195755033557,56.603464765101,20.8));
#9372 = CARTESIAN_POINT('',(23.195755033557,56.738196308725,20.8));
#9373 = CARTESIAN_POINT('',(23.115469798658,56.805562080537,20.8));
#9374 = VECTOR('',#9375,1.);
#9375 = DIRECTION('',(-0.,-0.,-1.));
#9376 = ADVANCED_FACE('',(#9377),#9398,.F.);
#9377 = FACE_BOUND('',#9378,.F.);
#9378 = EDGE_LOOP('',(#9379,#9380,#9381,#9392));
#9379 = ORIENTED_EDGE('',*,*,#9182,.F.);
#9380 = ORIENTED_EDGE('',*,*,#9364,.T.);
#9381 = ORIENTED_EDGE('',*,*,#9382,.F.);
#9382 = EDGE_CURVE('',#9383,#9350,#9385,.T.);
#9383 = VERTEX_POINT('',#9384);
#9384 = CARTESIAN_POINT('',(22.873229865772,56.873020134228,21.2));
#9385 = B_SPLINE_CURVE_WITH_KNOTS('',5,(#9386,#9387,#9388,#9389,#9390,
    #9391),.UNSPECIFIED.,.F.,.F.,(6,6),(0.,1.),
  .PIECEWISE_BEZIER_KNOTS.);
#9386 = CARTESIAN_POINT('',(22.873229865772,56.873020134228,21.2));
#9387 = CARTESIAN_POINT('',(22.936886291397,56.873020134228,21.2));
#9388 = CARTESIAN_POINT('',(22.993410140663,56.866506654425,21.2));
#9389 = CARTESIAN_POINT('',(23.042256645309,56.853171646894,21.2));
#9390 = CARTESIAN_POINT('',(23.083005552807,56.832839510096,21.2));
#9391 = CARTESIAN_POINT('',(23.115469798658,56.805562080537,21.2));
#9392 = ORIENTED_EDGE('',*,*,#9393,.F.);
#9393 = EDGE_CURVE('',#9183,#9383,#9394,.T.);
#9394 = LINE('',#9395,#9396);
#9395 = CARTESIAN_POINT('',(22.873229865772,56.873020134228,20.8));
#9396 = VECTOR('',#9397,1.);
#9397 = DIRECTION('',(0.,0.,1.));
#9398 = SURFACE_OF_LINEAR_EXTRUSION('',#9399,#9403);
#9399 = B_SPLINE_CURVE_WITH_KNOTS('',2,(#9400,#9401,#9402),
  .UNSPECIFIED.,.F.,.F.,(3,3),(0.,1.),.PIECEWISE_BEZIER_KNOTS.);
#9400 = CARTESIAN_POINT('',(23.115469798658,56.805562080537,20.8));
#9401 = CARTESIAN_POINT('',(23.035184563758,56.873020134228,20.8));
#9402 = CARTESIAN_POINT('',(22.873229865772,56.873020134228,20.8));
#9403 = VECTOR('',#9404,1.);
#9404 = DIRECTION('',(-0.,-0.,-1.));
#9405 = ADVANCED_FACE('',(#9406),#9424,.F.);
#9406 = FACE_BOUND('',#9407,.F.);
#9407 = EDGE_LOOP('',(#9408,#9409,#9410,#9418));
#9408 = ORIENTED_EDGE('',*,*,#9190,.F.);
#9409 = ORIENTED_EDGE('',*,*,#9393,.T.);
#9410 = ORIENTED_EDGE('',*,*,#9411,.F.);
#9411 = EDGE_CURVE('',#9412,#9383,#9414,.T.);
#9412 = VERTEX_POINT('',#9413);
#9413 = CARTESIAN_POINT('',(22.560394295302,56.873020134228,21.2));
#9414 = LINE('',#9415,#9416);
#9415 = CARTESIAN_POINT('',(27.436614932886,56.873020134228,21.2));
#9416 = VECTOR('',#9417,1.);
#9417 = DIRECTION('',(1.,0.,-0.));
#9418 = ORIENTED_EDGE('',*,*,#9419,.F.);
#9419 = EDGE_CURVE('',#9191,#9412,#9420,.T.);
#9420 = LINE('',#9421,#9422);
#9421 = CARTESIAN_POINT('',(22.560394295302,56.873020134228,20.8));
#9422 = VECTOR('',#9423,1.);
#9423 = DIRECTION('',(0.,0.,1.));
#9424 = PLANE('',#9425);
#9425 = AXIS2_PLACEMENT_3D('',#9426,#9427,#9428);
#9426 = CARTESIAN_POINT('',(22.873229865772,56.873020134228,20.8));
#9427 = DIRECTION('',(0.,-1.,0.));
#9428 = DIRECTION('',(-1.,0.,0.));
#9429 = ADVANCED_FACE('',(#9430),#9448,.F.);
#9430 = FACE_BOUND('',#9431,.F.);
#9431 = EDGE_LOOP('',(#9432,#9433,#9434,#9442));
#9432 = ORIENTED_EDGE('',*,*,#9198,.F.);
#9433 = ORIENTED_EDGE('',*,*,#9419,.T.);
#9434 = ORIENTED_EDGE('',*,*,#9435,.F.);
#9435 = EDGE_CURVE('',#9436,#9412,#9438,.T.);
#9436 = VERTEX_POINT('',#9437);
#9437 = CARTESIAN_POINT('',(22.560394295302,56.32966442953,21.2));
#9438 = LINE('',#9439,#9440);
#9439 = CARTESIAN_POINT('',(22.560394295302,43.936510067114,21.2));
#9440 = VECTOR('',#9441,1.);
#9441 = DIRECTION('',(-0.,1.,0.));
#9442 = ORIENTED_EDGE('',*,*,#9443,.F.);
#9443 = EDGE_CURVE('',#9199,#9436,#9444,.T.);
#9444 = LINE('',#9445,#9446);
#9445 = CARTESIAN_POINT('',(22.560394295302,56.32966442953,20.8));
#9446 = VECTOR('',#9447,1.);
#9447 = DIRECTION('',(0.,0.,1.));
#9448 = PLANE('',#9449);
#9449 = AXIS2_PLACEMENT_3D('',#9450,#9451,#9452);
#9450 = CARTESIAN_POINT('',(22.560394295302,56.873020134228,20.8));
#9451 = DIRECTION('',(1.,0.,-0.));
#9452 = DIRECTION('',(0.,-1.,0.));
#9453 = ADVANCED_FACE('',(#9454),#9465,.F.);
#9454 = FACE_BOUND('',#9455,.F.);
#9455 = EDGE_LOOP('',(#9456,#9457,#9458,#9464));
#9456 = ORIENTED_EDGE('',*,*,#9206,.F.);
#9457 = ORIENTED_EDGE('',*,*,#9443,.T.);
#9458 = ORIENTED_EDGE('',*,*,#9459,.F.);
#9459 = EDGE_CURVE('',#9280,#9436,#9460,.T.);
#9460 = LINE('',#9461,#9462);
#9461 = CARTESIAN_POINT('',(27.280197147651,56.32966442953,21.2));
#9462 = VECTOR('',#9463,1.);
#9463 = DIRECTION('',(-1.,0.,0.));
#9464 = ORIENTED_EDGE('',*,*,#9279,.F.);
#9465 = PLANE('',#9466);
#9466 = AXIS2_PLACEMENT_3D('',#9467,#9468,#9469);
#9467 = CARTESIAN_POINT('',(22.560394295302,56.32966442953,20.8));
#9468 = DIRECTION('',(0.,1.,0.));
#9469 = DIRECTION('',(1.,0.,0.));
#9470 = ADVANCED_FACE('',(#9471),#9499,.F.);
#9471 = FACE_BOUND('',#9472,.F.);
#9472 = EDGE_LOOP('',(#9473,#9474,#9482,#9493));
#9473 = ORIENTED_EDGE('',*,*,#9214,.F.);
#9474 = ORIENTED_EDGE('',*,*,#9475,.T.);
#9475 = EDGE_CURVE('',#9215,#9476,#9478,.T.);
#9476 = VERTEX_POINT('',#9477);
#9477 = CARTESIAN_POINT('',(22.855234899329,57.233288590604,21.2));
#9478 = LINE('',#9479,#9480);
#9479 = CARTESIAN_POINT('',(22.855234899329,57.233288590604,20.8));
#9480 = VECTOR('',#9481,1.);
#9481 = DIRECTION('',(0.,0.,1.));
#9482 = ORIENTED_EDGE('',*,*,#9483,.F.);
#9483 = EDGE_CURVE('',#9484,#9476,#9486,.T.);
#9484 = VERTEX_POINT('',#9485);
#9485 = CARTESIAN_POINT('',(23.046258389262,57.289303691275,21.2));
#9486 = B_SPLINE_CURVE_WITH_KNOTS('',5,(#9487,#9488,#9489,#9490,#9491,
    #9492),.UNSPECIFIED.,.F.,.F.,(6,6),(0.,1.),
  .PIECEWISE_BEZIER_KNOTS.);
#9487 = CARTESIAN_POINT('',(23.046258389262,57.289303691275,21.2));
#9488 = CARTESIAN_POINT('',(23.020078713708,57.266763176295,21.2));
#9489 = CARTESIAN_POINT('',(22.987755581948,57.249909224257,21.2));
#9490 = CARTESIAN_POINT('',(22.949368819136,57.238776344781,21.2));
#9491 = CARTESIAN_POINT('',(22.90510658822,57.233288590604,21.2));
#9492 = CARTESIAN_POINT('',(22.855234899329,57.233288590604,21.2));
#9493 = ORIENTED_EDGE('',*,*,#9494,.F.);
#9494 = EDGE_CURVE('',#9217,#9484,#9495,.T.);
#9495 = LINE('',#9496,#9497);
#9496 = CARTESIAN_POINT('',(23.046258389262,57.289303691275,20.8));
#9497 = VECTOR('',#9498,1.);
#9498 = DIRECTION('',(0.,0.,1.));
#9499 = SURFACE_OF_LINEAR_EXTRUSION('',#9500,#9504);
#9500 = B_SPLINE_CURVE_WITH_KNOTS('',2,(#9501,#9502,#9503),
  .UNSPECIFIED.,.F.,.F.,(3,3),(0.,1.),.PIECEWISE_BEZIER_KNOTS.);
#9501 = CARTESIAN_POINT('',(22.855234899329,57.233288590604,20.8));
#9502 = CARTESIAN_POINT('',(22.98119966443,57.233288590604,20.8));
#9503 = CARTESIAN_POINT('',(23.046258389262,57.289303691275,20.8));
#9504 = VECTOR('',#9505,1.);
#9505 = DIRECTION('',(-0.,-0.,-1.));
#9506 = ADVANCED_FACE('',(#9507),#9532,.F.);
#9507 = FACE_BOUND('',#9508,.F.);
#9508 = EDGE_LOOP('',(#9509,#9510,#9511,#9526));
#9509 = ORIENTED_EDGE('',*,*,#9224,.F.);
#9510 = ORIENTED_EDGE('',*,*,#9494,.T.);
#9511 = ORIENTED_EDGE('',*,*,#9512,.F.);
#9512 = EDGE_CURVE('',#9513,#9484,#9515,.T.);
#9513 = VERTEX_POINT('',#9514);
#9514 = CARTESIAN_POINT('',(23.111317114094,57.454765100671,21.2));
#9515 = B_SPLINE_CURVE_WITH_KNOTS('',5,(#9516,#9517,#9518,#9519,#9520,
    #9521,#9522,#9523,#9524,#9525),.UNSPECIFIED.,.F.,.F.,(6,4,6),(0.,
    0.824427412142,1.),.UNSPECIFIED.);
#9516 = CARTESIAN_POINT('',(23.111317114094,57.454765100671,21.2));
#9517 = CARTESIAN_POINT('',(23.111317114094,57.418942971665,21.2));
#9518 = CARTESIAN_POINT('',(23.106953782999,57.386528441177,21.2));
#9519 = CARTESIAN_POINT('',(23.098147408545,57.357638192727,21.2));
#9520 = CARTESIAN_POINT('',(23.084867849076,57.332351507573,21.2));
#9521 = CARTESIAN_POINT('',(23.063369233828,57.306092495236,21.2));
#9522 = CARTESIAN_POINT('',(23.059393083661,57.301647117047,21.2));
#9523 = CARTESIAN_POINT('',(23.055215619354,57.297367050738,21.2));
#9524 = CARTESIAN_POINT('',(23.050837222797,57.293252529275,21.2));
#9525 = CARTESIAN_POINT('',(23.046258389262,57.289303691275,21.2));
#9526 = ORIENTED_EDGE('',*,*,#9527,.F.);
#9527 = EDGE_CURVE('',#9225,#9513,#9528,.T.);
#9528 = LINE('',#9529,#9530);
#9529 = CARTESIAN_POINT('',(23.111317114094,57.454765100671,20.8));
#9530 = VECTOR('',#9531,1.);
#9531 = DIRECTION('',(0.,0.,1.));
#9532 = SURFACE_OF_LINEAR_EXTRUSION('',#9533,#9537);
#9533 = B_SPLINE_CURVE_WITH_KNOTS('',2,(#9534,#9535,#9536),
  .UNSPECIFIED.,.F.,.F.,(3,3),(0.,1.),.PIECEWISE_BEZIER_KNOTS.);
#9534 = CARTESIAN_POINT('',(23.046258389262,57.289303691275,20.8));
#9535 = CARTESIAN_POINT('',(23.111317114094,57.345411073826,20.8));
#9536 = CARTESIAN_POINT('',(23.111317114094,57.454765100671,20.8));
#9537 = VECTOR('',#9538,1.);
#9538 = DIRECTION('',(-0.,-0.,-1.));
#9539 = ADVANCED_FACE('',(#9540),#9565,.F.);
#9540 = FACE_BOUND('',#9541,.F.);
#9541 = EDGE_LOOP('',(#9542,#9543,#9544,#9559));
#9542 = ORIENTED_EDGE('',*,*,#9232,.F.);
#9543 = ORIENTED_EDGE('',*,*,#9527,.T.);
#9544 = ORIENTED_EDGE('',*,*,#9545,.F.);
#9545 = EDGE_CURVE('',#9546,#9513,#9548,.T.);
#9546 = VERTEX_POINT('',#9547);
#9547 = CARTESIAN_POINT('',(23.046258389262,57.619488255034,21.2));
#9548 = B_SPLINE_CURVE_WITH_KNOTS('',5,(#9549,#9550,#9551,#9552,#9553,
    #9554,#9555,#9556,#9557,#9558),.UNSPECIFIED.,.F.,.F.,(6,4,6),(0.,
    0.191580867825,1.),.UNSPECIFIED.);
#9549 = CARTESIAN_POINT('',(23.046258389262,57.619488255034,21.2));
#9550 = CARTESIAN_POINT('',(23.05125324607,57.61513103952,21.2));
#9551 = CARTESIAN_POINT('',(23.056009663717,57.610584067736,21.2));
#9552 = CARTESIAN_POINT('',(23.060526997672,57.605847508183,21.2));
#9553 = CARTESIAN_POINT('',(23.064804759082,57.600921654104,21.2));
#9554 = CARTESIAN_POINT('',(23.085881267029,57.574224152042,21.2));
#9555 = CARTESIAN_POINT('',(23.09864833665,57.549277981889,21.2));
#9556 = CARTESIAN_POINT('',(23.107118031821,57.52100034245,21.2));
#9557 = CARTESIAN_POINT('',(23.111317114094,57.489461705247,21.2));
#9558 = CARTESIAN_POINT('',(23.111317114094,57.454765100671,21.2));
#9559 = ORIENTED_EDGE('',*,*,#9560,.F.);
#9560 = EDGE_CURVE('',#9233,#9546,#9561,.T.);
#9561 = LINE('',#9562,#9563);
#9562 = CARTESIAN_POINT('',(23.046258389262,57.619488255034,20.8));
#9563 = VECTOR('',#9564,1.);
#9564 = DIRECTION('',(0.,0.,1.));
#9565 = SURFACE_OF_LINEAR_EXTRUSION('',#9566,#9570);
#9566 = B_SPLINE_CURVE_WITH_KNOTS('',2,(#9567,#9568,#9569),
  .UNSPECIFIED.,.F.,.F.,(3,3),(0.,1.),.PIECEWISE_BEZIER_KNOTS.);
#9567 = CARTESIAN_POINT('',(23.111317114094,57.454765100671,20.8));
#9568 = CARTESIAN_POINT('',(23.111317114094,57.562734899329,20.8));
#9569 = CARTESIAN_POINT('',(23.046258389262,57.619488255034,20.8));
#9570 = VECTOR('',#9571,1.);
#9571 = DIRECTION('',(-0.,-0.,-1.));
#9572 = ADVANCED_FACE('',(#9573),#9594,.F.);
#9573 = FACE_BOUND('',#9574,.F.);
#9574 = EDGE_LOOP('',(#9575,#9576,#9577,#9588));
#9575 = ORIENTED_EDGE('',*,*,#9240,.F.);
#9576 = ORIENTED_EDGE('',*,*,#9560,.T.);
#9577 = ORIENTED_EDGE('',*,*,#9578,.F.);
#9578 = EDGE_CURVE('',#9579,#9546,#9581,.T.);
#9579 = VERTEX_POINT('',#9580);
#9580 = CARTESIAN_POINT('',(22.855234899329,57.676241610738,21.2));
#9581 = B_SPLINE_CURVE_WITH_KNOTS('',5,(#9582,#9583,#9584,#9585,#9586,
    #9587),.UNSPECIFIED.,.F.,.F.,(6,6),(0.,1.),
  .PIECEWISE_BEZIER_KNOTS.);
#9582 = CARTESIAN_POINT('',(22.855234899329,57.676241610738,21.2));
#9583 = CARTESIAN_POINT('',(22.90510924675,57.676241610738,21.2));
#9584 = CARTESIAN_POINT('',(22.94937357468,57.670680938205,21.2));
#9585 = CARTESIAN_POINT('',(22.987760435436,57.659400102065,21.2));
#9586 = CARTESIAN_POINT('',(23.02008155095,57.642323369306,21.2));
#9587 = CARTESIAN_POINT('',(23.046258389262,57.619488255034,21.2));
#9588 = ORIENTED_EDGE('',*,*,#9589,.F.);
#9589 = EDGE_CURVE('',#9241,#9579,#9590,.T.);
#9590 = LINE('',#9591,#9592);
#9591 = CARTESIAN_POINT('',(22.855234899329,57.676241610738,20.8));
#9592 = VECTOR('',#9593,1.);
#9593 = DIRECTION('',(0.,0.,1.));
#9594 = SURFACE_OF_LINEAR_EXTRUSION('',#9595,#9599);
#9595 = B_SPLINE_CURVE_WITH_KNOTS('',2,(#9596,#9597,#9598),
  .UNSPECIFIED.,.F.,.F.,(3,3),(0.,1.),.PIECEWISE_BEZIER_KNOTS.);
#9596 = CARTESIAN_POINT('',(23.046258389262,57.619488255034,20.8));
#9597 = CARTESIAN_POINT('',(22.98119966443,57.676241610738,20.8));
#9598 = CARTESIAN_POINT('',(22.855234899329,57.676241610738,20.8));
#9599 = VECTOR('',#9600,1.);
#9600 = DIRECTION('',(-0.,-0.,-1.));
#9601 = ADVANCED_FACE('',(#9602),#9620,.F.);
#9602 = FACE_BOUND('',#9603,.F.);
#9603 = EDGE_LOOP('',(#9604,#9605,#9606,#9614));
#9604 = ORIENTED_EDGE('',*,*,#9248,.F.);
#9605 = ORIENTED_EDGE('',*,*,#9589,.T.);
#9606 = ORIENTED_EDGE('',*,*,#9607,.F.);
#9607 = EDGE_CURVE('',#9608,#9579,#9610,.T.);
#9608 = VERTEX_POINT('',#9609);
#9609 = CARTESIAN_POINT('',(22.560394295302,57.676241610738,21.2));
#9610 = LINE('',#9611,#9612);
#9611 = CARTESIAN_POINT('',(27.427617449664,57.676241610738,21.2));
#9612 = VECTOR('',#9613,1.);
#9613 = DIRECTION('',(1.,0.,-0.));
#9614 = ORIENTED_EDGE('',*,*,#9615,.F.);
#9615 = EDGE_CURVE('',#9249,#9608,#9616,.T.);
#9616 = LINE('',#9617,#9618);
#9617 = CARTESIAN_POINT('',(22.560394295302,57.676241610738,20.8));
#9618 = VECTOR('',#9619,1.);
#9619 = DIRECTION('',(0.,0.,1.));
#9620 = PLANE('',#9621);
#9621 = AXIS2_PLACEMENT_3D('',#9622,#9623,#9624);
#9622 = CARTESIAN_POINT('',(22.855234899329,57.676241610738,20.8));
#9623 = DIRECTION('',(0.,-1.,0.));
#9624 = DIRECTION('',(-1.,0.,0.));
#9625 = ADVANCED_FACE('',(#9626),#9644,.F.);
#9626 = FACE_BOUND('',#9627,.F.);
#9627 = EDGE_LOOP('',(#9628,#9629,#9630,#9638));
#9628 = ORIENTED_EDGE('',*,*,#9256,.F.);
#9629 = ORIENTED_EDGE('',*,*,#9615,.T.);
#9630 = ORIENTED_EDGE('',*,*,#9631,.F.);
#9631 = EDGE_CURVE('',#9632,#9608,#9634,.T.);
#9632 = VERTEX_POINT('',#9633);
#9633 = CARTESIAN_POINT('',(22.560394295302,57.233288590604,21.2));
#9634 = LINE('',#9635,#9636);
#9635 = CARTESIAN_POINT('',(22.560394295302,44.338120805369,21.2));
#9636 = VECTOR('',#9637,1.);
#9637 = DIRECTION('',(-0.,1.,0.));
#9638 = ORIENTED_EDGE('',*,*,#9639,.F.);
#9639 = EDGE_CURVE('',#9257,#9632,#9640,.T.);
#9640 = LINE('',#9641,#9642);
#9641 = CARTESIAN_POINT('',(22.560394295302,57.233288590604,20.8));
#9642 = VECTOR('',#9643,1.);
#9643 = DIRECTION('',(0.,0.,1.));
#9644 = PLANE('',#9645);
#9645 = AXIS2_PLACEMENT_3D('',#9646,#9647,#9648);
#9646 = CARTESIAN_POINT('',(22.560394295302,57.676241610738,20.8));
#9647 = DIRECTION('',(1.,0.,-0.));
#9648 = DIRECTION('',(0.,-1.,0.));
#9649 = ADVANCED_FACE('',(#9650),#9661,.F.);
#9650 = FACE_BOUND('',#9651,.F.);
#9651 = EDGE_LOOP('',(#9652,#9653,#9654,#9660));
#9652 = ORIENTED_EDGE('',*,*,#9264,.F.);
#9653 = ORIENTED_EDGE('',*,*,#9639,.T.);
#9654 = ORIENTED_EDGE('',*,*,#9655,.F.);
#9655 = EDGE_CURVE('',#9476,#9632,#9656,.T.);
#9656 = LINE('',#9657,#9658);
#9657 = CARTESIAN_POINT('',(27.280197147651,57.233288590604,21.2));
#9658 = VECTOR('',#9659,1.);
#9659 = DIRECTION('',(-1.,0.,0.));
#9660 = ORIENTED_EDGE('',*,*,#9475,.F.);
#9661 = PLANE('',#9662);
#9662 = AXIS2_PLACEMENT_3D('',#9663,#9664,#9665);
#9663 = CARTESIAN_POINT('',(22.560394295302,57.233288590604,20.8));
#9664 = DIRECTION('',(0.,1.,0.));
#9665 = DIRECTION('',(1.,0.,0.));
#9666 = ADVANCED_FACE('',(#9667),#9676,.T.);
#9667 = FACE_BOUND('',#9668,.T.);
#9668 = EDGE_LOOP('',(#9669,#9670,#9671,#9672,#9673,#9674,#9675));
#9669 = ORIENTED_EDGE('',*,*,#9287,.F.);
#9670 = ORIENTED_EDGE('',*,*,#9316,.F.);
#9671 = ORIENTED_EDGE('',*,*,#9349,.F.);
#9672 = ORIENTED_EDGE('',*,*,#9382,.F.);
#9673 = ORIENTED_EDGE('',*,*,#9411,.F.);
#9674 = ORIENTED_EDGE('',*,*,#9435,.F.);
#9675 = ORIENTED_EDGE('',*,*,#9459,.F.);
#9676 = PLANE('',#9677);
#9677 = AXIS2_PLACEMENT_3D('',#9678,#9679,#9680);
#9678 = CARTESIAN_POINT('',(32.,31.,21.2));
#9679 = DIRECTION('',(0.,0.,1.));
#9680 = DIRECTION('',(1.,0.,-0.));
#9681 = ADVANCED_FACE('',(#9682),#9691,.T.);
#9682 = FACE_BOUND('',#9683,.T.);
#9683 = EDGE_LOOP('',(#9684,#9685,#9686,#9687,#9688,#9689,#9690));
#9684 = ORIENTED_EDGE('',*,*,#9483,.F.);
#9685 = ORIENTED_EDGE('',*,*,#9512,.F.);
#9686 = ORIENTED_EDGE('',*,*,#9545,.F.);
#9687 = ORIENTED_EDGE('',*,*,#9578,.F.);
#9688 = ORIENTED_EDGE('',*,*,#9607,.F.);
#9689 = ORIENTED_EDGE('',*,*,#9631,.F.);
#9690 = ORIENTED_EDGE('',*,*,#9655,.F.);
#9691 = PLANE('',#9692);
#9692 = AXIS2_PLACEMENT_3D('',#9693,#9694,#9695);
#9693 = CARTESIAN_POINT('',(32.,31.,21.2));
#9694 = DIRECTION('',(0.,0.,1.));
#9695 = DIRECTION('',(1.,0.,-0.));
#9696 = ADVANCED_FACE('',(#9697),#9722,.F.);
#9697 = FACE_BOUND('',#9698,.F.);
#9698 = EDGE_LOOP('',(#9699,#9709,#9715,#9716));
#9699 = ORIENTED_EDGE('',*,*,#9700,.F.);
#9700 = EDGE_CURVE('',#9701,#9703,#9705,.T.);
#9701 = VERTEX_POINT('',#9702);
#9702 = CARTESIAN_POINT('',(57.722651006711,13.600587248322,20.8));
#9703 = VERTEX_POINT('',#9704);
#9704 = CARTESIAN_POINT('',(57.34639261745,13.469295302013,20.8));
#9705 = B_SPLINE_CURVE_WITH_KNOTS('',2,(#9706,#9707,#9708),
  .UNSPECIFIED.,.F.,.F.,(3,3),(0.,1.),.PIECEWISE_BEZIER_KNOTS.);
#9706 = CARTESIAN_POINT('',(57.722651006711,13.600587248322,20.8));
#9707 = CARTESIAN_POINT('',(57.54144295302,13.513087248322,20.8));
#9708 = CARTESIAN_POINT('',(57.34639261745,13.469295302013,20.8));
#9709 = ORIENTED_EDGE('',*,*,#9710,.T.);
#9710 = EDGE_CURVE('',#9701,#3393,#9711,.T.);
#9711 = LINE('',#9712,#9713);
#9712 = CARTESIAN_POINT('',(57.722651006711,13.600587248322,20.8));
#9713 = VECTOR('',#9714,1.);
#9714 = DIRECTION('',(0.,0.,1.));
#9715 = ORIENTED_EDGE('',*,*,#3390,.F.);
#9716 = ORIENTED_EDGE('',*,*,#9717,.F.);
#9717 = EDGE_CURVE('',#9703,#3391,#9718,.T.);
#9718 = LINE('',#9719,#9720);
#9719 = CARTESIAN_POINT('',(57.34639261745,13.469295302013,20.8));
#9720 = VECTOR('',#9721,1.);
#9721 = DIRECTION('',(0.,0.,1.));
#9722 = SURFACE_OF_LINEAR_EXTRUSION('',#9723,#9727);
#9723 = B_SPLINE_CURVE_WITH_KNOTS('',2,(#9724,#9725,#9726),
  .UNSPECIFIED.,.F.,.F.,(3,3),(0.,1.),.PIECEWISE_BEZIER_KNOTS.);
#9724 = CARTESIAN_POINT('',(57.722651006711,13.600587248322,20.8));
#9725 = CARTESIAN_POINT('',(57.54144295302,13.513087248322,20.8));
#9726 = CARTESIAN_POINT('',(57.34639261745,13.469295302013,20.8));
#9727 = VECTOR('',#9728,1.);
#9728 = DIRECTION('',(-0.,-0.,-1.));
#9729 = ADVANCED_FACE('',(#9730),#9748,.F.);
#9730 = FACE_BOUND('',#9731,.F.);
#9731 = EDGE_LOOP('',(#9732,#9740,#9746,#9747));
#9732 = ORIENTED_EDGE('',*,*,#9733,.F.);
#9733 = EDGE_CURVE('',#9734,#9701,#9736,.T.);
#9734 = VERTEX_POINT('',#9735);
#9735 = CARTESIAN_POINT('',(57.722651006711,14.504697986577,20.8));
#9736 = LINE('',#9737,#9738);
#9737 = CARTESIAN_POINT('',(57.722651006711,14.504697986577,20.8));
#9738 = VECTOR('',#9739,1.);
#9739 = DIRECTION('',(0.,-1.,0.));
#9740 = ORIENTED_EDGE('',*,*,#9741,.T.);
#9741 = EDGE_CURVE('',#9734,#3638,#9742,.T.);
#9742 = LINE('',#9743,#9744);
#9743 = CARTESIAN_POINT('',(57.722651006711,14.504697986577,20.8));
#9744 = VECTOR('',#9745,1.);
#9745 = DIRECTION('',(0.,0.,1.));
#9746 = ORIENTED_EDGE('',*,*,#3645,.F.);
#9747 = ORIENTED_EDGE('',*,*,#9710,.F.);
#9748 = PLANE('',#9749);
#9749 = AXIS2_PLACEMENT_3D('',#9750,#9751,#9752);
#9750 = CARTESIAN_POINT('',(57.722651006711,14.504697986577,20.8));
#9751 = DIRECTION('',(1.,0.,-0.));
#9752 = DIRECTION('',(0.,-1.,0.));
#9753 = ADVANCED_FACE('',(#9754),#9772,.F.);
#9754 = FACE_BOUND('',#9755,.F.);
#9755 = EDGE_LOOP('',(#9756,#9764,#9770,#9771));
#9756 = ORIENTED_EDGE('',*,*,#9757,.F.);
#9757 = EDGE_CURVE('',#9758,#9734,#9760,.T.);
#9758 = VERTEX_POINT('',#9759);
#9759 = CARTESIAN_POINT('',(56.967617449664,14.504697986577,20.8));
#9760 = LINE('',#9761,#9762);
#9761 = CARTESIAN_POINT('',(56.967617449664,14.504697986577,20.8));
#9762 = VECTOR('',#9763,1.);
#9763 = DIRECTION('',(1.,0.,0.));
#9764 = ORIENTED_EDGE('',*,*,#9765,.T.);
#9765 = EDGE_CURVE('',#9758,#3630,#9766,.T.);
#9766 = LINE('',#9767,#9768);
#9767 = CARTESIAN_POINT('',(56.967617449664,14.504697986577,20.8));
#9768 = VECTOR('',#9769,1.);
#9769 = DIRECTION('',(0.,0.,1.));
#9770 = ORIENTED_EDGE('',*,*,#3637,.F.);
#9771 = ORIENTED_EDGE('',*,*,#9741,.F.);
#9772 = PLANE('',#9773);
#9773 = AXIS2_PLACEMENT_3D('',#9774,#9775,#9776);
#9774 = CARTESIAN_POINT('',(56.967617449664,14.504697986577,20.8));
#9775 = DIRECTION('',(0.,1.,0.));
#9776 = DIRECTION('',(1.,0.,0.));
#9777 = ADVANCED_FACE('',(#9778),#9796,.F.);
#9778 = FACE_BOUND('',#9779,.F.);
#9779 = EDGE_LOOP('',(#9780,#9788,#9794,#9795));
#9780 = ORIENTED_EDGE('',*,*,#9781,.F.);
#9781 = EDGE_CURVE('',#9782,#9758,#9784,.T.);
#9782 = VERTEX_POINT('',#9783);
#9783 = CARTESIAN_POINT('',(56.967617449664,14.18255033557,20.8));
#9784 = LINE('',#9785,#9786);
#9785 = CARTESIAN_POINT('',(56.967617449664,14.18255033557,20.8));
#9786 = VECTOR('',#9787,1.);
#9787 = DIRECTION('',(0.,1.,0.));
#9788 = ORIENTED_EDGE('',*,*,#9789,.T.);
#9789 = EDGE_CURVE('',#9782,#3622,#9790,.T.);
#9790 = LINE('',#9791,#9792);
#9791 = CARTESIAN_POINT('',(56.967617449664,14.18255033557,20.8));
#9792 = VECTOR('',#9793,1.);
#9793 = DIRECTION('',(0.,0.,1.));
#9794 = ORIENTED_EDGE('',*,*,#3629,.F.);
#9795 = ORIENTED_EDGE('',*,*,#9765,.F.);
#9796 = PLANE('',#9797);
#9797 = AXIS2_PLACEMENT_3D('',#9798,#9799,#9800);
#9798 = CARTESIAN_POINT('',(56.967617449664,14.18255033557,20.8));
#9799 = DIRECTION('',(-1.,0.,0.));
#9800 = DIRECTION('',(0.,1.,0.));
#9801 = ADVANCED_FACE('',(#9802),#9820,.F.);
#9802 = FACE_BOUND('',#9803,.F.);
#9803 = EDGE_LOOP('',(#9804,#9812,#9818,#9819));
#9804 = ORIENTED_EDGE('',*,*,#9805,.F.);
#9805 = EDGE_CURVE('',#9806,#9782,#9808,.T.);
#9806 = VERTEX_POINT('',#9807);
#9807 = CARTESIAN_POINT('',(57.263338926174,14.18255033557,20.8));
#9808 = LINE('',#9809,#9810);
#9809 = CARTESIAN_POINT('',(57.263338926174,14.18255033557,20.8));
#9810 = VECTOR('',#9811,1.);
#9811 = DIRECTION('',(-1.,0.,0.));
#9812 = ORIENTED_EDGE('',*,*,#9813,.T.);
#9813 = EDGE_CURVE('',#9806,#3614,#9814,.T.);
#9814 = LINE('',#9815,#9816);
#9815 = CARTESIAN_POINT('',(57.263338926174,14.18255033557,20.8));
#9816 = VECTOR('',#9817,1.);
#9817 = DIRECTION('',(0.,0.,1.));
#9818 = ORIENTED_EDGE('',*,*,#3621,.F.);
#9819 = ORIENTED_EDGE('',*,*,#9789,.F.);
#9820 = PLANE('',#9821);
#9821 = AXIS2_PLACEMENT_3D('',#9822,#9823,#9824);
#9822 = CARTESIAN_POINT('',(57.263338926174,14.18255033557,20.8));
#9823 = DIRECTION('',(0.,-1.,0.));
#9824 = DIRECTION('',(-1.,0.,0.));
#9825 = ADVANCED_FACE('',(#9826),#9844,.F.);
#9826 = FACE_BOUND('',#9827,.F.);
#9827 = EDGE_LOOP('',(#9828,#9836,#9842,#9843));
#9828 = ORIENTED_EDGE('',*,*,#9829,.F.);
#9829 = EDGE_CURVE('',#9830,#9806,#9832,.T.);
#9830 = VERTEX_POINT('',#9831);
#9831 = CARTESIAN_POINT('',(57.263338926174,13.813926174497,20.8));
#9832 = LINE('',#9833,#9834);
#9833 = CARTESIAN_POINT('',(57.263338926174,13.813926174497,20.8));
#9834 = VECTOR('',#9835,1.);
#9835 = DIRECTION('',(0.,1.,0.));
#9836 = ORIENTED_EDGE('',*,*,#9837,.T.);
#9837 = EDGE_CURVE('',#9830,#3604,#9838,.T.);
#9838 = LINE('',#9839,#9840);
#9839 = CARTESIAN_POINT('',(57.263338926174,13.813926174497,20.8));
#9840 = VECTOR('',#9841,1.);
#9841 = DIRECTION('',(0.,0.,1.));
#9842 = ORIENTED_EDGE('',*,*,#3613,.F.);
#9843 = ORIENTED_EDGE('',*,*,#9813,.F.);
#9844 = PLANE('',#9845);
#9845 = AXIS2_PLACEMENT_3D('',#9846,#9847,#9848);
#9846 = CARTESIAN_POINT('',(57.263338926174,13.813926174497,20.8));
#9847 = DIRECTION('',(-1.,0.,0.));
#9848 = DIRECTION('',(0.,1.,0.));
#9849 = ADVANCED_FACE('',(#9850),#9868,.F.);
#9850 = FACE_BOUND('',#9851,.F.);
#9851 = EDGE_LOOP('',(#9852,#9860,#9866,#9867));
#9852 = ORIENTED_EDGE('',*,*,#9853,.F.);
#9853 = EDGE_CURVE('',#9854,#9830,#9856,.T.);
#9854 = VERTEX_POINT('',#9855);
#9855 = CARTESIAN_POINT('',(57.146895973154,13.783976510067,20.8));
#9856 = B_SPLINE_CURVE_WITH_KNOTS('',2,(#9857,#9858,#9859),
  .UNSPECIFIED.,.F.,.F.,(3,3),(0.,1.),.PIECEWISE_BEZIER_KNOTS.);
#9857 = CARTESIAN_POINT('',(57.146895973154,13.783976510067,20.8));
#9858 = CARTESIAN_POINT('',(57.211744966443,13.793540268456,20.8));
#9859 = CARTESIAN_POINT('',(57.263338926174,13.813926174497,20.8));
#9860 = ORIENTED_EDGE('',*,*,#9861,.T.);
#9861 = EDGE_CURVE('',#9854,#3594,#9862,.T.);
#9862 = LINE('',#9863,#9864);
#9863 = CARTESIAN_POINT('',(57.146895973154,13.783976510067,20.8));
#9864 = VECTOR('',#9865,1.);
#9865 = DIRECTION('',(0.,0.,1.));
#9866 = ORIENTED_EDGE('',*,*,#3603,.F.);
#9867 = ORIENTED_EDGE('',*,*,#9837,.F.);
#9868 = SURFACE_OF_LINEAR_EXTRUSION('',#9869,#9873);
#9869 = B_SPLINE_CURVE_WITH_KNOTS('',2,(#9870,#9871,#9872),
  .UNSPECIFIED.,.F.,.F.,(3,3),(0.,1.),.PIECEWISE_BEZIER_KNOTS.);
#9870 = CARTESIAN_POINT('',(57.146895973154,13.783976510067,20.8));
#9871 = CARTESIAN_POINT('',(57.211744966443,13.793540268456,20.8));
#9872 = CARTESIAN_POINT('',(57.263338926174,13.813926174497,20.8));
#9873 = VECTOR('',#9874,1.);
#9874 = DIRECTION('',(-0.,-0.,-1.));
#9875 = ADVANCED_FACE('',(#9876),#9894,.F.);
#9876 = FACE_BOUND('',#9877,.F.);
#9877 = EDGE_LOOP('',(#9878,#9886,#9892,#9893));
#9878 = ORIENTED_EDGE('',*,*,#9879,.F.);
#9879 = EDGE_CURVE('',#9880,#9854,#9882,.T.);
#9880 = VERTEX_POINT('',#9881);
#9881 = CARTESIAN_POINT('',(57.006627516779,13.774496644295,20.8));
#9882 = B_SPLINE_CURVE_WITH_KNOTS('',2,(#9883,#9884,#9885),
  .UNSPECIFIED.,.F.,.F.,(3,3),(0.,1.),.PIECEWISE_BEZIER_KNOTS.);
#9883 = CARTESIAN_POINT('',(57.006627516779,13.774496644295,20.8));
#9884 = CARTESIAN_POINT('',(57.082130872483,13.774496644295,20.8));
#9885 = CARTESIAN_POINT('',(57.146895973154,13.783976510067,20.8));
#9886 = ORIENTED_EDGE('',*,*,#9887,.T.);
#9887 = EDGE_CURVE('',#9880,#3579,#9888,.T.);
#9888 = LINE('',#9889,#9890);
#9889 = CARTESIAN_POINT('',(57.006627516779,13.774496644295,20.8));
#9890 = VECTOR('',#9891,1.);
#9891 = DIRECTION('',(0.,0.,1.));
#9892 = ORIENTED_EDGE('',*,*,#3593,.F.);
#9893 = ORIENTED_EDGE('',*,*,#9861,.F.);
#9894 = SURFACE_OF_LINEAR_EXTRUSION('',#9895,#9899);
#9895 = B_SPLINE_CURVE_WITH_KNOTS('',2,(#9896,#9897,#9898),
  .UNSPECIFIED.,.F.,.F.,(3,3),(0.,1.),.PIECEWISE_BEZIER_KNOTS.);
#9896 = CARTESIAN_POINT('',(57.006627516779,13.774496644295,20.8));
#9897 = CARTESIAN_POINT('',(57.082130872483,13.774496644295,20.8));
#9898 = CARTESIAN_POINT('',(57.146895973154,13.783976510067,20.8));
#9899 = VECTOR('',#9900,1.);
#9900 = DIRECTION('',(-0.,-0.,-1.));
#9901 = ADVANCED_FACE('',(#9902),#9920,.F.);
#9902 = FACE_BOUND('',#9903,.F.);
#9903 = EDGE_LOOP('',(#9904,#9912,#9918,#9919));
#9904 = ORIENTED_EDGE('',*,*,#9905,.F.);
#9905 = EDGE_CURVE('',#9906,#9880,#9908,.T.);
#9906 = VERTEX_POINT('',#9907);
#9907 = CARTESIAN_POINT('',(56.577516778523,13.937332214765,20.8));
#9908 = B_SPLINE_CURVE_WITH_KNOTS('',2,(#9909,#9910,#9911),
  .UNSPECIFIED.,.F.,.F.,(3,3),(0.,1.),.PIECEWISE_BEZIER_KNOTS.);
#9909 = CARTESIAN_POINT('',(56.577516778523,13.937332214765,20.8));
#9910 = CARTESIAN_POINT('',(56.728523489933,13.774496644295,20.8));
#9911 = CARTESIAN_POINT('',(57.006627516779,13.774496644295,20.8));
#9912 = ORIENTED_EDGE('',*,*,#9913,.T.);
#9913 = EDGE_CURVE('',#9906,#3564,#9914,.T.);
#9914 = LINE('',#9915,#9916);
#9915 = CARTESIAN_POINT('',(56.577516778523,13.937332214765,20.8));
#9916 = VECTOR('',#9917,1.);
#9917 = DIRECTION('',(0.,0.,1.));
#9918 = ORIENTED_EDGE('',*,*,#3578,.F.);
#9919 = ORIENTED_EDGE('',*,*,#9887,.F.);
#9920 = SURFACE_OF_LINEAR_EXTRUSION('',#9921,#9925);
#9921 = B_SPLINE_CURVE_WITH_KNOTS('',2,(#9922,#9923,#9924),
  .UNSPECIFIED.,.F.,.F.,(3,3),(0.,1.),.PIECEWISE_BEZIER_KNOTS.);
#9922 = CARTESIAN_POINT('',(56.577516778523,13.937332214765,20.8));
#9923 = CARTESIAN_POINT('',(56.728523489933,13.774496644295,20.8));
#9924 = CARTESIAN_POINT('',(57.006627516779,13.774496644295,20.8));
#9925 = VECTOR('',#9926,1.);
#9926 = DIRECTION('',(-0.,-0.,-1.));
#9927 = ADVANCED_FACE('',(#9928),#9946,.F.);
#9928 = FACE_BOUND('',#9929,.F.);
#9929 = EDGE_LOOP('',(#9930,#9938,#9944,#9945));
#9930 = ORIENTED_EDGE('',*,*,#9931,.F.);
#9931 = EDGE_CURVE('',#9932,#9906,#9934,.T.);
#9932 = VERTEX_POINT('',#9933);
#9933 = CARTESIAN_POINT('',(56.426510067114,14.39932885906,20.8));
#9934 = B_SPLINE_CURVE_WITH_KNOTS('',2,(#9935,#9936,#9937),
  .UNSPECIFIED.,.F.,.F.,(3,3),(0.,1.),.PIECEWISE_BEZIER_KNOTS.);
#9935 = CARTESIAN_POINT('',(56.426510067114,14.39932885906,20.8));
#9936 = CARTESIAN_POINT('',(56.426510067114,14.100167785235,20.8));
#9937 = CARTESIAN_POINT('',(56.577516778523,13.937332214765,20.8));
#9938 = ORIENTED_EDGE('',*,*,#9939,.T.);
#9939 = EDGE_CURVE('',#9932,#3549,#9940,.T.);
#9940 = LINE('',#9941,#9942);
#9941 = CARTESIAN_POINT('',(56.426510067114,14.39932885906,20.8));
#9942 = VECTOR('',#9943,1.);
#9943 = DIRECTION('',(0.,0.,1.));
#9944 = ORIENTED_EDGE('',*,*,#3563,.F.);
#9945 = ORIENTED_EDGE('',*,*,#9913,.F.);
#9946 = SURFACE_OF_LINEAR_EXTRUSION('',#9947,#9951);
#9947 = B_SPLINE_CURVE_WITH_KNOTS('',2,(#9948,#9949,#9950),
  .UNSPECIFIED.,.F.,.F.,(3,3),(0.,1.),.PIECEWISE_BEZIER_KNOTS.);
#9948 = CARTESIAN_POINT('',(56.426510067114,14.39932885906,20.8));
#9949 = CARTESIAN_POINT('',(56.426510067114,14.100167785235,20.8));
#9950 = CARTESIAN_POINT('',(56.577516778523,13.937332214765,20.8));
#9951 = VECTOR('',#9952,1.);
#9952 = DIRECTION('',(-0.,-0.,-1.));
#9953 = ADVANCED_FACE('',(#9954),#9972,.F.);
#9954 = FACE_BOUND('',#9955,.F.);
#9955 = EDGE_LOOP('',(#9956,#9964,#9970,#9971));
#9956 = ORIENTED_EDGE('',*,*,#9957,.F.);
#9957 = EDGE_CURVE('',#9958,#9932,#9960,.T.);
#9958 = VERTEX_POINT('',#9959);
#9959 = CARTESIAN_POINT('',(56.583137583893,14.863255033557,20.8));
#9960 = B_SPLINE_CURVE_WITH_KNOTS('',2,(#9961,#9962,#9963),
  .UNSPECIFIED.,.F.,.F.,(3,3),(0.,1.),.PIECEWISE_BEZIER_KNOTS.);
#9961 = CARTESIAN_POINT('',(56.583137583893,14.863255033557,20.8));
#9962 = CARTESIAN_POINT('',(56.426510067114,14.701090604027,20.8));
#9963 = CARTESIAN_POINT('',(56.426510067114,14.39932885906,20.8));
#9964 = ORIENTED_EDGE('',*,*,#9965,.T.);
#9965 = EDGE_CURVE('',#9958,#3534,#9966,.T.);
#9966 = LINE('',#9967,#9968);
#9967 = CARTESIAN_POINT('',(56.583137583893,14.863255033557,20.8));
#9968 = VECTOR('',#9969,1.);
#9969 = DIRECTION('',(0.,0.,1.));
#9970 = ORIENTED_EDGE('',*,*,#3548,.F.);
#9971 = ORIENTED_EDGE('',*,*,#9939,.F.);
#9972 = SURFACE_OF_LINEAR_EXTRUSION('',#9973,#9977);
#9973 = B_SPLINE_CURVE_WITH_KNOTS('',2,(#9974,#9975,#9976),
  .UNSPECIFIED.,.F.,.F.,(3,3),(0.,1.),.PIECEWISE_BEZIER_KNOTS.);
#9974 = CARTESIAN_POINT('',(56.583137583893,14.863255033557,20.8));
#9975 = CARTESIAN_POINT('',(56.426510067114,14.701090604027,20.8));
#9976 = CARTESIAN_POINT('',(56.426510067114,14.39932885906,20.8));
#9977 = VECTOR('',#9978,1.);
#9978 = DIRECTION('',(-0.,-0.,-1.));
#9979 = ADVANCED_FACE('',(#9980),#9998,.F.);
#9980 = FACE_BOUND('',#9981,.F.);
#9981 = EDGE_LOOP('',(#9982,#9990,#9996,#9997));
#9982 = ORIENTED_EDGE('',*,*,#9983,.F.);
#9983 = EDGE_CURVE('',#9984,#9958,#9986,.T.);
#9984 = VERTEX_POINT('',#9985);
#9985 = CARTESIAN_POINT('',(57.02927852349,15.025503355705,20.8));
#9986 = B_SPLINE_CURVE_WITH_KNOTS('',2,(#9987,#9988,#9989),
  .UNSPECIFIED.,.F.,.F.,(3,3),(0.,1.),.PIECEWISE_BEZIER_KNOTS.);
#9987 = CARTESIAN_POINT('',(57.02927852349,15.025503355705,20.8));
#9988 = CARTESIAN_POINT('',(56.739848993289,15.025503355705,20.8));
#9989 = CARTESIAN_POINT('',(56.583137583893,14.863255033557,20.8));
#9990 = ORIENTED_EDGE('',*,*,#9991,.T.);
#9991 = EDGE_CURVE('',#9984,#3524,#9992,.T.);
#9992 = LINE('',#9993,#9994);
#9993 = CARTESIAN_POINT('',(57.02927852349,15.025503355705,20.8));
#9994 = VECTOR('',#9995,1.);
#9995 = DIRECTION('',(0.,0.,1.));
#9996 = ORIENTED_EDGE('',*,*,#3533,.F.);
#9997 = ORIENTED_EDGE('',*,*,#9965,.F.);
#9998 = SURFACE_OF_LINEAR_EXTRUSION('',#9999,#10003);
#9999 = B_SPLINE_CURVE_WITH_KNOTS('',2,(#10000,#10001,#10002),
  .UNSPECIFIED.,.F.,.F.,(3,3),(0.,1.),.PIECEWISE_BEZIER_KNOTS.);
#10000 = CARTESIAN_POINT('',(57.02927852349,15.025503355705,20.8));
#10001 = CARTESIAN_POINT('',(56.739848993289,15.025503355705,20.8));
#10002 = CARTESIAN_POINT('',(56.583137583893,14.863255033557,20.8));
#10003 = VECTOR('',#10004,1.);
#10004 = DIRECTION('',(-0.,-0.,-1.));
#10005 = ADVANCED_FACE('',(#10006),#10024,.F.);
#10006 = FACE_BOUND('',#10007,.F.);
#10007 = EDGE_LOOP('',(#10008,#10016,#10022,#10023));
#10008 = ORIENTED_EDGE('',*,*,#10009,.F.);
#10009 = EDGE_CURVE('',#10010,#9984,#10012,.T.);
#10010 = VERTEX_POINT('',#10011);
#10011 = CARTESIAN_POINT('',(57.340687919463,14.981459731544,20.8));
#10012 = B_SPLINE_CURVE_WITH_KNOTS('',2,(#10013,#10014,#10015),
  .UNSPECIFIED.,.F.,.F.,(3,3),(0.,1.),.PIECEWISE_BEZIER_KNOTS.);
#10013 = CARTESIAN_POINT('',(57.340687919463,14.981459731544,20.8));
#10014 = CARTESIAN_POINT('',(57.185318791946,15.025503355705,20.8));
#10015 = CARTESIAN_POINT('',(57.02927852349,15.025503355705,20.8));
#10016 = ORIENTED_EDGE('',*,*,#10017,.T.);
#10017 = EDGE_CURVE('',#10010,#3514,#10018,.T.);
#10018 = LINE('',#10019,#10020);
#10019 = CARTESIAN_POINT('',(57.340687919463,14.981459731544,20.8));
#10020 = VECTOR('',#10021,1.);
#10021 = DIRECTION('',(0.,0.,1.));
#10022 = ORIENTED_EDGE('',*,*,#3523,.F.);
#10023 = ORIENTED_EDGE('',*,*,#9991,.F.);
#10024 = SURFACE_OF_LINEAR_EXTRUSION('',#10025,#10029);
#10025 = B_SPLINE_CURVE_WITH_KNOTS('',2,(#10026,#10027,#10028),
  .UNSPECIFIED.,.F.,.F.,(3,3),(0.,1.),.PIECEWISE_BEZIER_KNOTS.);
#10026 = CARTESIAN_POINT('',(57.340687919463,14.981459731544,20.8));
#10027 = CARTESIAN_POINT('',(57.185318791946,15.025503355705,20.8));
#10028 = CARTESIAN_POINT('',(57.02927852349,15.025503355705,20.8));
#10029 = VECTOR('',#10030,1.);
#10030 = DIRECTION('',(-0.,-0.,-1.));
#10031 = ADVANCED_FACE('',(#10032),#10050,.F.);
#10032 = FACE_BOUND('',#10033,.F.);
#10033 = EDGE_LOOP('',(#10034,#10042,#10048,#10049));
#10034 = ORIENTED_EDGE('',*,*,#10035,.F.);
#10035 = EDGE_CURVE('',#10036,#10010,#10038,.T.);
#10036 = VERTEX_POINT('',#10037);
#10037 = CARTESIAN_POINT('',(57.653439597315,14.848322147651,20.8));
#10038 = B_SPLINE_CURVE_WITH_KNOTS('',2,(#10039,#10040,#10041),
  .UNSPECIFIED.,.F.,.F.,(3,3),(0.,1.),.PIECEWISE_BEZIER_KNOTS.);
#10039 = CARTESIAN_POINT('',(57.653439597315,14.848322147651,20.8));
#10040 = CARTESIAN_POINT('',(57.496140939597,14.9375,20.8));
#10041 = CARTESIAN_POINT('',(57.340687919463,14.981459731544,20.8));
#10042 = ORIENTED_EDGE('',*,*,#10043,.T.);
#10043 = EDGE_CURVE('',#10036,#3506,#10044,.T.);
#10044 = LINE('',#10045,#10046);
#10045 = CARTESIAN_POINT('',(57.653439597315,14.848322147651,20.8));
#10046 = VECTOR('',#10047,1.);
#10047 = DIRECTION('',(0.,0.,1.));
#10048 = ORIENTED_EDGE('',*,*,#3513,.F.);
#10049 = ORIENTED_EDGE('',*,*,#10017,.F.);
#10050 = SURFACE_OF_LINEAR_EXTRUSION('',#10051,#10055);
#10051 = B_SPLINE_CURVE_WITH_KNOTS('',2,(#10052,#10053,#10054),
  .UNSPECIFIED.,.F.,.F.,(3,3),(0.,1.),.PIECEWISE_BEZIER_KNOTS.);
#10052 = CARTESIAN_POINT('',(57.653439597315,14.848322147651,20.8));
#10053 = CARTESIAN_POINT('',(57.496140939597,14.9375,20.8));
#10054 = CARTESIAN_POINT('',(57.340687919463,14.981459731544,20.8));
#10055 = VECTOR('',#10056,1.);
#10056 = DIRECTION('',(-0.,-0.,-1.));
#10057 = ADVANCED_FACE('',(#10058),#10076,.F.);
#10058 = FACE_BOUND('',#10059,.F.);
#10059 = EDGE_LOOP('',(#10060,#10068,#10074,#10075));
#10060 = ORIENTED_EDGE('',*,*,#10061,.F.);
#10061 = EDGE_CURVE('',#10062,#10036,#10064,.T.);
#10062 = VERTEX_POINT('',#10063);
#10063 = CARTESIAN_POINT('',(57.653439597315,15.235654362416,20.8));
#10064 = LINE('',#10065,#10066);
#10065 = CARTESIAN_POINT('',(57.653439597315,15.235654362416,20.8));
#10066 = VECTOR('',#10067,1.);
#10067 = DIRECTION('',(0.,-1.,0.));
#10068 = ORIENTED_EDGE('',*,*,#10069,.T.);
#10069 = EDGE_CURVE('',#10062,#3496,#10070,.T.);
#10070 = LINE('',#10071,#10072);
#10071 = CARTESIAN_POINT('',(57.653439597315,15.235654362416,20.8));
#10072 = VECTOR('',#10073,1.);
#10073 = DIRECTION('',(0.,0.,1.));
#10074 = ORIENTED_EDGE('',*,*,#3505,.F.);
#10075 = ORIENTED_EDGE('',*,*,#10043,.F.);
#10076 = PLANE('',#10077);
#10077 = AXIS2_PLACEMENT_3D('',#10078,#10079,#10080);
#10078 = CARTESIAN_POINT('',(57.653439597315,15.235654362416,20.8));
#10079 = DIRECTION('',(1.,0.,-0.));
#10080 = DIRECTION('',(0.,-1.,0.));
#10081 = ADVANCED_FACE('',(#10082),#10100,.F.);
#10082 = FACE_BOUND('',#10083,.F.);
#10083 = EDGE_LOOP('',(#10084,#10092,#10098,#10099));
#10084 = ORIENTED_EDGE('',*,*,#10085,.F.);
#10085 = EDGE_CURVE('',#10086,#10062,#10088,.T.);
#10086 = VERTEX_POINT('',#10087);
#10087 = CARTESIAN_POINT('',(57.329362416107,15.339429530201,20.8));
#10088 = B_SPLINE_CURVE_WITH_KNOTS('',2,(#10089,#10090,#10091),
  .UNSPECIFIED.,.F.,.F.,(3,3),(0.,1.),.PIECEWISE_BEZIER_KNOTS.);
#10089 = CARTESIAN_POINT('',(57.329362416107,15.339429530201,20.8));
#10090 = CARTESIAN_POINT('',(57.501174496644,15.304446308725,20.8));
#10091 = CARTESIAN_POINT('',(57.653439597315,15.235654362416,20.8));
#10092 = ORIENTED_EDGE('',*,*,#10093,.T.);
#10093 = EDGE_CURVE('',#10086,#3486,#10094,.T.);
#10094 = LINE('',#10095,#10096);
#10095 = CARTESIAN_POINT('',(57.329362416107,15.339429530201,20.8));
#10096 = VECTOR('',#10097,1.);
#10097 = DIRECTION('',(0.,0.,1.));
#10098 = ORIENTED_EDGE('',*,*,#3495,.F.);
#10099 = ORIENTED_EDGE('',*,*,#10069,.F.);
#10100 = SURFACE_OF_LINEAR_EXTRUSION('',#10101,#10105);
#10101 = B_SPLINE_CURVE_WITH_KNOTS('',2,(#10102,#10103,#10104),
  .UNSPECIFIED.,.F.,.F.,(3,3),(0.,1.),.PIECEWISE_BEZIER_KNOTS.);
#10102 = CARTESIAN_POINT('',(57.329362416107,15.339429530201,20.8));
#10103 = CARTESIAN_POINT('',(57.501174496644,15.304446308725,20.8));
#10104 = CARTESIAN_POINT('',(57.653439597315,15.235654362416,20.8));
#10105 = VECTOR('',#10106,1.);
#10106 = DIRECTION('',(-0.,-0.,-1.));
#10107 = ADVANCED_FACE('',(#10108),#10126,.F.);
#10108 = FACE_BOUND('',#10109,.F.);
#10109 = EDGE_LOOP('',(#10110,#10118,#10124,#10125));
#10110 = ORIENTED_EDGE('',*,*,#10111,.F.);
#10111 = EDGE_CURVE('',#10112,#10086,#10114,.T.);
#10112 = VERTEX_POINT('',#10113);
#10113 = CARTESIAN_POINT('',(56.970134228188,15.374496644295,20.8));
#10114 = B_SPLINE_CURVE_WITH_KNOTS('',2,(#10115,#10116,#10117),
  .UNSPECIFIED.,.F.,.F.,(3,3),(0.,1.),.PIECEWISE_BEZIER_KNOTS.);
#10115 = CARTESIAN_POINT('',(56.970134228188,15.374496644295,20.8));
#10116 = CARTESIAN_POINT('',(57.157634228188,15.374496644295,20.8));
#10117 = CARTESIAN_POINT('',(57.329362416107,15.339429530201,20.8));
#10118 = ORIENTED_EDGE('',*,*,#10119,.T.);
#10119 = EDGE_CURVE('',#10112,#3467,#10120,.T.);
#10120 = LINE('',#10121,#10122);
#10121 = CARTESIAN_POINT('',(56.970134228188,15.374496644295,20.8));
#10122 = VECTOR('',#10123,1.);
#10123 = DIRECTION('',(0.,0.,1.));
#10124 = ORIENTED_EDGE('',*,*,#3485,.F.);
#10125 = ORIENTED_EDGE('',*,*,#10093,.F.);
#10126 = SURFACE_OF_LINEAR_EXTRUSION('',#10127,#10131);
#10127 = B_SPLINE_CURVE_WITH_KNOTS('',2,(#10128,#10129,#10130),
  .UNSPECIFIED.,.F.,.F.,(3,3),(0.,1.),.PIECEWISE_BEZIER_KNOTS.);
#10128 = CARTESIAN_POINT('',(56.970134228188,15.374496644295,20.8));
#10129 = CARTESIAN_POINT('',(57.157634228188,15.374496644295,20.8));
#10130 = CARTESIAN_POINT('',(57.329362416107,15.339429530201,20.8));
#10131 = VECTOR('',#10132,1.);
#10132 = DIRECTION('',(-0.,-0.,-1.));
#10133 = ADVANCED_FACE('',(#10134),#10152,.F.);
#10134 = FACE_BOUND('',#10135,.F.);
#10135 = EDGE_LOOP('',(#10136,#10144,#10150,#10151));
#10136 = ORIENTED_EDGE('',*,*,#10137,.F.);
#10137 = EDGE_CURVE('',#10138,#10112,#10140,.T.);
#10138 = VERTEX_POINT('',#10139);
#10139 = CARTESIAN_POINT('',(56.205033557047,15.114010067114,20.8));
#10140 = B_SPLINE_CURVE_WITH_KNOTS('',2,(#10141,#10142,#10143),
  .UNSPECIFIED.,.F.,.F.,(3,3),(0.,1.),.PIECEWISE_BEZIER_KNOTS.);
#10141 = CARTESIAN_POINT('',(56.205033557047,15.114010067114,20.8));
#10142 = CARTESIAN_POINT('',(56.484395973154,15.374496644295,20.8));
#10143 = CARTESIAN_POINT('',(56.970134228188,15.374496644295,20.8));
#10144 = ORIENTED_EDGE('',*,*,#10145,.T.);
#10145 = EDGE_CURVE('',#10138,#3450,#10146,.T.);
#10146 = LINE('',#10147,#10148);
#10147 = CARTESIAN_POINT('',(56.205033557047,15.114010067114,20.8));
#10148 = VECTOR('',#10149,1.);
#10149 = DIRECTION('',(0.,0.,1.));
#10150 = ORIENTED_EDGE('',*,*,#3466,.F.);
#10151 = ORIENTED_EDGE('',*,*,#10119,.F.);
#10152 = SURFACE_OF_LINEAR_EXTRUSION('',#10153,#10157);
#10153 = B_SPLINE_CURVE_WITH_KNOTS('',2,(#10154,#10155,#10156),
  .UNSPECIFIED.,.F.,.F.,(3,3),(0.,1.),.PIECEWISE_BEZIER_KNOTS.);
#10154 = CARTESIAN_POINT('',(56.205033557047,15.114010067114,20.8));
#10155 = CARTESIAN_POINT('',(56.484395973154,15.374496644295,20.8));
#10156 = CARTESIAN_POINT('',(56.970134228188,15.374496644295,20.8));
#10157 = VECTOR('',#10158,1.);
#10158 = DIRECTION('',(-0.,-0.,-1.));
#10159 = ADVANCED_FACE('',(#10160),#10178,.F.);
#10160 = FACE_BOUND('',#10161,.F.);
#10161 = EDGE_LOOP('',(#10162,#10170,#10176,#10177));
#10162 = ORIENTED_EDGE('',*,*,#10163,.F.);
#10163 = EDGE_CURVE('',#10164,#10138,#10166,.T.);
#10164 = VERTEX_POINT('',#10165);
#10165 = CARTESIAN_POINT('',(55.92567114094,14.399412751678,20.8));
#10166 = B_SPLINE_CURVE_WITH_KNOTS('',2,(#10167,#10168,#10169),
  .UNSPECIFIED.,.F.,.F.,(3,3),(0.,1.),.PIECEWISE_BEZIER_KNOTS.);
#10167 = CARTESIAN_POINT('',(55.92567114094,14.399412751678,20.8));
#10168 = CARTESIAN_POINT('',(55.92567114094,14.85360738255,20.8));
#10169 = CARTESIAN_POINT('',(56.205033557047,15.114010067114,20.8));
#10170 = ORIENTED_EDGE('',*,*,#10171,.T.);
#10171 = EDGE_CURVE('',#10164,#3433,#10172,.T.);
#10172 = LINE('',#10173,#10174);
#10173 = CARTESIAN_POINT('',(55.92567114094,14.399412751678,20.8));
#10174 = VECTOR('',#10175,1.);
#10175 = DIRECTION('',(0.,0.,1.));
#10176 = ORIENTED_EDGE('',*,*,#3449,.F.);
#10177 = ORIENTED_EDGE('',*,*,#10145,.F.);
#10178 = SURFACE_OF_LINEAR_EXTRUSION('',#10179,#10183);
#10179 = B_SPLINE_CURVE_WITH_KNOTS('',2,(#10180,#10181,#10182),
  .UNSPECIFIED.,.F.,.F.,(3,3),(0.,1.),.PIECEWISE_BEZIER_KNOTS.);
#10180 = CARTESIAN_POINT('',(55.92567114094,14.399412751678,20.8));
#10181 = CARTESIAN_POINT('',(55.92567114094,14.85360738255,20.8));
#10182 = CARTESIAN_POINT('',(56.205033557047,15.114010067114,20.8));
#10183 = VECTOR('',#10184,1.);
#10184 = DIRECTION('',(-0.,-0.,-1.));
#10185 = ADVANCED_FACE('',(#10186),#10204,.F.);
#10186 = FACE_BOUND('',#10187,.F.);
#10187 = EDGE_LOOP('',(#10188,#10196,#10202,#10203));
#10188 = ORIENTED_EDGE('',*,*,#10189,.F.);
#10189 = EDGE_CURVE('',#10190,#10164,#10192,.T.);
#10190 = VERTEX_POINT('',#10191);
#10191 = CARTESIAN_POINT('',(56.2,13.68783557047,20.8));
#10192 = B_SPLINE_CURVE_WITH_KNOTS('',2,(#10193,#10194,#10195),
  .UNSPECIFIED.,.F.,.F.,(3,3),(0.,1.),.PIECEWISE_BEZIER_KNOTS.);
#10193 = CARTESIAN_POINT('',(56.2,13.68783557047,20.8));
#10194 = CARTESIAN_POINT('',(55.92567114094,13.950167785235,20.8));
#10195 = CARTESIAN_POINT('',(55.92567114094,14.399412751678,20.8));
#10196 = ORIENTED_EDGE('',*,*,#10197,.T.);
#10197 = EDGE_CURVE('',#10190,#3416,#10198,.T.);
#10198 = LINE('',#10199,#10200);
#10199 = CARTESIAN_POINT('',(56.2,13.68783557047,20.8));
#10200 = VECTOR('',#10201,1.);
#10201 = DIRECTION('',(0.,0.,1.));
#10202 = ORIENTED_EDGE('',*,*,#3432,.F.);
#10203 = ORIENTED_EDGE('',*,*,#10171,.F.);
#10204 = SURFACE_OF_LINEAR_EXTRUSION('',#10205,#10209);
#10205 = B_SPLINE_CURVE_WITH_KNOTS('',2,(#10206,#10207,#10208),
  .UNSPECIFIED.,.F.,.F.,(3,3),(0.,1.),.PIECEWISE_BEZIER_KNOTS.);
#10206 = CARTESIAN_POINT('',(56.2,13.68783557047,20.8));
#10207 = CARTESIAN_POINT('',(55.92567114094,13.950167785235,20.8));
#10208 = CARTESIAN_POINT('',(55.92567114094,14.399412751678,20.8));
#10209 = VECTOR('',#10210,1.);
#10210 = DIRECTION('',(-0.,-0.,-1.));
#10211 = ADVANCED_FACE('',(#10212),#10230,.F.);
#10212 = FACE_BOUND('',#10213,.F.);
#10213 = EDGE_LOOP('',(#10214,#10222,#10228,#10229));
#10214 = ORIENTED_EDGE('',*,*,#10215,.F.);
#10215 = EDGE_CURVE('',#10216,#10190,#10218,.T.);
#10216 = VERTEX_POINT('',#10217);
#10217 = CARTESIAN_POINT('',(56.943708053691,13.425503355705,20.8));
#10218 = B_SPLINE_CURVE_WITH_KNOTS('',2,(#10219,#10220,#10221),
  .UNSPECIFIED.,.F.,.F.,(3,3),(0.,1.),.PIECEWISE_BEZIER_KNOTS.);
#10219 = CARTESIAN_POINT('',(56.943708053691,13.425503355705,20.8));
#10220 = CARTESIAN_POINT('',(56.47432885906,13.425503355705,20.8));
#10221 = CARTESIAN_POINT('',(56.2,13.68783557047,20.8));
#10222 = ORIENTED_EDGE('',*,*,#10223,.T.);
#10223 = EDGE_CURVE('',#10216,#3406,#10224,.T.);
#10224 = LINE('',#10225,#10226);
#10225 = CARTESIAN_POINT('',(56.943708053691,13.425503355705,20.8));
#10226 = VECTOR('',#10227,1.);
#10227 = DIRECTION('',(0.,0.,1.));
#10228 = ORIENTED_EDGE('',*,*,#3415,.F.);
#10229 = ORIENTED_EDGE('',*,*,#10197,.F.);
#10230 = SURFACE_OF_LINEAR_EXTRUSION('',#10231,#10235);
#10231 = B_SPLINE_CURVE_WITH_KNOTS('',2,(#10232,#10233,#10234),
  .UNSPECIFIED.,.F.,.F.,(3,3),(0.,1.),.PIECEWISE_BEZIER_KNOTS.);
#10232 = CARTESIAN_POINT('',(56.943708053691,13.425503355705,20.8));
#10233 = CARTESIAN_POINT('',(56.47432885906,13.425503355705,20.8));
#10234 = CARTESIAN_POINT('',(56.2,13.68783557047,20.8));
#10235 = VECTOR('',#10236,1.);
#10236 = DIRECTION('',(-0.,-0.,-1.));
#10237 = ADVANCED_FACE('',(#10238),#10249,.F.);
#10238 = FACE_BOUND('',#10239,.F.);
#10239 = EDGE_LOOP('',(#10240,#10246,#10247,#10248));
#10240 = ORIENTED_EDGE('',*,*,#10241,.F.);
#10241 = EDGE_CURVE('',#9703,#10216,#10242,.T.);
#10242 = B_SPLINE_CURVE_WITH_KNOTS('',2,(#10243,#10244,#10245),
  .UNSPECIFIED.,.F.,.F.,(3,3),(0.,1.),.PIECEWISE_BEZIER_KNOTS.);
#10243 = CARTESIAN_POINT('',(57.34639261745,13.469295302013,20.8));
#10244 = CARTESIAN_POINT('',(57.151342281879,13.425503355705,20.8));
#10245 = CARTESIAN_POINT('',(56.943708053691,13.425503355705,20.8));
#10246 = ORIENTED_EDGE('',*,*,#9717,.T.);
#10247 = ORIENTED_EDGE('',*,*,#3405,.F.);
#10248 = ORIENTED_EDGE('',*,*,#10223,.F.);
#10249 = SURFACE_OF_LINEAR_EXTRUSION('',#10250,#10254);
#10250 = B_SPLINE_CURVE_WITH_KNOTS('',2,(#10251,#10252,#10253),
  .UNSPECIFIED.,.F.,.F.,(3,3),(0.,1.),.PIECEWISE_BEZIER_KNOTS.);
#10251 = CARTESIAN_POINT('',(57.34639261745,13.469295302013,20.8));
#10252 = CARTESIAN_POINT('',(57.151342281879,13.425503355705,20.8));
#10253 = CARTESIAN_POINT('',(56.943708053691,13.425503355705,20.8));
#10254 = VECTOR('',#10255,1.);
#10255 = DIRECTION('',(-0.,-0.,-1.));
#10256 = ADVANCED_FACE('',(#10257),#10281,.T.);
#10257 = FACE_BOUND('',#10258,.F.);
#10258 = EDGE_LOOP('',(#10259,#10260,#10261,#10262,#10263,#10264,#10265,
    #10266,#10267,#10268,#10269,#10270,#10271,#10272,#10273,#10274,
    #10275,#10276,#10277,#10278,#10279,#10280));
#10259 = ORIENTED_EDGE('',*,*,#9700,.T.);
#10260 = ORIENTED_EDGE('',*,*,#10241,.T.);
#10261 = ORIENTED_EDGE('',*,*,#10215,.T.);
#10262 = ORIENTED_EDGE('',*,*,#10189,.T.);
#10263 = ORIENTED_EDGE('',*,*,#10163,.T.);
#10264 = ORIENTED_EDGE('',*,*,#10137,.T.);
#10265 = ORIENTED_EDGE('',*,*,#10111,.T.);
#10266 = ORIENTED_EDGE('',*,*,#10085,.T.);
#10267 = ORIENTED_EDGE('',*,*,#10061,.T.);
#10268 = ORIENTED_EDGE('',*,*,#10035,.T.);
#10269 = ORIENTED_EDGE('',*,*,#10009,.T.);
#10270 = ORIENTED_EDGE('',*,*,#9983,.T.);
#10271 = ORIENTED_EDGE('',*,*,#9957,.T.);
#10272 = ORIENTED_EDGE('',*,*,#9931,.T.);
#10273 = ORIENTED_EDGE('',*,*,#9905,.T.);
#10274 = ORIENTED_EDGE('',*,*,#9879,.T.);
#10275 = ORIENTED_EDGE('',*,*,#9853,.T.);
#10276 = ORIENTED_EDGE('',*,*,#9829,.T.);
#10277 = ORIENTED_EDGE('',*,*,#9805,.T.);
#10278 = ORIENTED_EDGE('',*,*,#9781,.T.);
#10279 = ORIENTED_EDGE('',*,*,#9757,.T.);
#10280 = ORIENTED_EDGE('',*,*,#9733,.T.);
#10281 = PLANE('',#10282);
#10282 = AXIS2_PLACEMENT_3D('',#10283,#10284,#10285);
#10283 = CARTESIAN_POINT('',(56.915302438379,14.394146412018,20.8));
#10284 = DIRECTION('',(0.,0.,1.));
#10285 = DIRECTION('',(1.,0.,-0.));
#10286 = ADVANCED_FACE('',(#10287),#10312,.F.);
#10287 = FACE_BOUND('',#10288,.F.);
#10288 = EDGE_LOOP('',(#10289,#10299,#10305,#10306));
#10289 = ORIENTED_EDGE('',*,*,#10290,.F.);
#10290 = EDGE_CURVE('',#10291,#10293,#10295,.T.);
#10291 = VERTEX_POINT('',#10292);
#10292 = CARTESIAN_POINT('',(25.17538590604,58.036510067114,20.8));
#10293 = VERTEX_POINT('',#10294);
#10294 = CARTESIAN_POINT('',(26.613598993289,58.036510067114,20.8));
#10295 = LINE('',#10296,#10297);
#10296 = CARTESIAN_POINT('',(25.17538590604,58.036510067114,20.8));
#10297 = VECTOR('',#10298,1.);
#10298 = DIRECTION('',(1.,0.,0.));
#10299 = ORIENTED_EDGE('',*,*,#10300,.T.);
#10300 = EDGE_CURVE('',#10291,#3656,#10301,.T.);
#10301 = LINE('',#10302,#10303);
#10302 = CARTESIAN_POINT('',(25.17538590604,58.036510067114,20.8));
#10303 = VECTOR('',#10304,1.);
#10304 = DIRECTION('',(0.,0.,1.));
#10305 = ORIENTED_EDGE('',*,*,#3653,.F.);
#10306 = ORIENTED_EDGE('',*,*,#10307,.F.);
#10307 = EDGE_CURVE('',#10293,#3654,#10308,.T.);
#10308 = LINE('',#10309,#10310);
#10309 = CARTESIAN_POINT('',(26.613598993289,58.036510067114,20.8));
#10310 = VECTOR('',#10311,1.);
#10311 = DIRECTION('',(0.,0.,1.));
#10312 = PLANE('',#10313);
#10313 = AXIS2_PLACEMENT_3D('',#10314,#10315,#10316);
#10314 = CARTESIAN_POINT('',(25.17538590604,58.036510067114,20.8));
#10315 = DIRECTION('',(0.,1.,0.));
#10316 = DIRECTION('',(1.,0.,0.));
#10317 = ADVANCED_FACE('',(#10318),#10336,.F.);
#10318 = FACE_BOUND('',#10319,.F.);
#10319 = EDGE_LOOP('',(#10320,#10328,#10329,#10330));
#10320 = ORIENTED_EDGE('',*,*,#10321,.F.);
#10321 = EDGE_CURVE('',#10293,#10322,#10324,.T.);
#10322 = VERTEX_POINT('',#10323);
#10323 = CARTESIAN_POINT('',(26.613598993289,57.634899328859,20.8));
#10324 = LINE('',#10325,#10326);
#10325 = CARTESIAN_POINT('',(26.613598993289,58.036510067114,20.8));
#10326 = VECTOR('',#10327,1.);
#10327 = DIRECTION('',(0.,-1.,0.));
#10328 = ORIENTED_EDGE('',*,*,#10307,.T.);
#10329 = ORIENTED_EDGE('',*,*,#3663,.F.);
#10330 = ORIENTED_EDGE('',*,*,#10331,.F.);
#10331 = EDGE_CURVE('',#10322,#3664,#10332,.T.);
#10332 = LINE('',#10333,#10334);
#10333 = CARTESIAN_POINT('',(26.613598993289,57.634899328859,20.8));
#10334 = VECTOR('',#10335,1.);
#10335 = DIRECTION('',(0.,0.,1.));
#10336 = PLANE('',#10337);
#10337 = AXIS2_PLACEMENT_3D('',#10338,#10339,#10340);
#10338 = CARTESIAN_POINT('',(26.613598993289,58.036510067114,20.8));
#10339 = DIRECTION('',(1.,0.,-0.));
#10340 = DIRECTION('',(0.,-1.,0.));
#10341 = ADVANCED_FACE('',(#10342),#10360,.F.);
#10342 = FACE_BOUND('',#10343,.F.);
#10343 = EDGE_LOOP('',(#10344,#10352,#10358,#10359));
#10344 = ORIENTED_EDGE('',*,*,#10345,.F.);
#10345 = EDGE_CURVE('',#10346,#10291,#10348,.T.);
#10346 = VERTEX_POINT('',#10347);
#10347 = CARTESIAN_POINT('',(25.17538590604,55.969395973154,20.8));
#10348 = LINE('',#10349,#10350);
#10349 = CARTESIAN_POINT('',(25.17538590604,55.969395973154,20.8));
#10350 = VECTOR('',#10351,1.);
#10351 = DIRECTION('',(0.,1.,0.));
#10352 = ORIENTED_EDGE('',*,*,#10353,.T.);
#10353 = EDGE_CURVE('',#10346,#3736,#10354,.T.);
#10354 = LINE('',#10355,#10356);
#10355 = CARTESIAN_POINT('',(25.17538590604,55.969395973154,20.8));
#10356 = VECTOR('',#10357,1.);
#10357 = DIRECTION('',(0.,0.,1.));
#10358 = ORIENTED_EDGE('',*,*,#3743,.F.);
#10359 = ORIENTED_EDGE('',*,*,#10300,.F.);
#10360 = PLANE('',#10361);
#10361 = AXIS2_PLACEMENT_3D('',#10362,#10363,#10364);
#10362 = CARTESIAN_POINT('',(25.17538590604,55.969395973154,20.8));
#10363 = DIRECTION('',(-1.,0.,0.));
#10364 = DIRECTION('',(0.,1.,0.));
#10365 = ADVANCED_FACE('',(#10366),#10384,.F.);
#10366 = FACE_BOUND('',#10367,.F.);
#10367 = EDGE_LOOP('',(#10368,#10376,#10377,#10378));
#10368 = ORIENTED_EDGE('',*,*,#10369,.F.);
#10369 = EDGE_CURVE('',#10322,#10370,#10372,.T.);
#10370 = VERTEX_POINT('',#10371);
#10371 = CARTESIAN_POINT('',(25.708313758389,57.634899328859,20.8));
#10372 = LINE('',#10373,#10374);
#10373 = CARTESIAN_POINT('',(26.613598993289,57.634899328859,20.8));
#10374 = VECTOR('',#10375,1.);
#10375 = DIRECTION('',(-1.,0.,0.));
#10376 = ORIENTED_EDGE('',*,*,#10331,.T.);
#10377 = ORIENTED_EDGE('',*,*,#3671,.F.);
#10378 = ORIENTED_EDGE('',*,*,#10379,.F.);
#10379 = EDGE_CURVE('',#10370,#3672,#10380,.T.);
#10380 = LINE('',#10381,#10382);
#10381 = CARTESIAN_POINT('',(25.708313758389,57.634899328859,20.8));
#10382 = VECTOR('',#10383,1.);
#10383 = DIRECTION('',(0.,0.,1.));
#10384 = PLANE('',#10385);
#10385 = AXIS2_PLACEMENT_3D('',#10386,#10387,#10388);
#10386 = CARTESIAN_POINT('',(26.613598993289,57.634899328859,20.8));
#10387 = DIRECTION('',(0.,-1.,0.));
#10388 = DIRECTION('',(-1.,0.,0.));
#10389 = ADVANCED_FACE('',(#10390),#10408,.F.);
#10390 = FACE_BOUND('',#10391,.F.);
#10391 = EDGE_LOOP('',(#10392,#10400,#10406,#10407));
#10392 = ORIENTED_EDGE('',*,*,#10393,.F.);
#10393 = EDGE_CURVE('',#10394,#10346,#10396,.T.);
#10394 = VERTEX_POINT('',#10395);
#10395 = CARTESIAN_POINT('',(26.644052013423,55.969395973154,20.8));
#10396 = LINE('',#10397,#10398);
#10397 = CARTESIAN_POINT('',(26.644052013423,55.969395973154,20.8));
#10398 = VECTOR('',#10399,1.);
#10399 = DIRECTION('',(-1.,0.,0.));
#10400 = ORIENTED_EDGE('',*,*,#10401,.T.);
#10401 = EDGE_CURVE('',#10394,#3728,#10402,.T.);
#10402 = LINE('',#10403,#10404);
#10403 = CARTESIAN_POINT('',(26.644052013423,55.969395973154,20.8));
#10404 = VECTOR('',#10405,1.);
#10405 = DIRECTION('',(0.,0.,1.));
#10406 = ORIENTED_EDGE('',*,*,#3735,.F.);
#10407 = ORIENTED_EDGE('',*,*,#10353,.F.);
#10408 = PLANE('',#10409);
#10409 = AXIS2_PLACEMENT_3D('',#10410,#10411,#10412);
#10410 = CARTESIAN_POINT('',(26.644052013423,55.969395973154,20.8));
#10411 = DIRECTION('',(0.,-1.,0.));
#10412 = DIRECTION('',(-1.,0.,0.));
#10413 = ADVANCED_FACE('',(#10414),#10432,.F.);
#10414 = FACE_BOUND('',#10415,.F.);
#10415 = EDGE_LOOP('',(#10416,#10424,#10425,#10426));
#10416 = ORIENTED_EDGE('',*,*,#10417,.F.);
#10417 = EDGE_CURVE('',#10370,#10418,#10420,.T.);
#10418 = VERTEX_POINT('',#10419);
#10419 = CARTESIAN_POINT('',(25.708313758389,57.245100671141,20.8));
#10420 = LINE('',#10421,#10422);
#10421 = CARTESIAN_POINT('',(25.708313758389,57.634899328859,20.8));
#10422 = VECTOR('',#10423,1.);
#10423 = DIRECTION('',(0.,-1.,0.));
#10424 = ORIENTED_EDGE('',*,*,#10379,.T.);
#10425 = ORIENTED_EDGE('',*,*,#3679,.F.);
#10426 = ORIENTED_EDGE('',*,*,#10427,.F.);
#10427 = EDGE_CURVE('',#10418,#3680,#10428,.T.);
#10428 = LINE('',#10429,#10430);
#10429 = CARTESIAN_POINT('',(25.708313758389,57.245100671141,20.8));
#10430 = VECTOR('',#10431,1.);
#10431 = DIRECTION('',(0.,0.,1.));
#10432 = PLANE('',#10433);
#10433 = AXIS2_PLACEMENT_3D('',#10434,#10435,#10436);
#10434 = CARTESIAN_POINT('',(25.708313758389,57.634899328859,20.8));
#10435 = DIRECTION('',(1.,0.,-0.));
#10436 = DIRECTION('',(0.,-1.,0.));
#10437 = ADVANCED_FACE('',(#10438),#10456,.F.);
#10438 = FACE_BOUND('',#10439,.F.);
#10439 = EDGE_LOOP('',(#10440,#10448,#10454,#10455));
#10440 = ORIENTED_EDGE('',*,*,#10441,.F.);
#10441 = EDGE_CURVE('',#10442,#10394,#10444,.T.);
#10442 = VERTEX_POINT('',#10443);
#10443 = CARTESIAN_POINT('',(26.644052013423,56.371006711409,20.8));
#10444 = LINE('',#10445,#10446);
#10445 = CARTESIAN_POINT('',(26.644052013423,56.371006711409,20.8));
#10446 = VECTOR('',#10447,1.);
#10447 = DIRECTION('',(0.,-1.,0.));
#10448 = ORIENTED_EDGE('',*,*,#10449,.T.);
#10449 = EDGE_CURVE('',#10442,#3720,#10450,.T.);
#10450 = LINE('',#10451,#10452);
#10451 = CARTESIAN_POINT('',(26.644052013423,56.371006711409,20.8));
#10452 = VECTOR('',#10453,1.);
#10453 = DIRECTION('',(0.,0.,1.));
#10454 = ORIENTED_EDGE('',*,*,#3727,.F.);
#10455 = ORIENTED_EDGE('',*,*,#10401,.F.);
#10456 = PLANE('',#10457);
#10457 = AXIS2_PLACEMENT_3D('',#10458,#10459,#10460);
#10458 = CARTESIAN_POINT('',(26.644052013423,56.371006711409,20.8));
#10459 = DIRECTION('',(1.,0.,-0.));
#10460 = DIRECTION('',(0.,-1.,0.));
#10461 = ADVANCED_FACE('',(#10462),#10480,.F.);
#10462 = FACE_BOUND('',#10463,.F.);
#10463 = EDGE_LOOP('',(#10464,#10472,#10473,#10474));
#10464 = ORIENTED_EDGE('',*,*,#10465,.F.);
#10465 = EDGE_CURVE('',#10418,#10466,#10468,.T.);
#10466 = VERTEX_POINT('',#10467);
#10467 = CARTESIAN_POINT('',(26.55961409396,57.245100671141,20.8));
#10468 = LINE('',#10469,#10470);
#10469 = CARTESIAN_POINT('',(25.708313758389,57.245100671141,20.8));
#10470 = VECTOR('',#10471,1.);
#10471 = DIRECTION('',(1.,0.,0.));
#10472 = ORIENTED_EDGE('',*,*,#10427,.T.);
#10473 = ORIENTED_EDGE('',*,*,#3687,.F.);
#10474 = ORIENTED_EDGE('',*,*,#10475,.F.);
#10475 = EDGE_CURVE('',#10466,#3688,#10476,.T.);
#10476 = LINE('',#10477,#10478);
#10477 = CARTESIAN_POINT('',(26.55961409396,57.245100671141,20.8));
#10478 = VECTOR('',#10479,1.);
#10479 = DIRECTION('',(0.,0.,1.));
#10480 = PLANE('',#10481);
#10481 = AXIS2_PLACEMENT_3D('',#10482,#10483,#10484);
#10482 = CARTESIAN_POINT('',(25.708313758389,57.245100671141,20.8));
#10483 = DIRECTION('',(0.,1.,0.));
#10484 = DIRECTION('',(1.,0.,0.));
#10485 = ADVANCED_FACE('',(#10486),#10504,.F.);
#10486 = FACE_BOUND('',#10487,.F.);
#10487 = EDGE_LOOP('',(#10488,#10496,#10502,#10503));
#10488 = ORIENTED_EDGE('',*,*,#10489,.F.);
#10489 = EDGE_CURVE('',#10490,#10442,#10492,.T.);
#10490 = VERTEX_POINT('',#10491);
#10491 = CARTESIAN_POINT('',(25.708313758389,56.371006711409,20.8));
#10492 = LINE('',#10493,#10494);
#10493 = CARTESIAN_POINT('',(25.708313758389,56.371006711409,20.8));
#10494 = VECTOR('',#10495,1.);
#10495 = DIRECTION('',(1.,0.,0.));
#10496 = ORIENTED_EDGE('',*,*,#10497,.T.);
#10497 = EDGE_CURVE('',#10490,#3712,#10498,.T.);
#10498 = LINE('',#10499,#10500);
#10499 = CARTESIAN_POINT('',(25.708313758389,56.371006711409,20.8));
#10500 = VECTOR('',#10501,1.);
#10501 = DIRECTION('',(0.,0.,1.));
#10502 = ORIENTED_EDGE('',*,*,#3719,.F.);
#10503 = ORIENTED_EDGE('',*,*,#10449,.F.);
#10504 = PLANE('',#10505);
#10505 = AXIS2_PLACEMENT_3D('',#10506,#10507,#10508);
#10506 = CARTESIAN_POINT('',(25.708313758389,56.371006711409,20.8));
#10507 = DIRECTION('',(0.,1.,0.));
#10508 = DIRECTION('',(1.,0.,0.));
#10509 = ADVANCED_FACE('',(#10510),#10528,.F.);
#10510 = FACE_BOUND('',#10511,.F.);
#10511 = EDGE_LOOP('',(#10512,#10520,#10521,#10522));
#10512 = ORIENTED_EDGE('',*,*,#10513,.F.);
#10513 = EDGE_CURVE('',#10466,#10514,#10516,.T.);
#10514 = VERTEX_POINT('',#10515);
#10515 = CARTESIAN_POINT('',(26.55961409396,56.843489932886,20.8));
#10516 = LINE('',#10517,#10518);
#10517 = CARTESIAN_POINT('',(26.55961409396,57.245100671141,20.8));
#10518 = VECTOR('',#10519,1.);
#10519 = DIRECTION('',(0.,-1.,0.));
#10520 = ORIENTED_EDGE('',*,*,#10475,.T.);
#10521 = ORIENTED_EDGE('',*,*,#3695,.F.);
#10522 = ORIENTED_EDGE('',*,*,#10523,.F.);
#10523 = EDGE_CURVE('',#10514,#3696,#10524,.T.);
#10524 = LINE('',#10525,#10526);
#10525 = CARTESIAN_POINT('',(26.55961409396,56.843489932886,20.8));
#10526 = VECTOR('',#10527,1.);
#10527 = DIRECTION('',(0.,0.,1.));
#10528 = PLANE('',#10529);
#10529 = AXIS2_PLACEMENT_3D('',#10530,#10531,#10532);
#10530 = CARTESIAN_POINT('',(26.55961409396,57.245100671141,20.8));
#10531 = DIRECTION('',(1.,0.,-0.));
#10532 = DIRECTION('',(0.,-1.,0.));
#10533 = ADVANCED_FACE('',(#10534),#10552,.F.);
#10534 = FACE_BOUND('',#10535,.F.);
#10535 = EDGE_LOOP('',(#10536,#10544,#10550,#10551));
#10536 = ORIENTED_EDGE('',*,*,#10537,.F.);
#10537 = EDGE_CURVE('',#10538,#10490,#10540,.T.);
#10538 = VERTEX_POINT('',#10539);
#10539 = CARTESIAN_POINT('',(25.708313758389,56.843489932886,20.8));
#10540 = LINE('',#10541,#10542);
#10541 = CARTESIAN_POINT('',(25.708313758389,56.843489932886,20.8));
#10542 = VECTOR('',#10543,1.);
#10543 = DIRECTION('',(0.,-1.,0.));
#10544 = ORIENTED_EDGE('',*,*,#10545,.T.);
#10545 = EDGE_CURVE('',#10538,#3704,#10546,.T.);
#10546 = LINE('',#10547,#10548);
#10547 = CARTESIAN_POINT('',(25.708313758389,56.843489932886,20.8));
#10548 = VECTOR('',#10549,1.);
#10549 = DIRECTION('',(0.,0.,1.));
#10550 = ORIENTED_EDGE('',*,*,#3711,.F.);
#10551 = ORIENTED_EDGE('',*,*,#10497,.F.);
#10552 = PLANE('',#10553);
#10553 = AXIS2_PLACEMENT_3D('',#10554,#10555,#10556);
#10554 = CARTESIAN_POINT('',(25.708313758389,56.843489932886,20.8));
#10555 = DIRECTION('',(1.,0.,-0.));
#10556 = DIRECTION('',(0.,-1.,0.));
#10557 = ADVANCED_FACE('',(#10558),#10569,.F.);
#10558 = FACE_BOUND('',#10559,.F.);
#10559 = EDGE_LOOP('',(#10560,#10566,#10567,#10568));
#10560 = ORIENTED_EDGE('',*,*,#10561,.F.);
#10561 = EDGE_CURVE('',#10514,#10538,#10562,.T.);
#10562 = LINE('',#10563,#10564);
#10563 = CARTESIAN_POINT('',(26.55961409396,56.843489932886,20.8));
#10564 = VECTOR('',#10565,1.);
#10565 = DIRECTION('',(-1.,0.,0.));
#10566 = ORIENTED_EDGE('',*,*,#10523,.T.);
#10567 = ORIENTED_EDGE('',*,*,#3703,.F.);
#10568 = ORIENTED_EDGE('',*,*,#10545,.F.);
#10569 = PLANE('',#10570);
#10570 = AXIS2_PLACEMENT_3D('',#10571,#10572,#10573);
#10571 = CARTESIAN_POINT('',(26.55961409396,56.843489932886,20.8));
#10572 = DIRECTION('',(0.,-1.,0.));
#10573 = DIRECTION('',(-1.,0.,0.));
#10574 = ADVANCED_FACE('',(#10575),#10589,.T.);
#10575 = FACE_BOUND('',#10576,.F.);
#10576 = EDGE_LOOP('',(#10577,#10578,#10579,#10580,#10581,#10582,#10583,
    #10584,#10585,#10586,#10587,#10588));
#10577 = ORIENTED_EDGE('',*,*,#10290,.T.);
#10578 = ORIENTED_EDGE('',*,*,#10321,.T.);
#10579 = ORIENTED_EDGE('',*,*,#10369,.T.);
#10580 = ORIENTED_EDGE('',*,*,#10417,.T.);
#10581 = ORIENTED_EDGE('',*,*,#10465,.T.);
#10582 = ORIENTED_EDGE('',*,*,#10513,.T.);
#10583 = ORIENTED_EDGE('',*,*,#10561,.T.);
#10584 = ORIENTED_EDGE('',*,*,#10537,.T.);
#10585 = ORIENTED_EDGE('',*,*,#10489,.T.);
#10586 = ORIENTED_EDGE('',*,*,#10441,.T.);
#10587 = ORIENTED_EDGE('',*,*,#10393,.T.);
#10588 = ORIENTED_EDGE('',*,*,#10345,.T.);
#10589 = PLANE('',#10590);
#10590 = AXIS2_PLACEMENT_3D('',#10591,#10592,#10593);
#10591 = CARTESIAN_POINT('',(25.908176275431,57.004811337425,20.8));
#10592 = DIRECTION('',(0.,0.,1.));
#10593 = DIRECTION('',(1.,0.,-0.));
#10594 = ADVANCED_FACE('',(#10595),#10620,.F.);
#10595 = FACE_BOUND('',#10596,.F.);
#10596 = EDGE_LOOP('',(#10597,#10607,#10613,#10614));
#10597 = ORIENTED_EDGE('',*,*,#10598,.F.);
#10598 = EDGE_CURVE('',#10599,#10601,#10603,.T.);
#10599 = VERTEX_POINT('',#10600);
#10600 = CARTESIAN_POINT('',(53.875503355705,15.342281879195,20.8));
#10601 = VERTEX_POINT('',#10602);
#10602 = CARTESIAN_POINT('',(54.359983221477,15.342281879195,20.8));
#10603 = LINE('',#10604,#10605);
#10604 = CARTESIAN_POINT('',(53.875503355705,15.342281879195,20.8));
#10605 = VECTOR('',#10606,1.);
#10606 = DIRECTION('',(1.,0.,0.));
#10607 = ORIENTED_EDGE('',*,*,#10608,.T.);
#10608 = EDGE_CURVE('',#10599,#3754,#10609,.T.);
#10609 = LINE('',#10610,#10611);
#10610 = CARTESIAN_POINT('',(53.875503355705,15.342281879195,20.8));
#10611 = VECTOR('',#10612,1.);
#10612 = DIRECTION('',(0.,0.,1.));
#10613 = ORIENTED_EDGE('',*,*,#3751,.F.);
#10614 = ORIENTED_EDGE('',*,*,#10615,.F.);
#10615 = EDGE_CURVE('',#10601,#3752,#10616,.T.);
#10616 = LINE('',#10617,#10618);
#10617 = CARTESIAN_POINT('',(54.359983221477,15.342281879195,20.8));
#10618 = VECTOR('',#10619,1.);
#10619 = DIRECTION('',(0.,0.,1.));
#10620 = PLANE('',#10621);
#10621 = AXIS2_PLACEMENT_3D('',#10622,#10623,#10624);
#10622 = CARTESIAN_POINT('',(53.875503355705,15.342281879195,20.8));
#10623 = DIRECTION('',(0.,1.,0.));
#10624 = DIRECTION('',(1.,0.,0.));
#10625 = ADVANCED_FACE('',(#10626),#10644,.F.);
#10626 = FACE_BOUND('',#10627,.F.);
#10627 = EDGE_LOOP('',(#10628,#10636,#10642,#10643));
#10628 = ORIENTED_EDGE('',*,*,#10629,.F.);
#10629 = EDGE_CURVE('',#10630,#10599,#10632,.T.);
#10630 = VERTEX_POINT('',#10631);
#10631 = CARTESIAN_POINT('',(53.875503355705,13.463087248322,20.8));
#10632 = LINE('',#10633,#10634);
#10633 = CARTESIAN_POINT('',(53.875503355705,13.463087248322,20.8));
#10634 = VECTOR('',#10635,1.);
#10635 = DIRECTION('',(0.,1.,0.));
#10636 = ORIENTED_EDGE('',*,*,#10637,.T.);
#10637 = EDGE_CURVE('',#10630,#3834,#10638,.T.);
#10638 = LINE('',#10639,#10640);
#10639 = CARTESIAN_POINT('',(53.875503355705,13.463087248322,20.8));
#10640 = VECTOR('',#10641,1.);
#10641 = DIRECTION('',(0.,0.,1.));
#10642 = ORIENTED_EDGE('',*,*,#3841,.F.);
#10643 = ORIENTED_EDGE('',*,*,#10608,.F.);
#10644 = PLANE('',#10645);
#10645 = AXIS2_PLACEMENT_3D('',#10646,#10647,#10648);
#10646 = CARTESIAN_POINT('',(53.875503355705,13.463087248322,20.8));
#10647 = DIRECTION('',(-1.,0.,0.));
#10648 = DIRECTION('',(0.,1.,0.));
#10649 = ADVANCED_FACE('',(#10650),#10668,.F.);
#10650 = FACE_BOUND('',#10651,.F.);
#10651 = EDGE_LOOP('',(#10652,#10660,#10666,#10667));
#10652 = ORIENTED_EDGE('',*,*,#10653,.F.);
#10653 = EDGE_CURVE('',#10654,#10630,#10656,.T.);
#10654 = VERTEX_POINT('',#10655);
#10655 = CARTESIAN_POINT('',(54.359983221477,13.463087248322,20.8));
#10656 = LINE('',#10657,#10658);
#10657 = CARTESIAN_POINT('',(54.359983221477,13.463087248322,20.8));
#10658 = VECTOR('',#10659,1.);
#10659 = DIRECTION('',(-1.,0.,0.));
#10660 = ORIENTED_EDGE('',*,*,#10661,.T.);
#10661 = EDGE_CURVE('',#10654,#3826,#10662,.T.);
#10662 = LINE('',#10663,#10664);
#10663 = CARTESIAN_POINT('',(54.359983221477,13.463087248322,20.8));
#10664 = VECTOR('',#10665,1.);
#10665 = DIRECTION('',(0.,0.,1.));
#10666 = ORIENTED_EDGE('',*,*,#3833,.F.);
#10667 = ORIENTED_EDGE('',*,*,#10637,.F.);
#10668 = PLANE('',#10669);
#10669 = AXIS2_PLACEMENT_3D('',#10670,#10671,#10672);
#10670 = CARTESIAN_POINT('',(54.359983221477,13.463087248322,20.8));
#10671 = DIRECTION('',(0.,-1.,0.));
#10672 = DIRECTION('',(-1.,0.,0.));
#10673 = ADVANCED_FACE('',(#10674),#10692,.F.);
#10674 = FACE_BOUND('',#10675,.F.);
#10675 = EDGE_LOOP('',(#10676,#10684,#10690,#10691));
#10676 = ORIENTED_EDGE('',*,*,#10677,.F.);
#10677 = EDGE_CURVE('',#10678,#10654,#10680,.T.);
#10678 = VERTEX_POINT('',#10679);
#10679 = CARTESIAN_POINT('',(54.359983221477,14.257718120805,20.8));
#10680 = LINE('',#10681,#10682);
#10681 = CARTESIAN_POINT('',(54.359983221477,14.257718120805,20.8));
#10682 = VECTOR('',#10683,1.);
#10683 = DIRECTION('',(0.,-1.,0.));
#10684 = ORIENTED_EDGE('',*,*,#10685,.T.);
#10685 = EDGE_CURVE('',#10678,#3818,#10686,.T.);
#10686 = LINE('',#10687,#10688);
#10687 = CARTESIAN_POINT('',(54.359983221477,14.257718120805,20.8));
#10688 = VECTOR('',#10689,1.);
#10689 = DIRECTION('',(0.,0.,1.));
#10690 = ORIENTED_EDGE('',*,*,#3825,.F.);
#10691 = ORIENTED_EDGE('',*,*,#10661,.F.);
#10692 = PLANE('',#10693);
#10693 = AXIS2_PLACEMENT_3D('',#10694,#10695,#10696);
#10694 = CARTESIAN_POINT('',(54.359983221477,14.257718120805,20.8));
#10695 = DIRECTION('',(1.,0.,-0.));
#10696 = DIRECTION('',(0.,-1.,0.));
#10697 = ADVANCED_FACE('',(#10698),#10716,.F.);
#10698 = FACE_BOUND('',#10699,.F.);
#10699 = EDGE_LOOP('',(#10700,#10708,#10714,#10715));
#10700 = ORIENTED_EDGE('',*,*,#10701,.F.);
#10701 = EDGE_CURVE('',#10702,#10678,#10704,.T.);
#10702 = VERTEX_POINT('',#10703);
#10703 = CARTESIAN_POINT('',(55.074748322148,14.257718120805,20.8));
#10704 = LINE('',#10705,#10706);
#10705 = CARTESIAN_POINT('',(55.074748322148,14.257718120805,20.8));
#10706 = VECTOR('',#10707,1.);
#10707 = DIRECTION('',(-1.,0.,0.));
#10708 = ORIENTED_EDGE('',*,*,#10709,.T.);
#10709 = EDGE_CURVE('',#10702,#3810,#10710,.T.);
#10710 = LINE('',#10711,#10712);
#10711 = CARTESIAN_POINT('',(55.074748322148,14.257718120805,20.8));
#10712 = VECTOR('',#10713,1.);
#10713 = DIRECTION('',(0.,0.,1.));
#10714 = ORIENTED_EDGE('',*,*,#3817,.F.);
#10715 = ORIENTED_EDGE('',*,*,#10685,.F.);
#10716 = PLANE('',#10717);
#10717 = AXIS2_PLACEMENT_3D('',#10718,#10719,#10720);
#10718 = CARTESIAN_POINT('',(55.074748322148,14.257718120805,20.8));
#10719 = DIRECTION('',(0.,-1.,0.));
#10720 = DIRECTION('',(-1.,0.,0.));
#10721 = ADVANCED_FACE('',(#10722),#10740,.F.);
#10722 = FACE_BOUND('',#10723,.F.);
#10723 = EDGE_LOOP('',(#10724,#10732,#10738,#10739));
#10724 = ORIENTED_EDGE('',*,*,#10725,.F.);
#10725 = EDGE_CURVE('',#10726,#10702,#10728,.T.);
#10726 = VERTEX_POINT('',#10727);
#10727 = CARTESIAN_POINT('',(55.074748322148,13.463087248322,20.8));
#10728 = LINE('',#10729,#10730);
#10729 = CARTESIAN_POINT('',(55.074748322148,13.463087248322,20.8));
#10730 = VECTOR('',#10731,1.);
#10731 = DIRECTION('',(0.,1.,0.));
#10732 = ORIENTED_EDGE('',*,*,#10733,.T.);
#10733 = EDGE_CURVE('',#10726,#3802,#10734,.T.);
#10734 = LINE('',#10735,#10736);
#10735 = CARTESIAN_POINT('',(55.074748322148,13.463087248322,20.8));
#10736 = VECTOR('',#10737,1.);
#10737 = DIRECTION('',(0.,0.,1.));
#10738 = ORIENTED_EDGE('',*,*,#3809,.F.);
#10739 = ORIENTED_EDGE('',*,*,#10709,.F.);
#10740 = PLANE('',#10741);
#10741 = AXIS2_PLACEMENT_3D('',#10742,#10743,#10744);
#10742 = CARTESIAN_POINT('',(55.074748322148,13.463087248322,20.8));
#10743 = DIRECTION('',(-1.,0.,0.));
#10744 = DIRECTION('',(0.,1.,0.));
#10745 = ADVANCED_FACE('',(#10746),#10764,.F.);
#10746 = FACE_BOUND('',#10747,.F.);
#10747 = EDGE_LOOP('',(#10748,#10756,#10762,#10763));
#10748 = ORIENTED_EDGE('',*,*,#10749,.F.);
#10749 = EDGE_CURVE('',#10750,#10726,#10752,.T.);
#10750 = VERTEX_POINT('',#10751);
#10751 = CARTESIAN_POINT('',(55.559228187919,13.463087248322,20.8));
#10752 = LINE('',#10753,#10754);
#10753 = CARTESIAN_POINT('',(55.559228187919,13.463087248322,20.8));
#10754 = VECTOR('',#10755,1.);
#10755 = DIRECTION('',(-1.,0.,0.));
#10756 = ORIENTED_EDGE('',*,*,#10757,.T.);
#10757 = EDGE_CURVE('',#10750,#3794,#10758,.T.);
#10758 = LINE('',#10759,#10760);
#10759 = CARTESIAN_POINT('',(55.559228187919,13.463087248322,20.8));
#10760 = VECTOR('',#10761,1.);
#10761 = DIRECTION('',(0.,0.,1.));
#10762 = ORIENTED_EDGE('',*,*,#3801,.F.);
#10763 = ORIENTED_EDGE('',*,*,#10733,.F.);
#10764 = PLANE('',#10765);
#10765 = AXIS2_PLACEMENT_3D('',#10766,#10767,#10768);
#10766 = CARTESIAN_POINT('',(55.559228187919,13.463087248322,20.8));
#10767 = DIRECTION('',(0.,-1.,0.));
#10768 = DIRECTION('',(-1.,0.,0.));
#10769 = ADVANCED_FACE('',(#10770),#10788,.F.);
#10770 = FACE_BOUND('',#10771,.F.);
#10771 = EDGE_LOOP('',(#10772,#10780,#10786,#10787));
#10772 = ORIENTED_EDGE('',*,*,#10773,.F.);
#10773 = EDGE_CURVE('',#10774,#10750,#10776,.T.);
#10774 = VERTEX_POINT('',#10775);
#10775 = CARTESIAN_POINT('',(55.559228187919,15.342281879195,20.8));
#10776 = LINE('',#10777,#10778);
#10777 = CARTESIAN_POINT('',(55.559228187919,15.342281879195,20.8));
#10778 = VECTOR('',#10779,1.);
#10779 = DIRECTION('',(0.,-1.,0.));
#10780 = ORIENTED_EDGE('',*,*,#10781,.T.);
#10781 = EDGE_CURVE('',#10774,#3786,#10782,.T.);
#10782 = LINE('',#10783,#10784);
#10783 = CARTESIAN_POINT('',(55.559228187919,15.342281879195,20.8));
#10784 = VECTOR('',#10785,1.);
#10785 = DIRECTION('',(0.,0.,1.));
#10786 = ORIENTED_EDGE('',*,*,#3793,.F.);
#10787 = ORIENTED_EDGE('',*,*,#10757,.F.);
#10788 = PLANE('',#10789);
#10789 = AXIS2_PLACEMENT_3D('',#10790,#10791,#10792);
#10790 = CARTESIAN_POINT('',(55.559228187919,15.342281879195,20.8));
#10791 = DIRECTION('',(1.,0.,-0.));
#10792 = DIRECTION('',(0.,-1.,0.));
#10793 = ADVANCED_FACE('',(#10794),#10812,.F.);
#10794 = FACE_BOUND('',#10795,.F.);
#10795 = EDGE_LOOP('',(#10796,#10804,#10810,#10811));
#10796 = ORIENTED_EDGE('',*,*,#10797,.F.);
#10797 = EDGE_CURVE('',#10798,#10774,#10800,.T.);
#10798 = VERTEX_POINT('',#10799);
#10799 = CARTESIAN_POINT('',(55.074748322148,15.342281879195,20.8));
#10800 = LINE('',#10801,#10802);
#10801 = CARTESIAN_POINT('',(55.074748322148,15.342281879195,20.8));
#10802 = VECTOR('',#10803,1.);
#10803 = DIRECTION('',(1.,0.,0.));
#10804 = ORIENTED_EDGE('',*,*,#10805,.T.);
#10805 = EDGE_CURVE('',#10798,#3778,#10806,.T.);
#10806 = LINE('',#10807,#10808);
#10807 = CARTESIAN_POINT('',(55.074748322148,15.342281879195,20.8));
#10808 = VECTOR('',#10809,1.);
#10809 = DIRECTION('',(0.,0.,1.));
#10810 = ORIENTED_EDGE('',*,*,#3785,.F.);
#10811 = ORIENTED_EDGE('',*,*,#10781,.F.);
#10812 = PLANE('',#10813);
#10813 = AXIS2_PLACEMENT_3D('',#10814,#10815,#10816);
#10814 = CARTESIAN_POINT('',(55.074748322148,15.342281879195,20.8));
#10815 = DIRECTION('',(0.,1.,0.));
#10816 = DIRECTION('',(1.,0.,0.));
#10817 = ADVANCED_FACE('',(#10818),#10836,.F.);
#10818 = FACE_BOUND('',#10819,.F.);
#10819 = EDGE_LOOP('',(#10820,#10828,#10834,#10835));
#10820 = ORIENTED_EDGE('',*,*,#10821,.F.);
#10821 = EDGE_CURVE('',#10822,#10798,#10824,.T.);
#10822 = VERTEX_POINT('',#10823);
#10823 = CARTESIAN_POINT('',(55.074748322148,14.622818791946,20.8));
#10824 = LINE('',#10825,#10826);
#10825 = CARTESIAN_POINT('',(55.074748322148,14.622818791946,20.8));
#10826 = VECTOR('',#10827,1.);
#10827 = DIRECTION('',(0.,1.,0.));
#10828 = ORIENTED_EDGE('',*,*,#10829,.T.);
#10829 = EDGE_CURVE('',#10822,#3770,#10830,.T.);
#10830 = LINE('',#10831,#10832);
#10831 = CARTESIAN_POINT('',(55.074748322148,14.622818791946,20.8));
#10832 = VECTOR('',#10833,1.);
#10833 = DIRECTION('',(0.,0.,1.));
#10834 = ORIENTED_EDGE('',*,*,#3777,.F.);
#10835 = ORIENTED_EDGE('',*,*,#10805,.F.);
#10836 = PLANE('',#10837);
#10837 = AXIS2_PLACEMENT_3D('',#10838,#10839,#10840);
#10838 = CARTESIAN_POINT('',(55.074748322148,14.622818791946,20.8));
#10839 = DIRECTION('',(-1.,0.,0.));
#10840 = DIRECTION('',(0.,1.,0.));
#10841 = ADVANCED_FACE('',(#10842),#10860,.F.);
#10842 = FACE_BOUND('',#10843,.F.);
#10843 = EDGE_LOOP('',(#10844,#10852,#10858,#10859));
#10844 = ORIENTED_EDGE('',*,*,#10845,.F.);
#10845 = EDGE_CURVE('',#10846,#10822,#10848,.T.);
#10846 = VERTEX_POINT('',#10847);
#10847 = CARTESIAN_POINT('',(54.359983221477,14.622818791946,20.8));
#10848 = LINE('',#10849,#10850);
#10849 = CARTESIAN_POINT('',(54.359983221477,14.622818791946,20.8));
#10850 = VECTOR('',#10851,1.);
#10851 = DIRECTION('',(1.,0.,0.));
#10852 = ORIENTED_EDGE('',*,*,#10853,.T.);
#10853 = EDGE_CURVE('',#10846,#3762,#10854,.T.);
#10854 = LINE('',#10855,#10856);
#10855 = CARTESIAN_POINT('',(54.359983221477,14.622818791946,20.8));
#10856 = VECTOR('',#10857,1.);
#10857 = DIRECTION('',(0.,0.,1.));
#10858 = ORIENTED_EDGE('',*,*,#3769,.F.);
#10859 = ORIENTED_EDGE('',*,*,#10829,.F.);
#10860 = PLANE('',#10861);
#10861 = AXIS2_PLACEMENT_3D('',#10862,#10863,#10864);
#10862 = CARTESIAN_POINT('',(54.359983221477,14.622818791946,20.8));
#10863 = DIRECTION('',(0.,1.,0.));
#10864 = DIRECTION('',(1.,0.,0.));
#10865 = ADVANCED_FACE('',(#10866),#10877,.F.);
#10866 = FACE_BOUND('',#10867,.F.);
#10867 = EDGE_LOOP('',(#10868,#10874,#10875,#10876));
#10868 = ORIENTED_EDGE('',*,*,#10869,.F.);
#10869 = EDGE_CURVE('',#10601,#10846,#10870,.T.);
#10870 = LINE('',#10871,#10872);
#10871 = CARTESIAN_POINT('',(54.359983221477,15.342281879195,20.8));
#10872 = VECTOR('',#10873,1.);
#10873 = DIRECTION('',(0.,-1.,0.));
#10874 = ORIENTED_EDGE('',*,*,#10615,.T.);
#10875 = ORIENTED_EDGE('',*,*,#3761,.F.);
#10876 = ORIENTED_EDGE('',*,*,#10853,.F.);
#10877 = PLANE('',#10878);
#10878 = AXIS2_PLACEMENT_3D('',#10879,#10880,#10881);
#10879 = CARTESIAN_POINT('',(54.359983221477,15.342281879195,20.8));
#10880 = DIRECTION('',(1.,0.,-0.));
#10881 = DIRECTION('',(0.,-1.,0.));
#10882 = ADVANCED_FACE('',(#10883),#10897,.T.);
#10883 = FACE_BOUND('',#10884,.F.);
#10884 = EDGE_LOOP('',(#10885,#10886,#10887,#10888,#10889,#10890,#10891,
    #10892,#10893,#10894,#10895,#10896));
#10885 = ORIENTED_EDGE('',*,*,#10598,.T.);
#10886 = ORIENTED_EDGE('',*,*,#10869,.T.);
#10887 = ORIENTED_EDGE('',*,*,#10845,.T.);
#10888 = ORIENTED_EDGE('',*,*,#10821,.T.);
#10889 = ORIENTED_EDGE('',*,*,#10797,.T.);
#10890 = ORIENTED_EDGE('',*,*,#10773,.T.);
#10891 = ORIENTED_EDGE('',*,*,#10749,.T.);
#10892 = ORIENTED_EDGE('',*,*,#10725,.T.);
#10893 = ORIENTED_EDGE('',*,*,#10701,.T.);
#10894 = ORIENTED_EDGE('',*,*,#10677,.T.);
#10895 = ORIENTED_EDGE('',*,*,#10653,.T.);
#10896 = ORIENTED_EDGE('',*,*,#10629,.T.);
#10897 = PLANE('',#10898);
#10898 = AXIS2_PLACEMENT_3D('',#10899,#10900,#10901);
#10899 = CARTESIAN_POINT('',(54.717365771812,14.405273044284,20.8));
#10900 = DIRECTION('',(0.,0.,1.));
#10901 = DIRECTION('',(1.,0.,-0.));
#10902 = ADVANCED_FACE('',(#10903),#10928,.F.);
#10903 = FACE_BOUND('',#10904,.F.);
#10904 = EDGE_LOOP('',(#10905,#10915,#10921,#10922));
#10905 = ORIENTED_EDGE('',*,*,#10906,.F.);
#10906 = EDGE_CURVE('',#10907,#10909,#10911,.T.);
#10907 = VERTEX_POINT('',#10908);
#10908 = CARTESIAN_POINT('',(53.475503355705,13.564345637584,20.8));
#10909 = VERTEX_POINT('',#10910);
#10910 = CARTESIAN_POINT('',(53.197399328859,13.460570469799,20.8));
#10911 = B_SPLINE_CURVE_WITH_KNOTS('',2,(#10912,#10913,#10914),
  .UNSPECIFIED.,.F.,.F.,(3,3),(0.,1.),.PIECEWISE_BEZIER_KNOTS.);
#10912 = CARTESIAN_POINT('',(53.475503355705,13.564345637584,20.8));
#10913 = CARTESIAN_POINT('',(53.34211409396,13.495553691275,20.8));
#10914 = CARTESIAN_POINT('',(53.197399328859,13.460570469799,20.8));
#10915 = ORIENTED_EDGE('',*,*,#10916,.T.);
#10916 = EDGE_CURVE('',#10907,#3852,#10917,.T.);
#10917 = LINE('',#10918,#10919);
#10918 = CARTESIAN_POINT('',(53.475503355705,13.564345637584,20.8));
#10919 = VECTOR('',#10920,1.);
#10920 = DIRECTION('',(0.,0.,1.));
#10921 = ORIENTED_EDGE('',*,*,#3849,.F.);
#10922 = ORIENTED_EDGE('',*,*,#10923,.F.);
#10923 = EDGE_CURVE('',#10909,#3850,#10924,.T.);
#10924 = LINE('',#10925,#10926);
#10925 = CARTESIAN_POINT('',(53.197399328859,13.460570469799,20.8));
#10926 = VECTOR('',#10927,1.);
#10927 = DIRECTION('',(0.,0.,1.));
#10928 = SURFACE_OF_LINEAR_EXTRUSION('',#10929,#10933);
#10929 = B_SPLINE_CURVE_WITH_KNOTS('',2,(#10930,#10931,#10932),
  .UNSPECIFIED.,.F.,.F.,(3,3),(0.,1.),.PIECEWISE_BEZIER_KNOTS.);
#10930 = CARTESIAN_POINT('',(53.475503355705,13.564345637584,20.8));
#10931 = CARTESIAN_POINT('',(53.34211409396,13.495553691275,20.8));
#10932 = CARTESIAN_POINT('',(53.197399328859,13.460570469799,20.8));
#10933 = VECTOR('',#10934,1.);
#10934 = DIRECTION('',(-0.,-0.,-1.));
#10935 = ADVANCED_FACE('',(#10936),#10954,.F.);
#10936 = FACE_BOUND('',#10937,.F.);
#10937 = EDGE_LOOP('',(#10938,#10946,#10952,#10953));
#10938 = ORIENTED_EDGE('',*,*,#10939,.F.);
#10939 = EDGE_CURVE('',#10940,#10907,#10942,.T.);
#10940 = VERTEX_POINT('',#10941);
#10941 = CARTESIAN_POINT('',(53.475503355705,13.951677852349,20.8));
#10942 = LINE('',#10943,#10944);
#10943 = CARTESIAN_POINT('',(53.475503355705,13.951677852349,20.8));
#10944 = VECTOR('',#10945,1.);
#10945 = DIRECTION('',(0.,-1.,-0.));
#10946 = ORIENTED_EDGE('',*,*,#10947,.T.);
#10947 = EDGE_CURVE('',#10940,#4063,#10948,.T.);
#10948 = LINE('',#10949,#10950);
#10949 = CARTESIAN_POINT('',(53.475503355705,13.951677852349,20.8));
#10950 = VECTOR('',#10951,1.);
#10951 = DIRECTION('',(0.,0.,1.));
#10952 = ORIENTED_EDGE('',*,*,#4072,.F.);
#10953 = ORIENTED_EDGE('',*,*,#10916,.F.);
#10954 = PLANE('',#10955);
#10955 = AXIS2_PLACEMENT_3D('',#10956,#10957,#10958);
#10956 = CARTESIAN_POINT('',(53.475503355705,13.951677852349,20.8));
#10957 = DIRECTION('',(1.,0.,-0.));
#10958 = DIRECTION('',(0.,-1.,0.));
#10959 = ADVANCED_FACE('',(#10960),#10978,.F.);
#10960 = FACE_BOUND('',#10961,.F.);
#10961 = EDGE_LOOP('',(#10962,#10970,#10976,#10977));
#10962 = ORIENTED_EDGE('',*,*,#10963,.F.);
#10963 = EDGE_CURVE('',#10964,#10940,#10966,.T.);
#10964 = VERTEX_POINT('',#10965);
#10965 = CARTESIAN_POINT('',(53.209983221477,13.817197986577,20.8));
#10966 = B_SPLINE_CURVE_WITH_KNOTS('',2,(#10967,#10968,#10969),
  .UNSPECIFIED.,.F.,.F.,(3,3),(0.,1.),.PIECEWISE_BEZIER_KNOTS.);
#10967 = CARTESIAN_POINT('',(53.209983221477,13.817197986577,20.8));
#10968 = CARTESIAN_POINT('',(53.340855704698,13.859983221477,20.8));
#10969 = CARTESIAN_POINT('',(53.475503355705,13.951677852349,20.8));
#10970 = ORIENTED_EDGE('',*,*,#10971,.T.);
#10971 = EDGE_CURVE('',#10964,#4053,#10972,.T.);
#10972 = LINE('',#10973,#10974);
#10973 = CARTESIAN_POINT('',(53.209983221477,13.817197986577,20.8));
#10974 = VECTOR('',#10975,1.);
#10975 = DIRECTION('',(0.,0.,1.));
#10976 = ORIENTED_EDGE('',*,*,#4062,.F.);
#10977 = ORIENTED_EDGE('',*,*,#10947,.F.);
#10978 = SURFACE_OF_LINEAR_EXTRUSION('',#10979,#10983);
#10979 = B_SPLINE_CURVE_WITH_KNOTS('',2,(#10980,#10981,#10982),
  .UNSPECIFIED.,.F.,.F.,(3,3),(0.,1.),.PIECEWISE_BEZIER_KNOTS.);
#10980 = CARTESIAN_POINT('',(53.209983221477,13.817197986577,20.8));
#10981 = CARTESIAN_POINT('',(53.340855704698,13.859983221477,20.8));
#10982 = CARTESIAN_POINT('',(53.475503355705,13.951677852349,20.8));
#10983 = VECTOR('',#10984,1.);
#10984 = DIRECTION('',(-0.,-0.,-1.));
#10985 = ADVANCED_FACE('',(#10986),#11004,.F.);
#10986 = FACE_BOUND('',#10987,.F.);
#10987 = EDGE_LOOP('',(#10988,#10996,#11002,#11003));
#10988 = ORIENTED_EDGE('',*,*,#10989,.F.);
#10989 = EDGE_CURVE('',#10990,#10964,#10992,.T.);
#10990 = VERTEX_POINT('',#10991);
#10991 = CARTESIAN_POINT('',(52.934395973154,13.774496644295,20.8));
#10992 = B_SPLINE_CURVE_WITH_KNOTS('',2,(#10993,#10994,#10995),
  .UNSPECIFIED.,.F.,.F.,(3,3),(0.,1.),.PIECEWISE_BEZIER_KNOTS.);
#10993 = CARTESIAN_POINT('',(52.934395973154,13.774496644295,20.8));
#10994 = CARTESIAN_POINT('',(53.079110738255,13.774496644295,20.8));
#10995 = CARTESIAN_POINT('',(53.209983221477,13.817197986577,20.8));
#10996 = ORIENTED_EDGE('',*,*,#10997,.T.);
#10997 = EDGE_CURVE('',#10990,#4038,#10998,.T.);
#10998 = LINE('',#10999,#11000);
#10999 = CARTESIAN_POINT('',(52.934395973154,13.774496644295,20.8));
#11000 = VECTOR('',#11001,1.);
#11001 = DIRECTION('',(0.,0.,1.));
#11002 = ORIENTED_EDGE('',*,*,#4052,.F.);
#11003 = ORIENTED_EDGE('',*,*,#10971,.F.);
#11004 = SURFACE_OF_LINEAR_EXTRUSION('',#11005,#11009);
#11005 = B_SPLINE_CURVE_WITH_KNOTS('',2,(#11006,#11007,#11008),
  .UNSPECIFIED.,.F.,.F.,(3,3),(0.,1.),.PIECEWISE_BEZIER_KNOTS.);
#11006 = CARTESIAN_POINT('',(52.934395973154,13.774496644295,20.8));
#11007 = CARTESIAN_POINT('',(53.079110738255,13.774496644295,20.8));
#11008 = CARTESIAN_POINT('',(53.209983221477,13.817197986577,20.8));
#11009 = VECTOR('',#11010,1.);
#11010 = DIRECTION('',(-0.,-0.,-1.));
#11011 = ADVANCED_FACE('',(#11012),#11030,.F.);
#11012 = FACE_BOUND('',#11013,.F.);
#11013 = EDGE_LOOP('',(#11014,#11022,#11028,#11029));
#11014 = ORIENTED_EDGE('',*,*,#11015,.F.);
#11015 = EDGE_CURVE('',#11016,#10990,#11018,.T.);
#11016 = VERTEX_POINT('',#11017);
#11017 = CARTESIAN_POINT('',(52.526677852349,13.94110738255,20.8));
#11018 = B_SPLINE_CURVE_WITH_KNOTS('',2,(#11019,#11020,#11021),
  .UNSPECIFIED.,.F.,.F.,(3,3),(0.,1.),.PIECEWISE_BEZIER_KNOTS.);
#11019 = CARTESIAN_POINT('',(52.526677852349,13.94110738255,20.8));
#11020 = CARTESIAN_POINT('',(52.675167785235,13.774496644295,20.8));
#11021 = CARTESIAN_POINT('',(52.934395973154,13.774496644295,20.8));
#11022 = ORIENTED_EDGE('',*,*,#11023,.T.);
#11023 = EDGE_CURVE('',#11016,#4021,#11024,.T.);
#11024 = LINE('',#11025,#11026);
#11025 = CARTESIAN_POINT('',(52.526677852349,13.94110738255,20.8));
#11026 = VECTOR('',#11027,1.);
#11027 = DIRECTION('',(0.,0.,1.));
#11028 = ORIENTED_EDGE('',*,*,#4037,.F.);
#11029 = ORIENTED_EDGE('',*,*,#10997,.F.);
#11030 = SURFACE_OF_LINEAR_EXTRUSION('',#11031,#11035);
#11031 = B_SPLINE_CURVE_WITH_KNOTS('',2,(#11032,#11033,#11034),
  .UNSPECIFIED.,.F.,.F.,(3,3),(0.,1.),.PIECEWISE_BEZIER_KNOTS.);
#11032 = CARTESIAN_POINT('',(52.526677852349,13.94110738255,20.8));
#11033 = CARTESIAN_POINT('',(52.675167785235,13.774496644295,20.8));
#11034 = CARTESIAN_POINT('',(52.934395973154,13.774496644295,20.8));
#11035 = VECTOR('',#11036,1.);
#11036 = DIRECTION('',(-0.,-0.,-1.));
#11037 = ADVANCED_FACE('',(#11038),#11056,.F.);
#11038 = FACE_BOUND('',#11039,.F.);
#11039 = EDGE_LOOP('',(#11040,#11048,#11054,#11055));
#11040 = ORIENTED_EDGE('',*,*,#11041,.F.);
#11041 = EDGE_CURVE('',#11042,#11016,#11044,.T.);
#11042 = VERTEX_POINT('',#11043);
#11043 = CARTESIAN_POINT('',(52.378187919463,14.39932885906,20.8));
#11044 = B_SPLINE_CURVE_WITH_KNOTS('',2,(#11045,#11046,#11047),
  .UNSPECIFIED.,.F.,.F.,(3,3),(0.,1.),.PIECEWISE_BEZIER_KNOTS.);
#11045 = CARTESIAN_POINT('',(52.378187919463,14.39932885906,20.8));
#11046 = CARTESIAN_POINT('',(52.378187919463,14.107802013423,20.8));
#11047 = CARTESIAN_POINT('',(52.526677852349,13.94110738255,20.8));
#11048 = ORIENTED_EDGE('',*,*,#11049,.T.);
#11049 = EDGE_CURVE('',#11042,#4009,#11050,.T.);
#11050 = LINE('',#11051,#11052);
#11051 = CARTESIAN_POINT('',(52.378187919463,14.39932885906,20.8));
#11052 = VECTOR('',#11053,1.);
#11053 = DIRECTION('',(0.,0.,1.));
#11054 = ORIENTED_EDGE('',*,*,#4020,.F.);
#11055 = ORIENTED_EDGE('',*,*,#11023,.F.);
#11056 = SURFACE_OF_LINEAR_EXTRUSION('',#11057,#11061);
#11057 = B_SPLINE_CURVE_WITH_KNOTS('',2,(#11058,#11059,#11060),
  .UNSPECIFIED.,.F.,.F.,(3,3),(0.,1.),.PIECEWISE_BEZIER_KNOTS.);
#11058 = CARTESIAN_POINT('',(52.378187919463,14.39932885906,20.8));
#11059 = CARTESIAN_POINT('',(52.378187919463,14.107802013423,20.8));
#11060 = CARTESIAN_POINT('',(52.526677852349,13.94110738255,20.8));
#11061 = VECTOR('',#11062,1.);
#11062 = DIRECTION('',(-0.,-0.,-1.));
#11063 = ADVANCED_FACE('',(#11064),#11082,.F.);
#11064 = FACE_BOUND('',#11065,.F.);
#11065 = EDGE_LOOP('',(#11066,#11074,#11080,#11081));
#11066 = ORIENTED_EDGE('',*,*,#11067,.F.);
#11067 = EDGE_CURVE('',#11068,#11042,#11070,.T.);
#11068 = VERTEX_POINT('',#11069);
#11069 = CARTESIAN_POINT('',(52.526677852349,14.858808724832,20.8));
#11070 = B_SPLINE_CURVE_WITH_KNOTS('',2,(#11071,#11072,#11073),
  .UNSPECIFIED.,.F.,.F.,(3,3),(0.,1.),.PIECEWISE_BEZIER_KNOTS.);
#11071 = CARTESIAN_POINT('',(52.526677852349,14.858808724832,20.8));
#11072 = CARTESIAN_POINT('',(52.378187919463,14.692197986577,20.8));
#11073 = CARTESIAN_POINT('',(52.378187919463,14.39932885906,20.8));
#11074 = ORIENTED_EDGE('',*,*,#11075,.T.);
#11075 = EDGE_CURVE('',#11068,#3994,#11076,.T.);
#11076 = LINE('',#11077,#11078);
#11077 = CARTESIAN_POINT('',(52.526677852349,14.858808724832,20.8));
#11078 = VECTOR('',#11079,1.);
#11079 = DIRECTION('',(0.,0.,1.));
#11080 = ORIENTED_EDGE('',*,*,#4008,.F.);
#11081 = ORIENTED_EDGE('',*,*,#11049,.F.);
#11082 = SURFACE_OF_LINEAR_EXTRUSION('',#11083,#11087);
#11083 = B_SPLINE_CURVE_WITH_KNOTS('',2,(#11084,#11085,#11086),
  .UNSPECIFIED.,.F.,.F.,(3,3),(0.,1.),.PIECEWISE_BEZIER_KNOTS.);
#11084 = CARTESIAN_POINT('',(52.526677852349,14.858808724832,20.8));
#11085 = CARTESIAN_POINT('',(52.378187919463,14.692197986577,20.8));
#11086 = CARTESIAN_POINT('',(52.378187919463,14.39932885906,20.8));
#11087 = VECTOR('',#11088,1.);
#11088 = DIRECTION('',(-0.,-0.,-1.));
#11089 = ADVANCED_FACE('',(#11090),#11108,.F.);
#11090 = FACE_BOUND('',#11091,.F.);
#11091 = EDGE_LOOP('',(#11092,#11100,#11106,#11107));
#11092 = ORIENTED_EDGE('',*,*,#11093,.F.);
#11093 = EDGE_CURVE('',#11094,#11068,#11096,.T.);
#11094 = VERTEX_POINT('',#11095);
#11095 = CARTESIAN_POINT('',(52.934395973154,15.025503355705,20.8));
#11096 = B_SPLINE_CURVE_WITH_KNOTS('',2,(#11097,#11098,#11099),
  .UNSPECIFIED.,.F.,.F.,(3,3),(0.,1.),.PIECEWISE_BEZIER_KNOTS.);
#11097 = CARTESIAN_POINT('',(52.934395973154,15.025503355705,20.8));
#11098 = CARTESIAN_POINT('',(52.675167785235,15.025503355705,20.8));
#11099 = CARTESIAN_POINT('',(52.526677852349,14.858808724832,20.8));
#11100 = ORIENTED_EDGE('',*,*,#11101,.T.);
#11101 = EDGE_CURVE('',#11094,#3984,#11102,.T.);
#11102 = LINE('',#11103,#11104);
#11103 = CARTESIAN_POINT('',(52.934395973154,15.025503355705,20.8));
#11104 = VECTOR('',#11105,1.);
#11105 = DIRECTION('',(0.,0.,1.));
#11106 = ORIENTED_EDGE('',*,*,#3993,.F.);
#11107 = ORIENTED_EDGE('',*,*,#11075,.F.);
#11108 = SURFACE_OF_LINEAR_EXTRUSION('',#11109,#11113);
#11109 = B_SPLINE_CURVE_WITH_KNOTS('',2,(#11110,#11111,#11112),
  .UNSPECIFIED.,.F.,.F.,(3,3),(0.,1.),.PIECEWISE_BEZIER_KNOTS.);
#11110 = CARTESIAN_POINT('',(52.934395973154,15.025503355705,20.8));
#11111 = CARTESIAN_POINT('',(52.675167785235,15.025503355705,20.8));
#11112 = CARTESIAN_POINT('',(52.526677852349,14.858808724832,20.8));
#11113 = VECTOR('',#11114,1.);
#11114 = DIRECTION('',(-0.,-0.,-1.));
#11115 = ADVANCED_FACE('',(#11116),#11134,.F.);
#11116 = FACE_BOUND('',#11117,.F.);
#11117 = EDGE_LOOP('',(#11118,#11126,#11132,#11133));
#11118 = ORIENTED_EDGE('',*,*,#11119,.F.);
#11119 = EDGE_CURVE('',#11120,#11094,#11122,.T.);
#11120 = VERTEX_POINT('',#11121);
#11121 = CARTESIAN_POINT('',(53.209983221477,14.982718120805,20.8));
#11122 = B_SPLINE_CURVE_WITH_KNOTS('',2,(#11123,#11124,#11125),
  .UNSPECIFIED.,.F.,.F.,(3,3),(0.,1.),.PIECEWISE_BEZIER_KNOTS.);
#11123 = CARTESIAN_POINT('',(53.209983221477,14.982718120805,20.8));
#11124 = CARTESIAN_POINT('',(53.079110738255,15.025503355705,20.8));
#11125 = CARTESIAN_POINT('',(52.934395973154,15.025503355705,20.8));
#11126 = ORIENTED_EDGE('',*,*,#11127,.T.);
#11127 = EDGE_CURVE('',#11120,#3974,#11128,.T.);
#11128 = LINE('',#11129,#11130);
#11129 = CARTESIAN_POINT('',(53.209983221477,14.982718120805,20.8));
#11130 = VECTOR('',#11131,1.);
#11131 = DIRECTION('',(0.,0.,1.));
#11132 = ORIENTED_EDGE('',*,*,#3983,.F.);
#11133 = ORIENTED_EDGE('',*,*,#11101,.F.);
#11134 = SURFACE_OF_LINEAR_EXTRUSION('',#11135,#11139);
#11135 = B_SPLINE_CURVE_WITH_KNOTS('',2,(#11136,#11137,#11138),
  .UNSPECIFIED.,.F.,.F.,(3,3),(0.,1.),.PIECEWISE_BEZIER_KNOTS.);
#11136 = CARTESIAN_POINT('',(53.209983221477,14.982718120805,20.8));
#11137 = CARTESIAN_POINT('',(53.079110738255,15.025503355705,20.8));
#11138 = CARTESIAN_POINT('',(52.934395973154,15.025503355705,20.8));
#11139 = VECTOR('',#11140,1.);
#11140 = DIRECTION('',(-0.,-0.,-1.));
#11141 = ADVANCED_FACE('',(#11142),#11160,.F.);
#11142 = FACE_BOUND('',#11143,.F.);
#11143 = EDGE_LOOP('',(#11144,#11152,#11158,#11159));
#11144 = ORIENTED_EDGE('',*,*,#11145,.F.);
#11145 = EDGE_CURVE('',#11146,#11120,#11148,.T.);
#11146 = VERTEX_POINT('',#11147);
#11147 = CARTESIAN_POINT('',(53.475503355705,14.848322147651,20.8));
#11148 = B_SPLINE_CURVE_WITH_KNOTS('',2,(#11149,#11150,#11151),
  .UNSPECIFIED.,.F.,.F.,(3,3),(0.,1.),.PIECEWISE_BEZIER_KNOTS.);
#11149 = CARTESIAN_POINT('',(53.475503355705,14.848322147651,20.8));
#11150 = CARTESIAN_POINT('',(53.340855704698,14.940016778523,20.8));
#11151 = CARTESIAN_POINT('',(53.209983221477,14.982718120805,20.8));
#11152 = ORIENTED_EDGE('',*,*,#11153,.T.);
#11153 = EDGE_CURVE('',#11146,#3966,#11154,.T.);
#11154 = LINE('',#11155,#11156);
#11155 = CARTESIAN_POINT('',(53.475503355705,14.848322147651,20.8));
#11156 = VECTOR('',#11157,1.);
#11157 = DIRECTION('',(0.,0.,1.));
#11158 = ORIENTED_EDGE('',*,*,#3973,.F.);
#11159 = ORIENTED_EDGE('',*,*,#11127,.F.);
#11160 = SURFACE_OF_LINEAR_EXTRUSION('',#11161,#11165);
#11161 = B_SPLINE_CURVE_WITH_KNOTS('',2,(#11162,#11163,#11164),
  .UNSPECIFIED.,.F.,.F.,(3,3),(0.,1.),.PIECEWISE_BEZIER_KNOTS.);
#11162 = CARTESIAN_POINT('',(53.475503355705,14.848322147651,20.8));
#11163 = CARTESIAN_POINT('',(53.340855704698,14.940016778523,20.8));
#11164 = CARTESIAN_POINT('',(53.209983221477,14.982718120805,20.8));
#11165 = VECTOR('',#11166,1.);
#11166 = DIRECTION('',(-0.,-0.,-1.));
#11167 = ADVANCED_FACE('',(#11168),#11186,.F.);
#11168 = FACE_BOUND('',#11169,.F.);
#11169 = EDGE_LOOP('',(#11170,#11178,#11184,#11185));
#11170 = ORIENTED_EDGE('',*,*,#11171,.F.);
#11171 = EDGE_CURVE('',#11172,#11146,#11174,.T.);
#11172 = VERTEX_POINT('',#11173);
#11173 = CARTESIAN_POINT('',(53.475503355705,15.235654362416,20.8));
#11174 = LINE('',#11175,#11176);
#11175 = CARTESIAN_POINT('',(53.475503355705,15.235654362416,20.8));
#11176 = VECTOR('',#11177,1.);
#11177 = DIRECTION('',(0.,-1.,-0.));
#11178 = ORIENTED_EDGE('',*,*,#11179,.T.);
#11179 = EDGE_CURVE('',#11172,#3953,#11180,.T.);
#11180 = LINE('',#11181,#11182);
#11181 = CARTESIAN_POINT('',(53.475503355705,15.235654362416,20.8));
#11182 = VECTOR('',#11183,1.);
#11183 = DIRECTION('',(0.,0.,1.));
#11184 = ORIENTED_EDGE('',*,*,#3965,.F.);
#11185 = ORIENTED_EDGE('',*,*,#11153,.F.);
#11186 = PLANE('',#11187);
#11187 = AXIS2_PLACEMENT_3D('',#11188,#11189,#11190);
#11188 = CARTESIAN_POINT('',(53.475503355705,15.235654362416,20.8));
#11189 = DIRECTION('',(1.,0.,-0.));
#11190 = DIRECTION('',(0.,-1.,0.));
#11191 = ADVANCED_FACE('',(#11192),#11210,.F.);
#11192 = FACE_BOUND('',#11193,.F.);
#11193 = EDGE_LOOP('',(#11194,#11202,#11208,#11209));
#11194 = ORIENTED_EDGE('',*,*,#11195,.F.);
#11195 = EDGE_CURVE('',#11196,#11172,#11198,.T.);
#11196 = VERTEX_POINT('',#11197);
#11197 = CARTESIAN_POINT('',(53.197399328859,15.339429530201,20.8));
#11198 = B_SPLINE_CURVE_WITH_KNOTS('',2,(#11199,#11200,#11201),
  .UNSPECIFIED.,.F.,.F.,(3,3),(0.,1.),.PIECEWISE_BEZIER_KNOTS.);
#11199 = CARTESIAN_POINT('',(53.197399328859,15.339429530201,20.8));
#11200 = CARTESIAN_POINT('',(53.34211409396,15.304446308725,20.8));
#11201 = CARTESIAN_POINT('',(53.475503355705,15.235654362416,20.8));
#11202 = ORIENTED_EDGE('',*,*,#11203,.T.);
#11203 = EDGE_CURVE('',#11196,#3943,#11204,.T.);
#11204 = LINE('',#11205,#11206);
#11205 = CARTESIAN_POINT('',(53.197399328859,15.339429530201,20.8));
#11206 = VECTOR('',#11207,1.);
#11207 = DIRECTION('',(0.,0.,1.));
#11208 = ORIENTED_EDGE('',*,*,#3952,.F.);
#11209 = ORIENTED_EDGE('',*,*,#11179,.F.);
#11210 = SURFACE_OF_LINEAR_EXTRUSION('',#11211,#11215);
#11211 = B_SPLINE_CURVE_WITH_KNOTS('',2,(#11212,#11213,#11214),
  .UNSPECIFIED.,.F.,.F.,(3,3),(0.,1.),.PIECEWISE_BEZIER_KNOTS.);
#11212 = CARTESIAN_POINT('',(53.197399328859,15.339429530201,20.8));
#11213 = CARTESIAN_POINT('',(53.34211409396,15.304446308725,20.8));
#11214 = CARTESIAN_POINT('',(53.475503355705,15.235654362416,20.8));
#11215 = VECTOR('',#11216,1.);
#11216 = DIRECTION('',(-0.,-0.,-1.));
#11217 = ADVANCED_FACE('',(#11218),#11236,.F.);
#11218 = FACE_BOUND('',#11219,.F.);
#11219 = EDGE_LOOP('',(#11220,#11228,#11234,#11235));
#11220 = ORIENTED_EDGE('',*,*,#11221,.F.);
#11221 = EDGE_CURVE('',#11222,#11196,#11224,.T.);
#11222 = VERTEX_POINT('',#11223);
#11223 = CARTESIAN_POINT('',(52.89538590604,15.374496644295,20.8));
#11224 = B_SPLINE_CURVE_WITH_KNOTS('',2,(#11225,#11226,#11227),
  .UNSPECIFIED.,.F.,.F.,(3,3),(0.,1.),.PIECEWISE_BEZIER_KNOTS.);
#11225 = CARTESIAN_POINT('',(52.89538590604,15.374496644295,20.8));
#11226 = CARTESIAN_POINT('',(53.052684563758,15.374496644295,20.8));
#11227 = CARTESIAN_POINT('',(53.197399328859,15.339429530201,20.8));
#11228 = ORIENTED_EDGE('',*,*,#11229,.T.);
#11229 = EDGE_CURVE('',#11222,#3926,#11230,.T.);
#11230 = LINE('',#11231,#11232);
#11231 = CARTESIAN_POINT('',(52.89538590604,15.374496644295,20.8));
#11232 = VECTOR('',#11233,1.);
#11233 = DIRECTION('',(0.,0.,1.));
#11234 = ORIENTED_EDGE('',*,*,#3942,.F.);
#11235 = ORIENTED_EDGE('',*,*,#11203,.F.);
#11236 = SURFACE_OF_LINEAR_EXTRUSION('',#11237,#11241);
#11237 = B_SPLINE_CURVE_WITH_KNOTS('',2,(#11238,#11239,#11240),
  .UNSPECIFIED.,.F.,.F.,(3,3),(0.,1.),.PIECEWISE_BEZIER_KNOTS.);
#11238 = CARTESIAN_POINT('',(52.89538590604,15.374496644295,20.8));
#11239 = CARTESIAN_POINT('',(53.052684563758,15.374496644295,20.8));
#11240 = CARTESIAN_POINT('',(53.197399328859,15.339429530201,20.8));
#11241 = VECTOR('',#11242,1.);
#11242 = DIRECTION('',(-0.,-0.,-1.));
#11243 = ADVANCED_FACE('',(#11244),#11262,.F.);
#11244 = FACE_BOUND('',#11245,.F.);
#11245 = EDGE_LOOP('',(#11246,#11254,#11260,#11261));
#11246 = ORIENTED_EDGE('',*,*,#11247,.F.);
#11247 = EDGE_CURVE('',#11248,#11222,#11250,.T.);
#11248 = VERTEX_POINT('',#11249);
#11249 = CARTESIAN_POINT('',(52.151677852349,15.11216442953,20.8));
#11250 = B_SPLINE_CURVE_WITH_KNOTS('',2,(#11251,#11252,#11253),
  .UNSPECIFIED.,.F.,.F.,(3,3),(0.,1.),.PIECEWISE_BEZIER_KNOTS.);
#11251 = CARTESIAN_POINT('',(52.151677852349,15.11216442953,20.8));
#11252 = CARTESIAN_POINT('',(52.426006711409,15.374496644295,20.8));
#11253 = CARTESIAN_POINT('',(52.89538590604,15.374496644295,20.8));
#11254 = ORIENTED_EDGE('',*,*,#11255,.T.);
#11255 = EDGE_CURVE('',#11248,#3909,#11256,.T.);
#11256 = LINE('',#11257,#11258);
#11257 = CARTESIAN_POINT('',(52.151677852349,15.11216442953,20.8));
#11258 = VECTOR('',#11259,1.);
#11259 = DIRECTION('',(0.,0.,1.));
#11260 = ORIENTED_EDGE('',*,*,#3925,.F.);
#11261 = ORIENTED_EDGE('',*,*,#11229,.F.);
#11262 = SURFACE_OF_LINEAR_EXTRUSION('',#11263,#11267);
#11263 = B_SPLINE_CURVE_WITH_KNOTS('',2,(#11264,#11265,#11266),
  .UNSPECIFIED.,.F.,.F.,(3,3),(0.,1.),.PIECEWISE_BEZIER_KNOTS.);
#11264 = CARTESIAN_POINT('',(52.151677852349,15.11216442953,20.8));
#11265 = CARTESIAN_POINT('',(52.426006711409,15.374496644295,20.8));
#11266 = CARTESIAN_POINT('',(52.89538590604,15.374496644295,20.8));
#11267 = VECTOR('',#11268,1.);
#11268 = DIRECTION('',(-0.,-0.,-1.));
#11269 = ADVANCED_FACE('',(#11270),#11288,.F.);
#11270 = FACE_BOUND('',#11271,.F.);
#11271 = EDGE_LOOP('',(#11272,#11280,#11286,#11287));
#11272 = ORIENTED_EDGE('',*,*,#11273,.F.);
#11273 = EDGE_CURVE('',#11274,#11248,#11276,.T.);
#11274 = VERTEX_POINT('',#11275);
#11275 = CARTESIAN_POINT('',(51.877348993289,14.399412751678,20.8));
#11276 = B_SPLINE_CURVE_WITH_KNOTS('',2,(#11277,#11278,#11279),
  .UNSPECIFIED.,.F.,.F.,(3,3),(0.,1.),.PIECEWISE_BEZIER_KNOTS.);
#11277 = CARTESIAN_POINT('',(51.877348993289,14.399412751678,20.8));
#11278 = CARTESIAN_POINT('',(51.877348993289,14.849832214765,20.8));
#11279 = CARTESIAN_POINT('',(52.151677852349,15.11216442953,20.8));
#11280 = ORIENTED_EDGE('',*,*,#11281,.T.);
#11281 = EDGE_CURVE('',#11274,#3892,#11282,.T.);
#11282 = LINE('',#11283,#11284);
#11283 = CARTESIAN_POINT('',(51.877348993289,14.399412751678,20.8));
#11284 = VECTOR('',#11285,1.);
#11285 = DIRECTION('',(0.,0.,1.));
#11286 = ORIENTED_EDGE('',*,*,#3908,.F.);
#11287 = ORIENTED_EDGE('',*,*,#11255,.F.);
#11288 = SURFACE_OF_LINEAR_EXTRUSION('',#11289,#11293);
#11289 = B_SPLINE_CURVE_WITH_KNOTS('',2,(#11290,#11291,#11292),
  .UNSPECIFIED.,.F.,.F.,(3,3),(0.,1.),.PIECEWISE_BEZIER_KNOTS.);
#11290 = CARTESIAN_POINT('',(51.877348993289,14.399412751678,20.8));
#11291 = CARTESIAN_POINT('',(51.877348993289,14.849832214765,20.8));
#11292 = CARTESIAN_POINT('',(52.151677852349,15.11216442953,20.8));
#11293 = VECTOR('',#11294,1.);
#11294 = DIRECTION('',(-0.,-0.,-1.));
#11295 = ADVANCED_FACE('',(#11296),#11314,.F.);
#11296 = FACE_BOUND('',#11297,.F.);
#11297 = EDGE_LOOP('',(#11298,#11306,#11312,#11313));
#11298 = ORIENTED_EDGE('',*,*,#11299,.F.);
#11299 = EDGE_CURVE('',#11300,#11274,#11302,.T.);
#11300 = VERTEX_POINT('',#11301);
#11301 = CARTESIAN_POINT('',(52.151677852349,13.68783557047,20.8));
#11302 = B_SPLINE_CURVE_WITH_KNOTS('',2,(#11303,#11304,#11305),
  .UNSPECIFIED.,.F.,.F.,(3,3),(0.,1.),.PIECEWISE_BEZIER_KNOTS.);
#11303 = CARTESIAN_POINT('',(52.151677852349,13.68783557047,20.8));
#11304 = CARTESIAN_POINT('',(51.877348993289,13.950167785235,20.8));
#11305 = CARTESIAN_POINT('',(51.877348993289,14.399412751678,20.8));
#11306 = ORIENTED_EDGE('',*,*,#11307,.T.);
#11307 = EDGE_CURVE('',#11300,#3875,#11308,.T.);
#11308 = LINE('',#11309,#11310);
#11309 = CARTESIAN_POINT('',(52.151677852349,13.68783557047,20.8));
#11310 = VECTOR('',#11311,1.);
#11311 = DIRECTION('',(0.,0.,1.));
#11312 = ORIENTED_EDGE('',*,*,#3891,.F.);
#11313 = ORIENTED_EDGE('',*,*,#11281,.F.);
#11314 = SURFACE_OF_LINEAR_EXTRUSION('',#11315,#11319);
#11315 = B_SPLINE_CURVE_WITH_KNOTS('',2,(#11316,#11317,#11318),
  .UNSPECIFIED.,.F.,.F.,(3,3),(0.,1.),.PIECEWISE_BEZIER_KNOTS.);
#11316 = CARTESIAN_POINT('',(52.151677852349,13.68783557047,20.8));
#11317 = CARTESIAN_POINT('',(51.877348993289,13.950167785235,20.8));
#11318 = CARTESIAN_POINT('',(51.877348993289,14.399412751678,20.8));
#11319 = VECTOR('',#11320,1.);
#11320 = DIRECTION('',(-0.,-0.,-1.));
#11321 = ADVANCED_FACE('',(#11322),#11340,.F.);
#11322 = FACE_BOUND('',#11323,.F.);
#11323 = EDGE_LOOP('',(#11324,#11332,#11338,#11339));
#11324 = ORIENTED_EDGE('',*,*,#11325,.F.);
#11325 = EDGE_CURVE('',#11326,#11300,#11328,.T.);
#11326 = VERTEX_POINT('',#11327);
#11327 = CARTESIAN_POINT('',(52.89538590604,13.425503355705,20.8));
#11328 = B_SPLINE_CURVE_WITH_KNOTS('',2,(#11329,#11330,#11331),
  .UNSPECIFIED.,.F.,.F.,(3,3),(0.,1.),.PIECEWISE_BEZIER_KNOTS.);
#11329 = CARTESIAN_POINT('',(52.89538590604,13.425503355705,20.8));
#11330 = CARTESIAN_POINT('',(52.426006711409,13.425503355705,20.8));
#11331 = CARTESIAN_POINT('',(52.151677852349,13.68783557047,20.8));
#11332 = ORIENTED_EDGE('',*,*,#11333,.T.);
#11333 = EDGE_CURVE('',#11326,#3865,#11334,.T.);
#11334 = LINE('',#11335,#11336);
#11335 = CARTESIAN_POINT('',(52.89538590604,13.425503355705,20.8));
#11336 = VECTOR('',#11337,1.);
#11337 = DIRECTION('',(0.,0.,1.));
#11338 = ORIENTED_EDGE('',*,*,#3874,.F.);
#11339 = ORIENTED_EDGE('',*,*,#11307,.F.);
#11340 = SURFACE_OF_LINEAR_EXTRUSION('',#11341,#11345);
#11341 = B_SPLINE_CURVE_WITH_KNOTS('',2,(#11342,#11343,#11344),
  .UNSPECIFIED.,.F.,.F.,(3,3),(0.,1.),.PIECEWISE_BEZIER_KNOTS.);
#11342 = CARTESIAN_POINT('',(52.89538590604,13.425503355705,20.8));
#11343 = CARTESIAN_POINT('',(52.426006711409,13.425503355705,20.8));
#11344 = CARTESIAN_POINT('',(52.151677852349,13.68783557047,20.8));
#11345 = VECTOR('',#11346,1.);
#11346 = DIRECTION('',(-0.,-0.,-1.));
#11347 = ADVANCED_FACE('',(#11348),#11359,.F.);
#11348 = FACE_BOUND('',#11349,.F.);
#11349 = EDGE_LOOP('',(#11350,#11356,#11357,#11358));
#11350 = ORIENTED_EDGE('',*,*,#11351,.F.);
#11351 = EDGE_CURVE('',#10909,#11326,#11352,.T.);
#11352 = B_SPLINE_CURVE_WITH_KNOTS('',2,(#11353,#11354,#11355),
  .UNSPECIFIED.,.F.,.F.,(3,3),(0.,1.),.PIECEWISE_BEZIER_KNOTS.);
#11353 = CARTESIAN_POINT('',(53.197399328859,13.460570469799,20.8));
#11354 = CARTESIAN_POINT('',(53.052684563758,13.425503355705,20.8));
#11355 = CARTESIAN_POINT('',(52.89538590604,13.425503355705,20.8));
#11356 = ORIENTED_EDGE('',*,*,#10923,.T.);
#11357 = ORIENTED_EDGE('',*,*,#3864,.F.);
#11358 = ORIENTED_EDGE('',*,*,#11333,.F.);
#11359 = SURFACE_OF_LINEAR_EXTRUSION('',#11360,#11364);
#11360 = B_SPLINE_CURVE_WITH_KNOTS('',2,(#11361,#11362,#11363),
  .UNSPECIFIED.,.F.,.F.,(3,3),(0.,1.),.PIECEWISE_BEZIER_KNOTS.);
#11361 = CARTESIAN_POINT('',(53.197399328859,13.460570469799,20.8));
#11362 = CARTESIAN_POINT('',(53.052684563758,13.425503355705,20.8));
#11363 = CARTESIAN_POINT('',(52.89538590604,13.425503355705,20.8));
#11364 = VECTOR('',#11365,1.);
#11365 = DIRECTION('',(-0.,-0.,-1.));
#11366 = ADVANCED_FACE('',(#11367),#11387,.T.);
#11367 = FACE_BOUND('',#11368,.F.);
#11368 = EDGE_LOOP('',(#11369,#11370,#11371,#11372,#11373,#11374,#11375,
    #11376,#11377,#11378,#11379,#11380,#11381,#11382,#11383,#11384,
    #11385,#11386));
#11369 = ORIENTED_EDGE('',*,*,#10906,.T.);
#11370 = ORIENTED_EDGE('',*,*,#11351,.T.);
#11371 = ORIENTED_EDGE('',*,*,#11325,.T.);
#11372 = ORIENTED_EDGE('',*,*,#11299,.T.);
#11373 = ORIENTED_EDGE('',*,*,#11273,.T.);
#11374 = ORIENTED_EDGE('',*,*,#11247,.T.);
#11375 = ORIENTED_EDGE('',*,*,#11221,.T.);
#11376 = ORIENTED_EDGE('',*,*,#11195,.T.);
#11377 = ORIENTED_EDGE('',*,*,#11171,.T.);
#11378 = ORIENTED_EDGE('',*,*,#11145,.T.);
#11379 = ORIENTED_EDGE('',*,*,#11119,.T.);
#11380 = ORIENTED_EDGE('',*,*,#11093,.T.);
#11381 = ORIENTED_EDGE('',*,*,#11067,.T.);
#11382 = ORIENTED_EDGE('',*,*,#11041,.T.);
#11383 = ORIENTED_EDGE('',*,*,#11015,.T.);
#11384 = ORIENTED_EDGE('',*,*,#10989,.T.);
#11385 = ORIENTED_EDGE('',*,*,#10963,.T.);
#11386 = ORIENTED_EDGE('',*,*,#10939,.T.);
#11387 = PLANE('',#11388);
#11388 = AXIS2_PLACEMENT_3D('',#11389,#11390,#11391);
#11389 = CARTESIAN_POINT('',(52.71304836712,14.399984889487,20.8));
#11390 = DIRECTION('',(0.,0.,1.));
#11391 = DIRECTION('',(1.,0.,-0.));
#11392 = ADVANCED_FACE('',(#11393),#11418,.F.);
#11393 = FACE_BOUND('',#11394,.F.);
#11394 = EDGE_LOOP('',(#11395,#11405,#11411,#11412));
#11395 = ORIENTED_EDGE('',*,*,#11396,.F.);
#11396 = EDGE_CURVE('',#11397,#11399,#11401,.T.);
#11397 = VERTEX_POINT('',#11398);
#11398 = CARTESIAN_POINT('',(37.241426174497,55.969395973154,20.8));
#11399 = VERTEX_POINT('',#11400);
#11400 = CARTESIAN_POINT('',(37.241426174497,58.036510067114,20.8));
#11401 = LINE('',#11402,#11403);
#11402 = CARTESIAN_POINT('',(37.241426174497,55.969395973154,20.8));
#11403 = VECTOR('',#11404,1.);
#11404 = DIRECTION('',(0.,1.,0.));
#11405 = ORIENTED_EDGE('',*,*,#11406,.T.);
#11406 = EDGE_CURVE('',#11397,#4147,#11407,.T.);
#11407 = LINE('',#11408,#11409);
#11408 = CARTESIAN_POINT('',(37.241426174497,55.969395973154,20.8));
#11409 = VECTOR('',#11410,1.);
#11410 = DIRECTION('',(0.,0.,1.));
#11411 = ORIENTED_EDGE('',*,*,#4154,.F.);
#11412 = ORIENTED_EDGE('',*,*,#11413,.F.);
#11413 = EDGE_CURVE('',#11399,#4083,#11414,.T.);
#11414 = LINE('',#11415,#11416);
#11415 = CARTESIAN_POINT('',(37.241426174497,58.036510067114,20.8));
#11416 = VECTOR('',#11417,1.);
#11417 = DIRECTION('',(0.,0.,1.));
#11418 = PLANE('',#11419);
#11419 = AXIS2_PLACEMENT_3D('',#11420,#11421,#11422);
#11420 = CARTESIAN_POINT('',(37.241426174497,55.969395973154,20.8));
#11421 = DIRECTION('',(-1.,0.,0.));
#11422 = DIRECTION('',(0.,1.,0.));
#11423 = ADVANCED_FACE('',(#11424),#11442,.F.);
#11424 = FACE_BOUND('',#11425,.F.);
#11425 = EDGE_LOOP('',(#11426,#11434,#11435,#11436));
#11426 = ORIENTED_EDGE('',*,*,#11427,.F.);
#11427 = EDGE_CURVE('',#11399,#11428,#11430,.T.);
#11428 = VERTEX_POINT('',#11429);
#11429 = CARTESIAN_POINT('',(38.679639261745,58.036510067114,20.8));
#11430 = LINE('',#11431,#11432);
#11431 = CARTESIAN_POINT('',(37.241426174497,58.036510067114,20.8));
#11432 = VECTOR('',#11433,1.);
#11433 = DIRECTION('',(1.,0.,0.));
#11434 = ORIENTED_EDGE('',*,*,#11413,.T.);
#11435 = ORIENTED_EDGE('',*,*,#4080,.F.);
#11436 = ORIENTED_EDGE('',*,*,#11437,.F.);
#11437 = EDGE_CURVE('',#11428,#4081,#11438,.T.);
#11438 = LINE('',#11439,#11440);
#11439 = CARTESIAN_POINT('',(38.679639261745,58.036510067114,20.8));
#11440 = VECTOR('',#11441,1.);
#11441 = DIRECTION('',(0.,0.,1.));
#11442 = PLANE('',#11443);
#11443 = AXIS2_PLACEMENT_3D('',#11444,#11445,#11446);
#11444 = CARTESIAN_POINT('',(37.241426174497,58.036510067114,20.8));
#11445 = DIRECTION('',(0.,1.,0.));
#11446 = DIRECTION('',(1.,0.,0.));
#11447 = ADVANCED_FACE('',(#11448),#11466,.F.);
#11448 = FACE_BOUND('',#11449,.F.);
#11449 = EDGE_LOOP('',(#11450,#11458,#11459,#11460));
#11450 = ORIENTED_EDGE('',*,*,#11451,.F.);
#11451 = EDGE_CURVE('',#11428,#11452,#11454,.T.);
#11452 = VERTEX_POINT('',#11453);
#11453 = CARTESIAN_POINT('',(38.679639261745,57.634899328859,20.8));
#11454 = LINE('',#11455,#11456);
#11455 = CARTESIAN_POINT('',(38.679639261745,58.036510067114,20.8));
#11456 = VECTOR('',#11457,1.);
#11457 = DIRECTION('',(0.,-1.,0.));
#11458 = ORIENTED_EDGE('',*,*,#11437,.T.);
#11459 = ORIENTED_EDGE('',*,*,#4090,.F.);
#11460 = ORIENTED_EDGE('',*,*,#11461,.F.);
#11461 = EDGE_CURVE('',#11452,#4091,#11462,.T.);
#11462 = LINE('',#11463,#11464);
#11463 = CARTESIAN_POINT('',(38.679639261745,57.634899328859,20.8));
#11464 = VECTOR('',#11465,1.);
#11465 = DIRECTION('',(0.,0.,1.));
#11466 = PLANE('',#11467);
#11467 = AXIS2_PLACEMENT_3D('',#11468,#11469,#11470);
#11468 = CARTESIAN_POINT('',(38.679639261745,58.036510067114,20.8));
#11469 = DIRECTION('',(1.,0.,-0.));
#11470 = DIRECTION('',(0.,-1.,0.));
#11471 = ADVANCED_FACE('',(#11472),#11490,.F.);
#11472 = FACE_BOUND('',#11473,.F.);
#11473 = EDGE_LOOP('',(#11474,#11482,#11483,#11484));
#11474 = ORIENTED_EDGE('',*,*,#11475,.F.);
#11475 = EDGE_CURVE('',#11452,#11476,#11478,.T.);
#11476 = VERTEX_POINT('',#11477);
#11477 = CARTESIAN_POINT('',(37.774354026846,57.634899328859,20.8));
#11478 = LINE('',#11479,#11480);
#11479 = CARTESIAN_POINT('',(38.679639261745,57.634899328859,20.8));
#11480 = VECTOR('',#11481,1.);
#11481 = DIRECTION('',(-1.,0.,0.));
#11482 = ORIENTED_EDGE('',*,*,#11461,.T.);
#11483 = ORIENTED_EDGE('',*,*,#4098,.F.);
#11484 = ORIENTED_EDGE('',*,*,#11485,.F.);
#11485 = EDGE_CURVE('',#11476,#4099,#11486,.T.);
#11486 = LINE('',#11487,#11488);
#11487 = CARTESIAN_POINT('',(37.774354026846,57.634899328859,20.8));
#11488 = VECTOR('',#11489,1.);
#11489 = DIRECTION('',(0.,0.,1.));
#11490 = PLANE('',#11491);
#11491 = AXIS2_PLACEMENT_3D('',#11492,#11493,#11494);
#11492 = CARTESIAN_POINT('',(38.679639261745,57.634899328859,20.8));
#11493 = DIRECTION('',(0.,-1.,0.));
#11494 = DIRECTION('',(-1.,0.,0.));
#11495 = ADVANCED_FACE('',(#11496),#11514,.F.);
#11496 = FACE_BOUND('',#11497,.F.);
#11497 = EDGE_LOOP('',(#11498,#11506,#11507,#11508));
#11498 = ORIENTED_EDGE('',*,*,#11499,.F.);
#11499 = EDGE_CURVE('',#11476,#11500,#11502,.T.);
#11500 = VERTEX_POINT('',#11501);
#11501 = CARTESIAN_POINT('',(37.774354026846,57.245100671141,20.8));
#11502 = LINE('',#11503,#11504);
#11503 = CARTESIAN_POINT('',(37.774354026846,57.634899328859,20.8));
#11504 = VECTOR('',#11505,1.);
#11505 = DIRECTION('',(0.,-1.,0.));
#11506 = ORIENTED_EDGE('',*,*,#11485,.T.);
#11507 = ORIENTED_EDGE('',*,*,#4106,.F.);
#11508 = ORIENTED_EDGE('',*,*,#11509,.F.);
#11509 = EDGE_CURVE('',#11500,#4107,#11510,.T.);
#11510 = LINE('',#11511,#11512);
#11511 = CARTESIAN_POINT('',(37.774354026846,57.245100671141,20.8));
#11512 = VECTOR('',#11513,1.);
#11513 = DIRECTION('',(0.,0.,1.));
#11514 = PLANE('',#11515);
#11515 = AXIS2_PLACEMENT_3D('',#11516,#11517,#11518);
#11516 = CARTESIAN_POINT('',(37.774354026846,57.634899328859,20.8));
#11517 = DIRECTION('',(1.,0.,-0.));
#11518 = DIRECTION('',(0.,-1.,0.));
#11519 = ADVANCED_FACE('',(#11520),#11538,.F.);
#11520 = FACE_BOUND('',#11521,.F.);
#11521 = EDGE_LOOP('',(#11522,#11530,#11531,#11532));
#11522 = ORIENTED_EDGE('',*,*,#11523,.F.);
#11523 = EDGE_CURVE('',#11500,#11524,#11526,.T.);
#11524 = VERTEX_POINT('',#11525);
#11525 = CARTESIAN_POINT('',(38.625654362416,57.245100671141,20.8));
#11526 = LINE('',#11527,#11528);
#11527 = CARTESIAN_POINT('',(37.774354026846,57.245100671141,20.8));
#11528 = VECTOR('',#11529,1.);
#11529 = DIRECTION('',(1.,0.,0.));
#11530 = ORIENTED_EDGE('',*,*,#11509,.T.);
#11531 = ORIENTED_EDGE('',*,*,#4114,.F.);
#11532 = ORIENTED_EDGE('',*,*,#11533,.F.);
#11533 = EDGE_CURVE('',#11524,#4115,#11534,.T.);
#11534 = LINE('',#11535,#11536);
#11535 = CARTESIAN_POINT('',(38.625654362416,57.245100671141,20.8));
#11536 = VECTOR('',#11537,1.);
#11537 = DIRECTION('',(0.,0.,1.));
#11538 = PLANE('',#11539);
#11539 = AXIS2_PLACEMENT_3D('',#11540,#11541,#11542);
#11540 = CARTESIAN_POINT('',(37.774354026846,57.245100671141,20.8));
#11541 = DIRECTION('',(0.,1.,0.));
#11542 = DIRECTION('',(1.,0.,0.));
#11543 = ADVANCED_FACE('',(#11544),#11562,.F.);
#11544 = FACE_BOUND('',#11545,.F.);
#11545 = EDGE_LOOP('',(#11546,#11554,#11555,#11556));
#11546 = ORIENTED_EDGE('',*,*,#11547,.F.);
#11547 = EDGE_CURVE('',#11524,#11548,#11550,.T.);
#11548 = VERTEX_POINT('',#11549);
#11549 = CARTESIAN_POINT('',(38.625654362416,56.843489932886,20.8));
#11550 = LINE('',#11551,#11552);
#11551 = CARTESIAN_POINT('',(38.625654362416,57.245100671141,20.8));
#11552 = VECTOR('',#11553,1.);
#11553 = DIRECTION('',(0.,-1.,0.));
#11554 = ORIENTED_EDGE('',*,*,#11533,.T.);
#11555 = ORIENTED_EDGE('',*,*,#4122,.F.);
#11556 = ORIENTED_EDGE('',*,*,#11557,.F.);
#11557 = EDGE_CURVE('',#11548,#4123,#11558,.T.);
#11558 = LINE('',#11559,#11560);
#11559 = CARTESIAN_POINT('',(38.625654362416,56.843489932886,20.8));
#11560 = VECTOR('',#11561,1.);
#11561 = DIRECTION('',(0.,0.,1.));
#11562 = PLANE('',#11563);
#11563 = AXIS2_PLACEMENT_3D('',#11564,#11565,#11566);
#11564 = CARTESIAN_POINT('',(38.625654362416,57.245100671141,20.8));
#11565 = DIRECTION('',(1.,0.,-0.));
#11566 = DIRECTION('',(0.,-1.,0.));
#11567 = ADVANCED_FACE('',(#11568),#11586,.F.);
#11568 = FACE_BOUND('',#11569,.F.);
#11569 = EDGE_LOOP('',(#11570,#11578,#11579,#11580));
#11570 = ORIENTED_EDGE('',*,*,#11571,.F.);
#11571 = EDGE_CURVE('',#11548,#11572,#11574,.T.);
#11572 = VERTEX_POINT('',#11573);
#11573 = CARTESIAN_POINT('',(37.774354026846,56.843489932886,20.8));
#11574 = LINE('',#11575,#11576);
#11575 = CARTESIAN_POINT('',(38.625654362416,56.843489932886,20.8));
#11576 = VECTOR('',#11577,1.);
#11577 = DIRECTION('',(-1.,0.,0.));
#11578 = ORIENTED_EDGE('',*,*,#11557,.T.);
#11579 = ORIENTED_EDGE('',*,*,#4130,.F.);
#11580 = ORIENTED_EDGE('',*,*,#11581,.F.);
#11581 = EDGE_CURVE('',#11572,#4131,#11582,.T.);
#11582 = LINE('',#11583,#11584);
#11583 = CARTESIAN_POINT('',(37.774354026846,56.843489932886,20.8));
#11584 = VECTOR('',#11585,1.);
#11585 = DIRECTION('',(0.,0.,1.));
#11586 = PLANE('',#11587);
#11587 = AXIS2_PLACEMENT_3D('',#11588,#11589,#11590);
#11588 = CARTESIAN_POINT('',(38.625654362416,56.843489932886,20.8));
#11589 = DIRECTION('',(0.,-1.,0.));
#11590 = DIRECTION('',(-1.,0.,0.));
#11591 = ADVANCED_FACE('',(#11592),#11610,.F.);
#11592 = FACE_BOUND('',#11593,.F.);
#11593 = EDGE_LOOP('',(#11594,#11602,#11603,#11604));
#11594 = ORIENTED_EDGE('',*,*,#11595,.F.);
#11595 = EDGE_CURVE('',#11572,#11596,#11598,.T.);
#11596 = VERTEX_POINT('',#11597);
#11597 = CARTESIAN_POINT('',(37.774354026846,55.969395973154,20.8));
#11598 = LINE('',#11599,#11600);
#11599 = CARTESIAN_POINT('',(37.774354026846,56.843489932886,20.8));
#11600 = VECTOR('',#11601,1.);
#11601 = DIRECTION('',(0.,-1.,0.));
#11602 = ORIENTED_EDGE('',*,*,#11581,.T.);
#11603 = ORIENTED_EDGE('',*,*,#4138,.F.);
#11604 = ORIENTED_EDGE('',*,*,#11605,.F.);
#11605 = EDGE_CURVE('',#11596,#4139,#11606,.T.);
#11606 = LINE('',#11607,#11608);
#11607 = CARTESIAN_POINT('',(37.774354026846,55.969395973154,20.8));
#11608 = VECTOR('',#11609,1.);
#11609 = DIRECTION('',(0.,0.,1.));
#11610 = PLANE('',#11611);
#11611 = AXIS2_PLACEMENT_3D('',#11612,#11613,#11614);
#11612 = CARTESIAN_POINT('',(37.774354026846,56.843489932886,20.8));
#11613 = DIRECTION('',(1.,0.,-0.));
#11614 = DIRECTION('',(0.,-1.,0.));
#11615 = ADVANCED_FACE('',(#11616),#11627,.F.);
#11616 = FACE_BOUND('',#11617,.F.);
#11617 = EDGE_LOOP('',(#11618,#11624,#11625,#11626));
#11618 = ORIENTED_EDGE('',*,*,#11619,.F.);
#11619 = EDGE_CURVE('',#11596,#11397,#11620,.T.);
#11620 = LINE('',#11621,#11622);
#11621 = CARTESIAN_POINT('',(37.774354026846,55.969395973154,20.8));
#11622 = VECTOR('',#11623,1.);
#11623 = DIRECTION('',(-1.,0.,0.));
#11624 = ORIENTED_EDGE('',*,*,#11605,.T.);
#11625 = ORIENTED_EDGE('',*,*,#4146,.F.);
#11626 = ORIENTED_EDGE('',*,*,#11406,.F.);
#11627 = PLANE('',#11628);
#11628 = AXIS2_PLACEMENT_3D('',#11629,#11630,#11631);
#11629 = CARTESIAN_POINT('',(37.774354026846,55.969395973154,20.8));
#11630 = DIRECTION('',(0.,-1.,0.));
#11631 = DIRECTION('',(-1.,0.,0.));
#11632 = ADVANCED_FACE('',(#11633),#11645,.T.);
#11633 = FACE_BOUND('',#11634,.F.);
#11634 = EDGE_LOOP('',(#11635,#11636,#11637,#11638,#11639,#11640,#11641,
    #11642,#11643,#11644));
#11635 = ORIENTED_EDGE('',*,*,#11427,.T.);
#11636 = ORIENTED_EDGE('',*,*,#11451,.T.);
#11637 = ORIENTED_EDGE('',*,*,#11475,.T.);
#11638 = ORIENTED_EDGE('',*,*,#11499,.T.);
#11639 = ORIENTED_EDGE('',*,*,#11523,.T.);
#11640 = ORIENTED_EDGE('',*,*,#11547,.T.);
#11641 = ORIENTED_EDGE('',*,*,#11571,.T.);
#11642 = ORIENTED_EDGE('',*,*,#11595,.T.);
#11643 = ORIENTED_EDGE('',*,*,#11619,.T.);
#11644 = ORIENTED_EDGE('',*,*,#11396,.T.);
#11645 = PLANE('',#11646);
#11646 = AXIS2_PLACEMENT_3D('',#11647,#11648,#11649);
#11647 = CARTESIAN_POINT('',(37.873522761359,57.184073047884,20.8));
#11648 = DIRECTION('',(0.,0.,1.));
#11649 = DIRECTION('',(1.,0.,-0.));
#11650 = ADVANCED_FACE('',(#11651),#11676,.F.);
#11651 = FACE_BOUND('',#11652,.F.);
#11652 = EDGE_LOOP('',(#11653,#11663,#11669,#11670));
#11653 = ORIENTED_EDGE('',*,*,#11654,.F.);
#11654 = EDGE_CURVE('',#11655,#11657,#11659,.T.);
#11655 = VERTEX_POINT('',#11656);
#11656 = CARTESIAN_POINT('',(39.17860738255,55.969395973154,20.8));
#11657 = VERTEX_POINT('',#11658);
#11658 = CARTESIAN_POINT('',(39.17860738255,58.036510067114,20.8));
#11659 = LINE('',#11660,#11661);
#11660 = CARTESIAN_POINT('',(39.17860738255,55.969395973154,20.8));
#11661 = VECTOR('',#11662,1.);
#11662 = DIRECTION('',(0.,1.,0.));
#11663 = ORIENTED_EDGE('',*,*,#11664,.T.);
#11664 = EDGE_CURVE('',#11655,#4181,#11665,.T.);
#11665 = LINE('',#11666,#11667);
#11666 = CARTESIAN_POINT('',(39.17860738255,55.969395973154,20.8));
#11667 = VECTOR('',#11668,1.);
#11668 = DIRECTION('',(0.,0.,1.));
#11669 = ORIENTED_EDGE('',*,*,#4188,.F.);
#11670 = ORIENTED_EDGE('',*,*,#11671,.F.);
#11671 = EDGE_CURVE('',#11657,#4165,#11672,.T.);
#11672 = LINE('',#11673,#11674);
#11673 = CARTESIAN_POINT('',(39.17860738255,58.036510067114,20.8));
#11674 = VECTOR('',#11675,1.);
#11675 = DIRECTION('',(0.,0.,1.));
#11676 = PLANE('',#11677);
#11677 = AXIS2_PLACEMENT_3D('',#11678,#11679,#11680);
#11678 = CARTESIAN_POINT('',(39.17860738255,55.969395973154,20.8));
#11679 = DIRECTION('',(-1.,0.,0.));
#11680 = DIRECTION('',(0.,1.,0.));
#11681 = ADVANCED_FACE('',(#11682),#11700,.F.);
#11682 = FACE_BOUND('',#11683,.F.);
#11683 = EDGE_LOOP('',(#11684,#11692,#11693,#11694));
#11684 = ORIENTED_EDGE('',*,*,#11685,.F.);
#11685 = EDGE_CURVE('',#11657,#11686,#11688,.T.);
#11686 = VERTEX_POINT('',#11687);
#11687 = CARTESIAN_POINT('',(39.711535234899,58.036510067114,20.8));
#11688 = LINE('',#11689,#11690);
#11689 = CARTESIAN_POINT('',(39.17860738255,58.036510067114,20.8));
#11690 = VECTOR('',#11691,1.);
#11691 = DIRECTION('',(1.,0.,0.));
#11692 = ORIENTED_EDGE('',*,*,#11671,.T.);
#11693 = ORIENTED_EDGE('',*,*,#4162,.F.);
#11694 = ORIENTED_EDGE('',*,*,#11695,.F.);
#11695 = EDGE_CURVE('',#11686,#4163,#11696,.T.);
#11696 = LINE('',#11697,#11698);
#11697 = CARTESIAN_POINT('',(39.711535234899,58.036510067114,20.8));
#11698 = VECTOR('',#11699,1.);
#11699 = DIRECTION('',(0.,0.,1.));
#11700 = PLANE('',#11701);
#11701 = AXIS2_PLACEMENT_3D('',#11702,#11703,#11704);
#11702 = CARTESIAN_POINT('',(39.17860738255,58.036510067114,20.8));
#11703 = DIRECTION('',(0.,1.,0.));
#11704 = DIRECTION('',(1.,0.,0.));
#11705 = ADVANCED_FACE('',(#11706),#11724,.F.);
#11706 = FACE_BOUND('',#11707,.F.);
#11707 = EDGE_LOOP('',(#11708,#11716,#11717,#11718));
#11708 = ORIENTED_EDGE('',*,*,#11709,.F.);
#11709 = EDGE_CURVE('',#11686,#11710,#11712,.T.);
#11710 = VERTEX_POINT('',#11711);
#11711 = CARTESIAN_POINT('',(39.711535234899,55.969395973154,20.8));
#11712 = LINE('',#11713,#11714);
#11713 = CARTESIAN_POINT('',(39.711535234899,58.036510067114,20.8));
#11714 = VECTOR('',#11715,1.);
#11715 = DIRECTION('',(0.,-1.,0.));
#11716 = ORIENTED_EDGE('',*,*,#11695,.T.);
#11717 = ORIENTED_EDGE('',*,*,#4172,.F.);
#11718 = ORIENTED_EDGE('',*,*,#11719,.F.);
#11719 = EDGE_CURVE('',#11710,#4173,#11720,.T.);
#11720 = LINE('',#11721,#11722);
#11721 = CARTESIAN_POINT('',(39.711535234899,55.969395973154,20.8));
#11722 = VECTOR('',#11723,1.);
#11723 = DIRECTION('',(0.,0.,1.));
#11724 = PLANE('',#11725);
#11725 = AXIS2_PLACEMENT_3D('',#11726,#11727,#11728);
#11726 = CARTESIAN_POINT('',(39.711535234899,58.036510067114,20.8));
#11727 = DIRECTION('',(1.,0.,-0.));
#11728 = DIRECTION('',(0.,-1.,0.));
#11729 = ADVANCED_FACE('',(#11730),#11741,.F.);
#11730 = FACE_BOUND('',#11731,.F.);
#11731 = EDGE_LOOP('',(#11732,#11738,#11739,#11740));
#11732 = ORIENTED_EDGE('',*,*,#11733,.F.);
#11733 = EDGE_CURVE('',#11710,#11655,#11734,.T.);
#11734 = LINE('',#11735,#11736);
#11735 = CARTESIAN_POINT('',(39.711535234899,55.969395973154,20.8));
#11736 = VECTOR('',#11737,1.);
#11737 = DIRECTION('',(-1.,0.,0.));
#11738 = ORIENTED_EDGE('',*,*,#11719,.T.);
#11739 = ORIENTED_EDGE('',*,*,#4180,.F.);
#11740 = ORIENTED_EDGE('',*,*,#11664,.F.);
#11741 = PLANE('',#11742);
#11742 = AXIS2_PLACEMENT_3D('',#11743,#11744,#11745);
#11743 = CARTESIAN_POINT('',(39.711535234899,55.969395973154,20.8));
#11744 = DIRECTION('',(0.,-1.,0.));
#11745 = DIRECTION('',(-1.,0.,0.));
#11746 = ADVANCED_FACE('',(#11747),#11753,.T.);
#11747 = FACE_BOUND('',#11748,.F.);
#11748 = EDGE_LOOP('',(#11749,#11750,#11751,#11752));
#11749 = ORIENTED_EDGE('',*,*,#11685,.T.);
#11750 = ORIENTED_EDGE('',*,*,#11709,.T.);
#11751 = ORIENTED_EDGE('',*,*,#11733,.T.);
#11752 = ORIENTED_EDGE('',*,*,#11654,.T.);
#11753 = PLANE('',#11754);
#11754 = AXIS2_PLACEMENT_3D('',#11755,#11756,#11757);
#11755 = CARTESIAN_POINT('',(39.445071308725,57.002953020134,20.8));
#11756 = DIRECTION('',(0.,0.,1.));
#11757 = DIRECTION('',(1.,0.,-0.));
#11758 = ADVANCED_FACE('',(#11759),#11784,.F.);
#11759 = FACE_BOUND('',#11760,.F.);
#11760 = EDGE_LOOP('',(#11761,#11771,#11777,#11778));
#11761 = ORIENTED_EDGE('',*,*,#11762,.F.);
#11762 = EDGE_CURVE('',#11763,#11765,#11767,.T.);
#11763 = VERTEX_POINT('',#11764);
#11764 = CARTESIAN_POINT('',(32.823708053691,58.036510067114,20.8));
#11765 = VERTEX_POINT('',#11766);
#11766 = CARTESIAN_POINT('',(33.35663590604,58.036510067114,20.8));
#11767 = LINE('',#11768,#11769);
#11768 = CARTESIAN_POINT('',(32.823708053691,58.036510067114,20.8));
#11769 = VECTOR('',#11770,1.);
#11770 = DIRECTION('',(1.,0.,0.));
#11771 = ORIENTED_EDGE('',*,*,#11772,.T.);
#11772 = EDGE_CURVE('',#11763,#4199,#11773,.T.);
#11773 = LINE('',#11774,#11775);
#11774 = CARTESIAN_POINT('',(32.823708053691,58.036510067114,20.8));
#11775 = VECTOR('',#11776,1.);
#11776 = DIRECTION('',(0.,0.,1.));
#11777 = ORIENTED_EDGE('',*,*,#4196,.F.);
#11778 = ORIENTED_EDGE('',*,*,#11779,.F.);
#11779 = EDGE_CURVE('',#11765,#4197,#11780,.T.);
#11780 = LINE('',#11781,#11782);
#11781 = CARTESIAN_POINT('',(33.35663590604,58.036510067114,20.8));
#11782 = VECTOR('',#11783,1.);
#11783 = DIRECTION('',(0.,0.,1.));
#11784 = PLANE('',#11785);
#11785 = AXIS2_PLACEMENT_3D('',#11786,#11787,#11788);
#11786 = CARTESIAN_POINT('',(32.823708053691,58.036510067114,20.8));
#11787 = DIRECTION('',(0.,1.,0.));
#11788 = DIRECTION('',(1.,0.,0.));
#11789 = ADVANCED_FACE('',(#11790),#11808,.F.);
#11790 = FACE_BOUND('',#11791,.F.);
#11791 = EDGE_LOOP('',(#11792,#11800,#11801,#11802));
#11792 = ORIENTED_EDGE('',*,*,#11793,.F.);
#11793 = EDGE_CURVE('',#11765,#11794,#11796,.T.);
#11794 = VERTEX_POINT('',#11795);
#11795 = CARTESIAN_POINT('',(33.35663590604,55.969395973154,20.8));
#11796 = LINE('',#11797,#11798);
#11797 = CARTESIAN_POINT('',(33.35663590604,58.036510067114,20.8));
#11798 = VECTOR('',#11799,1.);
#11799 = DIRECTION('',(0.,-1.,0.));
#11800 = ORIENTED_EDGE('',*,*,#11779,.T.);
#11801 = ORIENTED_EDGE('',*,*,#4206,.F.);
#11802 = ORIENTED_EDGE('',*,*,#11803,.F.);
#11803 = EDGE_CURVE('',#11794,#4207,#11804,.T.);
#11804 = LINE('',#11805,#11806);
#11805 = CARTESIAN_POINT('',(33.35663590604,55.969395973154,20.8));
#11806 = VECTOR('',#11807,1.);
#11807 = DIRECTION('',(0.,0.,1.));
#11808 = PLANE('',#11809);
#11809 = AXIS2_PLACEMENT_3D('',#11810,#11811,#11812);
#11810 = CARTESIAN_POINT('',(33.35663590604,58.036510067114,20.8));
#11811 = DIRECTION('',(1.,0.,-0.));
#11812 = DIRECTION('',(0.,-1.,0.));
#11813 = ADVANCED_FACE('',(#11814),#11832,.F.);
#11814 = FACE_BOUND('',#11815,.F.);
#11815 = EDGE_LOOP('',(#11816,#11824,#11830,#11831));
#11816 = ORIENTED_EDGE('',*,*,#11817,.F.);
#11817 = EDGE_CURVE('',#11818,#11763,#11820,.T.);
#11818 = VERTEX_POINT('',#11819);
#11819 = CARTESIAN_POINT('',(32.823708053691,55.969395973154,20.8));
#11820 = LINE('',#11821,#11822);
#11821 = CARTESIAN_POINT('',(32.823708053691,55.969395973154,20.8));
#11822 = VECTOR('',#11823,1.);
#11823 = DIRECTION('',(0.,1.,0.));
#11824 = ORIENTED_EDGE('',*,*,#11825,.T.);
#11825 = EDGE_CURVE('',#11818,#4215,#11826,.T.);
#11826 = LINE('',#11827,#11828);
#11827 = CARTESIAN_POINT('',(32.823708053691,55.969395973154,20.8));
#11828 = VECTOR('',#11829,1.);
#11829 = DIRECTION('',(0.,0.,1.));
#11830 = ORIENTED_EDGE('',*,*,#4222,.F.);
#11831 = ORIENTED_EDGE('',*,*,#11772,.F.);
#11832 = PLANE('',#11833);
#11833 = AXIS2_PLACEMENT_3D('',#11834,#11835,#11836);
#11834 = CARTESIAN_POINT('',(32.823708053691,55.969395973154,20.8));
#11835 = DIRECTION('',(-1.,0.,0.));
#11836 = DIRECTION('',(0.,1.,0.));
#11837 = ADVANCED_FACE('',(#11838),#11849,.F.);
#11838 = FACE_BOUND('',#11839,.F.);
#11839 = EDGE_LOOP('',(#11840,#11846,#11847,#11848));
#11840 = ORIENTED_EDGE('',*,*,#11841,.F.);
#11841 = EDGE_CURVE('',#11794,#11818,#11842,.T.);
#11842 = LINE('',#11843,#11844);
#11843 = CARTESIAN_POINT('',(33.35663590604,55.969395973154,20.8));
#11844 = VECTOR('',#11845,1.);
#11845 = DIRECTION('',(-1.,0.,0.));
#11846 = ORIENTED_EDGE('',*,*,#11803,.T.);
#11847 = ORIENTED_EDGE('',*,*,#4214,.F.);
#11848 = ORIENTED_EDGE('',*,*,#11825,.F.);
#11849 = PLANE('',#11850);
#11850 = AXIS2_PLACEMENT_3D('',#11851,#11852,#11853);
#11851 = CARTESIAN_POINT('',(33.35663590604,55.969395973154,20.8));
#11852 = DIRECTION('',(0.,-1.,0.));
#11853 = DIRECTION('',(-1.,0.,0.));
#11854 = ADVANCED_FACE('',(#11855),#11861,.T.);
#11855 = FACE_BOUND('',#11856,.F.);
#11856 = EDGE_LOOP('',(#11857,#11858,#11859,#11860));
#11857 = ORIENTED_EDGE('',*,*,#11762,.T.);
#11858 = ORIENTED_EDGE('',*,*,#11793,.T.);
#11859 = ORIENTED_EDGE('',*,*,#11841,.T.);
#11860 = ORIENTED_EDGE('',*,*,#11817,.T.);
#11861 = PLANE('',#11862);
#11862 = AXIS2_PLACEMENT_3D('',#11863,#11864,#11865);
#11863 = CARTESIAN_POINT('',(33.090171979866,57.002953020134,20.8));
#11864 = DIRECTION('',(0.,0.,1.));
#11865 = DIRECTION('',(1.,0.,-0.));
#11866 = ADVANCED_FACE('',(#11867),#11878,.T.);
#11867 = FACE_BOUND('',#11868,.T.);
#11868 = EDGE_LOOP('',(#11869,#11870,#11871,#11877));
#11869 = ORIENTED_EDGE('',*,*,#1948,.F.);
#11870 = ORIENTED_EDGE('',*,*,#4612,.F.);
#11871 = ORIENTED_EDGE('',*,*,#11872,.T.);
#11872 = EDGE_CURVE('',#4605,#4316,#11873,.T.);
#11873 = LINE('',#11874,#11875);
#11874 = CARTESIAN_POINT('',(27.2,6.2,10.8));
#11875 = VECTOR('',#11876,1.);
#11876 = DIRECTION('',(-0.,1.,0.));
#11877 = ORIENTED_EDGE('',*,*,#4325,.F.);
#11878 = PLANE('',#11879);
#11879 = AXIS2_PLACEMENT_3D('',#11880,#11881,#11882);
#11880 = CARTESIAN_POINT('',(27.2,6.2,10.8));
#11881 = DIRECTION('',(1.,0.,-0.));
#11882 = DIRECTION('',(0.,0.,1.));
#11883 = ADVANCED_FACE('',(#11884),#11895,.F.);
#11884 = FACE_BOUND('',#11885,.T.);
#11885 = EDGE_LOOP('',(#11886,#11887,#11888,#11889));
#11886 = ORIENTED_EDGE('',*,*,#4699,.T.);
#11887 = ORIENTED_EDGE('',*,*,#1900,.T.);
#11888 = ORIENTED_EDGE('',*,*,#4550,.T.);
#11889 = ORIENTED_EDGE('',*,*,#11890,.F.);
#11890 = EDGE_CURVE('',#4700,#4541,#11891,.T.);
#11891 = LINE('',#11892,#11893);
#11892 = CARTESIAN_POINT('',(36.8,6.2,10.8));
#11893 = VECTOR('',#11894,1.);
#11894 = DIRECTION('',(-0.,1.,0.));
#11895 = PLANE('',#11896);
#11896 = AXIS2_PLACEMENT_3D('',#11897,#11898,#11899);
#11897 = CARTESIAN_POINT('',(36.8,6.2,10.8));
#11898 = DIRECTION('',(1.,0.,-0.));
#11899 = DIRECTION('',(0.,0.,1.));
#11900 = ADVANCED_FACE('',(#11901),#11937,.T.);
#11901 = FACE_BOUND('',#11902,.T.);
#11902 = EDGE_LOOP('',(#11903,#11904,#11905,#11913,#11921,#11927,#11928,
    #11929,#11930,#11931));
#11903 = ORIENTED_EDGE('',*,*,#4582,.T.);
#11904 = ORIENTED_EDGE('',*,*,#1875,.F.);
#11905 = ORIENTED_EDGE('',*,*,#11906,.F.);
#11906 = EDGE_CURVE('',#11907,#1867,#11909,.T.);
#11907 = VERTEX_POINT('',#11908);
#11908 = CARTESIAN_POINT('',(46.5,21.75,14.));
#11909 = LINE('',#11910,#11911);
#11910 = CARTESIAN_POINT('',(46.5,21.75,14.));
#11911 = VECTOR('',#11912,1.);
#11912 = DIRECTION('',(0.,0.,1.));
#11913 = ORIENTED_EDGE('',*,*,#11914,.T.);
#11914 = EDGE_CURVE('',#11907,#11915,#11917,.T.);
#11915 = VERTEX_POINT('',#11916);
#11916 = CARTESIAN_POINT('',(46.5,35.75,14.));
#11917 = LINE('',#11918,#11919);
#11918 = CARTESIAN_POINT('',(46.5,20.375,14.));
#11919 = VECTOR('',#11920,1.);
#11920 = DIRECTION('',(0.,1.,-0.));
#11921 = ORIENTED_EDGE('',*,*,#11922,.T.);
#11922 = EDGE_CURVE('',#11915,#1832,#11923,.T.);
#11923 = LINE('',#11924,#11925);
#11924 = CARTESIAN_POINT('',(46.5,35.75,14.));
#11925 = VECTOR('',#11926,1.);
#11926 = DIRECTION('',(0.,0.,1.));
#11927 = ORIENTED_EDGE('',*,*,#1831,.F.);
#11928 = ORIENTED_EDGE('',*,*,#4433,.F.);
#11929 = ORIENTED_EDGE('',*,*,#4470,.T.);
#11930 = ORIENTED_EDGE('',*,*,#4526,.F.);
#11931 = ORIENTED_EDGE('',*,*,#11932,.F.);
#11932 = EDGE_CURVE('',#4572,#4517,#11933,.T.);
#11933 = LINE('',#11934,#11935);
#11934 = CARTESIAN_POINT('',(46.5,45.,10.8));
#11935 = VECTOR('',#11936,1.);
#11936 = DIRECTION('',(-0.,1.,0.));
#11937 = PLANE('',#11938);
#11938 = AXIS2_PLACEMENT_3D('',#11939,#11940,#11941);
#11939 = CARTESIAN_POINT('',(46.5,31.108506944444,14.839756944444));
#11940 = DIRECTION('',(-1.,-0.,-0.));
#11941 = DIRECTION('',(0.,0.,-1.));
#11942 = ADVANCED_FACE('',(#11943),#11962,.T.);
#11943 = FACE_BOUND('',#11944,.T.);
#11944 = EDGE_LOOP('',(#11945,#11954,#11961));
#11945 = ORIENTED_EDGE('',*,*,#11946,.T.);
#11946 = EDGE_CURVE('',#11907,#11947,#11949,.T.);
#11947 = VERTEX_POINT('',#11948);
#11948 = CARTESIAN_POINT('',(53.5,28.75,14.));
#11949 = CIRCLE('',#11950,7.);
#11950 = AXIS2_PLACEMENT_3D('',#11951,#11952,#11953);
#11951 = CARTESIAN_POINT('',(46.5,28.75,14.));
#11952 = DIRECTION('',(0.,0.,1.));
#11953 = DIRECTION('',(1.,0.,-0.));
#11954 = ORIENTED_EDGE('',*,*,#11955,.T.);
#11955 = EDGE_CURVE('',#11947,#11915,#11956,.T.);
#11956 = CIRCLE('',#11957,7.);
#11957 = AXIS2_PLACEMENT_3D('',#11958,#11959,#11960);
#11958 = CARTESIAN_POINT('',(46.5,28.75,14.));
#11959 = DIRECTION('',(0.,0.,1.));
#11960 = DIRECTION('',(1.,0.,-0.));
#11961 = ORIENTED_EDGE('',*,*,#11914,.F.);
#11962 = PLANE('',#11963);
#11963 = AXIS2_PLACEMENT_3D('',#11964,#11965,#11966);
#11964 = CARTESIAN_POINT('',(46.5,28.75,14.));
#11965 = DIRECTION('',(0.,0.,1.));
#11966 = DIRECTION('',(1.,0.,-0.));
#11967 = ADVANCED_FACE('',(#11968),#12002,.T.);
#11968 = FACE_BOUND('',#11969,.T.);
#11969 = EDGE_LOOP('',(#11970,#11971,#11979,#11987,#11993,#11994,#11995,
    #12001));
#11970 = ORIENTED_EDGE('',*,*,#831,.T.);
#11971 = ORIENTED_EDGE('',*,*,#11972,.F.);
#11972 = EDGE_CURVE('',#11973,#834,#11975,.T.);
#11973 = VERTEX_POINT('',#11974);
#11974 = CARTESIAN_POINT('',(48.,37.116600265341,10.5));
#11975 = LINE('',#11976,#11977);
#11976 = CARTESIAN_POINT('',(48.,37.116600265341,10.5));
#11977 = VECTOR('',#11978,1.);
#11978 = DIRECTION('',(0.,0.,1.));
#11979 = ORIENTED_EDGE('',*,*,#11980,.F.);
#11980 = EDGE_CURVE('',#11981,#11973,#11983,.T.);
#11981 = VERTEX_POINT('',#11982);
#11982 = CARTESIAN_POINT('',(48.,20.383399734659,10.5));
#11983 = LINE('',#11984,#11985);
#11984 = CARTESIAN_POINT('',(48.,20.125,10.5));
#11985 = VECTOR('',#11986,1.);
#11986 = DIRECTION('',(0.,1.,-0.));
#11987 = ORIENTED_EDGE('',*,*,#11988,.T.);
#11988 = EDGE_CURVE('',#11981,#851,#11989,.T.);
#11989 = LINE('',#11990,#11991);
#11990 = CARTESIAN_POINT('',(48.,20.383399734659,10.5));
#11991 = VECTOR('',#11992,1.);
#11992 = DIRECTION('',(0.,0.,1.));
#11993 = ORIENTED_EDGE('',*,*,#859,.T.);
#11994 = ORIENTED_EDGE('',*,*,#1221,.F.);
#11995 = ORIENTED_EDGE('',*,*,#11996,.T.);
#11996 = EDGE_CURVE('',#1206,#1125,#11997,.T.);
#11997 = LINE('',#11998,#11999);
#11998 = CARTESIAN_POINT('',(48.,11.5,9.6));
#11999 = VECTOR('',#12000,1.);
#12000 = DIRECTION('',(0.,1.,0.));
#12001 = ORIENTED_EDGE('',*,*,#1124,.T.);
#12002 = PLANE('',#12003);
#12003 = AXIS2_PLACEMENT_3D('',#12004,#12005,#12006);
#12004 = CARTESIAN_POINT('',(48.,31.767792421746,13.413162068952));
#12005 = DIRECTION('',(1.,0.,0.));
#12006 = DIRECTION('',(-0.,0.,1.));
#12007 = ADVANCED_FACE('',(#12008),#12027,.F.);
#12008 = FACE_BOUND('',#12009,.F.);
#12009 = EDGE_LOOP('',(#12010,#12019,#12026));
#12010 = ORIENTED_EDGE('',*,*,#12011,.T.);
#12011 = EDGE_CURVE('',#11981,#12012,#12014,.T.);
#12012 = VERTEX_POINT('',#12013);
#12013 = CARTESIAN_POINT('',(55.,28.75,10.5));
#12014 = CIRCLE('',#12015,8.5);
#12015 = AXIS2_PLACEMENT_3D('',#12016,#12017,#12018);
#12016 = CARTESIAN_POINT('',(46.5,28.75,10.5));
#12017 = DIRECTION('',(0.,0.,1.));
#12018 = DIRECTION('',(1.,0.,-0.));
#12019 = ORIENTED_EDGE('',*,*,#12020,.T.);
#12020 = EDGE_CURVE('',#12012,#11973,#12021,.T.);
#12021 = CIRCLE('',#12022,8.5);
#12022 = AXIS2_PLACEMENT_3D('',#12023,#12024,#12025);
#12023 = CARTESIAN_POINT('',(46.5,28.75,10.5));
#12024 = DIRECTION('',(0.,0.,1.));
#12025 = DIRECTION('',(1.,0.,-0.));
#12026 = ORIENTED_EDGE('',*,*,#11980,.F.);
#12027 = PLANE('',#12028);
#12028 = AXIS2_PLACEMENT_3D('',#12029,#12030,#12031);
#12029 = CARTESIAN_POINT('',(46.5,28.75,10.5));
#12030 = DIRECTION('',(0.,0.,1.));
#12031 = DIRECTION('',(1.,0.,-0.));
#12032 = ADVANCED_FACE('',(#12033,#12052,#12086,#12097,#12108),#12119,
  .T.);
#12033 = FACE_BOUND('',#12034,.T.);
#12034 = EDGE_LOOP('',(#12035,#12036,#12037,#12038,#12039,#12040,#12041,
    #12042,#12043,#12044,#12045,#12046,#12047,#12048,#12049,#12050,
    #12051));
#12035 = ORIENTED_EDGE('',*,*,#4359,.T.);
#12036 = ORIENTED_EDGE('',*,*,#4236,.T.);
#12037 = ORIENTED_EDGE('',*,*,#4290,.T.);
#12038 = ORIENTED_EDGE('',*,*,#4315,.T.);
#12039 = ORIENTED_EDGE('',*,*,#11872,.F.);
#12040 = ORIENTED_EDGE('',*,*,#4604,.T.);
#12041 = ORIENTED_EDGE('',*,*,#4628,.T.);
#12042 = ORIENTED_EDGE('',*,*,#4651,.T.);
#12043 = ORIENTED_EDGE('',*,*,#4683,.F.);
#12044 = ORIENTED_EDGE('',*,*,#4707,.T.);
#12045 = ORIENTED_EDGE('',*,*,#11890,.T.);
#12046 = ORIENTED_EDGE('',*,*,#4540,.T.);
#12047 = ORIENTED_EDGE('',*,*,#4571,.T.);
#12048 = ORIENTED_EDGE('',*,*,#11932,.T.);
#12049 = ORIENTED_EDGE('',*,*,#4516,.F.);
#12050 = ORIENTED_EDGE('',*,*,#4493,.F.);
#12051 = ORIENTED_EDGE('',*,*,#4384,.T.);
#12052 = FACE_BOUND('',#12053,.T.);
#12053 = EDGE_LOOP('',(#12054,#12064,#12072,#12080));
#12054 = ORIENTED_EDGE('',*,*,#12055,.T.);
#12055 = EDGE_CURVE('',#12056,#12058,#12060,.T.);
#12056 = VERTEX_POINT('',#12057);
#12057 = CARTESIAN_POINT('',(28.,9.5,10.8));
#12058 = VERTEX_POINT('',#12059);
#12059 = CARTESIAN_POINT('',(36.,9.5,10.8));
#12060 = LINE('',#12061,#12062);
#12061 = CARTESIAN_POINT('',(20.,9.5,10.8));
#12062 = VECTOR('',#12063,1.);
#12063 = DIRECTION('',(1.,0.,0.));
#12064 = ORIENTED_EDGE('',*,*,#12065,.F.);
#12065 = EDGE_CURVE('',#12066,#12058,#12068,.T.);
#12066 = VERTEX_POINT('',#12067);
#12067 = CARTESIAN_POINT('',(36.,8.5,10.8));
#12068 = LINE('',#12069,#12070);
#12069 = CARTESIAN_POINT('',(36.,6.2,10.8));
#12070 = VECTOR('',#12071,1.);
#12071 = DIRECTION('',(-0.,1.,0.));
#12072 = ORIENTED_EDGE('',*,*,#12073,.F.);
#12073 = EDGE_CURVE('',#12074,#12066,#12076,.T.);
#12074 = VERTEX_POINT('',#12075);
#12075 = CARTESIAN_POINT('',(28.,8.5,10.8));
#12076 = LINE('',#12077,#12078);
#12077 = CARTESIAN_POINT('',(27.2,8.5,10.8));
#12078 = VECTOR('',#12079,1.);
#12079 = DIRECTION('',(1.,0.,-0.));
#12080 = ORIENTED_EDGE('',*,*,#12081,.T.);
#12081 = EDGE_CURVE('',#12074,#12056,#12082,.T.);
#12082 = LINE('',#12083,#12084);
#12083 = CARTESIAN_POINT('',(28.,6.2,10.8));
#12084 = VECTOR('',#12085,1.);
#12085 = DIRECTION('',(-0.,1.,0.));
#12086 = FACE_BOUND('',#12087,.T.);
#12087 = EDGE_LOOP('',(#12088));
#12088 = ORIENTED_EDGE('',*,*,#12089,.F.);
#12089 = EDGE_CURVE('',#12090,#12090,#12092,.T.);
#12090 = VERTEX_POINT('',#12091);
#12091 = CARTESIAN_POINT('',(43.55,17.,10.8));
#12092 = CIRCLE('',#12093,1.);
#12093 = AXIS2_PLACEMENT_3D('',#12094,#12095,#12096);
#12094 = CARTESIAN_POINT('',(42.55,17.,10.8));
#12095 = DIRECTION('',(0.,0.,1.));
#12096 = DIRECTION('',(1.,0.,-0.));
#12097 = FACE_BOUND('',#12098,.T.);
#12098 = EDGE_LOOP('',(#12099));
#12099 = ORIENTED_EDGE('',*,*,#12100,.F.);
#12100 = EDGE_CURVE('',#12101,#12101,#12103,.T.);
#12101 = VERTEX_POINT('',#12102);
#12102 = CARTESIAN_POINT('',(43.55,23.,10.8));
#12103 = CIRCLE('',#12104,1.);
#12104 = AXIS2_PLACEMENT_3D('',#12105,#12106,#12107);
#12105 = CARTESIAN_POINT('',(42.55,23.,10.8));
#12106 = DIRECTION('',(0.,0.,1.));
#12107 = DIRECTION('',(1.,0.,-0.));
#12108 = FACE_BOUND('',#12109,.T.);
#12109 = EDGE_LOOP('',(#12110));
#12110 = ORIENTED_EDGE('',*,*,#12111,.F.);
#12111 = EDGE_CURVE('',#12112,#12112,#12114,.T.);
#12112 = VERTEX_POINT('',#12113);
#12113 = CARTESIAN_POINT('',(43.55,29.,10.8));
#12114 = CIRCLE('',#12115,1.);
#12115 = AXIS2_PLACEMENT_3D('',#12116,#12117,#12118);
#12116 = CARTESIAN_POINT('',(42.55,29.,10.8));
#12117 = DIRECTION('',(0.,0.,1.));
#12118 = DIRECTION('',(1.,0.,-0.));
#12119 = PLANE('',#12120);
#12120 = AXIS2_PLACEMENT_3D('',#12121,#12122,#12123);
#12121 = CARTESIAN_POINT('',(32.658853293998,29.07278306436,10.8));
#12122 = DIRECTION('',(0.,0.,1.));
#12123 = DIRECTION('',(1.,0.,-0.));
#12124 = ADVANCED_FACE('',(#12125),#12150,.T.);
#12125 = FACE_BOUND('',#12126,.T.);
#12126 = EDGE_LOOP('',(#12127,#12128,#12136,#12144));
#12127 = ORIENTED_EDGE('',*,*,#12055,.F.);
#12128 = ORIENTED_EDGE('',*,*,#12129,.F.);
#12129 = EDGE_CURVE('',#12130,#12056,#12132,.T.);
#12130 = VERTEX_POINT('',#12131);
#12131 = CARTESIAN_POINT('',(28.,9.5,20.1));
#12132 = LINE('',#12133,#12134);
#12133 = CARTESIAN_POINT('',(28.,9.5,10.8));
#12134 = VECTOR('',#12135,1.);
#12135 = DIRECTION('',(-0.,0.,-1.));
#12136 = ORIENTED_EDGE('',*,*,#12137,.T.);
#12137 = EDGE_CURVE('',#12130,#12138,#12140,.T.);
#12138 = VERTEX_POINT('',#12139);
#12139 = CARTESIAN_POINT('',(36.,9.5,20.1));
#12140 = LINE('',#12141,#12142);
#12141 = CARTESIAN_POINT('',(28.,9.5,20.1));
#12142 = VECTOR('',#12143,1.);
#12143 = DIRECTION('',(1.,0.,0.));
#12144 = ORIENTED_EDGE('',*,*,#12145,.T.);
#12145 = EDGE_CURVE('',#12138,#12058,#12146,.T.);
#12146 = LINE('',#12147,#12148);
#12147 = CARTESIAN_POINT('',(36.,9.5,10.8));
#12148 = VECTOR('',#12149,1.);
#12149 = DIRECTION('',(-0.,0.,-1.));
#12150 = PLANE('',#12151);
#12151 = AXIS2_PLACEMENT_3D('',#12152,#12153,#12154);
#12152 = CARTESIAN_POINT('',(20.,9.5,10.8));
#12153 = DIRECTION('',(0.,1.,0.));
#12154 = DIRECTION('',(1.,0.,0.));
#12155 = ADVANCED_FACE('',(#12156),#12181,.F.);
#12156 = FACE_BOUND('',#12157,.F.);
#12157 = EDGE_LOOP('',(#12158,#12159,#12167,#12175));
#12158 = ORIENTED_EDGE('',*,*,#12137,.T.);
#12159 = ORIENTED_EDGE('',*,*,#12160,.T.);
#12160 = EDGE_CURVE('',#12138,#12161,#12163,.T.);
#12161 = VERTEX_POINT('',#12162);
#12162 = CARTESIAN_POINT('',(36.,10.7,20.1));
#12163 = LINE('',#12164,#12165);
#12164 = CARTESIAN_POINT('',(36.,9.5,20.1));
#12165 = VECTOR('',#12166,1.);
#12166 = DIRECTION('',(0.,1.,0.));
#12167 = ORIENTED_EDGE('',*,*,#12168,.F.);
#12168 = EDGE_CURVE('',#12169,#12161,#12171,.T.);
#12169 = VERTEX_POINT('',#12170);
#12170 = CARTESIAN_POINT('',(28.,10.7,20.1));
#12171 = LINE('',#12172,#12173);
#12172 = CARTESIAN_POINT('',(28.,10.7,20.1));
#12173 = VECTOR('',#12174,1.);
#12174 = DIRECTION('',(1.,0.,0.));
#12175 = ORIENTED_EDGE('',*,*,#12176,.F.);
#12176 = EDGE_CURVE('',#12130,#12169,#12177,.T.);
#12177 = LINE('',#12178,#12179);
#12178 = CARTESIAN_POINT('',(28.,9.5,20.1));
#12179 = VECTOR('',#12180,1.);
#12180 = DIRECTION('',(0.,1.,0.));
#12181 = PLANE('',#12182);
#12182 = AXIS2_PLACEMENT_3D('',#12183,#12184,#12185);
#12183 = CARTESIAN_POINT('',(28.,9.5,20.1));
#12184 = DIRECTION('',(0.,0.,1.));
#12185 = DIRECTION('',(0.,1.,0.));
#12186 = ADVANCED_FACE('',(#12187),#12212,.F.);
#12187 = FACE_BOUND('',#12188,.F.);
#12188 = EDGE_LOOP('',(#12189,#12190,#12198,#12206));
#12189 = ORIENTED_EDGE('',*,*,#12168,.T.);
#12190 = ORIENTED_EDGE('',*,*,#12191,.T.);
#12191 = EDGE_CURVE('',#12161,#12192,#12194,.T.);
#12192 = VERTEX_POINT('',#12193);
#12193 = CARTESIAN_POINT('',(36.,9.5,21.2));
#12194 = LINE('',#12195,#12196);
#12195 = CARTESIAN_POINT('',(36.,10.7,20.1));
#12196 = VECTOR('',#12197,1.);
#12197 = DIRECTION('',(0.,-0.737154140201,0.675724628517));
#12198 = ORIENTED_EDGE('',*,*,#12199,.F.);
#12199 = EDGE_CURVE('',#12200,#12192,#12202,.T.);
#12200 = VERTEX_POINT('',#12201);
#12201 = CARTESIAN_POINT('',(28.,9.5,21.2));
#12202 = LINE('',#12203,#12204);
#12203 = CARTESIAN_POINT('',(25.2,9.5,21.2));
#12204 = VECTOR('',#12205,1.);
#12205 = DIRECTION('',(1.,0.,-0.));
#12206 = ORIENTED_EDGE('',*,*,#12207,.F.);
#12207 = EDGE_CURVE('',#12169,#12200,#12208,.T.);
#12208 = LINE('',#12209,#12210);
#12209 = CARTESIAN_POINT('',(28.,10.7,20.1));
#12210 = VECTOR('',#12211,1.);
#12211 = DIRECTION('',(0.,-0.737154140201,0.675724628517));
#12212 = PLANE('',#12213);
#12213 = AXIS2_PLACEMENT_3D('',#12214,#12215,#12216);
#12214 = CARTESIAN_POINT('',(28.,10.7,20.1));
#12215 = DIRECTION('',(0.,-0.675724628517,-0.737154140201));
#12216 = DIRECTION('',(0.,-0.737154140201,0.675724628517));
#12217 = ADVANCED_FACE('',(#12218),#12243,.F.);
#12218 = FACE_BOUND('',#12219,.F.);
#12219 = EDGE_LOOP('',(#12220,#12221,#12229,#12237));
#12220 = ORIENTED_EDGE('',*,*,#12073,.F.);
#12221 = ORIENTED_EDGE('',*,*,#12222,.T.);
#12222 = EDGE_CURVE('',#12074,#12223,#12225,.T.);
#12223 = VERTEX_POINT('',#12224);
#12224 = CARTESIAN_POINT('',(28.,8.5,21.2));
#12225 = LINE('',#12226,#12227);
#12226 = CARTESIAN_POINT('',(28.,8.5,10.8));
#12227 = VECTOR('',#12228,1.);
#12228 = DIRECTION('',(0.,0.,1.));
#12229 = ORIENTED_EDGE('',*,*,#12230,.F.);
#12230 = EDGE_CURVE('',#12231,#12223,#12233,.T.);
#12231 = VERTEX_POINT('',#12232);
#12232 = CARTESIAN_POINT('',(36.,8.5,21.2));
#12233 = LINE('',#12234,#12235);
#12234 = CARTESIAN_POINT('',(29.6,8.5,21.2));
#12235 = VECTOR('',#12236,1.);
#12236 = DIRECTION('',(-1.,-0.,0.));
#12237 = ORIENTED_EDGE('',*,*,#12238,.F.);
#12238 = EDGE_CURVE('',#12066,#12231,#12239,.T.);
#12239 = LINE('',#12240,#12241);
#12240 = CARTESIAN_POINT('',(36.,8.5,10.8));
#12241 = VECTOR('',#12242,1.);
#12242 = DIRECTION('',(0.,0.,1.));
#12243 = PLANE('',#12244);
#12244 = AXIS2_PLACEMENT_3D('',#12245,#12246,#12247);
#12245 = CARTESIAN_POINT('',(27.2,8.5,10.8));
#12246 = DIRECTION('',(-0.,1.,0.));
#12247 = DIRECTION('',(0.,0.,1.));
#12248 = ADVANCED_FACE('',(#12249),#12265,.T.);
#12249 = FACE_BOUND('',#12250,.T.);
#12250 = EDGE_LOOP('',(#12251,#12257,#12258,#12264));
#12251 = ORIENTED_EDGE('',*,*,#12252,.F.);
#12252 = EDGE_CURVE('',#12223,#12200,#12253,.T.);
#12253 = LINE('',#12254,#12255);
#12254 = CARTESIAN_POINT('',(28.,18.6,21.2));
#12255 = VECTOR('',#12256,1.);
#12256 = DIRECTION('',(-0.,1.,0.));
#12257 = ORIENTED_EDGE('',*,*,#12230,.F.);
#12258 = ORIENTED_EDGE('',*,*,#12259,.T.);
#12259 = EDGE_CURVE('',#12231,#12192,#12260,.T.);
#12260 = LINE('',#12261,#12262);
#12261 = CARTESIAN_POINT('',(36.,18.6,21.2));
#12262 = VECTOR('',#12263,1.);
#12263 = DIRECTION('',(-0.,1.,0.));
#12264 = ORIENTED_EDGE('',*,*,#12199,.F.);
#12265 = PLANE('',#12266);
#12266 = AXIS2_PLACEMENT_3D('',#12267,#12268,#12269);
#12267 = CARTESIAN_POINT('',(32.,31.,21.2));
#12268 = DIRECTION('',(0.,0.,1.));
#12269 = DIRECTION('',(1.,0.,-0.));
#12270 = ADVANCED_FACE('',(#12271),#12279,.T.);
#12271 = FACE_BOUND('',#12272,.T.);
#12272 = EDGE_LOOP('',(#12273,#12274,#12275,#12276,#12277,#12278));
#12273 = ORIENTED_EDGE('',*,*,#12222,.T.);
#12274 = ORIENTED_EDGE('',*,*,#12252,.T.);
#12275 = ORIENTED_EDGE('',*,*,#12207,.F.);
#12276 = ORIENTED_EDGE('',*,*,#12176,.F.);
#12277 = ORIENTED_EDGE('',*,*,#12129,.T.);
#12278 = ORIENTED_EDGE('',*,*,#12081,.F.);
#12279 = PLANE('',#12280);
#12280 = AXIS2_PLACEMENT_3D('',#12281,#12282,#12283);
#12281 = CARTESIAN_POINT('',(28.,9.104398343866,16.300664018168));
#12282 = DIRECTION('',(-1.,-0.,-0.));
#12283 = DIRECTION('',(0.,0.,-1.));
#12284 = ADVANCED_FACE('',(#12285),#12293,.T.);
#12285 = FACE_BOUND('',#12286,.T.);
#12286 = EDGE_LOOP('',(#12287,#12288,#12289,#12290,#12291,#12292));
#12287 = ORIENTED_EDGE('',*,*,#12238,.F.);
#12288 = ORIENTED_EDGE('',*,*,#12065,.T.);
#12289 = ORIENTED_EDGE('',*,*,#12145,.F.);
#12290 = ORIENTED_EDGE('',*,*,#12160,.T.);
#12291 = ORIENTED_EDGE('',*,*,#12191,.T.);
#12292 = ORIENTED_EDGE('',*,*,#12259,.F.);
#12293 = PLANE('',#12294);
#12294 = AXIS2_PLACEMENT_3D('',#12295,#12296,#12297);
#12295 = CARTESIAN_POINT('',(36.,9.104398343866,16.300664018168));
#12296 = DIRECTION('',(1.,0.,0.));
#12297 = DIRECTION('',(-0.,0.,1.));
#12298 = ADVANCED_FACE('',(#12299),#12318,.F.);
#12299 = FACE_BOUND('',#12300,.F.);
#12300 = EDGE_LOOP('',(#12301,#12302,#12310,#12317));
#12301 = ORIENTED_EDGE('',*,*,#12089,.F.);
#12302 = ORIENTED_EDGE('',*,*,#12303,.F.);
#12303 = EDGE_CURVE('',#12304,#12090,#12306,.T.);
#12304 = VERTEX_POINT('',#12305);
#12305 = CARTESIAN_POINT('',(43.55,17.,9.6));
#12306 = LINE('',#12307,#12308);
#12307 = CARTESIAN_POINT('',(43.55,17.,9.5));
#12308 = VECTOR('',#12309,1.);
#12309 = DIRECTION('',(0.,0.,1.));
#12310 = ORIENTED_EDGE('',*,*,#12311,.T.);
#12311 = EDGE_CURVE('',#12304,#12304,#12312,.T.);
#12312 = CIRCLE('',#12313,1.);
#12313 = AXIS2_PLACEMENT_3D('',#12314,#12315,#12316);
#12314 = CARTESIAN_POINT('',(42.55,17.,9.6));
#12315 = DIRECTION('',(0.,0.,1.));
#12316 = DIRECTION('',(1.,0.,-0.));
#12317 = ORIENTED_EDGE('',*,*,#12303,.T.);
#12318 = CYLINDRICAL_SURFACE('',#12319,1.);
#12319 = AXIS2_PLACEMENT_3D('',#12320,#12321,#12322);
#12320 = CARTESIAN_POINT('',(42.55,17.,9.5));
#12321 = DIRECTION('',(0.,0.,1.));
#12322 = DIRECTION('',(1.,0.,-0.));
#12323 = ADVANCED_FACE('',(#12324),#12343,.F.);
#12324 = FACE_BOUND('',#12325,.F.);
#12325 = EDGE_LOOP('',(#12326,#12327,#12335,#12342));
#12326 = ORIENTED_EDGE('',*,*,#12100,.F.);
#12327 = ORIENTED_EDGE('',*,*,#12328,.F.);
#12328 = EDGE_CURVE('',#12329,#12101,#12331,.T.);
#12329 = VERTEX_POINT('',#12330);
#12330 = CARTESIAN_POINT('',(43.55,23.,9.6));
#12331 = LINE('',#12332,#12333);
#12332 = CARTESIAN_POINT('',(43.55,23.,9.5));
#12333 = VECTOR('',#12334,1.);
#12334 = DIRECTION('',(0.,0.,1.));
#12335 = ORIENTED_EDGE('',*,*,#12336,.T.);
#12336 = EDGE_CURVE('',#12329,#12329,#12337,.T.);
#12337 = CIRCLE('',#12338,1.);
#12338 = AXIS2_PLACEMENT_3D('',#12339,#12340,#12341);
#12339 = CARTESIAN_POINT('',(42.55,23.,9.6));
#12340 = DIRECTION('',(0.,0.,1.));
#12341 = DIRECTION('',(1.,0.,-0.));
#12342 = ORIENTED_EDGE('',*,*,#12328,.T.);
#12343 = CYLINDRICAL_SURFACE('',#12344,1.);
#12344 = AXIS2_PLACEMENT_3D('',#12345,#12346,#12347);
#12345 = CARTESIAN_POINT('',(42.55,23.,9.5));
#12346 = DIRECTION('',(0.,0.,1.));
#12347 = DIRECTION('',(1.,0.,-0.));
#12348 = ADVANCED_FACE('',(#12349),#12368,.F.);
#12349 = FACE_BOUND('',#12350,.F.);
#12350 = EDGE_LOOP('',(#12351,#12352,#12360,#12367));
#12351 = ORIENTED_EDGE('',*,*,#12111,.F.);
#12352 = ORIENTED_EDGE('',*,*,#12353,.F.);
#12353 = EDGE_CURVE('',#12354,#12112,#12356,.T.);
#12354 = VERTEX_POINT('',#12355);
#12355 = CARTESIAN_POINT('',(43.55,29.,9.6));
#12356 = LINE('',#12357,#12358);
#12357 = CARTESIAN_POINT('',(43.55,29.,9.5));
#12358 = VECTOR('',#12359,1.);
#12359 = DIRECTION('',(0.,0.,1.));
#12360 = ORIENTED_EDGE('',*,*,#12361,.T.);
#12361 = EDGE_CURVE('',#12354,#12354,#12362,.T.);
#12362 = CIRCLE('',#12363,1.);
#12363 = AXIS2_PLACEMENT_3D('',#12364,#12365,#12366);
#12364 = CARTESIAN_POINT('',(42.55,29.,9.6));
#12365 = DIRECTION('',(0.,0.,1.));
#12366 = DIRECTION('',(1.,0.,-0.));
#12367 = ORIENTED_EDGE('',*,*,#12353,.T.);
#12368 = CYLINDRICAL_SURFACE('',#12369,1.);
#12369 = AXIS2_PLACEMENT_3D('',#12370,#12371,#12372);
#12370 = CARTESIAN_POINT('',(42.55,29.,9.5));
#12371 = DIRECTION('',(0.,0.,1.));
#12372 = DIRECTION('',(1.,0.,-0.));
#12373 = ADVANCED_FACE('',(#12374,#12390,#12393,#12396),#12399,.T.);
#12374 = FACE_BOUND('',#12375,.T.);
#12375 = EDGE_LOOP('',(#12376,#12377,#12378,#12379,#12380,#12381,#12382,
    #12383,#12384,#12385,#12386,#12387,#12388,#12389));
#12376 = ORIENTED_EDGE('',*,*,#1187,.T.);
#12377 = ORIENTED_EDGE('',*,*,#1156,.T.);
#12378 = ORIENTED_EDGE('',*,*,#1132,.T.);
#12379 = ORIENTED_EDGE('',*,*,#11996,.F.);
#12380 = ORIENTED_EDGE('',*,*,#1203,.F.);
#12381 = ORIENTED_EDGE('',*,*,#1259,.F.);
#12382 = ORIENTED_EDGE('',*,*,#1316,.F.);
#12383 = ORIENTED_EDGE('',*,*,#1380,.F.);
#12384 = ORIENTED_EDGE('',*,*,#1422,.T.);
#12385 = ORIENTED_EDGE('',*,*,#1445,.F.);
#12386 = ORIENTED_EDGE('',*,*,#1469,.F.);
#12387 = ORIENTED_EDGE('',*,*,#1332,.F.);
#12388 = ORIENTED_EDGE('',*,*,#1283,.F.);
#12389 = ORIENTED_EDGE('',*,*,#1235,.F.);
#12390 = FACE_BOUND('',#12391,.T.);
#12391 = EDGE_LOOP('',(#12392));
#12392 = ORIENTED_EDGE('',*,*,#12311,.T.);
#12393 = FACE_BOUND('',#12394,.T.);
#12394 = EDGE_LOOP('',(#12395));
#12395 = ORIENTED_EDGE('',*,*,#12336,.T.);
#12396 = FACE_BOUND('',#12397,.T.);
#12397 = EDGE_LOOP('',(#12398));
#12398 = ORIENTED_EDGE('',*,*,#12361,.T.);
#12399 = PLANE('',#12400);
#12400 = AXIS2_PLACEMENT_3D('',#12401,#12402,#12403);
#12401 = CARTESIAN_POINT('',(32.887840385367,30.029138234383,9.6));
#12402 = DIRECTION('',(-0.,-0.,-1.));
#12403 = DIRECTION('',(-1.,0.,0.));
#12404 = ADVANCED_FACE('',(#12405),#12415,.F.);
#12405 = FACE_BOUND('',#12406,.F.);
#12406 = EDGE_LOOP('',(#12407,#12408,#12409,#12410,#12411,#12412,#12413,
    #12414));
#12407 = ORIENTED_EDGE('',*,*,#11922,.T.);
#12408 = ORIENTED_EDGE('',*,*,#1839,.F.);
#12409 = ORIENTED_EDGE('',*,*,#1848,.F.);
#12410 = ORIENTED_EDGE('',*,*,#1857,.F.);
#12411 = ORIENTED_EDGE('',*,*,#1866,.F.);
#12412 = ORIENTED_EDGE('',*,*,#11906,.F.);
#12413 = ORIENTED_EDGE('',*,*,#11946,.T.);
#12414 = ORIENTED_EDGE('',*,*,#11955,.T.);
#12415 = CYLINDRICAL_SURFACE('',#12416,7.);
#12416 = AXIS2_PLACEMENT_3D('',#12417,#12418,#12419);
#12417 = CARTESIAN_POINT('',(46.5,28.75,14.));
#12418 = DIRECTION('',(0.,0.,1.));
#12419 = DIRECTION('',(1.,0.,-0.));
#12420 = ADVANCED_FACE('',(#12421),#12429,.T.);
#12421 = FACE_BOUND('',#12422,.T.);
#12422 = EDGE_LOOP('',(#12423,#12424,#12425,#12426,#12427,#12428));
#12423 = ORIENTED_EDGE('',*,*,#1536,.T.);
#12424 = ORIENTED_EDGE('',*,*,#1041,.T.);
#12425 = ORIENTED_EDGE('',*,*,#802,.F.);
#12426 = ORIENTED_EDGE('',*,*,#811,.F.);
#12427 = ORIENTED_EDGE('',*,*,#1058,.F.);
#12428 = ORIENTED_EDGE('',*,*,#1527,.T.);
#12429 = CYLINDRICAL_SURFACE('',#12430,2.);
#12430 = AXIS2_PLACEMENT_3D('',#12431,#12432,#12433);
#12431 = CARTESIAN_POINT('',(54.8,10.2,9.45));
#12432 = DIRECTION('',(0.,0.,1.));
#12433 = DIRECTION('',(1.,0.,-0.));
#12434 = ADVANCED_FACE('',(#12435),#12443,.T.);
#12435 = FACE_BOUND('',#12436,.T.);
#12436 = EDGE_LOOP('',(#12437,#12438,#12439,#12440,#12441,#12442));
#12437 = ORIENTED_EDGE('',*,*,#850,.F.);
#12438 = ORIENTED_EDGE('',*,*,#11988,.F.);
#12439 = ORIENTED_EDGE('',*,*,#12011,.T.);
#12440 = ORIENTED_EDGE('',*,*,#12020,.T.);
#12441 = ORIENTED_EDGE('',*,*,#11972,.T.);
#12442 = ORIENTED_EDGE('',*,*,#841,.F.);
#12443 = CYLINDRICAL_SURFACE('',#12444,8.5);
#12444 = AXIS2_PLACEMENT_3D('',#12445,#12446,#12447);
#12445 = CARTESIAN_POINT('',(46.5,28.75,10.5));
#12446 = DIRECTION('',(0.,0.,1.));
#12447 = DIRECTION('',(1.,0.,-0.));
#12448 = ( GEOMETRIC_REPRESENTATION_CONTEXT(3) 
GLOBAL_UNCERTAINTY_ASSIGNED_CONTEXT((#12452)) 
GLOBAL_UNIT_ASSIGNED_CONTEXT((#12449,#12450,#12451)) 
REPRESENTATION_CONTEXT('Context #1',
  '3D Context with UNIT and UNCERTAINTY') );
#12449 = ( LENGTH_UNIT() NAMED_UNIT(*) SI_UNIT(.MILLI.,.METRE.) );
#12450 = ( NAMED_UNIT(*) PLANE_ANGLE_UNIT() SI_UNIT($,.RADIAN.) );
#12451 = ( NAMED_UNIT(*) SI_UNIT($,.STERADIAN.) SOLID_ANGLE_UNIT() );
#12452 = UNCERTAINTY_MEASURE_WITH_UNIT(LENGTH_MEASURE(1.E-06),#12449,
  'distance_accuracy_value','confusion accuracy');
#12453 = PRODUCT_RELATED_PRODUCT_CATEGORY('part',$,(#7));
ENDSEC;
END-ISO-10303-21;
