ISO-10303-21;
HEADER;
FILE_DESCRIPTION(('FreeCAD Model'),'2;1');
FILE_NAME('Open CASCADE Shape Model','2026-09-28T02:54:26',('FreeCAD'),(
    'FreeCAD'),'Open CASCADE STEP processor 7.8','FreeCAD','Unknown');
FILE_SCHEMA(('AUTOMOTIVE_DESIGN { 1 0 10303 214 1 1 1 1 }'));
ENDSEC;
DATA;
#1 = APPLICATION_PROTOCOL_DEFINITION('international standard',
  'automotive_design',2000,#2);
#2 = APPLICATION_CONTEXT(
  'core data for automotive mechanical design processes');
#3 = SHAPE_DEFINITION_REPRESENTATION(#4,#10);
#4 = PRODUCT_DEFINITION_SHAPE('','',#5);
#5 = PRODUCT_DEFINITION('design','',#6,#9);
#6 = PRODUCT_DEFINITION_FORMATION('','',#7);
#7 = PRODUCT('Open CASCADE STEP translator 7.8 10',
  'Open CASCADE STEP translator 7.8 10','',(#8));
#8 = PRODUCT_CONTEXT('',#2,'mechanical');
#9 = PRODUCT_DEFINITION_CONTEXT('part definition',#2,'design');
#10 = SHAPE_REPRESENTATION('',(#11,#15,#2650,#4113,#5470,#5760,#6050,
    #7580,#7870,#8013,#8303,#8869,#9315,#9465,#9615,#9765,#9915,#10065,
    #10215,#10365,#10515,#10665,#10815,#10965,#11115,#11265,#11415,
    #11565,#11715,#11865,#12015,#12165,#12315,#12465,#12615,#12765,
    #12915,#13065,#13215,#13365,#13515),#13805);
#11 = AXIS2_PLACEMENT_3D('',#12,#13,#14);
#12 = CARTESIAN_POINT('',(0.,0.,0.));
#13 = DIRECTION('',(0.,0.,1.));
#14 = DIRECTION('',(1.,0.,-0.));
#15 = MANIFOLD_SOLID_BREP('',#16);
#16 = CLOSED_SHELL('',(#17,#57,#472,#504,#562,#587,#618,#674,#691,#708,
    #720,#782,#833,#865,#889,#914,#1170,#1217,#1284,#1308,#1375,#1415,
    #1478,#1536,#1562,#1590,#1609,#1631,#1648,#1665,#1697,#1721,#1739,
    #1764,#1788,#1806,#1823,#1840,#1857,#1869,#1918,#1940,#1957,#1969,
    #1994,#2006,#2015,#2046,#2077,#2104,#2113,#2140,#2149,#2176,#2185,
    #2212,#2221,#2346,#2381,#2448,#2470,#2492,#2514,#2528,#2542,#2556,
    #2570,#2584,#2602,#2614,#2626,#2638));
#17 = ADVANCED_FACE('',(#18),#52,.F.);
#18 = FACE_BOUND('',#19,.F.);
#19 = EDGE_LOOP('',(#20,#30,#38,#46));
#20 = ORIENTED_EDGE('',*,*,#21,.F.);
#21 = EDGE_CURVE('',#22,#24,#26,.T.);
#22 = VERTEX_POINT('',#23);
#23 = CARTESIAN_POINT('',(0.,8.,0.));
#24 = VERTEX_POINT('',#25);
#25 = CARTESIAN_POINT('',(0.,8.,14.));
#26 = LINE('',#27,#28);
#27 = CARTESIAN_POINT('',(0.,8.,0.));
#28 = VECTOR('',#29,1.);
#29 = DIRECTION('',(0.,0.,1.));
#30 = ORIENTED_EDGE('',*,*,#31,.T.);
#31 = EDGE_CURVE('',#22,#32,#34,.T.);
#32 = VERTEX_POINT('',#33);
#33 = CARTESIAN_POINT('',(0.,52.,0.));
#34 = LINE('',#35,#36);
#35 = CARTESIAN_POINT('',(0.,8.,0.));
#36 = VECTOR('',#37,1.);
#37 = DIRECTION('',(0.,1.,0.));
#38 = ORIENTED_EDGE('',*,*,#39,.T.);
#39 = EDGE_CURVE('',#32,#40,#42,.T.);
#40 = VERTEX_POINT('',#41);
#41 = CARTESIAN_POINT('',(0.,52.,14.));
#42 = LINE('',#43,#44);
#43 = CARTESIAN_POINT('',(0.,52.,0.));
#44 = VECTOR('',#45,1.);
#45 = DIRECTION('',(0.,0.,1.));
#46 = ORIENTED_EDGE('',*,*,#47,.F.);
#47 = EDGE_CURVE('',#24,#40,#48,.T.);
#48 = LINE('',#49,#50);
#49 = CARTESIAN_POINT('',(0.,8.,14.));
#50 = VECTOR('',#51,1.);
#51 = DIRECTION('',(0.,1.,0.));
#52 = PLANE('',#53);
#53 = AXIS2_PLACEMENT_3D('',#54,#55,#56);
#54 = CARTESIAN_POINT('',(0.,8.,0.));
#55 = DIRECTION('',(1.,0.,0.));
#56 = DIRECTION('',(0.,0.,1.));
#57 = ADVANCED_FACE('',(#58,#191,#351,#380,#409,#438),#467,.T.);
#58 = FACE_BOUND('',#59,.T.);
#59 = EDGE_LOOP('',(#60,#61,#70,#79,#88,#96,#105,#114,#123,#131,#140,
    #149,#158,#166,#175,#184));
#60 = ORIENTED_EDGE('',*,*,#47,.F.);
#61 = ORIENTED_EDGE('',*,*,#62,.T.);
#62 = EDGE_CURVE('',#24,#63,#65,.T.);
#63 = VERTEX_POINT('',#64);
#64 = CARTESIAN_POINT('',(1.478310532785,3.366689467215,14.));
#65 = CIRCLE('',#66,8.);
#66 = AXIS2_PLACEMENT_3D('',#67,#68,#69);
#67 = CARTESIAN_POINT('',(8.,8.,14.));
#68 = DIRECTION('',(0.,0.,1.));
#69 = DIRECTION('',(1.,0.,0.));
#70 = ORIENTED_EDGE('',*,*,#71,.T.);
#71 = EDGE_CURVE('',#63,#72,#74,.T.);
#72 = VERTEX_POINT('',#73);
#73 = CARTESIAN_POINT('',(3.366689467215,1.478310532785,14.));
#74 = CIRCLE('',#75,8.);
#75 = AXIS2_PLACEMENT_3D('',#76,#77,#78);
#76 = CARTESIAN_POINT('',(8.,8.,14.));
#77 = DIRECTION('',(0.,0.,1.));
#78 = DIRECTION('',(1.,0.,0.));
#79 = ORIENTED_EDGE('',*,*,#80,.T.);
#80 = EDGE_CURVE('',#72,#81,#83,.T.);
#81 = VERTEX_POINT('',#82);
#82 = CARTESIAN_POINT('',(8.,0.,14.));
#83 = CIRCLE('',#84,8.);
#84 = AXIS2_PLACEMENT_3D('',#85,#86,#87);
#85 = CARTESIAN_POINT('',(8.,8.,14.));
#86 = DIRECTION('',(0.,0.,1.));
#87 = DIRECTION('',(1.,0.,0.));
#88 = ORIENTED_EDGE('',*,*,#89,.T.);
#89 = EDGE_CURVE('',#81,#90,#92,.T.);
#90 = VERTEX_POINT('',#91);
#91 = CARTESIAN_POINT('',(34.,0.,14.));
#92 = LINE('',#93,#94);
#93 = CARTESIAN_POINT('',(8.,0.,14.));
#94 = VECTOR('',#95,1.);
#95 = DIRECTION('',(1.,0.,0.));
#96 = ORIENTED_EDGE('',*,*,#97,.T.);
#97 = EDGE_CURVE('',#90,#98,#100,.T.);
#98 = VERTEX_POINT('',#99);
#99 = CARTESIAN_POINT('',(38.633310532785,1.478310532785,14.));
#100 = CIRCLE('',#101,8.);
#101 = AXIS2_PLACEMENT_3D('',#102,#103,#104);
#102 = CARTESIAN_POINT('',(34.,8.,14.));
#103 = DIRECTION('',(0.,0.,1.));
#104 = DIRECTION('',(1.,0.,0.));
#105 = ORIENTED_EDGE('',*,*,#106,.T.);
#106 = EDGE_CURVE('',#98,#107,#109,.T.);
#107 = VERTEX_POINT('',#108);
#108 = CARTESIAN_POINT('',(40.521689467215,3.366689467215,14.));
#109 = CIRCLE('',#110,8.);
#110 = AXIS2_PLACEMENT_3D('',#111,#112,#113);
#111 = CARTESIAN_POINT('',(34.,8.,14.));
#112 = DIRECTION('',(0.,0.,1.));
#113 = DIRECTION('',(1.,0.,0.));
#114 = ORIENTED_EDGE('',*,*,#115,.T.);
#115 = EDGE_CURVE('',#107,#116,#118,.T.);
#116 = VERTEX_POINT('',#117);
#117 = CARTESIAN_POINT('',(42.,8.,14.));
#118 = CIRCLE('',#119,8.);
#119 = AXIS2_PLACEMENT_3D('',#120,#121,#122);
#120 = CARTESIAN_POINT('',(34.,8.,14.));
#121 = DIRECTION('',(0.,0.,1.));
#122 = DIRECTION('',(1.,0.,0.));
#123 = ORIENTED_EDGE('',*,*,#124,.T.);
#124 = EDGE_CURVE('',#116,#125,#127,.T.);
#125 = VERTEX_POINT('',#126);
#126 = CARTESIAN_POINT('',(42.,52.,14.));
#127 = LINE('',#128,#129);
#128 = CARTESIAN_POINT('',(42.,8.,14.));
#129 = VECTOR('',#130,1.);
#130 = DIRECTION('',(0.,1.,0.));
#131 = ORIENTED_EDGE('',*,*,#132,.T.);
#132 = EDGE_CURVE('',#125,#133,#135,.T.);
#133 = VERTEX_POINT('',#134);
#134 = CARTESIAN_POINT('',(40.521689467215,56.633310532785,14.));
#135 = CIRCLE('',#136,8.);
#136 = AXIS2_PLACEMENT_3D('',#137,#138,#139);
#137 = CARTESIAN_POINT('',(34.,52.,14.));
#138 = DIRECTION('',(0.,0.,1.));
#139 = DIRECTION('',(1.,0.,0.));
#140 = ORIENTED_EDGE('',*,*,#141,.T.);
#141 = EDGE_CURVE('',#133,#142,#144,.T.);
#142 = VERTEX_POINT('',#143);
#143 = CARTESIAN_POINT('',(38.633310532785,58.521689467215,14.));
#144 = CIRCLE('',#145,8.);
#145 = AXIS2_PLACEMENT_3D('',#146,#147,#148);
#146 = CARTESIAN_POINT('',(34.,52.,14.));
#147 = DIRECTION('',(0.,0.,1.));
#148 = DIRECTION('',(1.,0.,0.));
#149 = ORIENTED_EDGE('',*,*,#150,.T.);
#150 = EDGE_CURVE('',#142,#151,#153,.T.);
#151 = VERTEX_POINT('',#152);
#152 = CARTESIAN_POINT('',(34.,60.,14.));
#153 = CIRCLE('',#154,8.);
#154 = AXIS2_PLACEMENT_3D('',#155,#156,#157);
#155 = CARTESIAN_POINT('',(34.,52.,14.));
#156 = DIRECTION('',(0.,0.,1.));
#157 = DIRECTION('',(1.,0.,0.));
#158 = ORIENTED_EDGE('',*,*,#159,.F.);
#159 = EDGE_CURVE('',#160,#151,#162,.T.);
#160 = VERTEX_POINT('',#161);
#161 = CARTESIAN_POINT('',(8.,60.,14.));
#162 = LINE('',#163,#164);
#163 = CARTESIAN_POINT('',(8.,60.,14.));
#164 = VECTOR('',#165,1.);
#165 = DIRECTION('',(1.,0.,0.));
#166 = ORIENTED_EDGE('',*,*,#167,.T.);
#167 = EDGE_CURVE('',#160,#168,#170,.T.);
#168 = VERTEX_POINT('',#169);
#169 = CARTESIAN_POINT('',(3.366689467215,58.521689467215,14.));
#170 = CIRCLE('',#171,8.);
#171 = AXIS2_PLACEMENT_3D('',#172,#173,#174);
#172 = CARTESIAN_POINT('',(8.,52.,14.));
#173 = DIRECTION('',(0.,0.,1.));
#174 = DIRECTION('',(1.,0.,0.));
#175 = ORIENTED_EDGE('',*,*,#176,.T.);
#176 = EDGE_CURVE('',#168,#177,#179,.T.);
#177 = VERTEX_POINT('',#178);
#178 = CARTESIAN_POINT('',(1.478310532785,56.633310532785,14.));
#179 = CIRCLE('',#180,8.);
#180 = AXIS2_PLACEMENT_3D('',#181,#182,#183);
#181 = CARTESIAN_POINT('',(8.,52.,14.));
#182 = DIRECTION('',(0.,0.,1.));
#183 = DIRECTION('',(1.,0.,0.));
#184 = ORIENTED_EDGE('',*,*,#185,.T.);
#185 = EDGE_CURVE('',#177,#40,#186,.T.);
#186 = CIRCLE('',#187,8.);
#187 = AXIS2_PLACEMENT_3D('',#188,#189,#190);
#188 = CARTESIAN_POINT('',(8.,52.,14.));
#189 = DIRECTION('',(0.,0.,1.));
#190 = DIRECTION('',(1.,0.,0.));
#191 = FACE_BOUND('',#192,.T.);
#192 = EDGE_LOOP('',(#193,#204,#213,#222,#231,#239,#248,#257,#266,#274,
    #283,#292,#301,#309,#318,#327,#336,#345));
#193 = ORIENTED_EDGE('',*,*,#194,.F.);
#194 = EDGE_CURVE('',#195,#197,#199,.T.);
#195 = VERTEX_POINT('',#196);
#196 = CARTESIAN_POINT('',(2.181631157792,54.141631157792,14.));
#197 = VERTEX_POINT('',#198);
#198 = CARTESIAN_POINT('',(1.8,52.,14.));
#199 = CIRCLE('',#200,6.2);
#200 = AXIS2_PLACEMENT_3D('',#201,#202,#203);
#201 = CARTESIAN_POINT('',(8.,52.,14.));
#202 = DIRECTION('',(0.,0.,1.));
#203 = DIRECTION('',(1.,0.,0.));
#204 = ORIENTED_EDGE('',*,*,#205,.T.);
#205 = EDGE_CURVE('',#195,#206,#208,.T.);
#206 = VERTEX_POINT('',#207);
#207 = CARTESIAN_POINT('',(6.6,56.,14.));
#208 = CIRCLE('',#209,2.6);
#209 = AXIS2_PLACEMENT_3D('',#210,#211,#212);
#210 = CARTESIAN_POINT('',(4.,56.,14.));
#211 = DIRECTION('',(0.,0.,1.));
#212 = DIRECTION('',(1.,0.,0.));
#213 = ORIENTED_EDGE('',*,*,#214,.T.);
#214 = EDGE_CURVE('',#206,#215,#217,.T.);
#215 = VERTEX_POINT('',#216);
#216 = CARTESIAN_POINT('',(5.858368842208,57.818368842208,14.));
#217 = CIRCLE('',#218,2.6);
#218 = AXIS2_PLACEMENT_3D('',#219,#220,#221);
#219 = CARTESIAN_POINT('',(4.,56.,14.));
#220 = DIRECTION('',(0.,0.,1.));
#221 = DIRECTION('',(1.,0.,0.));
#222 = ORIENTED_EDGE('',*,*,#223,.F.);
#223 = EDGE_CURVE('',#224,#215,#226,.T.);
#224 = VERTEX_POINT('',#225);
#225 = CARTESIAN_POINT('',(8.,58.2,14.));
#226 = CIRCLE('',#227,6.2);
#227 = AXIS2_PLACEMENT_3D('',#228,#229,#230);
#228 = CARTESIAN_POINT('',(8.,52.,14.));
#229 = DIRECTION('',(0.,0.,1.));
#230 = DIRECTION('',(1.,0.,0.));
#231 = ORIENTED_EDGE('',*,*,#232,.F.);
#232 = EDGE_CURVE('',#233,#224,#235,.T.);
#233 = VERTEX_POINT('',#234);
#234 = CARTESIAN_POINT('',(34.,58.2,14.));
#235 = LINE('',#236,#237);
#236 = CARTESIAN_POINT('',(14.5,58.2,14.));
#237 = VECTOR('',#238,1.);
#238 = DIRECTION('',(-1.,0.,0.));
#239 = ORIENTED_EDGE('',*,*,#240,.F.);
#240 = EDGE_CURVE('',#241,#233,#243,.T.);
#241 = VERTEX_POINT('',#242);
#242 = CARTESIAN_POINT('',(36.141631157792,57.818368842208,14.));
#243 = CIRCLE('',#244,6.2);
#244 = AXIS2_PLACEMENT_3D('',#245,#246,#247);
#245 = CARTESIAN_POINT('',(34.,52.,14.));
#246 = DIRECTION('',(0.,0.,1.));
#247 = DIRECTION('',(1.,0.,0.));
#248 = ORIENTED_EDGE('',*,*,#249,.T.);
#249 = EDGE_CURVE('',#241,#250,#252,.T.);
#250 = VERTEX_POINT('',#251);
#251 = CARTESIAN_POINT('',(39.818368842208,54.141631157792,14.));
#252 = CIRCLE('',#253,2.6);
#253 = AXIS2_PLACEMENT_3D('',#254,#255,#256);
#254 = CARTESIAN_POINT('',(38.,56.,14.));
#255 = DIRECTION('',(0.,0.,1.));
#256 = DIRECTION('',(1.,0.,0.));
#257 = ORIENTED_EDGE('',*,*,#258,.F.);
#258 = EDGE_CURVE('',#259,#250,#261,.T.);
#259 = VERTEX_POINT('',#260);
#260 = CARTESIAN_POINT('',(40.2,52.,14.));
#261 = CIRCLE('',#262,6.2);
#262 = AXIS2_PLACEMENT_3D('',#263,#264,#265);
#263 = CARTESIAN_POINT('',(34.,52.,14.));
#264 = DIRECTION('',(0.,0.,1.));
#265 = DIRECTION('',(1.,0.,0.));
#266 = ORIENTED_EDGE('',*,*,#267,.F.);
#267 = EDGE_CURVE('',#268,#259,#270,.T.);
#268 = VERTEX_POINT('',#269);
#269 = CARTESIAN_POINT('',(40.2,8.,14.));
#270 = LINE('',#271,#272);
#271 = CARTESIAN_POINT('',(40.2,19.,14.));
#272 = VECTOR('',#273,1.);
#273 = DIRECTION('',(0.,1.,0.));
#274 = ORIENTED_EDGE('',*,*,#275,.F.);
#275 = EDGE_CURVE('',#276,#268,#278,.T.);
#276 = VERTEX_POINT('',#277);
#277 = CARTESIAN_POINT('',(39.818368842208,5.858368842208,14.));
#278 = CIRCLE('',#279,6.2);
#279 = AXIS2_PLACEMENT_3D('',#280,#281,#282);
#280 = CARTESIAN_POINT('',(34.,8.,14.));
#281 = DIRECTION('',(0.,0.,1.));
#282 = DIRECTION('',(1.,0.,0.));
#283 = ORIENTED_EDGE('',*,*,#284,.T.);
#284 = EDGE_CURVE('',#276,#285,#287,.T.);
#285 = VERTEX_POINT('',#286);
#286 = CARTESIAN_POINT('',(36.141631157792,2.181631157792,14.));
#287 = CIRCLE('',#288,2.6);
#288 = AXIS2_PLACEMENT_3D('',#289,#290,#291);
#289 = CARTESIAN_POINT('',(38.,4.,14.));
#290 = DIRECTION('',(0.,0.,1.));
#291 = DIRECTION('',(1.,0.,0.));
#292 = ORIENTED_EDGE('',*,*,#293,.F.);
#293 = EDGE_CURVE('',#294,#285,#296,.T.);
#294 = VERTEX_POINT('',#295);
#295 = CARTESIAN_POINT('',(34.,1.8,14.));
#296 = CIRCLE('',#297,6.2);
#297 = AXIS2_PLACEMENT_3D('',#298,#299,#300);
#298 = CARTESIAN_POINT('',(34.,8.,14.));
#299 = DIRECTION('',(0.,0.,1.));
#300 = DIRECTION('',(1.,0.,0.));
#301 = ORIENTED_EDGE('',*,*,#302,.T.);
#302 = EDGE_CURVE('',#294,#303,#305,.T.);
#303 = VERTEX_POINT('',#304);
#304 = CARTESIAN_POINT('',(8.,1.8,14.));
#305 = LINE('',#306,#307);
#306 = CARTESIAN_POINT('',(14.5,1.8,14.));
#307 = VECTOR('',#308,1.);
#308 = DIRECTION('',(-1.,0.,0.));
#309 = ORIENTED_EDGE('',*,*,#310,.F.);
#310 = EDGE_CURVE('',#311,#303,#313,.T.);
#311 = VERTEX_POINT('',#312);
#312 = CARTESIAN_POINT('',(5.858368842208,2.181631157792,14.));
#313 = CIRCLE('',#314,6.2);
#314 = AXIS2_PLACEMENT_3D('',#315,#316,#317);
#315 = CARTESIAN_POINT('',(8.,8.,14.));
#316 = DIRECTION('',(0.,0.,1.));
#317 = DIRECTION('',(1.,0.,0.));
#318 = ORIENTED_EDGE('',*,*,#319,.T.);
#319 = EDGE_CURVE('',#311,#320,#322,.T.);
#320 = VERTEX_POINT('',#321);
#321 = CARTESIAN_POINT('',(6.6,4.,14.));
#322 = CIRCLE('',#323,2.6);
#323 = AXIS2_PLACEMENT_3D('',#324,#325,#326);
#324 = CARTESIAN_POINT('',(4.,4.,14.));
#325 = DIRECTION('',(0.,0.,1.));
#326 = DIRECTION('',(1.,0.,0.));
#327 = ORIENTED_EDGE('',*,*,#328,.T.);
#328 = EDGE_CURVE('',#320,#329,#331,.T.);
#329 = VERTEX_POINT('',#330);
#330 = CARTESIAN_POINT('',(2.181631157792,5.858368842208,14.));
#331 = CIRCLE('',#332,2.6);
#332 = AXIS2_PLACEMENT_3D('',#333,#334,#335);
#333 = CARTESIAN_POINT('',(4.,4.,14.));
#334 = DIRECTION('',(0.,0.,1.));
#335 = DIRECTION('',(1.,0.,0.));
#336 = ORIENTED_EDGE('',*,*,#337,.F.);
#337 = EDGE_CURVE('',#338,#329,#340,.T.);
#338 = VERTEX_POINT('',#339);
#339 = CARTESIAN_POINT('',(1.8,8.,14.));
#340 = CIRCLE('',#341,6.2);
#341 = AXIS2_PLACEMENT_3D('',#342,#343,#344);
#342 = CARTESIAN_POINT('',(8.,8.,14.));
#343 = DIRECTION('',(0.,0.,1.));
#344 = DIRECTION('',(1.,0.,0.));
#345 = ORIENTED_EDGE('',*,*,#346,.T.);
#346 = EDGE_CURVE('',#338,#197,#347,.T.);
#347 = LINE('',#348,#349);
#348 = CARTESIAN_POINT('',(1.8,19.,14.));
#349 = VECTOR('',#350,1.);
#350 = DIRECTION('',(0.,1.,0.));
#351 = FACE_BOUND('',#352,.T.);
#352 = EDGE_LOOP('',(#353,#364,#373));
#353 = ORIENTED_EDGE('',*,*,#354,.F.);
#354 = EDGE_CURVE('',#355,#357,#359,.T.);
#355 = VERTEX_POINT('',#356);
#356 = CARTESIAN_POINT('',(38.840619493582,55.874068006418,14.));
#357 = VERTEX_POINT('',#358);
#358 = CARTESIAN_POINT('',(38.85,56.,14.));
#359 = CIRCLE('',#360,0.85);
#360 = AXIS2_PLACEMENT_3D('',#361,#362,#363);
#361 = CARTESIAN_POINT('',(38.,56.,14.));
#362 = DIRECTION('',(0.,0.,1.));
#363 = DIRECTION('',(1.,0.,0.));
#364 = ORIENTED_EDGE('',*,*,#365,.F.);
#365 = EDGE_CURVE('',#366,#355,#368,.T.);
#366 = VERTEX_POINT('',#367);
#367 = CARTESIAN_POINT('',(37.874068006418,56.840619493582,14.));
#368 = CIRCLE('',#369,0.85);
#369 = AXIS2_PLACEMENT_3D('',#370,#371,#372);
#370 = CARTESIAN_POINT('',(38.,56.,14.));
#371 = DIRECTION('',(0.,0.,1.));
#372 = DIRECTION('',(1.,0.,0.));
#373 = ORIENTED_EDGE('',*,*,#374,.F.);
#374 = EDGE_CURVE('',#357,#366,#375,.T.);
#375 = CIRCLE('',#376,0.85);
#376 = AXIS2_PLACEMENT_3D('',#377,#378,#379);
#377 = CARTESIAN_POINT('',(38.,56.,14.));
#378 = DIRECTION('',(0.,0.,1.));
#379 = DIRECTION('',(1.,0.,0.));
#380 = FACE_BOUND('',#381,.T.);
#381 = EDGE_LOOP('',(#382,#393,#402));
#382 = ORIENTED_EDGE('',*,*,#383,.F.);
#383 = EDGE_CURVE('',#384,#386,#388,.T.);
#384 = VERTEX_POINT('',#385);
#385 = CARTESIAN_POINT('',(4.125931993583,56.840619493583,14.));
#386 = VERTEX_POINT('',#387);
#387 = CARTESIAN_POINT('',(3.159380506417,55.874068006417,14.));
#388 = CIRCLE('',#389,0.85);
#389 = AXIS2_PLACEMENT_3D('',#390,#391,#392);
#390 = CARTESIAN_POINT('',(4.,56.,14.));
#391 = DIRECTION('',(0.,0.,1.));
#392 = DIRECTION('',(1.,0.,0.));
#393 = ORIENTED_EDGE('',*,*,#394,.F.);
#394 = EDGE_CURVE('',#395,#384,#397,.T.);
#395 = VERTEX_POINT('',#396);
#396 = CARTESIAN_POINT('',(4.85,56.,14.));
#397 = CIRCLE('',#398,0.85);
#398 = AXIS2_PLACEMENT_3D('',#399,#400,#401);
#399 = CARTESIAN_POINT('',(4.,56.,14.));
#400 = DIRECTION('',(0.,0.,1.));
#401 = DIRECTION('',(1.,0.,0.));
#402 = ORIENTED_EDGE('',*,*,#403,.F.);
#403 = EDGE_CURVE('',#386,#395,#404,.T.);
#404 = CIRCLE('',#405,0.85);
#405 = AXIS2_PLACEMENT_3D('',#406,#407,#408);
#406 = CARTESIAN_POINT('',(4.,56.,14.));
#407 = DIRECTION('',(0.,0.,1.));
#408 = DIRECTION('',(1.,0.,0.));
#409 = FACE_BOUND('',#410,.T.);
#410 = EDGE_LOOP('',(#411,#422,#431));
#411 = ORIENTED_EDGE('',*,*,#412,.F.);
#412 = EDGE_CURVE('',#413,#415,#417,.T.);
#413 = VERTEX_POINT('',#414);
#414 = CARTESIAN_POINT('',(37.874068006417,3.159380506417,14.));
#415 = VERTEX_POINT('',#416);
#416 = CARTESIAN_POINT('',(38.85,4.,14.));
#417 = CIRCLE('',#418,0.85);
#418 = AXIS2_PLACEMENT_3D('',#419,#420,#421);
#419 = CARTESIAN_POINT('',(38.,4.,14.));
#420 = DIRECTION('',(0.,0.,1.));
#421 = DIRECTION('',(1.,0.,0.));
#422 = ORIENTED_EDGE('',*,*,#423,.F.);
#423 = EDGE_CURVE('',#424,#413,#426,.T.);
#424 = VERTEX_POINT('',#425);
#425 = CARTESIAN_POINT('',(38.840619493583,4.125931993583,14.));
#426 = CIRCLE('',#427,0.85);
#427 = AXIS2_PLACEMENT_3D('',#428,#429,#430);
#428 = CARTESIAN_POINT('',(38.,4.,14.));
#429 = DIRECTION('',(0.,0.,1.));
#430 = DIRECTION('',(1.,0.,0.));
#431 = ORIENTED_EDGE('',*,*,#432,.F.);
#432 = EDGE_CURVE('',#415,#424,#433,.T.);
#433 = CIRCLE('',#434,0.85);
#434 = AXIS2_PLACEMENT_3D('',#435,#436,#437);
#435 = CARTESIAN_POINT('',(38.,4.,14.));
#436 = DIRECTION('',(0.,0.,1.));
#437 = DIRECTION('',(1.,0.,0.));
#438 = FACE_BOUND('',#439,.T.);
#439 = EDGE_LOOP('',(#440,#451,#460));
#440 = ORIENTED_EDGE('',*,*,#441,.F.);
#441 = EDGE_CURVE('',#442,#444,#446,.T.);
#442 = VERTEX_POINT('',#443);
#443 = CARTESIAN_POINT('',(3.159380506417,4.125931993583,14.));
#444 = VERTEX_POINT('',#445);
#445 = CARTESIAN_POINT('',(4.125931993583,3.159380506417,14.));
#446 = CIRCLE('',#447,0.85);
#447 = AXIS2_PLACEMENT_3D('',#448,#449,#450);
#448 = CARTESIAN_POINT('',(4.,4.,14.));
#449 = DIRECTION('',(0.,0.,1.));
#450 = DIRECTION('',(1.,0.,0.));
#451 = ORIENTED_EDGE('',*,*,#452,.F.);
#452 = EDGE_CURVE('',#453,#442,#455,.T.);
#453 = VERTEX_POINT('',#454);
#454 = CARTESIAN_POINT('',(4.85,4.,14.));
#455 = CIRCLE('',#456,0.85);
#456 = AXIS2_PLACEMENT_3D('',#457,#458,#459);
#457 = CARTESIAN_POINT('',(4.,4.,14.));
#458 = DIRECTION('',(0.,0.,1.));
#459 = DIRECTION('',(1.,0.,0.));
#460 = ORIENTED_EDGE('',*,*,#461,.F.);
#461 = EDGE_CURVE('',#444,#453,#462,.T.);
#462 = CIRCLE('',#463,0.85);
#463 = AXIS2_PLACEMENT_3D('',#464,#465,#466);
#464 = CARTESIAN_POINT('',(4.,4.,14.));
#465 = DIRECTION('',(0.,0.,1.));
#466 = DIRECTION('',(1.,0.,0.));
#467 = PLANE('',#468);
#468 = AXIS2_PLACEMENT_3D('',#469,#470,#471);
#469 = CARTESIAN_POINT('',(21.,30.,14.));
#470 = DIRECTION('',(0.,0.,1.));
#471 = DIRECTION('',(1.,0.,0.));
#472 = ADVANCED_FACE('',(#473),#499,.F.);
#473 = FACE_BOUND('',#474,.F.);
#474 = EDGE_LOOP('',(#475,#476,#484,#493));
#475 = ORIENTED_EDGE('',*,*,#310,.F.);
#476 = ORIENTED_EDGE('',*,*,#477,.F.);
#477 = EDGE_CURVE('',#478,#311,#480,.T.);
#478 = VERTEX_POINT('',#479);
#479 = CARTESIAN_POINT('',(5.858368842208,2.181631157792,1.8));
#480 = LINE('',#481,#482);
#481 = CARTESIAN_POINT('',(5.858368842208,2.181631157792,1.8));
#482 = VECTOR('',#483,1.);
#483 = DIRECTION('',(0.,0.,1.));
#484 = ORIENTED_EDGE('',*,*,#485,.T.);
#485 = EDGE_CURVE('',#478,#486,#488,.T.);
#486 = VERTEX_POINT('',#487);
#487 = CARTESIAN_POINT('',(8.,1.8,1.8));
#488 = CIRCLE('',#489,6.2);
#489 = AXIS2_PLACEMENT_3D('',#490,#491,#492);
#490 = CARTESIAN_POINT('',(8.,8.,1.8));
#491 = DIRECTION('',(0.,0.,1.));
#492 = DIRECTION('',(1.,0.,0.));
#493 = ORIENTED_EDGE('',*,*,#494,.T.);
#494 = EDGE_CURVE('',#486,#303,#495,.T.);
#495 = LINE('',#496,#497);
#496 = CARTESIAN_POINT('',(8.,1.8,1.8));
#497 = VECTOR('',#498,1.);
#498 = DIRECTION('',(0.,0.,1.));
#499 = CYLINDRICAL_SURFACE('',#500,6.2);
#500 = AXIS2_PLACEMENT_3D('',#501,#502,#503);
#501 = CARTESIAN_POINT('',(8.,8.,1.8));
#502 = DIRECTION('',(0.,0.,1.));
#503 = DIRECTION('',(1.,0.,0.));
#504 = ADVANCED_FACE('',(#505,#523),#557,.T.);
#505 = FACE_BOUND('',#506,.T.);
#506 = EDGE_LOOP('',(#507,#515,#516,#517));
#507 = ORIENTED_EDGE('',*,*,#508,.F.);
#508 = EDGE_CURVE('',#486,#509,#511,.T.);
#509 = VERTEX_POINT('',#510);
#510 = CARTESIAN_POINT('',(34.,1.8,1.8));
#511 = LINE('',#512,#513);
#512 = CARTESIAN_POINT('',(8.,1.8,1.8));
#513 = VECTOR('',#514,1.);
#514 = DIRECTION('',(1.,0.,0.));
#515 = ORIENTED_EDGE('',*,*,#494,.T.);
#516 = ORIENTED_EDGE('',*,*,#302,.F.);
#517 = ORIENTED_EDGE('',*,*,#518,.F.);
#518 = EDGE_CURVE('',#509,#294,#519,.T.);
#519 = LINE('',#520,#521);
#520 = CARTESIAN_POINT('',(34.,1.8,1.8));
#521 = VECTOR('',#522,1.);
#522 = DIRECTION('',(0.,0.,1.));
#523 = FACE_BOUND('',#524,.T.);
#524 = EDGE_LOOP('',(#525,#535,#543,#551));
#525 = ORIENTED_EDGE('',*,*,#526,.F.);
#526 = EDGE_CURVE('',#527,#529,#531,.T.);
#527 = VERTEX_POINT('',#528);
#528 = CARTESIAN_POINT('',(13.6,1.8,13.6));
#529 = VERTEX_POINT('',#530);
#530 = CARTESIAN_POINT('',(28.4,1.8,13.6));
#531 = LINE('',#532,#533);
#532 = CARTESIAN_POINT('',(10.8,1.8,13.6));
#533 = VECTOR('',#534,1.);
#534 = DIRECTION('',(1.,0.,0.));
#535 = ORIENTED_EDGE('',*,*,#536,.T.);
#536 = EDGE_CURVE('',#527,#537,#539,.T.);
#537 = VERTEX_POINT('',#538);
#538 = CARTESIAN_POINT('',(13.6,1.8,8.8));
#539 = LINE('',#540,#541);
#540 = CARTESIAN_POINT('',(13.6,1.8,5.3));
#541 = VECTOR('',#542,1.);
#542 = DIRECTION('',(0.,0.,-1.));
#543 = ORIENTED_EDGE('',*,*,#544,.T.);
#544 = EDGE_CURVE('',#537,#545,#547,.T.);
#545 = VERTEX_POINT('',#546);
#546 = CARTESIAN_POINT('',(28.4,1.8,8.8));
#547 = LINE('',#548,#549);
#548 = CARTESIAN_POINT('',(10.8,1.8,8.8));
#549 = VECTOR('',#550,1.);
#550 = DIRECTION('',(1.,0.,0.));
#551 = ORIENTED_EDGE('',*,*,#552,.F.);
#552 = EDGE_CURVE('',#529,#545,#553,.T.);
#553 = LINE('',#554,#555);
#554 = CARTESIAN_POINT('',(28.4,1.8,5.3));
#555 = VECTOR('',#556,1.);
#556 = DIRECTION('',(0.,0.,-1.));
#557 = PLANE('',#558);
#558 = AXIS2_PLACEMENT_3D('',#559,#560,#561);
#559 = CARTESIAN_POINT('',(8.,1.8,1.8));
#560 = DIRECTION('',(0.,1.,0.));
#561 = DIRECTION('',(0.,0.,1.));
#562 = ADVANCED_FACE('',(#563),#582,.F.);
#563 = FACE_BOUND('',#564,.F.);
#564 = EDGE_LOOP('',(#565,#566,#575,#581));
#565 = ORIENTED_EDGE('',*,*,#518,.F.);
#566 = ORIENTED_EDGE('',*,*,#567,.T.);
#567 = EDGE_CURVE('',#509,#568,#570,.T.);
#568 = VERTEX_POINT('',#569);
#569 = CARTESIAN_POINT('',(36.141631157792,2.181631157792,1.8));
#570 = CIRCLE('',#571,6.2);
#571 = AXIS2_PLACEMENT_3D('',#572,#573,#574);
#572 = CARTESIAN_POINT('',(34.,8.,1.8));
#573 = DIRECTION('',(0.,0.,1.));
#574 = DIRECTION('',(1.,0.,0.));
#575 = ORIENTED_EDGE('',*,*,#576,.T.);
#576 = EDGE_CURVE('',#568,#285,#577,.T.);
#577 = LINE('',#578,#579);
#578 = CARTESIAN_POINT('',(36.141631157792,2.181631157792,1.8));
#579 = VECTOR('',#580,1.);
#580 = DIRECTION('',(0.,0.,1.));
#581 = ORIENTED_EDGE('',*,*,#293,.F.);
#582 = CYLINDRICAL_SURFACE('',#583,6.2);
#583 = AXIS2_PLACEMENT_3D('',#584,#585,#586);
#584 = CARTESIAN_POINT('',(34.,8.,1.8));
#585 = DIRECTION('',(0.,0.,1.));
#586 = DIRECTION('',(1.,0.,0.));
#587 = ADVANCED_FACE('',(#588),#613,.F.);
#588 = FACE_BOUND('',#589,.F.);
#589 = EDGE_LOOP('',(#590,#598,#606,#612));
#590 = ORIENTED_EDGE('',*,*,#591,.F.);
#591 = EDGE_CURVE('',#592,#527,#594,.T.);
#592 = VERTEX_POINT('',#593);
#593 = CARTESIAN_POINT('',(13.6,0.,13.6));
#594 = LINE('',#595,#596);
#595 = CARTESIAN_POINT('',(13.6,-1.,13.6));
#596 = VECTOR('',#597,1.);
#597 = DIRECTION('',(0.,1.,0.));
#598 = ORIENTED_EDGE('',*,*,#599,.T.);
#599 = EDGE_CURVE('',#592,#600,#602,.T.);
#600 = VERTEX_POINT('',#601);
#601 = CARTESIAN_POINT('',(28.4,0.,13.6));
#602 = LINE('',#603,#604);
#603 = CARTESIAN_POINT('',(10.8,0.,13.6));
#604 = VECTOR('',#605,1.);
#605 = DIRECTION('',(1.,0.,0.));
#606 = ORIENTED_EDGE('',*,*,#607,.T.);
#607 = EDGE_CURVE('',#600,#529,#608,.T.);
#608 = LINE('',#609,#610);
#609 = CARTESIAN_POINT('',(28.4,-1.,13.6));
#610 = VECTOR('',#611,1.);
#611 = DIRECTION('',(0.,1.,0.));
#612 = ORIENTED_EDGE('',*,*,#526,.F.);
#613 = PLANE('',#614);
#614 = AXIS2_PLACEMENT_3D('',#615,#616,#617);
#615 = CARTESIAN_POINT('',(13.6,-1.,13.6));
#616 = DIRECTION('',(0.,0.,1.));
#617 = DIRECTION('',(1.,0.,0.));
#618 = ADVANCED_FACE('',(#619,#644),#669,.F.);
#619 = FACE_BOUND('',#620,.F.);
#620 = EDGE_LOOP('',(#621,#631,#637,#638));
#621 = ORIENTED_EDGE('',*,*,#622,.F.);
#622 = EDGE_CURVE('',#623,#625,#627,.T.);
#623 = VERTEX_POINT('',#624);
#624 = CARTESIAN_POINT('',(8.,0.,0.));
#625 = VERTEX_POINT('',#626);
#626 = CARTESIAN_POINT('',(34.,0.,0.));
#627 = LINE('',#628,#629);
#628 = CARTESIAN_POINT('',(8.,0.,0.));
#629 = VECTOR('',#630,1.);
#630 = DIRECTION('',(1.,0.,0.));
#631 = ORIENTED_EDGE('',*,*,#632,.T.);
#632 = EDGE_CURVE('',#623,#81,#633,.T.);
#633 = LINE('',#634,#635);
#634 = CARTESIAN_POINT('',(8.,0.,0.));
#635 = VECTOR('',#636,1.);
#636 = DIRECTION('',(0.,0.,1.));
#637 = ORIENTED_EDGE('',*,*,#89,.T.);
#638 = ORIENTED_EDGE('',*,*,#639,.F.);
#639 = EDGE_CURVE('',#625,#90,#640,.T.);
#640 = LINE('',#641,#642);
#641 = CARTESIAN_POINT('',(34.,0.,0.));
#642 = VECTOR('',#643,1.);
#643 = DIRECTION('',(0.,0.,1.));
#644 = FACE_BOUND('',#645,.F.);
#645 = EDGE_LOOP('',(#646,#647,#655,#663));
#646 = ORIENTED_EDGE('',*,*,#599,.F.);
#647 = ORIENTED_EDGE('',*,*,#648,.T.);
#648 = EDGE_CURVE('',#592,#649,#651,.T.);
#649 = VERTEX_POINT('',#650);
#650 = CARTESIAN_POINT('',(13.6,0.,8.8));
#651 = LINE('',#652,#653);
#652 = CARTESIAN_POINT('',(13.6,0.,4.4));
#653 = VECTOR('',#654,1.);
#654 = DIRECTION('',(0.,0.,-1.));
#655 = ORIENTED_EDGE('',*,*,#656,.T.);
#656 = EDGE_CURVE('',#649,#657,#659,.T.);
#657 = VERTEX_POINT('',#658);
#658 = CARTESIAN_POINT('',(28.4,0.,8.8));
#659 = LINE('',#660,#661);
#660 = CARTESIAN_POINT('',(10.8,0.,8.8));
#661 = VECTOR('',#662,1.);
#662 = DIRECTION('',(1.,0.,0.));
#663 = ORIENTED_EDGE('',*,*,#664,.F.);
#664 = EDGE_CURVE('',#600,#657,#665,.T.);
#665 = LINE('',#666,#667);
#666 = CARTESIAN_POINT('',(28.4,0.,4.4));
#667 = VECTOR('',#668,1.);
#668 = DIRECTION('',(0.,0.,-1.));
#669 = PLANE('',#670);
#670 = AXIS2_PLACEMENT_3D('',#671,#672,#673);
#671 = CARTESIAN_POINT('',(8.,0.,0.));
#672 = DIRECTION('',(0.,1.,0.));
#673 = DIRECTION('',(0.,0.,1.));
#674 = ADVANCED_FACE('',(#675),#686,.F.);
#675 = FACE_BOUND('',#676,.F.);
#676 = EDGE_LOOP('',(#677,#678,#679,#685));
#677 = ORIENTED_EDGE('',*,*,#607,.F.);
#678 = ORIENTED_EDGE('',*,*,#664,.T.);
#679 = ORIENTED_EDGE('',*,*,#680,.T.);
#680 = EDGE_CURVE('',#657,#545,#681,.T.);
#681 = LINE('',#682,#683);
#682 = CARTESIAN_POINT('',(28.4,-1.,8.8));
#683 = VECTOR('',#684,1.);
#684 = DIRECTION('',(0.,1.,0.));
#685 = ORIENTED_EDGE('',*,*,#552,.F.);
#686 = PLANE('',#687);
#687 = AXIS2_PLACEMENT_3D('',#688,#689,#690);
#688 = CARTESIAN_POINT('',(28.4,-1.,8.8));
#689 = DIRECTION('',(1.,0.,0.));
#690 = DIRECTION('',(0.,0.,1.));
#691 = ADVANCED_FACE('',(#692),#703,.T.);
#692 = FACE_BOUND('',#693,.T.);
#693 = EDGE_LOOP('',(#694,#700,#701,#702));
#694 = ORIENTED_EDGE('',*,*,#695,.F.);
#695 = EDGE_CURVE('',#649,#537,#696,.T.);
#696 = LINE('',#697,#698);
#697 = CARTESIAN_POINT('',(13.6,-1.,8.8));
#698 = VECTOR('',#699,1.);
#699 = DIRECTION('',(0.,1.,0.));
#700 = ORIENTED_EDGE('',*,*,#656,.T.);
#701 = ORIENTED_EDGE('',*,*,#680,.T.);
#702 = ORIENTED_EDGE('',*,*,#544,.F.);
#703 = PLANE('',#704);
#704 = AXIS2_PLACEMENT_3D('',#705,#706,#707);
#705 = CARTESIAN_POINT('',(13.6,-1.,8.8));
#706 = DIRECTION('',(0.,0.,1.));
#707 = DIRECTION('',(1.,0.,0.));
#708 = ADVANCED_FACE('',(#709),#715,.T.);
#709 = FACE_BOUND('',#710,.T.);
#710 = EDGE_LOOP('',(#711,#712,#713,#714));
#711 = ORIENTED_EDGE('',*,*,#591,.F.);
#712 = ORIENTED_EDGE('',*,*,#648,.T.);
#713 = ORIENTED_EDGE('',*,*,#695,.T.);
#714 = ORIENTED_EDGE('',*,*,#536,.F.);
#715 = PLANE('',#716);
#716 = AXIS2_PLACEMENT_3D('',#717,#718,#719);
#717 = CARTESIAN_POINT('',(13.6,-1.,8.8));
#718 = DIRECTION('',(1.,0.,0.));
#719 = DIRECTION('',(0.,0.,1.));
#720 = ADVANCED_FACE('',(#721),#777,.F.);
#721 = FACE_BOUND('',#722,.F.);
#722 = EDGE_LOOP('',(#723,#732,#733,#734,#735,#744,#753,#762,#770));
#723 = ORIENTED_EDGE('',*,*,#724,.T.);
#724 = EDGE_CURVE('',#725,#568,#727,.T.);
#725 = VERTEX_POINT('',#726);
#726 = CARTESIAN_POINT('',(35.406497335214,4.183695203385,1.8));
#727 = CIRCLE('',#728,2.6);
#728 = AXIS2_PLACEMENT_3D('',#729,#730,#731);
#729 = CARTESIAN_POINT('',(38.,4.,1.8));
#730 = DIRECTION('',(0.,0.,1.));
#731 = DIRECTION('',(1.,0.,0.));
#732 = ORIENTED_EDGE('',*,*,#567,.F.);
#733 = ORIENTED_EDGE('',*,*,#508,.F.);
#734 = ORIENTED_EDGE('',*,*,#485,.F.);
#735 = ORIENTED_EDGE('',*,*,#736,.T.);
#736 = EDGE_CURVE('',#478,#737,#739,.T.);
#737 = VERTEX_POINT('',#738);
#738 = CARTESIAN_POINT('',(6.6,4.,1.8));
#739 = CIRCLE('',#740,2.6);
#740 = AXIS2_PLACEMENT_3D('',#741,#742,#743);
#741 = CARTESIAN_POINT('',(4.,4.,1.8));
#742 = DIRECTION('',(0.,0.,1.));
#743 = DIRECTION('',(1.,0.,0.));
#744 = ORIENTED_EDGE('',*,*,#745,.T.);
#745 = EDGE_CURVE('',#737,#746,#748,.T.);
#746 = VERTEX_POINT('',#747);
#747 = CARTESIAN_POINT('',(6.593502664786,4.183695203385,1.8));
#748 = CIRCLE('',#749,2.6);
#749 = AXIS2_PLACEMENT_3D('',#750,#751,#752);
#750 = CARTESIAN_POINT('',(4.,4.,1.8));
#751 = DIRECTION('',(0.,0.,1.));
#752 = DIRECTION('',(1.,0.,0.));
#753 = ORIENTED_EDGE('',*,*,#754,.T.);
#754 = EDGE_CURVE('',#746,#755,#757,.T.);
#755 = VERTEX_POINT('',#756);
#756 = CARTESIAN_POINT('',(8.5,3.5,1.8));
#757 = CIRCLE('',#758,3.);
#758 = AXIS2_PLACEMENT_3D('',#759,#760,#761);
#759 = CARTESIAN_POINT('',(8.5,6.5,1.8));
#760 = DIRECTION('',(0.,0.,1.));
#761 = DIRECTION('',(1.,0.,0.));
#762 = ORIENTED_EDGE('',*,*,#763,.T.);
#763 = EDGE_CURVE('',#755,#764,#766,.T.);
#764 = VERTEX_POINT('',#765);
#765 = CARTESIAN_POINT('',(33.5,3.5,1.8));
#766 = LINE('',#767,#768);
#767 = CARTESIAN_POINT('',(14.75,3.5,1.8));
#768 = VECTOR('',#769,1.);
#769 = DIRECTION('',(1.,0.,0.));
#770 = ORIENTED_EDGE('',*,*,#771,.T.);
#771 = EDGE_CURVE('',#764,#725,#772,.T.);
#772 = CIRCLE('',#773,3.);
#773 = AXIS2_PLACEMENT_3D('',#774,#775,#776);
#774 = CARTESIAN_POINT('',(33.5,6.5,1.8));
#775 = DIRECTION('',(0.,0.,1.));
#776 = DIRECTION('',(1.,0.,0.));
#777 = PLANE('',#778);
#778 = AXIS2_PLACEMENT_3D('',#779,#780,#781);
#779 = CARTESIAN_POINT('',(21.,30.,1.8));
#780 = DIRECTION('',(-0.,-0.,-1.));
#781 = DIRECTION('',(-1.,0.,0.));
#782 = ADVANCED_FACE('',(#783),#828,.T.);
#783 = FACE_BOUND('',#784,.T.);
#784 = EDGE_LOOP('',(#785,#786,#794,#803,#811,#820,#826,#827));
#785 = ORIENTED_EDGE('',*,*,#284,.F.);
#786 = ORIENTED_EDGE('',*,*,#787,.F.);
#787 = EDGE_CURVE('',#788,#276,#790,.T.);
#788 = VERTEX_POINT('',#789);
#789 = CARTESIAN_POINT('',(39.818368842208,5.858368842208,1.8));
#790 = LINE('',#791,#792);
#791 = CARTESIAN_POINT('',(39.818368842208,5.858368842208,1.8));
#792 = VECTOR('',#793,1.);
#793 = DIRECTION('',(0.,0.,1.));
#794 = ORIENTED_EDGE('',*,*,#795,.T.);
#795 = EDGE_CURVE('',#788,#796,#798,.T.);
#796 = VERTEX_POINT('',#797);
#797 = CARTESIAN_POINT('',(36.473880023277,6.104984041898,1.8));
#798 = CIRCLE('',#799,2.6);
#799 = AXIS2_PLACEMENT_3D('',#800,#801,#802);
#800 = CARTESIAN_POINT('',(38.,4.,1.8));
#801 = DIRECTION('',(0.,0.,1.));
#802 = DIRECTION('',(1.,0.,0.));
#803 = ORIENTED_EDGE('',*,*,#804,.T.);
#804 = EDGE_CURVE('',#796,#805,#807,.T.);
#805 = VERTEX_POINT('',#806);
#806 = CARTESIAN_POINT('',(36.473880023277,6.104984041898,10.));
#807 = LINE('',#808,#809);
#808 = CARTESIAN_POINT('',(36.473880023277,6.104984041898,0.));
#809 = VECTOR('',#810,1.);
#810 = DIRECTION('',(0.,0.,1.));
#811 = ORIENTED_EDGE('',*,*,#812,.T.);
#812 = EDGE_CURVE('',#805,#813,#815,.T.);
#813 = VERTEX_POINT('',#814);
#814 = CARTESIAN_POINT('',(35.406497335214,4.183695203385,10.));
#815 = CIRCLE('',#816,2.6);
#816 = AXIS2_PLACEMENT_3D('',#817,#818,#819);
#817 = CARTESIAN_POINT('',(38.,4.,10.));
#818 = DIRECTION('',(0.,0.,1.));
#819 = DIRECTION('',(1.,0.,0.));
#820 = ORIENTED_EDGE('',*,*,#821,.F.);
#821 = EDGE_CURVE('',#725,#813,#822,.T.);
#822 = LINE('',#823,#824);
#823 = CARTESIAN_POINT('',(35.406497335214,4.183695203385,0.));
#824 = VECTOR('',#825,1.);
#825 = DIRECTION('',(0.,0.,1.));
#826 = ORIENTED_EDGE('',*,*,#724,.T.);
#827 = ORIENTED_EDGE('',*,*,#576,.T.);
#828 = CYLINDRICAL_SURFACE('',#829,2.6);
#829 = AXIS2_PLACEMENT_3D('',#830,#831,#832);
#830 = CARTESIAN_POINT('',(38.,4.,1.));
#831 = DIRECTION('',(0.,0.,1.));
#832 = DIRECTION('',(1.,0.,0.));
#833 = ADVANCED_FACE('',(#834),#860,.F.);
#834 = FACE_BOUND('',#835,.F.);
#835 = EDGE_LOOP('',(#836,#837,#845,#854));
#836 = ORIENTED_EDGE('',*,*,#194,.F.);
#837 = ORIENTED_EDGE('',*,*,#838,.F.);
#838 = EDGE_CURVE('',#839,#195,#841,.T.);
#839 = VERTEX_POINT('',#840);
#840 = CARTESIAN_POINT('',(2.181631157792,54.141631157792,1.8));
#841 = LINE('',#842,#843);
#842 = CARTESIAN_POINT('',(2.181631157792,54.141631157792,1.8));
#843 = VECTOR('',#844,1.);
#844 = DIRECTION('',(0.,0.,1.));
#845 = ORIENTED_EDGE('',*,*,#846,.T.);
#846 = EDGE_CURVE('',#839,#847,#849,.T.);
#847 = VERTEX_POINT('',#848);
#848 = CARTESIAN_POINT('',(1.8,52.,1.8));
#849 = CIRCLE('',#850,6.2);
#850 = AXIS2_PLACEMENT_3D('',#851,#852,#853);
#851 = CARTESIAN_POINT('',(8.,52.,1.8));
#852 = DIRECTION('',(0.,0.,1.));
#853 = DIRECTION('',(1.,0.,0.));
#854 = ORIENTED_EDGE('',*,*,#855,.T.);
#855 = EDGE_CURVE('',#847,#197,#856,.T.);
#856 = LINE('',#857,#858);
#857 = CARTESIAN_POINT('',(1.8,52.,1.8));
#858 = VECTOR('',#859,1.);
#859 = DIRECTION('',(0.,0.,1.));
#860 = CYLINDRICAL_SURFACE('',#861,6.2);
#861 = AXIS2_PLACEMENT_3D('',#862,#863,#864);
#862 = CARTESIAN_POINT('',(8.,52.,1.8));
#863 = DIRECTION('',(0.,0.,1.));
#864 = DIRECTION('',(1.,0.,0.));
#865 = ADVANCED_FACE('',(#866),#884,.T.);
#866 = FACE_BOUND('',#867,.T.);
#867 = EDGE_LOOP('',(#868,#876,#882,#883));
#868 = ORIENTED_EDGE('',*,*,#869,.F.);
#869 = EDGE_CURVE('',#870,#338,#872,.T.);
#870 = VERTEX_POINT('',#871);
#871 = CARTESIAN_POINT('',(1.8,8.,1.8));
#872 = LINE('',#873,#874);
#873 = CARTESIAN_POINT('',(1.8,8.,1.8));
#874 = VECTOR('',#875,1.);
#875 = DIRECTION('',(0.,0.,1.));
#876 = ORIENTED_EDGE('',*,*,#877,.T.);
#877 = EDGE_CURVE('',#870,#847,#878,.T.);
#878 = LINE('',#879,#880);
#879 = CARTESIAN_POINT('',(1.8,8.,1.8));
#880 = VECTOR('',#881,1.);
#881 = DIRECTION('',(0.,1.,0.));
#882 = ORIENTED_EDGE('',*,*,#855,.T.);
#883 = ORIENTED_EDGE('',*,*,#346,.F.);
#884 = PLANE('',#885);
#885 = AXIS2_PLACEMENT_3D('',#886,#887,#888);
#886 = CARTESIAN_POINT('',(1.8,8.,1.8));
#887 = DIRECTION('',(1.,0.,0.));
#888 = DIRECTION('',(0.,0.,1.));
#889 = ADVANCED_FACE('',(#890),#909,.F.);
#890 = FACE_BOUND('',#891,.F.);
#891 = EDGE_LOOP('',(#892,#893,#894,#903));
#892 = ORIENTED_EDGE('',*,*,#337,.F.);
#893 = ORIENTED_EDGE('',*,*,#869,.F.);
#894 = ORIENTED_EDGE('',*,*,#895,.T.);
#895 = EDGE_CURVE('',#870,#896,#898,.T.);
#896 = VERTEX_POINT('',#897);
#897 = CARTESIAN_POINT('',(2.181631157792,5.858368842208,1.8));
#898 = CIRCLE('',#899,6.2);
#899 = AXIS2_PLACEMENT_3D('',#900,#901,#902);
#900 = CARTESIAN_POINT('',(8.,8.,1.8));
#901 = DIRECTION('',(0.,0.,1.));
#902 = DIRECTION('',(1.,0.,0.));
#903 = ORIENTED_EDGE('',*,*,#904,.T.);
#904 = EDGE_CURVE('',#896,#329,#905,.T.);
#905 = LINE('',#906,#907);
#906 = CARTESIAN_POINT('',(2.181631157792,5.858368842208,1.8));
#907 = VECTOR('',#908,1.);
#908 = DIRECTION('',(0.,0.,1.));
#909 = CYLINDRICAL_SURFACE('',#910,6.2);
#910 = AXIS2_PLACEMENT_3D('',#911,#912,#913);
#911 = CARTESIAN_POINT('',(8.,8.,1.8));
#912 = DIRECTION('',(0.,0.,1.));
#913 = DIRECTION('',(1.,0.,0.));
#914 = ADVANCED_FACE('',(#915),#1165,.F.);
#915 = FACE_BOUND('',#916,.F.);
#916 = EDGE_LOOP('',(#917,#918,#919,#920,#929,#938,#947,#955,#964,#973,
    #982,#990,#997,#998,#1007,#1015,#1024,#1032,#1040,#1049,#1057,#1065,
    #1074,#1082,#1091,#1099,#1107,#1116,#1124,#1132,#1141,#1149,#1158));
#917 = ORIENTED_EDGE('',*,*,#895,.F.);
#918 = ORIENTED_EDGE('',*,*,#877,.T.);
#919 = ORIENTED_EDGE('',*,*,#846,.F.);
#920 = ORIENTED_EDGE('',*,*,#921,.T.);
#921 = EDGE_CURVE('',#839,#922,#924,.T.);
#922 = VERTEX_POINT('',#923);
#923 = CARTESIAN_POINT('',(6.6,56.,1.8));
#924 = CIRCLE('',#925,2.6);
#925 = AXIS2_PLACEMENT_3D('',#926,#927,#928);
#926 = CARTESIAN_POINT('',(4.,56.,1.8));
#927 = DIRECTION('',(0.,0.,1.));
#928 = DIRECTION('',(1.,0.,0.));
#929 = ORIENTED_EDGE('',*,*,#930,.T.);
#930 = EDGE_CURVE('',#922,#931,#933,.T.);
#931 = VERTEX_POINT('',#932);
#932 = CARTESIAN_POINT('',(5.858368842208,57.818368842208,1.8));
#933 = CIRCLE('',#934,2.6);
#934 = AXIS2_PLACEMENT_3D('',#935,#936,#937);
#935 = CARTESIAN_POINT('',(4.,56.,1.8));
#936 = DIRECTION('',(0.,0.,1.));
#937 = DIRECTION('',(1.,0.,0.));
#938 = ORIENTED_EDGE('',*,*,#939,.F.);
#939 = EDGE_CURVE('',#940,#931,#942,.T.);
#940 = VERTEX_POINT('',#941);
#941 = CARTESIAN_POINT('',(8.,58.2,1.8));
#942 = CIRCLE('',#943,6.2);
#943 = AXIS2_PLACEMENT_3D('',#944,#945,#946);
#944 = CARTESIAN_POINT('',(8.,52.,1.8));
#945 = DIRECTION('',(0.,0.,1.));
#946 = DIRECTION('',(1.,0.,0.));
#947 = ORIENTED_EDGE('',*,*,#948,.T.);
#948 = EDGE_CURVE('',#940,#949,#951,.T.);
#949 = VERTEX_POINT('',#950);
#950 = CARTESIAN_POINT('',(34.,58.2,1.8));
#951 = LINE('',#952,#953);
#952 = CARTESIAN_POINT('',(8.,58.2,1.8));
#953 = VECTOR('',#954,1.);
#954 = DIRECTION('',(1.,0.,0.));
#955 = ORIENTED_EDGE('',*,*,#956,.F.);
#956 = EDGE_CURVE('',#957,#949,#959,.T.);
#957 = VERTEX_POINT('',#958);
#958 = CARTESIAN_POINT('',(36.141631157792,57.818368842208,1.8));
#959 = CIRCLE('',#960,6.2);
#960 = AXIS2_PLACEMENT_3D('',#961,#962,#963);
#961 = CARTESIAN_POINT('',(34.,52.,1.8));
#962 = DIRECTION('',(0.,0.,1.));
#963 = DIRECTION('',(1.,0.,0.));
#964 = ORIENTED_EDGE('',*,*,#965,.T.);
#965 = EDGE_CURVE('',#957,#966,#968,.T.);
#966 = VERTEX_POINT('',#967);
#967 = CARTESIAN_POINT('',(39.818368842208,54.141631157792,1.8));
#968 = CIRCLE('',#969,2.6);
#969 = AXIS2_PLACEMENT_3D('',#970,#971,#972);
#970 = CARTESIAN_POINT('',(38.,56.,1.8));
#971 = DIRECTION('',(0.,0.,1.));
#972 = DIRECTION('',(1.,0.,0.));
#973 = ORIENTED_EDGE('',*,*,#974,.F.);
#974 = EDGE_CURVE('',#975,#966,#977,.T.);
#975 = VERTEX_POINT('',#976);
#976 = CARTESIAN_POINT('',(40.2,52.,1.8));
#977 = CIRCLE('',#978,6.2);
#978 = AXIS2_PLACEMENT_3D('',#979,#980,#981);
#979 = CARTESIAN_POINT('',(34.,52.,1.8));
#980 = DIRECTION('',(0.,0.,1.));
#981 = DIRECTION('',(1.,0.,0.));
#982 = ORIENTED_EDGE('',*,*,#983,.F.);
#983 = EDGE_CURVE('',#984,#975,#986,.T.);
#984 = VERTEX_POINT('',#985);
#985 = CARTESIAN_POINT('',(40.2,8.,1.8));
#986 = LINE('',#987,#988);
#987 = CARTESIAN_POINT('',(40.2,8.,1.8));
#988 = VECTOR('',#989,1.);
#989 = DIRECTION('',(0.,1.,0.));
#990 = ORIENTED_EDGE('',*,*,#991,.F.);
#991 = EDGE_CURVE('',#788,#984,#992,.T.);
#992 = CIRCLE('',#993,6.2);
#993 = AXIS2_PLACEMENT_3D('',#994,#995,#996);
#994 = CARTESIAN_POINT('',(34.,8.,1.8));
#995 = DIRECTION('',(0.,0.,1.));
#996 = DIRECTION('',(1.,0.,0.));
#997 = ORIENTED_EDGE('',*,*,#795,.T.);
#998 = ORIENTED_EDGE('',*,*,#999,.T.);
#999 = EDGE_CURVE('',#796,#1000,#1002,.T.);
#1000 = VERTEX_POINT('',#1001);
#1001 = CARTESIAN_POINT('',(36.5,6.5,1.8));
#1002 = CIRCLE('',#1003,3.);
#1003 = AXIS2_PLACEMENT_3D('',#1004,#1005,#1006);
#1004 = CARTESIAN_POINT('',(33.5,6.5,1.8));
#1005 = DIRECTION('',(0.,0.,1.));
#1006 = DIRECTION('',(1.,0.,0.));
#1007 = ORIENTED_EDGE('',*,*,#1008,.F.);
#1008 = EDGE_CURVE('',#1009,#1000,#1011,.T.);
#1009 = VERTEX_POINT('',#1010);
#1010 = CARTESIAN_POINT('',(36.5,37.5,1.8));
#1011 = LINE('',#1012,#1013);
#1012 = CARTESIAN_POINT('',(36.5,18.25,1.8));
#1013 = VECTOR('',#1014,1.);
#1014 = DIRECTION('',(0.,-1.,0.));
#1015 = ORIENTED_EDGE('',*,*,#1016,.T.);
#1016 = EDGE_CURVE('',#1009,#1017,#1019,.T.);
#1017 = VERTEX_POINT('',#1018);
#1018 = CARTESIAN_POINT('',(33.5,40.5,1.8));
#1019 = CIRCLE('',#1020,3.);
#1020 = AXIS2_PLACEMENT_3D('',#1021,#1022,#1023);
#1021 = CARTESIAN_POINT('',(33.5,37.5,1.8));
#1022 = DIRECTION('',(0.,0.,1.));
#1023 = DIRECTION('',(1.,0.,0.));
#1024 = ORIENTED_EDGE('',*,*,#1025,.F.);
#1025 = EDGE_CURVE('',#1026,#1017,#1028,.T.);
#1026 = VERTEX_POINT('',#1027);
#1027 = CARTESIAN_POINT('',(25.4,40.5,1.8));
#1028 = LINE('',#1029,#1030);
#1029 = CARTESIAN_POINT('',(14.75,40.5,1.8));
#1030 = VECTOR('',#1031,1.);
#1031 = DIRECTION('',(1.,0.,0.));
#1032 = ORIENTED_EDGE('',*,*,#1033,.F.);
#1033 = EDGE_CURVE('',#1034,#1026,#1036,.T.);
#1034 = VERTEX_POINT('',#1035);
#1035 = CARTESIAN_POINT('',(25.4,43.5,1.8));
#1036 = LINE('',#1037,#1038);
#1037 = CARTESIAN_POINT('',(25.4,34.35,1.8));
#1038 = VECTOR('',#1039,1.);
#1039 = DIRECTION('',(0.,-1.,0.));
#1040 = ORIENTED_EDGE('',*,*,#1041,.T.);
#1041 = EDGE_CURVE('',#1034,#1042,#1044,.T.);
#1042 = VERTEX_POINT('',#1043);
#1043 = CARTESIAN_POINT('',(25.,44.3,1.8));
#1044 = CIRCLE('',#1045,1.);
#1045 = AXIS2_PLACEMENT_3D('',#1046,#1047,#1048);
#1046 = CARTESIAN_POINT('',(24.4,43.5,1.8));
#1047 = DIRECTION('',(0.,0.,1.));
#1048 = DIRECTION('',(1.,0.,0.));
#1049 = ORIENTED_EDGE('',*,*,#1050,.F.);
#1050 = EDGE_CURVE('',#1051,#1042,#1053,.T.);
#1051 = VERTEX_POINT('',#1052);
#1052 = CARTESIAN_POINT('',(25.,44.4,1.8));
#1053 = LINE('',#1054,#1055);
#1054 = CARTESIAN_POINT('',(25.,34.7,1.8));
#1055 = VECTOR('',#1056,1.);
#1056 = DIRECTION('',(0.,-1.,0.));
#1057 = ORIENTED_EDGE('',*,*,#1058,.F.);
#1058 = EDGE_CURVE('',#1059,#1051,#1061,.T.);
#1059 = VERTEX_POINT('',#1060);
#1060 = CARTESIAN_POINT('',(24.835889894354,44.4,1.8));
#1061 = LINE('',#1062,#1063);
#1062 = CARTESIAN_POINT('',(19.,44.4,1.8));
#1063 = VECTOR('',#1064,1.);
#1064 = DIRECTION('',(1.,0.,0.));
#1065 = ORIENTED_EDGE('',*,*,#1066,.T.);
#1066 = EDGE_CURVE('',#1059,#1067,#1069,.T.);
#1067 = VERTEX_POINT('',#1068);
#1068 = CARTESIAN_POINT('',(24.4,44.5,1.8));
#1069 = CIRCLE('',#1070,1.);
#1070 = AXIS2_PLACEMENT_3D('',#1071,#1072,#1073);
#1071 = CARTESIAN_POINT('',(24.4,43.5,1.8));
#1072 = DIRECTION('',(0.,0.,1.));
#1073 = DIRECTION('',(1.,0.,0.));
#1074 = ORIENTED_EDGE('',*,*,#1075,.F.);
#1075 = EDGE_CURVE('',#1076,#1067,#1078,.T.);
#1076 = VERTEX_POINT('',#1077);
#1077 = CARTESIAN_POINT('',(17.6,44.5,1.8));
#1078 = LINE('',#1079,#1080);
#1079 = CARTESIAN_POINT('',(19.3,44.5,1.8));
#1080 = VECTOR('',#1081,1.);
#1081 = DIRECTION('',(1.,0.,0.));
#1082 = ORIENTED_EDGE('',*,*,#1083,.T.);
#1083 = EDGE_CURVE('',#1076,#1084,#1086,.T.);
#1084 = VERTEX_POINT('',#1085);
#1085 = CARTESIAN_POINT('',(17.164110105646,44.4,1.8));
#1086 = CIRCLE('',#1087,1.);
#1087 = AXIS2_PLACEMENT_3D('',#1088,#1089,#1090);
#1088 = CARTESIAN_POINT('',(17.6,43.5,1.8));
#1089 = DIRECTION('',(0.,0.,1.));
#1090 = DIRECTION('',(1.,0.,0.));
#1091 = ORIENTED_EDGE('',*,*,#1092,.F.);
#1092 = EDGE_CURVE('',#1093,#1084,#1095,.T.);
#1093 = VERTEX_POINT('',#1094);
#1094 = CARTESIAN_POINT('',(17.,44.4,1.8));
#1095 = LINE('',#1096,#1097);
#1096 = CARTESIAN_POINT('',(19.,44.4,1.8));
#1097 = VECTOR('',#1098,1.);
#1098 = DIRECTION('',(1.,0.,0.));
#1099 = ORIENTED_EDGE('',*,*,#1100,.T.);
#1100 = EDGE_CURVE('',#1093,#1101,#1103,.T.);
#1101 = VERTEX_POINT('',#1102);
#1102 = CARTESIAN_POINT('',(17.,44.3,1.8));
#1103 = LINE('',#1104,#1105);
#1104 = CARTESIAN_POINT('',(17.,34.7,1.8));
#1105 = VECTOR('',#1106,1.);
#1106 = DIRECTION('',(0.,-1.,0.));
#1107 = ORIENTED_EDGE('',*,*,#1108,.T.);
#1108 = EDGE_CURVE('',#1101,#1109,#1111,.T.);
#1109 = VERTEX_POINT('',#1110);
#1110 = CARTESIAN_POINT('',(16.6,43.5,1.8));
#1111 = CIRCLE('',#1112,1.);
#1112 = AXIS2_PLACEMENT_3D('',#1113,#1114,#1115);
#1113 = CARTESIAN_POINT('',(17.6,43.5,1.8));
#1114 = DIRECTION('',(0.,0.,1.));
#1115 = DIRECTION('',(1.,0.,0.));
#1116 = ORIENTED_EDGE('',*,*,#1117,.T.);
#1117 = EDGE_CURVE('',#1109,#1118,#1120,.T.);
#1118 = VERTEX_POINT('',#1119);
#1119 = CARTESIAN_POINT('',(16.6,40.5,1.8));
#1120 = LINE('',#1121,#1122);
#1121 = CARTESIAN_POINT('',(16.6,34.35,1.8));
#1122 = VECTOR('',#1123,1.);
#1123 = DIRECTION('',(0.,-1.,0.));
#1124 = ORIENTED_EDGE('',*,*,#1125,.F.);
#1125 = EDGE_CURVE('',#1126,#1118,#1128,.T.);
#1126 = VERTEX_POINT('',#1127);
#1127 = CARTESIAN_POINT('',(8.5,40.5,1.8));
#1128 = LINE('',#1129,#1130);
#1129 = CARTESIAN_POINT('',(14.75,40.5,1.8));
#1130 = VECTOR('',#1131,1.);
#1131 = DIRECTION('',(1.,0.,0.));
#1132 = ORIENTED_EDGE('',*,*,#1133,.T.);
#1133 = EDGE_CURVE('',#1126,#1134,#1136,.T.);
#1134 = VERTEX_POINT('',#1135);
#1135 = CARTESIAN_POINT('',(5.5,37.5,1.8));
#1136 = CIRCLE('',#1137,3.);
#1137 = AXIS2_PLACEMENT_3D('',#1138,#1139,#1140);
#1138 = CARTESIAN_POINT('',(8.5,37.5,1.8));
#1139 = DIRECTION('',(0.,0.,1.));
#1140 = DIRECTION('',(1.,0.,0.));
#1141 = ORIENTED_EDGE('',*,*,#1142,.T.);
#1142 = EDGE_CURVE('',#1134,#1143,#1145,.T.);
#1143 = VERTEX_POINT('',#1144);
#1144 = CARTESIAN_POINT('',(5.5,6.5,1.8));
#1145 = LINE('',#1146,#1147);
#1146 = CARTESIAN_POINT('',(5.5,18.25,1.8));
#1147 = VECTOR('',#1148,1.);
#1148 = DIRECTION('',(0.,-1.,0.));
#1149 = ORIENTED_EDGE('',*,*,#1150,.T.);
#1150 = EDGE_CURVE('',#1143,#1151,#1153,.T.);
#1151 = VERTEX_POINT('',#1152);
#1152 = CARTESIAN_POINT('',(5.526119976723,6.104984041898,1.8));
#1153 = CIRCLE('',#1154,3.);
#1154 = AXIS2_PLACEMENT_3D('',#1155,#1156,#1157);
#1155 = CARTESIAN_POINT('',(8.5,6.5,1.8));
#1156 = DIRECTION('',(0.,0.,1.));
#1157 = DIRECTION('',(1.,0.,0.));
#1158 = ORIENTED_EDGE('',*,*,#1159,.T.);
#1159 = EDGE_CURVE('',#1151,#896,#1160,.T.);
#1160 = CIRCLE('',#1161,2.6);
#1161 = AXIS2_PLACEMENT_3D('',#1162,#1163,#1164);
#1162 = CARTESIAN_POINT('',(4.,4.,1.8));
#1163 = DIRECTION('',(0.,0.,1.));
#1164 = DIRECTION('',(1.,0.,0.));
#1165 = PLANE('',#1166);
#1166 = AXIS2_PLACEMENT_3D('',#1167,#1168,#1169);
#1167 = CARTESIAN_POINT('',(21.,30.,1.8));
#1168 = DIRECTION('',(-0.,-0.,-1.));
#1169 = DIRECTION('',(-1.,0.,0.));
#1170 = ADVANCED_FACE('',(#1171),#1212,.T.);
#1171 = FACE_BOUND('',#1172,.T.);
#1172 = EDGE_LOOP('',(#1173,#1183,#1191,#1199,#1205,#1206));
#1173 = ORIENTED_EDGE('',*,*,#1174,.F.);
#1174 = EDGE_CURVE('',#1175,#1177,#1179,.T.);
#1175 = VERTEX_POINT('',#1176);
#1176 = CARTESIAN_POINT('',(16.6,39.4,1.9));
#1177 = VERTEX_POINT('',#1178);
#1178 = CARTESIAN_POINT('',(16.6,40.5,1.9));
#1179 = LINE('',#1180,#1181);
#1180 = CARTESIAN_POINT('',(16.6,38.7,1.9));
#1181 = VECTOR('',#1182,1.);
#1182 = DIRECTION('',(0.,1.,0.));
#1183 = ORIENTED_EDGE('',*,*,#1184,.T.);
#1184 = EDGE_CURVE('',#1175,#1185,#1187,.T.);
#1185 = VERTEX_POINT('',#1186);
#1186 = CARTESIAN_POINT('',(16.6,39.4,0.));
#1187 = LINE('',#1188,#1189);
#1188 = CARTESIAN_POINT('',(16.6,39.4,-0.1));
#1189 = VECTOR('',#1190,1.);
#1190 = DIRECTION('',(0.,0.,-1.));
#1191 = ORIENTED_EDGE('',*,*,#1192,.F.);
#1192 = EDGE_CURVE('',#1193,#1185,#1195,.T.);
#1193 = VERTEX_POINT('',#1194);
#1194 = CARTESIAN_POINT('',(16.6,43.5,0.));
#1195 = LINE('',#1196,#1197);
#1196 = CARTESIAN_POINT('',(16.6,34.35,0.));
#1197 = VECTOR('',#1198,1.);
#1198 = DIRECTION('',(0.,-1.,0.));
#1199 = ORIENTED_EDGE('',*,*,#1200,.T.);
#1200 = EDGE_CURVE('',#1193,#1109,#1201,.T.);
#1201 = LINE('',#1202,#1203);
#1202 = CARTESIAN_POINT('',(16.6,43.5,-0.1));
#1203 = VECTOR('',#1204,1.);
#1204 = DIRECTION('',(0.,0.,1.));
#1205 = ORIENTED_EDGE('',*,*,#1117,.T.);
#1206 = ORIENTED_EDGE('',*,*,#1207,.F.);
#1207 = EDGE_CURVE('',#1177,#1118,#1208,.T.);
#1208 = LINE('',#1209,#1210);
#1209 = CARTESIAN_POINT('',(16.6,40.5,-5.E-02));
#1210 = VECTOR('',#1211,1.);
#1211 = DIRECTION('',(0.,0.,-1.));
#1212 = PLANE('',#1213);
#1213 = AXIS2_PLACEMENT_3D('',#1214,#1215,#1216);
#1214 = CARTESIAN_POINT('',(16.6,38.7,-0.1));
#1215 = DIRECTION('',(1.,0.,0.));
#1216 = DIRECTION('',(0.,0.,1.));
#1217 = ADVANCED_FACE('',(#1218),#1279,.F.);
#1218 = FACE_BOUND('',#1219,.F.);
#1219 = EDGE_LOOP('',(#1220,#1231,#1237,#1238,#1246,#1255,#1264,#1271,
    #1272,#1273));
#1220 = ORIENTED_EDGE('',*,*,#1221,.F.);
#1221 = EDGE_CURVE('',#1222,#1224,#1226,.T.);
#1222 = VERTEX_POINT('',#1223);
#1223 = CARTESIAN_POINT('',(17.164110105646,44.4,1.9));
#1224 = VERTEX_POINT('',#1225);
#1225 = CARTESIAN_POINT('',(17.,44.3,1.9));
#1226 = CIRCLE('',#1227,1.);
#1227 = AXIS2_PLACEMENT_3D('',#1228,#1229,#1230);
#1228 = CARTESIAN_POINT('',(17.6,43.5,1.9));
#1229 = DIRECTION('',(0.,0.,1.));
#1230 = DIRECTION('',(1.,0.,0.));
#1231 = ORIENTED_EDGE('',*,*,#1232,.F.);
#1232 = EDGE_CURVE('',#1084,#1222,#1233,.T.);
#1233 = LINE('',#1234,#1235);
#1234 = CARTESIAN_POINT('',(17.164110105646,44.4,-0.1));
#1235 = VECTOR('',#1236,1.);
#1236 = DIRECTION('',(0.,0.,1.));
#1237 = ORIENTED_EDGE('',*,*,#1083,.F.);
#1238 = ORIENTED_EDGE('',*,*,#1239,.F.);
#1239 = EDGE_CURVE('',#1240,#1076,#1242,.T.);
#1240 = VERTEX_POINT('',#1241);
#1241 = CARTESIAN_POINT('',(17.6,44.5,0.));
#1242 = LINE('',#1243,#1244);
#1243 = CARTESIAN_POINT('',(17.6,44.5,-0.1));
#1244 = VECTOR('',#1245,1.);
#1245 = DIRECTION('',(0.,0.,1.));
#1246 = ORIENTED_EDGE('',*,*,#1247,.T.);
#1247 = EDGE_CURVE('',#1240,#1248,#1250,.T.);
#1248 = VERTEX_POINT('',#1249);
#1249 = CARTESIAN_POINT('',(17.164110105646,44.4,0.));
#1250 = CIRCLE('',#1251,1.);
#1251 = AXIS2_PLACEMENT_3D('',#1252,#1253,#1254);
#1252 = CARTESIAN_POINT('',(17.6,43.5,0.));
#1253 = DIRECTION('',(0.,0.,1.));
#1254 = DIRECTION('',(1.,0.,0.));
#1255 = ORIENTED_EDGE('',*,*,#1256,.T.);
#1256 = EDGE_CURVE('',#1248,#1257,#1259,.T.);
#1257 = VERTEX_POINT('',#1258);
#1258 = CARTESIAN_POINT('',(17.,44.3,0.));
#1259 = CIRCLE('',#1260,1.);
#1260 = AXIS2_PLACEMENT_3D('',#1261,#1262,#1263);
#1261 = CARTESIAN_POINT('',(17.6,43.5,0.));
#1262 = DIRECTION('',(0.,0.,1.));
#1263 = DIRECTION('',(1.,0.,0.));
#1264 = ORIENTED_EDGE('',*,*,#1265,.T.);
#1265 = EDGE_CURVE('',#1257,#1193,#1266,.T.);
#1266 = CIRCLE('',#1267,1.);
#1267 = AXIS2_PLACEMENT_3D('',#1268,#1269,#1270);
#1268 = CARTESIAN_POINT('',(17.6,43.5,0.));
#1269 = DIRECTION('',(0.,0.,1.));
#1270 = DIRECTION('',(1.,0.,0.));
#1271 = ORIENTED_EDGE('',*,*,#1200,.T.);
#1272 = ORIENTED_EDGE('',*,*,#1108,.F.);
#1273 = ORIENTED_EDGE('',*,*,#1274,.T.);
#1274 = EDGE_CURVE('',#1101,#1224,#1275,.T.);
#1275 = LINE('',#1276,#1277);
#1276 = CARTESIAN_POINT('',(17.,44.3,-0.1));
#1277 = VECTOR('',#1278,1.);
#1278 = DIRECTION('',(0.,0.,1.));
#1279 = CYLINDRICAL_SURFACE('',#1280,1.);
#1280 = AXIS2_PLACEMENT_3D('',#1281,#1282,#1283);
#1281 = CARTESIAN_POINT('',(17.6,43.5,-0.1));
#1282 = DIRECTION('',(0.,0.,1.));
#1283 = DIRECTION('',(1.,0.,0.));
#1284 = ADVANCED_FACE('',(#1285),#1303,.F.);
#1285 = FACE_BOUND('',#1286,.F.);
#1286 = EDGE_LOOP('',(#1287,#1295,#1296,#1297));
#1287 = ORIENTED_EDGE('',*,*,#1288,.F.);
#1288 = EDGE_CURVE('',#1240,#1289,#1291,.T.);
#1289 = VERTEX_POINT('',#1290);
#1290 = CARTESIAN_POINT('',(24.4,44.5,0.));
#1291 = LINE('',#1292,#1293);
#1292 = CARTESIAN_POINT('',(19.3,44.5,0.));
#1293 = VECTOR('',#1294,1.);
#1294 = DIRECTION('',(1.,0.,0.));
#1295 = ORIENTED_EDGE('',*,*,#1239,.T.);
#1296 = ORIENTED_EDGE('',*,*,#1075,.T.);
#1297 = ORIENTED_EDGE('',*,*,#1298,.F.);
#1298 = EDGE_CURVE('',#1289,#1067,#1299,.T.);
#1299 = LINE('',#1300,#1301);
#1300 = CARTESIAN_POINT('',(24.4,44.5,-0.1));
#1301 = VECTOR('',#1302,1.);
#1302 = DIRECTION('',(0.,0.,1.));
#1303 = PLANE('',#1304);
#1304 = AXIS2_PLACEMENT_3D('',#1305,#1306,#1307);
#1305 = CARTESIAN_POINT('',(17.6,44.5,-0.1));
#1306 = DIRECTION('',(0.,1.,0.));
#1307 = DIRECTION('',(0.,0.,1.));
#1308 = ADVANCED_FACE('',(#1309),#1370,.F.);
#1309 = FACE_BOUND('',#1310,.F.);
#1310 = EDGE_LOOP('',(#1311,#1322,#1328,#1329,#1337,#1346,#1355,#1362,
    #1363,#1364));
#1311 = ORIENTED_EDGE('',*,*,#1312,.F.);
#1312 = EDGE_CURVE('',#1313,#1315,#1317,.T.);
#1313 = VERTEX_POINT('',#1314);
#1314 = CARTESIAN_POINT('',(25.,44.3,1.9));
#1315 = VERTEX_POINT('',#1316);
#1316 = CARTESIAN_POINT('',(24.835889894354,44.4,1.9));
#1317 = CIRCLE('',#1318,1.);
#1318 = AXIS2_PLACEMENT_3D('',#1319,#1320,#1321);
#1319 = CARTESIAN_POINT('',(24.4,43.5,1.9));
#1320 = DIRECTION('',(0.,0.,1.));
#1321 = DIRECTION('',(1.,0.,0.));
#1322 = ORIENTED_EDGE('',*,*,#1323,.F.);
#1323 = EDGE_CURVE('',#1042,#1313,#1324,.T.);
#1324 = LINE('',#1325,#1326);
#1325 = CARTESIAN_POINT('',(25.,44.3,-0.1));
#1326 = VECTOR('',#1327,1.);
#1327 = DIRECTION('',(0.,0.,1.));
#1328 = ORIENTED_EDGE('',*,*,#1041,.F.);
#1329 = ORIENTED_EDGE('',*,*,#1330,.F.);
#1330 = EDGE_CURVE('',#1331,#1034,#1333,.T.);
#1331 = VERTEX_POINT('',#1332);
#1332 = CARTESIAN_POINT('',(25.4,43.5,0.));
#1333 = LINE('',#1334,#1335);
#1334 = CARTESIAN_POINT('',(25.4,43.5,-0.1));
#1335 = VECTOR('',#1336,1.);
#1336 = DIRECTION('',(0.,0.,1.));
#1337 = ORIENTED_EDGE('',*,*,#1338,.T.);
#1338 = EDGE_CURVE('',#1331,#1339,#1341,.T.);
#1339 = VERTEX_POINT('',#1340);
#1340 = CARTESIAN_POINT('',(25.,44.299999999999,0.));
#1341 = CIRCLE('',#1342,1.);
#1342 = AXIS2_PLACEMENT_3D('',#1343,#1344,#1345);
#1343 = CARTESIAN_POINT('',(24.4,43.5,0.));
#1344 = DIRECTION('',(0.,0.,1.));
#1345 = DIRECTION('',(1.,0.,0.));
#1346 = ORIENTED_EDGE('',*,*,#1347,.T.);
#1347 = EDGE_CURVE('',#1339,#1348,#1350,.T.);
#1348 = VERTEX_POINT('',#1349);
#1349 = CARTESIAN_POINT('',(24.835889894353,44.4,0.));
#1350 = CIRCLE('',#1351,1.);
#1351 = AXIS2_PLACEMENT_3D('',#1352,#1353,#1354);
#1352 = CARTESIAN_POINT('',(24.4,43.5,0.));
#1353 = DIRECTION('',(0.,0.,1.));
#1354 = DIRECTION('',(1.,0.,0.));
#1355 = ORIENTED_EDGE('',*,*,#1356,.T.);
#1356 = EDGE_CURVE('',#1348,#1289,#1357,.T.);
#1357 = CIRCLE('',#1358,1.);
#1358 = AXIS2_PLACEMENT_3D('',#1359,#1360,#1361);
#1359 = CARTESIAN_POINT('',(24.4,43.5,0.));
#1360 = DIRECTION('',(0.,0.,1.));
#1361 = DIRECTION('',(1.,0.,0.));
#1362 = ORIENTED_EDGE('',*,*,#1298,.T.);
#1363 = ORIENTED_EDGE('',*,*,#1066,.F.);
#1364 = ORIENTED_EDGE('',*,*,#1365,.T.);
#1365 = EDGE_CURVE('',#1059,#1315,#1366,.T.);
#1366 = LINE('',#1367,#1368);
#1367 = CARTESIAN_POINT('',(24.835889894354,44.4,-0.1));
#1368 = VECTOR('',#1369,1.);
#1369 = DIRECTION('',(0.,0.,1.));
#1370 = CYLINDRICAL_SURFACE('',#1371,1.);
#1371 = AXIS2_PLACEMENT_3D('',#1372,#1373,#1374);
#1372 = CARTESIAN_POINT('',(24.4,43.5,-0.1));
#1373 = DIRECTION('',(0.,0.,1.));
#1374 = DIRECTION('',(1.,0.,0.));
#1375 = ADVANCED_FACE('',(#1376),#1410,.F.);
#1376 = FACE_BOUND('',#1377,.F.);
#1377 = EDGE_LOOP('',(#1378,#1388,#1396,#1402,#1403,#1404));
#1378 = ORIENTED_EDGE('',*,*,#1379,.F.);
#1379 = EDGE_CURVE('',#1380,#1382,#1384,.T.);
#1380 = VERTEX_POINT('',#1381);
#1381 = CARTESIAN_POINT('',(25.4,39.4,1.9));
#1382 = VERTEX_POINT('',#1383);
#1383 = CARTESIAN_POINT('',(25.4,40.5,1.9));
#1384 = LINE('',#1385,#1386);
#1385 = CARTESIAN_POINT('',(25.4,38.7,1.9));
#1386 = VECTOR('',#1387,1.);
#1387 = DIRECTION('',(0.,1.,0.));
#1388 = ORIENTED_EDGE('',*,*,#1389,.T.);
#1389 = EDGE_CURVE('',#1380,#1390,#1392,.T.);
#1390 = VERTEX_POINT('',#1391);
#1391 = CARTESIAN_POINT('',(25.4,39.4,0.));
#1392 = LINE('',#1393,#1394);
#1393 = CARTESIAN_POINT('',(25.4,39.4,-0.3));
#1394 = VECTOR('',#1395,1.);
#1395 = DIRECTION('',(0.,0.,-1.));
#1396 = ORIENTED_EDGE('',*,*,#1397,.F.);
#1397 = EDGE_CURVE('',#1331,#1390,#1398,.T.);
#1398 = LINE('',#1399,#1400);
#1399 = CARTESIAN_POINT('',(25.4,34.35,0.));
#1400 = VECTOR('',#1401,1.);
#1401 = DIRECTION('',(0.,-1.,0.));
#1402 = ORIENTED_EDGE('',*,*,#1330,.T.);
#1403 = ORIENTED_EDGE('',*,*,#1033,.T.);
#1404 = ORIENTED_EDGE('',*,*,#1405,.F.);
#1405 = EDGE_CURVE('',#1382,#1026,#1406,.T.);
#1406 = LINE('',#1407,#1408);
#1407 = CARTESIAN_POINT('',(25.4,40.5,-5.E-02));
#1408 = VECTOR('',#1409,1.);
#1409 = DIRECTION('',(0.,0.,-1.));
#1410 = PLANE('',#1411);
#1411 = AXIS2_PLACEMENT_3D('',#1412,#1413,#1414);
#1412 = CARTESIAN_POINT('',(25.4,38.7,-0.1));
#1413 = DIRECTION('',(1.,0.,0.));
#1414 = DIRECTION('',(0.,0.,1.));
#1415 = ADVANCED_FACE('',(#1416,#1462),#1473,.F.);
#1416 = FACE_BOUND('',#1417,.F.);
#1417 = EDGE_LOOP('',(#1418,#1419,#1425,#1426,#1434,#1440,#1441,#1447,
    #1448,#1456));
#1418 = ORIENTED_EDGE('',*,*,#1174,.F.);
#1419 = ORIENTED_EDGE('',*,*,#1420,.T.);
#1420 = EDGE_CURVE('',#1175,#1380,#1421,.T.);
#1421 = LINE('',#1422,#1423);
#1422 = CARTESIAN_POINT('',(14.8,39.4,1.9));
#1423 = VECTOR('',#1424,1.);
#1424 = DIRECTION('',(1.,0.,0.));
#1425 = ORIENTED_EDGE('',*,*,#1379,.T.);
#1426 = ORIENTED_EDGE('',*,*,#1427,.F.);
#1427 = EDGE_CURVE('',#1428,#1382,#1430,.T.);
#1428 = VERTEX_POINT('',#1429);
#1429 = CARTESIAN_POINT('',(25.,40.5,1.9));
#1430 = LINE('',#1431,#1432);
#1431 = CARTESIAN_POINT('',(14.75,40.5,1.9));
#1432 = VECTOR('',#1433,1.);
#1433 = DIRECTION('',(1.,0.,0.));
#1434 = ORIENTED_EDGE('',*,*,#1435,.F.);
#1435 = EDGE_CURVE('',#1313,#1428,#1436,.T.);
#1436 = LINE('',#1437,#1438);
#1437 = CARTESIAN_POINT('',(25.,40.25,1.9));
#1438 = VECTOR('',#1439,1.);
#1439 = DIRECTION('',(0.,-1.,0.));
#1440 = ORIENTED_EDGE('',*,*,#1312,.T.);
#1441 = ORIENTED_EDGE('',*,*,#1442,.F.);
#1442 = EDGE_CURVE('',#1222,#1315,#1443,.T.);
#1443 = LINE('',#1444,#1445);
#1444 = CARTESIAN_POINT('',(19.,44.4,1.9));
#1445 = VECTOR('',#1446,1.);
#1446 = DIRECTION('',(1.,0.,0.));
#1447 = ORIENTED_EDGE('',*,*,#1221,.T.);
#1448 = ORIENTED_EDGE('',*,*,#1449,.T.);
#1449 = EDGE_CURVE('',#1224,#1450,#1452,.T.);
#1450 = VERTEX_POINT('',#1451);
#1451 = CARTESIAN_POINT('',(17.,40.5,1.9));
#1452 = LINE('',#1453,#1454);
#1453 = CARTESIAN_POINT('',(17.,40.25,1.9));
#1454 = VECTOR('',#1455,1.);
#1455 = DIRECTION('',(0.,-1.,0.));
#1456 = ORIENTED_EDGE('',*,*,#1457,.F.);
#1457 = EDGE_CURVE('',#1177,#1450,#1458,.T.);
#1458 = LINE('',#1459,#1460);
#1459 = CARTESIAN_POINT('',(14.75,40.5,1.9));
#1460 = VECTOR('',#1461,1.);
#1461 = DIRECTION('',(1.,0.,0.));
#1462 = FACE_BOUND('',#1463,.F.);
#1463 = EDGE_LOOP('',(#1464));
#1464 = ORIENTED_EDGE('',*,*,#1465,.F.);
#1465 = EDGE_CURVE('',#1466,#1466,#1468,.T.);
#1466 = VERTEX_POINT('',#1467);
#1467 = CARTESIAN_POINT('',(21.85,42.,1.9));
#1468 = CIRCLE('',#1469,0.85);
#1469 = AXIS2_PLACEMENT_3D('',#1470,#1471,#1472);
#1470 = CARTESIAN_POINT('',(21.,42.,1.9));
#1471 = DIRECTION('',(0.,0.,1.));
#1472 = DIRECTION('',(1.,0.,0.));
#1473 = PLANE('',#1474);
#1474 = AXIS2_PLACEMENT_3D('',#1475,#1476,#1477);
#1475 = CARTESIAN_POINT('',(21.,41.1,1.9));
#1476 = DIRECTION('',(0.,0.,1.));
#1477 = DIRECTION('',(1.,0.,0.));
#1478 = ADVANCED_FACE('',(#1479),#1531,.T.);
#1479 = FACE_BOUND('',#1480,.T.);
#1480 = EDGE_LOOP('',(#1481,#1482,#1490,#1498,#1504,#1505,#1506,#1507,
    #1515,#1523,#1529,#1530));
#1481 = ORIENTED_EDGE('',*,*,#1125,.F.);
#1482 = ORIENTED_EDGE('',*,*,#1483,.T.);
#1483 = EDGE_CURVE('',#1126,#1484,#1486,.T.);
#1484 = VERTEX_POINT('',#1485);
#1485 = CARTESIAN_POINT('',(8.5,40.5,10.));
#1486 = LINE('',#1487,#1488);
#1487 = CARTESIAN_POINT('',(8.5,40.5,0.));
#1488 = VECTOR('',#1489,1.);
#1489 = DIRECTION('',(0.,0.,1.));
#1490 = ORIENTED_EDGE('',*,*,#1491,.T.);
#1491 = EDGE_CURVE('',#1484,#1492,#1494,.T.);
#1492 = VERTEX_POINT('',#1493);
#1493 = CARTESIAN_POINT('',(33.5,40.5,10.));
#1494 = LINE('',#1495,#1496);
#1495 = CARTESIAN_POINT('',(8.5,40.5,10.));
#1496 = VECTOR('',#1497,1.);
#1497 = DIRECTION('',(1.,0.,0.));
#1498 = ORIENTED_EDGE('',*,*,#1499,.F.);
#1499 = EDGE_CURVE('',#1017,#1492,#1500,.T.);
#1500 = LINE('',#1501,#1502);
#1501 = CARTESIAN_POINT('',(33.5,40.5,0.));
#1502 = VECTOR('',#1503,1.);
#1503 = DIRECTION('',(0.,0.,1.));
#1504 = ORIENTED_EDGE('',*,*,#1025,.F.);
#1505 = ORIENTED_EDGE('',*,*,#1405,.F.);
#1506 = ORIENTED_EDGE('',*,*,#1427,.F.);
#1507 = ORIENTED_EDGE('',*,*,#1508,.F.);
#1508 = EDGE_CURVE('',#1509,#1428,#1511,.T.);
#1509 = VERTEX_POINT('',#1510);
#1510 = CARTESIAN_POINT('',(25.,40.5,9.));
#1511 = LINE('',#1512,#1513);
#1512 = CARTESIAN_POINT('',(25.,40.5,0.));
#1513 = VECTOR('',#1514,1.);
#1514 = DIRECTION('',(0.,0.,-1.));
#1515 = ORIENTED_EDGE('',*,*,#1516,.F.);
#1516 = EDGE_CURVE('',#1517,#1509,#1519,.T.);
#1517 = VERTEX_POINT('',#1518);
#1518 = CARTESIAN_POINT('',(17.,40.5,9.));
#1519 = LINE('',#1520,#1521);
#1520 = CARTESIAN_POINT('',(12.75,40.5,9.));
#1521 = VECTOR('',#1522,1.);
#1522 = DIRECTION('',(1.,0.,0.));
#1523 = ORIENTED_EDGE('',*,*,#1524,.T.);
#1524 = EDGE_CURVE('',#1517,#1450,#1525,.T.);
#1525 = LINE('',#1526,#1527);
#1526 = CARTESIAN_POINT('',(17.,40.5,0.));
#1527 = VECTOR('',#1528,1.);
#1528 = DIRECTION('',(0.,0.,-1.));
#1529 = ORIENTED_EDGE('',*,*,#1457,.F.);
#1530 = ORIENTED_EDGE('',*,*,#1207,.T.);
#1531 = PLANE('',#1532);
#1532 = AXIS2_PLACEMENT_3D('',#1533,#1534,#1535);
#1533 = CARTESIAN_POINT('',(8.5,40.5,0.));
#1534 = DIRECTION('',(0.,1.,0.));
#1535 = DIRECTION('',(0.,0.,1.));
#1536 = ADVANCED_FACE('',(#1537),#1557,.F.);
#1537 = FACE_BOUND('',#1538,.F.);
#1538 = EDGE_LOOP('',(#1539,#1540,#1548,#1554,#1555,#1556));
#1539 = ORIENTED_EDGE('',*,*,#1100,.F.);
#1540 = ORIENTED_EDGE('',*,*,#1541,.T.);
#1541 = EDGE_CURVE('',#1093,#1542,#1544,.T.);
#1542 = VERTEX_POINT('',#1543);
#1543 = CARTESIAN_POINT('',(17.,44.4,9.));
#1544 = LINE('',#1545,#1546);
#1545 = CARTESIAN_POINT('',(17.,44.4,0.));
#1546 = VECTOR('',#1547,1.);
#1547 = DIRECTION('',(0.,0.,1.));
#1548 = ORIENTED_EDGE('',*,*,#1549,.F.);
#1549 = EDGE_CURVE('',#1517,#1542,#1550,.T.);
#1550 = LINE('',#1551,#1552);
#1551 = CARTESIAN_POINT('',(17.,39.4,9.));
#1552 = VECTOR('',#1553,1.);
#1553 = DIRECTION('',(0.,1.,0.));
#1554 = ORIENTED_EDGE('',*,*,#1524,.T.);
#1555 = ORIENTED_EDGE('',*,*,#1449,.F.);
#1556 = ORIENTED_EDGE('',*,*,#1274,.F.);
#1557 = PLANE('',#1558);
#1558 = AXIS2_PLACEMENT_3D('',#1559,#1560,#1561);
#1559 = CARTESIAN_POINT('',(17.,39.4,0.));
#1560 = DIRECTION('',(1.,0.,0.));
#1561 = DIRECTION('',(0.,0.,1.));
#1562 = ADVANCED_FACE('',(#1563),#1585,.T.);
#1563 = FACE_BOUND('',#1564,.T.);
#1564 = EDGE_LOOP('',(#1565,#1566,#1567,#1575,#1581,#1582,#1583,#1584));
#1565 = ORIENTED_EDGE('',*,*,#1092,.F.);
#1566 = ORIENTED_EDGE('',*,*,#1541,.T.);
#1567 = ORIENTED_EDGE('',*,*,#1568,.T.);
#1568 = EDGE_CURVE('',#1542,#1569,#1571,.T.);
#1569 = VERTEX_POINT('',#1570);
#1570 = CARTESIAN_POINT('',(25.,44.4,9.));
#1571 = LINE('',#1572,#1573);
#1572 = CARTESIAN_POINT('',(17.,44.4,9.));
#1573 = VECTOR('',#1574,1.);
#1574 = DIRECTION('',(1.,0.,0.));
#1575 = ORIENTED_EDGE('',*,*,#1576,.F.);
#1576 = EDGE_CURVE('',#1051,#1569,#1577,.T.);
#1577 = LINE('',#1578,#1579);
#1578 = CARTESIAN_POINT('',(25.,44.4,0.));
#1579 = VECTOR('',#1580,1.);
#1580 = DIRECTION('',(0.,0.,1.));
#1581 = ORIENTED_EDGE('',*,*,#1058,.F.);
#1582 = ORIENTED_EDGE('',*,*,#1365,.T.);
#1583 = ORIENTED_EDGE('',*,*,#1442,.F.);
#1584 = ORIENTED_EDGE('',*,*,#1232,.F.);
#1585 = PLANE('',#1586);
#1586 = AXIS2_PLACEMENT_3D('',#1587,#1588,#1589);
#1587 = CARTESIAN_POINT('',(17.,44.4,0.));
#1588 = DIRECTION('',(0.,1.,0.));
#1589 = DIRECTION('',(0.,0.,1.));
#1590 = ADVANCED_FACE('',(#1591),#1604,.T.);
#1591 = FACE_BOUND('',#1592,.T.);
#1592 = EDGE_LOOP('',(#1593,#1594,#1595,#1601,#1602,#1603));
#1593 = ORIENTED_EDGE('',*,*,#1050,.F.);
#1594 = ORIENTED_EDGE('',*,*,#1576,.T.);
#1595 = ORIENTED_EDGE('',*,*,#1596,.F.);
#1596 = EDGE_CURVE('',#1509,#1569,#1597,.T.);
#1597 = LINE('',#1598,#1599);
#1598 = CARTESIAN_POINT('',(25.,39.4,9.));
#1599 = VECTOR('',#1600,1.);
#1600 = DIRECTION('',(0.,1.,0.));
#1601 = ORIENTED_EDGE('',*,*,#1508,.T.);
#1602 = ORIENTED_EDGE('',*,*,#1435,.F.);
#1603 = ORIENTED_EDGE('',*,*,#1323,.F.);
#1604 = PLANE('',#1605);
#1605 = AXIS2_PLACEMENT_3D('',#1606,#1607,#1608);
#1606 = CARTESIAN_POINT('',(25.,39.4,0.));
#1607 = DIRECTION('',(1.,0.,0.));
#1608 = DIRECTION('',(0.,0.,1.));
#1609 = ADVANCED_FACE('',(#1610),#1626,.F.);
#1610 = FACE_BOUND('',#1611,.F.);
#1611 = EDGE_LOOP('',(#1612,#1613,#1619,#1620));
#1612 = ORIENTED_EDGE('',*,*,#240,.F.);
#1613 = ORIENTED_EDGE('',*,*,#1614,.F.);
#1614 = EDGE_CURVE('',#957,#241,#1615,.T.);
#1615 = LINE('',#1616,#1617);
#1616 = CARTESIAN_POINT('',(36.141631157792,57.818368842208,1.8));
#1617 = VECTOR('',#1618,1.);
#1618 = DIRECTION('',(0.,0.,1.));
#1619 = ORIENTED_EDGE('',*,*,#956,.T.);
#1620 = ORIENTED_EDGE('',*,*,#1621,.T.);
#1621 = EDGE_CURVE('',#949,#233,#1622,.T.);
#1622 = LINE('',#1623,#1624);
#1623 = CARTESIAN_POINT('',(34.,58.2,1.8));
#1624 = VECTOR('',#1625,1.);
#1625 = DIRECTION('',(0.,0.,1.));
#1626 = CYLINDRICAL_SURFACE('',#1627,6.2);
#1627 = AXIS2_PLACEMENT_3D('',#1628,#1629,#1630);
#1628 = CARTESIAN_POINT('',(34.,52.,1.8));
#1629 = DIRECTION('',(0.,0.,1.));
#1630 = DIRECTION('',(1.,0.,0.));
#1631 = ADVANCED_FACE('',(#1632),#1643,.F.);
#1632 = FACE_BOUND('',#1633,.F.);
#1633 = EDGE_LOOP('',(#1634,#1635,#1641,#1642));
#1634 = ORIENTED_EDGE('',*,*,#948,.F.);
#1635 = ORIENTED_EDGE('',*,*,#1636,.T.);
#1636 = EDGE_CURVE('',#940,#224,#1637,.T.);
#1637 = LINE('',#1638,#1639);
#1638 = CARTESIAN_POINT('',(8.,58.2,1.8));
#1639 = VECTOR('',#1640,1.);
#1640 = DIRECTION('',(0.,0.,1.));
#1641 = ORIENTED_EDGE('',*,*,#232,.F.);
#1642 = ORIENTED_EDGE('',*,*,#1621,.F.);
#1643 = PLANE('',#1644);
#1644 = AXIS2_PLACEMENT_3D('',#1645,#1646,#1647);
#1645 = CARTESIAN_POINT('',(8.,58.2,1.8));
#1646 = DIRECTION('',(0.,1.,0.));
#1647 = DIRECTION('',(0.,0.,1.));
#1648 = ADVANCED_FACE('',(#1649),#1660,.F.);
#1649 = FACE_BOUND('',#1650,.F.);
#1650 = EDGE_LOOP('',(#1651,#1652,#1653,#1654));
#1651 = ORIENTED_EDGE('',*,*,#223,.F.);
#1652 = ORIENTED_EDGE('',*,*,#1636,.F.);
#1653 = ORIENTED_EDGE('',*,*,#939,.T.);
#1654 = ORIENTED_EDGE('',*,*,#1655,.T.);
#1655 = EDGE_CURVE('',#931,#215,#1656,.T.);
#1656 = LINE('',#1657,#1658);
#1657 = CARTESIAN_POINT('',(5.858368842208,57.818368842208,1.8));
#1658 = VECTOR('',#1659,1.);
#1659 = DIRECTION('',(0.,0.,1.));
#1660 = CYLINDRICAL_SURFACE('',#1661,6.2);
#1661 = AXIS2_PLACEMENT_3D('',#1662,#1663,#1664);
#1662 = CARTESIAN_POINT('',(8.,52.,1.8));
#1663 = DIRECTION('',(0.,0.,1.));
#1664 = DIRECTION('',(1.,0.,0.));
#1665 = ADVANCED_FACE('',(#1666),#1692,.T.);
#1666 = FACE_BOUND('',#1667,.T.);
#1667 = EDGE_LOOP('',(#1668,#1679,#1685,#1686));
#1668 = ORIENTED_EDGE('',*,*,#1669,.F.);
#1669 = EDGE_CURVE('',#1670,#1672,#1674,.T.);
#1670 = VERTEX_POINT('',#1671);
#1671 = CARTESIAN_POINT('',(5.5,6.5,10.));
#1672 = VERTEX_POINT('',#1673);
#1673 = CARTESIAN_POINT('',(5.526119976723,6.104984041898,10.));
#1674 = CIRCLE('',#1675,3.);
#1675 = AXIS2_PLACEMENT_3D('',#1676,#1677,#1678);
#1676 = CARTESIAN_POINT('',(8.5,6.5,10.));
#1677 = DIRECTION('',(0.,0.,1.));
#1678 = DIRECTION('',(1.,0.,0.));
#1679 = ORIENTED_EDGE('',*,*,#1680,.F.);
#1680 = EDGE_CURVE('',#1143,#1670,#1681,.T.);
#1681 = LINE('',#1682,#1683);
#1682 = CARTESIAN_POINT('',(5.5,6.5,0.));
#1683 = VECTOR('',#1684,1.);
#1684 = DIRECTION('',(0.,0.,1.));
#1685 = ORIENTED_EDGE('',*,*,#1150,.T.);
#1686 = ORIENTED_EDGE('',*,*,#1687,.T.);
#1687 = EDGE_CURVE('',#1151,#1672,#1688,.T.);
#1688 = LINE('',#1689,#1690);
#1689 = CARTESIAN_POINT('',(5.526119976723,6.104984041898,0.));
#1690 = VECTOR('',#1691,1.);
#1691 = DIRECTION('',(0.,0.,1.));
#1692 = CYLINDRICAL_SURFACE('',#1693,3.);
#1693 = AXIS2_PLACEMENT_3D('',#1694,#1695,#1696);
#1694 = CARTESIAN_POINT('',(8.5,6.5,0.));
#1695 = DIRECTION('',(0.,0.,1.));
#1696 = DIRECTION('',(1.,0.,0.));
#1697 = ADVANCED_FACE('',(#1698),#1716,.F.);
#1698 = FACE_BOUND('',#1699,.F.);
#1699 = EDGE_LOOP('',(#1700,#1701,#1702,#1710));
#1700 = ORIENTED_EDGE('',*,*,#1680,.F.);
#1701 = ORIENTED_EDGE('',*,*,#1142,.F.);
#1702 = ORIENTED_EDGE('',*,*,#1703,.T.);
#1703 = EDGE_CURVE('',#1134,#1704,#1706,.T.);
#1704 = VERTEX_POINT('',#1705);
#1705 = CARTESIAN_POINT('',(5.5,37.5,10.));
#1706 = LINE('',#1707,#1708);
#1707 = CARTESIAN_POINT('',(5.5,37.5,0.));
#1708 = VECTOR('',#1709,1.);
#1709 = DIRECTION('',(0.,0.,1.));
#1710 = ORIENTED_EDGE('',*,*,#1711,.F.);
#1711 = EDGE_CURVE('',#1670,#1704,#1712,.T.);
#1712 = LINE('',#1713,#1714);
#1713 = CARTESIAN_POINT('',(5.5,6.5,10.));
#1714 = VECTOR('',#1715,1.);
#1715 = DIRECTION('',(0.,1.,0.));
#1716 = PLANE('',#1717);
#1717 = AXIS2_PLACEMENT_3D('',#1718,#1719,#1720);
#1718 = CARTESIAN_POINT('',(5.5,6.5,0.));
#1719 = DIRECTION('',(1.,0.,0.));
#1720 = DIRECTION('',(0.,0.,1.));
#1721 = ADVANCED_FACE('',(#1722),#1734,.T.);
#1722 = FACE_BOUND('',#1723,.T.);
#1723 = EDGE_LOOP('',(#1724,#1731,#1732,#1733));
#1724 = ORIENTED_EDGE('',*,*,#1725,.F.);
#1725 = EDGE_CURVE('',#1484,#1704,#1726,.T.);
#1726 = CIRCLE('',#1727,3.);
#1727 = AXIS2_PLACEMENT_3D('',#1728,#1729,#1730);
#1728 = CARTESIAN_POINT('',(8.5,37.5,10.));
#1729 = DIRECTION('',(0.,0.,1.));
#1730 = DIRECTION('',(1.,0.,0.));
#1731 = ORIENTED_EDGE('',*,*,#1483,.F.);
#1732 = ORIENTED_EDGE('',*,*,#1133,.T.);
#1733 = ORIENTED_EDGE('',*,*,#1703,.T.);
#1734 = CYLINDRICAL_SURFACE('',#1735,3.);
#1735 = AXIS2_PLACEMENT_3D('',#1736,#1737,#1738);
#1736 = CARTESIAN_POINT('',(8.5,37.5,0.));
#1737 = DIRECTION('',(0.,0.,1.));
#1738 = DIRECTION('',(1.,0.,0.));
#1739 = ADVANCED_FACE('',(#1740),#1759,.T.);
#1740 = FACE_BOUND('',#1741,.T.);
#1741 = EDGE_LOOP('',(#1742,#1751,#1757,#1758));
#1742 = ORIENTED_EDGE('',*,*,#1743,.F.);
#1743 = EDGE_CURVE('',#1744,#1492,#1746,.T.);
#1744 = VERTEX_POINT('',#1745);
#1745 = CARTESIAN_POINT('',(36.5,37.5,10.));
#1746 = CIRCLE('',#1747,3.);
#1747 = AXIS2_PLACEMENT_3D('',#1748,#1749,#1750);
#1748 = CARTESIAN_POINT('',(33.5,37.5,10.));
#1749 = DIRECTION('',(0.,0.,1.));
#1750 = DIRECTION('',(1.,0.,0.));
#1751 = ORIENTED_EDGE('',*,*,#1752,.F.);
#1752 = EDGE_CURVE('',#1009,#1744,#1753,.T.);
#1753 = LINE('',#1754,#1755);
#1754 = CARTESIAN_POINT('',(36.5,37.5,0.));
#1755 = VECTOR('',#1756,1.);
#1756 = DIRECTION('',(0.,0.,1.));
#1757 = ORIENTED_EDGE('',*,*,#1016,.T.);
#1758 = ORIENTED_EDGE('',*,*,#1499,.T.);
#1759 = CYLINDRICAL_SURFACE('',#1760,3.);
#1760 = AXIS2_PLACEMENT_3D('',#1761,#1762,#1763);
#1761 = CARTESIAN_POINT('',(33.5,37.5,0.));
#1762 = DIRECTION('',(0.,0.,1.));
#1763 = DIRECTION('',(1.,0.,0.));
#1764 = ADVANCED_FACE('',(#1765),#1783,.T.);
#1765 = FACE_BOUND('',#1766,.T.);
#1766 = EDGE_LOOP('',(#1767,#1775,#1776,#1777));
#1767 = ORIENTED_EDGE('',*,*,#1768,.F.);
#1768 = EDGE_CURVE('',#1000,#1769,#1771,.T.);
#1769 = VERTEX_POINT('',#1770);
#1770 = CARTESIAN_POINT('',(36.5,6.5,10.));
#1771 = LINE('',#1772,#1773);
#1772 = CARTESIAN_POINT('',(36.5,6.5,0.));
#1773 = VECTOR('',#1774,1.);
#1774 = DIRECTION('',(0.,0.,1.));
#1775 = ORIENTED_EDGE('',*,*,#1008,.F.);
#1776 = ORIENTED_EDGE('',*,*,#1752,.T.);
#1777 = ORIENTED_EDGE('',*,*,#1778,.F.);
#1778 = EDGE_CURVE('',#1769,#1744,#1779,.T.);
#1779 = LINE('',#1780,#1781);
#1780 = CARTESIAN_POINT('',(36.5,6.5,10.));
#1781 = VECTOR('',#1782,1.);
#1782 = DIRECTION('',(0.,1.,0.));
#1783 = PLANE('',#1784);
#1784 = AXIS2_PLACEMENT_3D('',#1785,#1786,#1787);
#1785 = CARTESIAN_POINT('',(36.5,6.5,0.));
#1786 = DIRECTION('',(1.,0.,0.));
#1787 = DIRECTION('',(0.,0.,1.));
#1788 = ADVANCED_FACE('',(#1789),#1801,.T.);
#1789 = FACE_BOUND('',#1790,.T.);
#1790 = EDGE_LOOP('',(#1791,#1798,#1799,#1800));
#1791 = ORIENTED_EDGE('',*,*,#1792,.F.);
#1792 = EDGE_CURVE('',#805,#1769,#1793,.T.);
#1793 = CIRCLE('',#1794,3.);
#1794 = AXIS2_PLACEMENT_3D('',#1795,#1796,#1797);
#1795 = CARTESIAN_POINT('',(33.5,6.5,10.));
#1796 = DIRECTION('',(0.,0.,1.));
#1797 = DIRECTION('',(1.,0.,0.));
#1798 = ORIENTED_EDGE('',*,*,#804,.F.);
#1799 = ORIENTED_EDGE('',*,*,#999,.T.);
#1800 = ORIENTED_EDGE('',*,*,#1768,.T.);
#1801 = CYLINDRICAL_SURFACE('',#1802,3.);
#1802 = AXIS2_PLACEMENT_3D('',#1803,#1804,#1805);
#1803 = CARTESIAN_POINT('',(33.5,6.5,0.));
#1804 = DIRECTION('',(0.,0.,1.));
#1805 = DIRECTION('',(1.,0.,0.));
#1806 = ADVANCED_FACE('',(#1807),#1818,.F.);
#1807 = FACE_BOUND('',#1808,.F.);
#1808 = EDGE_LOOP('',(#1809,#1810,#1811,#1817));
#1809 = ORIENTED_EDGE('',*,*,#787,.F.);
#1810 = ORIENTED_EDGE('',*,*,#991,.T.);
#1811 = ORIENTED_EDGE('',*,*,#1812,.T.);
#1812 = EDGE_CURVE('',#984,#268,#1813,.T.);
#1813 = LINE('',#1814,#1815);
#1814 = CARTESIAN_POINT('',(40.2,8.,1.8));
#1815 = VECTOR('',#1816,1.);
#1816 = DIRECTION('',(0.,0.,1.));
#1817 = ORIENTED_EDGE('',*,*,#275,.F.);
#1818 = CYLINDRICAL_SURFACE('',#1819,6.2);
#1819 = AXIS2_PLACEMENT_3D('',#1820,#1821,#1822);
#1820 = CARTESIAN_POINT('',(34.,8.,1.8));
#1821 = DIRECTION('',(0.,0.,1.));
#1822 = DIRECTION('',(1.,0.,0.));
#1823 = ADVANCED_FACE('',(#1824),#1835,.F.);
#1824 = FACE_BOUND('',#1825,.F.);
#1825 = EDGE_LOOP('',(#1826,#1827,#1828,#1834));
#1826 = ORIENTED_EDGE('',*,*,#1812,.F.);
#1827 = ORIENTED_EDGE('',*,*,#983,.T.);
#1828 = ORIENTED_EDGE('',*,*,#1829,.T.);
#1829 = EDGE_CURVE('',#975,#259,#1830,.T.);
#1830 = LINE('',#1831,#1832);
#1831 = CARTESIAN_POINT('',(40.2,52.,1.8));
#1832 = VECTOR('',#1833,1.);
#1833 = DIRECTION('',(0.,0.,1.));
#1834 = ORIENTED_EDGE('',*,*,#267,.F.);
#1835 = PLANE('',#1836);
#1836 = AXIS2_PLACEMENT_3D('',#1837,#1838,#1839);
#1837 = CARTESIAN_POINT('',(40.2,8.,1.8));
#1838 = DIRECTION('',(1.,0.,0.));
#1839 = DIRECTION('',(0.,0.,1.));
#1840 = ADVANCED_FACE('',(#1841),#1852,.F.);
#1841 = FACE_BOUND('',#1842,.F.);
#1842 = EDGE_LOOP('',(#1843,#1844,#1845,#1846));
#1843 = ORIENTED_EDGE('',*,*,#258,.F.);
#1844 = ORIENTED_EDGE('',*,*,#1829,.F.);
#1845 = ORIENTED_EDGE('',*,*,#974,.T.);
#1846 = ORIENTED_EDGE('',*,*,#1847,.T.);
#1847 = EDGE_CURVE('',#966,#250,#1848,.T.);
#1848 = LINE('',#1849,#1850);
#1849 = CARTESIAN_POINT('',(39.818368842208,54.141631157792,1.8));
#1850 = VECTOR('',#1851,1.);
#1851 = DIRECTION('',(0.,0.,1.));
#1852 = CYLINDRICAL_SURFACE('',#1853,6.2);
#1853 = AXIS2_PLACEMENT_3D('',#1854,#1855,#1856);
#1854 = CARTESIAN_POINT('',(34.,52.,1.8));
#1855 = DIRECTION('',(0.,0.,1.));
#1856 = DIRECTION('',(1.,0.,0.));
#1857 = ADVANCED_FACE('',(#1858),#1864,.T.);
#1858 = FACE_BOUND('',#1859,.T.);
#1859 = EDGE_LOOP('',(#1860,#1861,#1862,#1863));
#1860 = ORIENTED_EDGE('',*,*,#1847,.T.);
#1861 = ORIENTED_EDGE('',*,*,#249,.F.);
#1862 = ORIENTED_EDGE('',*,*,#1614,.F.);
#1863 = ORIENTED_EDGE('',*,*,#965,.T.);
#1864 = CYLINDRICAL_SURFACE('',#1865,2.6);
#1865 = AXIS2_PLACEMENT_3D('',#1866,#1867,#1868);
#1866 = CARTESIAN_POINT('',(38.,56.,1.));
#1867 = DIRECTION('',(0.,0.,1.));
#1868 = DIRECTION('',(1.,0.,0.));
#1869 = ADVANCED_FACE('',(#1870),#1913,.T.);
#1870 = FACE_BOUND('',#1871,.T.);
#1871 = EDGE_LOOP('',(#1872,#1873,#1874,#1883,#1892,#1900,#1907,#1908,
    #1909,#1910,#1911,#1912));
#1872 = ORIENTED_EDGE('',*,*,#1711,.F.);
#1873 = ORIENTED_EDGE('',*,*,#1669,.T.);
#1874 = ORIENTED_EDGE('',*,*,#1875,.F.);
#1875 = EDGE_CURVE('',#1876,#1672,#1878,.T.);
#1876 = VERTEX_POINT('',#1877);
#1877 = CARTESIAN_POINT('',(6.593502664786,4.183695203385,10.));
#1878 = CIRCLE('',#1879,2.6);
#1879 = AXIS2_PLACEMENT_3D('',#1880,#1881,#1882);
#1880 = CARTESIAN_POINT('',(4.,4.,10.));
#1881 = DIRECTION('',(0.,0.,1.));
#1882 = DIRECTION('',(1.,0.,0.));
#1883 = ORIENTED_EDGE('',*,*,#1884,.T.);
#1884 = EDGE_CURVE('',#1876,#1885,#1887,.T.);
#1885 = VERTEX_POINT('',#1886);
#1886 = CARTESIAN_POINT('',(8.5,3.5,10.));
#1887 = CIRCLE('',#1888,3.);
#1888 = AXIS2_PLACEMENT_3D('',#1889,#1890,#1891);
#1889 = CARTESIAN_POINT('',(8.5,6.5,10.));
#1890 = DIRECTION('',(0.,0.,1.));
#1891 = DIRECTION('',(1.,0.,0.));
#1892 = ORIENTED_EDGE('',*,*,#1893,.T.);
#1893 = EDGE_CURVE('',#1885,#1894,#1896,.T.);
#1894 = VERTEX_POINT('',#1895);
#1895 = CARTESIAN_POINT('',(33.5,3.5,10.));
#1896 = LINE('',#1897,#1898);
#1897 = CARTESIAN_POINT('',(8.5,3.5,10.));
#1898 = VECTOR('',#1899,1.);
#1899 = DIRECTION('',(1.,0.,0.));
#1900 = ORIENTED_EDGE('',*,*,#1901,.T.);
#1901 = EDGE_CURVE('',#1894,#813,#1902,.T.);
#1902 = CIRCLE('',#1903,3.);
#1903 = AXIS2_PLACEMENT_3D('',#1904,#1905,#1906);
#1904 = CARTESIAN_POINT('',(33.5,6.5,10.));
#1905 = DIRECTION('',(0.,0.,1.));
#1906 = DIRECTION('',(1.,0.,0.));
#1907 = ORIENTED_EDGE('',*,*,#812,.F.);
#1908 = ORIENTED_EDGE('',*,*,#1792,.T.);
#1909 = ORIENTED_EDGE('',*,*,#1778,.T.);
#1910 = ORIENTED_EDGE('',*,*,#1743,.T.);
#1911 = ORIENTED_EDGE('',*,*,#1491,.F.);
#1912 = ORIENTED_EDGE('',*,*,#1725,.T.);
#1913 = PLANE('',#1914);
#1914 = AXIS2_PLACEMENT_3D('',#1915,#1916,#1917);
#1915 = CARTESIAN_POINT('',(21.,22.,10.));
#1916 = DIRECTION('',(0.,0.,1.));
#1917 = DIRECTION('',(1.,0.,0.));
#1918 = ADVANCED_FACE('',(#1919),#1935,.T.);
#1919 = FACE_BOUND('',#1920,.T.);
#1920 = EDGE_LOOP('',(#1921,#1922,#1928,#1929));
#1921 = ORIENTED_EDGE('',*,*,#1884,.F.);
#1922 = ORIENTED_EDGE('',*,*,#1923,.F.);
#1923 = EDGE_CURVE('',#746,#1876,#1924,.T.);
#1924 = LINE('',#1925,#1926);
#1925 = CARTESIAN_POINT('',(6.593502664786,4.183695203385,0.));
#1926 = VECTOR('',#1927,1.);
#1927 = DIRECTION('',(0.,0.,1.));
#1928 = ORIENTED_EDGE('',*,*,#754,.T.);
#1929 = ORIENTED_EDGE('',*,*,#1930,.T.);
#1930 = EDGE_CURVE('',#755,#1885,#1931,.T.);
#1931 = LINE('',#1932,#1933);
#1932 = CARTESIAN_POINT('',(8.5,3.5,0.));
#1933 = VECTOR('',#1934,1.);
#1934 = DIRECTION('',(0.,0.,1.));
#1935 = CYLINDRICAL_SURFACE('',#1936,3.);
#1936 = AXIS2_PLACEMENT_3D('',#1937,#1938,#1939);
#1937 = CARTESIAN_POINT('',(8.5,6.5,0.));
#1938 = DIRECTION('',(0.,0.,1.));
#1939 = DIRECTION('',(1.,0.,0.));
#1940 = ADVANCED_FACE('',(#1941),#1952,.T.);
#1941 = FACE_BOUND('',#1942,.T.);
#1942 = EDGE_LOOP('',(#1943,#1944,#1950,#1951));
#1943 = ORIENTED_EDGE('',*,*,#1901,.F.);
#1944 = ORIENTED_EDGE('',*,*,#1945,.F.);
#1945 = EDGE_CURVE('',#764,#1894,#1946,.T.);
#1946 = LINE('',#1947,#1948);
#1947 = CARTESIAN_POINT('',(33.5,3.5,0.));
#1948 = VECTOR('',#1949,1.);
#1949 = DIRECTION('',(0.,0.,1.));
#1950 = ORIENTED_EDGE('',*,*,#771,.T.);
#1951 = ORIENTED_EDGE('',*,*,#821,.T.);
#1952 = CYLINDRICAL_SURFACE('',#1953,3.);
#1953 = AXIS2_PLACEMENT_3D('',#1954,#1955,#1956);
#1954 = CARTESIAN_POINT('',(33.5,6.5,0.));
#1955 = DIRECTION('',(0.,0.,1.));
#1956 = DIRECTION('',(1.,0.,0.));
#1957 = ADVANCED_FACE('',(#1958),#1964,.F.);
#1958 = FACE_BOUND('',#1959,.F.);
#1959 = EDGE_LOOP('',(#1960,#1961,#1962,#1963));
#1960 = ORIENTED_EDGE('',*,*,#763,.F.);
#1961 = ORIENTED_EDGE('',*,*,#1930,.T.);
#1962 = ORIENTED_EDGE('',*,*,#1893,.T.);
#1963 = ORIENTED_EDGE('',*,*,#1945,.F.);
#1964 = PLANE('',#1965);
#1965 = AXIS2_PLACEMENT_3D('',#1966,#1967,#1968);
#1966 = CARTESIAN_POINT('',(8.5,3.5,0.));
#1967 = DIRECTION('',(0.,1.,0.));
#1968 = DIRECTION('',(0.,0.,1.));
#1969 = ADVANCED_FACE('',(#1970),#1989,.F.);
#1970 = FACE_BOUND('',#1971,.F.);
#1971 = EDGE_LOOP('',(#1972,#1980,#1987,#1988));
#1972 = ORIENTED_EDGE('',*,*,#1973,.T.);
#1973 = EDGE_CURVE('',#1466,#1974,#1976,.T.);
#1974 = VERTEX_POINT('',#1975);
#1975 = CARTESIAN_POINT('',(21.85,42.,7.));
#1976 = LINE('',#1977,#1978);
#1977 = CARTESIAN_POINT('',(21.85,42.,0.));
#1978 = VECTOR('',#1979,1.);
#1979 = DIRECTION('',(0.,0.,1.));
#1980 = ORIENTED_EDGE('',*,*,#1981,.F.);
#1981 = EDGE_CURVE('',#1974,#1974,#1982,.T.);
#1982 = CIRCLE('',#1983,0.85);
#1983 = AXIS2_PLACEMENT_3D('',#1984,#1985,#1986);
#1984 = CARTESIAN_POINT('',(21.,42.,7.));
#1985 = DIRECTION('',(0.,0.,1.));
#1986 = DIRECTION('',(1.,0.,0.));
#1987 = ORIENTED_EDGE('',*,*,#1973,.F.);
#1988 = ORIENTED_EDGE('',*,*,#1465,.T.);
#1989 = CYLINDRICAL_SURFACE('',#1990,0.85);
#1990 = AXIS2_PLACEMENT_3D('',#1991,#1992,#1993);
#1991 = CARTESIAN_POINT('',(21.,42.,0.));
#1992 = DIRECTION('',(0.,0.,1.));
#1993 = DIRECTION('',(1.,0.,0.));
#1994 = ADVANCED_FACE('',(#1995),#2001,.T.);
#1995 = FACE_BOUND('',#1996,.T.);
#1996 = EDGE_LOOP('',(#1997,#1998,#1999,#2000));
#1997 = ORIENTED_EDGE('',*,*,#1549,.F.);
#1998 = ORIENTED_EDGE('',*,*,#1516,.T.);
#1999 = ORIENTED_EDGE('',*,*,#1596,.T.);
#2000 = ORIENTED_EDGE('',*,*,#1568,.F.);
#2001 = PLANE('',#2002);
#2002 = AXIS2_PLACEMENT_3D('',#2003,#2004,#2005);
#2003 = CARTESIAN_POINT('',(17.,39.4,9.));
#2004 = DIRECTION('',(0.,0.,1.));
#2005 = DIRECTION('',(1.,0.,0.));
#2006 = ADVANCED_FACE('',(#2007),#2010,.F.);
#2007 = FACE_BOUND('',#2008,.F.);
#2008 = EDGE_LOOP('',(#2009));
#2009 = ORIENTED_EDGE('',*,*,#1981,.T.);
#2010 = PLANE('',#2011);
#2011 = AXIS2_PLACEMENT_3D('',#2012,#2013,#2014);
#2012 = CARTESIAN_POINT('',(21.,42.,7.));
#2013 = DIRECTION('',(0.,0.,1.));
#2014 = DIRECTION('',(1.,0.,0.));
#2015 = ADVANCED_FACE('',(#2016),#2041,.T.);
#2016 = FACE_BOUND('',#2017,.T.);
#2017 = EDGE_LOOP('',(#2018,#2026,#2034,#2040));
#2018 = ORIENTED_EDGE('',*,*,#2019,.F.);
#2019 = EDGE_CURVE('',#2020,#116,#2022,.T.);
#2020 = VERTEX_POINT('',#2021);
#2021 = CARTESIAN_POINT('',(42.,8.,0.));
#2022 = LINE('',#2023,#2024);
#2023 = CARTESIAN_POINT('',(42.,8.,0.));
#2024 = VECTOR('',#2025,1.);
#2025 = DIRECTION('',(0.,0.,1.));
#2026 = ORIENTED_EDGE('',*,*,#2027,.T.);
#2027 = EDGE_CURVE('',#2020,#2028,#2030,.T.);
#2028 = VERTEX_POINT('',#2029);
#2029 = CARTESIAN_POINT('',(42.,52.,0.));
#2030 = LINE('',#2031,#2032);
#2031 = CARTESIAN_POINT('',(42.,8.,0.));
#2032 = VECTOR('',#2033,1.);
#2033 = DIRECTION('',(0.,1.,0.));
#2034 = ORIENTED_EDGE('',*,*,#2035,.T.);
#2035 = EDGE_CURVE('',#2028,#125,#2036,.T.);
#2036 = LINE('',#2037,#2038);
#2037 = CARTESIAN_POINT('',(42.,52.,0.));
#2038 = VECTOR('',#2039,1.);
#2039 = DIRECTION('',(0.,0.,1.));
#2040 = ORIENTED_EDGE('',*,*,#124,.F.);
#2041 = PLANE('',#2042);
#2042 = AXIS2_PLACEMENT_3D('',#2043,#2044,#2045);
#2043 = CARTESIAN_POINT('',(42.,8.,0.));
#2044 = DIRECTION('',(1.,0.,0.));
#2045 = DIRECTION('',(0.,0.,1.));
#2046 = ADVANCED_FACE('',(#2047),#2072,.T.);
#2047 = FACE_BOUND('',#2048,.T.);
#2048 = EDGE_LOOP('',(#2049,#2059,#2065,#2066));
#2049 = ORIENTED_EDGE('',*,*,#2050,.F.);
#2050 = EDGE_CURVE('',#2051,#2053,#2055,.T.);
#2051 = VERTEX_POINT('',#2052);
#2052 = CARTESIAN_POINT('',(8.,60.,0.));
#2053 = VERTEX_POINT('',#2054);
#2054 = CARTESIAN_POINT('',(34.,60.,0.));
#2055 = LINE('',#2056,#2057);
#2056 = CARTESIAN_POINT('',(8.,60.,0.));
#2057 = VECTOR('',#2058,1.);
#2058 = DIRECTION('',(1.,0.,0.));
#2059 = ORIENTED_EDGE('',*,*,#2060,.T.);
#2060 = EDGE_CURVE('',#2051,#160,#2061,.T.);
#2061 = LINE('',#2062,#2063);
#2062 = CARTESIAN_POINT('',(8.,60.,0.));
#2063 = VECTOR('',#2064,1.);
#2064 = DIRECTION('',(0.,0.,1.));
#2065 = ORIENTED_EDGE('',*,*,#159,.T.);
#2066 = ORIENTED_EDGE('',*,*,#2067,.F.);
#2067 = EDGE_CURVE('',#2053,#151,#2068,.T.);
#2068 = LINE('',#2069,#2070);
#2069 = CARTESIAN_POINT('',(34.,60.,0.));
#2070 = VECTOR('',#2071,1.);
#2071 = DIRECTION('',(0.,0.,1.));
#2072 = PLANE('',#2073);
#2073 = AXIS2_PLACEMENT_3D('',#2074,#2075,#2076);
#2074 = CARTESIAN_POINT('',(8.,60.,0.));
#2075 = DIRECTION('',(0.,1.,0.));
#2076 = DIRECTION('',(0.,0.,1.));
#2077 = ADVANCED_FACE('',(#2078),#2099,.F.);
#2078 = FACE_BOUND('',#2079,.F.);
#2079 = EDGE_LOOP('',(#2080,#2081,#2089,#2096,#2097,#2098));
#2080 = ORIENTED_EDGE('',*,*,#374,.F.);
#2081 = ORIENTED_EDGE('',*,*,#2082,.F.);
#2082 = EDGE_CURVE('',#2083,#357,#2085,.T.);
#2083 = VERTEX_POINT('',#2084);
#2084 = CARTESIAN_POINT('',(38.85,56.,5.));
#2085 = LINE('',#2086,#2087);
#2086 = CARTESIAN_POINT('',(38.85,56.,5.));
#2087 = VECTOR('',#2088,1.);
#2088 = DIRECTION('',(0.,0.,1.));
#2089 = ORIENTED_EDGE('',*,*,#2090,.T.);
#2090 = EDGE_CURVE('',#2083,#2083,#2091,.T.);
#2091 = CIRCLE('',#2092,0.85);
#2092 = AXIS2_PLACEMENT_3D('',#2093,#2094,#2095);
#2093 = CARTESIAN_POINT('',(38.,56.,5.));
#2094 = DIRECTION('',(0.,0.,1.));
#2095 = DIRECTION('',(1.,0.,0.));
#2096 = ORIENTED_EDGE('',*,*,#2082,.T.);
#2097 = ORIENTED_EDGE('',*,*,#354,.F.);
#2098 = ORIENTED_EDGE('',*,*,#365,.F.);
#2099 = CYLINDRICAL_SURFACE('',#2100,0.85);
#2100 = AXIS2_PLACEMENT_3D('',#2101,#2102,#2103);
#2101 = CARTESIAN_POINT('',(38.,56.,5.));
#2102 = DIRECTION('',(0.,0.,1.));
#2103 = DIRECTION('',(1.,0.,0.));
#2104 = ADVANCED_FACE('',(#2105),#2108,.T.);
#2105 = FACE_BOUND('',#2106,.F.);
#2106 = EDGE_LOOP('',(#2107));
#2107 = ORIENTED_EDGE('',*,*,#2090,.F.);
#2108 = PLANE('',#2109);
#2109 = AXIS2_PLACEMENT_3D('',#2110,#2111,#2112);
#2110 = CARTESIAN_POINT('',(38.,56.,5.));
#2111 = DIRECTION('',(0.,0.,1.));
#2112 = DIRECTION('',(1.,0.,0.));
#2113 = ADVANCED_FACE('',(#2114),#2135,.F.);
#2114 = FACE_BOUND('',#2115,.F.);
#2115 = EDGE_LOOP('',(#2116,#2117,#2125,#2132,#2133,#2134));
#2116 = ORIENTED_EDGE('',*,*,#394,.F.);
#2117 = ORIENTED_EDGE('',*,*,#2118,.F.);
#2118 = EDGE_CURVE('',#2119,#395,#2121,.T.);
#2119 = VERTEX_POINT('',#2120);
#2120 = CARTESIAN_POINT('',(4.85,56.,5.));
#2121 = LINE('',#2122,#2123);
#2122 = CARTESIAN_POINT('',(4.85,56.,5.));
#2123 = VECTOR('',#2124,1.);
#2124 = DIRECTION('',(0.,0.,1.));
#2125 = ORIENTED_EDGE('',*,*,#2126,.T.);
#2126 = EDGE_CURVE('',#2119,#2119,#2127,.T.);
#2127 = CIRCLE('',#2128,0.85);
#2128 = AXIS2_PLACEMENT_3D('',#2129,#2130,#2131);
#2129 = CARTESIAN_POINT('',(4.,56.,5.));
#2130 = DIRECTION('',(0.,0.,1.));
#2131 = DIRECTION('',(1.,0.,0.));
#2132 = ORIENTED_EDGE('',*,*,#2118,.T.);
#2133 = ORIENTED_EDGE('',*,*,#403,.F.);
#2134 = ORIENTED_EDGE('',*,*,#383,.F.);
#2135 = CYLINDRICAL_SURFACE('',#2136,0.85);
#2136 = AXIS2_PLACEMENT_3D('',#2137,#2138,#2139);
#2137 = CARTESIAN_POINT('',(4.,56.,5.));
#2138 = DIRECTION('',(0.,0.,1.));
#2139 = DIRECTION('',(1.,0.,0.));
#2140 = ADVANCED_FACE('',(#2141),#2144,.T.);
#2141 = FACE_BOUND('',#2142,.F.);
#2142 = EDGE_LOOP('',(#2143));
#2143 = ORIENTED_EDGE('',*,*,#2126,.F.);
#2144 = PLANE('',#2145);
#2145 = AXIS2_PLACEMENT_3D('',#2146,#2147,#2148);
#2146 = CARTESIAN_POINT('',(4.,56.,5.));
#2147 = DIRECTION('',(0.,0.,1.));
#2148 = DIRECTION('',(1.,0.,0.));
#2149 = ADVANCED_FACE('',(#2150),#2171,.F.);
#2150 = FACE_BOUND('',#2151,.F.);
#2151 = EDGE_LOOP('',(#2152,#2153,#2161,#2168,#2169,#2170));
#2152 = ORIENTED_EDGE('',*,*,#432,.F.);
#2153 = ORIENTED_EDGE('',*,*,#2154,.F.);
#2154 = EDGE_CURVE('',#2155,#415,#2157,.T.);
#2155 = VERTEX_POINT('',#2156);
#2156 = CARTESIAN_POINT('',(38.85,4.,5.));
#2157 = LINE('',#2158,#2159);
#2158 = CARTESIAN_POINT('',(38.85,4.,5.));
#2159 = VECTOR('',#2160,1.);
#2160 = DIRECTION('',(0.,0.,1.));
#2161 = ORIENTED_EDGE('',*,*,#2162,.T.);
#2162 = EDGE_CURVE('',#2155,#2155,#2163,.T.);
#2163 = CIRCLE('',#2164,0.85);
#2164 = AXIS2_PLACEMENT_3D('',#2165,#2166,#2167);
#2165 = CARTESIAN_POINT('',(38.,4.,5.));
#2166 = DIRECTION('',(0.,0.,1.));
#2167 = DIRECTION('',(1.,0.,0.));
#2168 = ORIENTED_EDGE('',*,*,#2154,.T.);
#2169 = ORIENTED_EDGE('',*,*,#412,.F.);
#2170 = ORIENTED_EDGE('',*,*,#423,.F.);
#2171 = CYLINDRICAL_SURFACE('',#2172,0.85);
#2172 = AXIS2_PLACEMENT_3D('',#2173,#2174,#2175);
#2173 = CARTESIAN_POINT('',(38.,4.,5.));
#2174 = DIRECTION('',(0.,0.,1.));
#2175 = DIRECTION('',(1.,0.,0.));
#2176 = ADVANCED_FACE('',(#2177),#2180,.T.);
#2177 = FACE_BOUND('',#2178,.F.);
#2178 = EDGE_LOOP('',(#2179));
#2179 = ORIENTED_EDGE('',*,*,#2162,.F.);
#2180 = PLANE('',#2181);
#2181 = AXIS2_PLACEMENT_3D('',#2182,#2183,#2184);
#2182 = CARTESIAN_POINT('',(38.,4.,5.));
#2183 = DIRECTION('',(0.,0.,1.));
#2184 = DIRECTION('',(1.,0.,0.));
#2185 = ADVANCED_FACE('',(#2186),#2207,.F.);
#2186 = FACE_BOUND('',#2187,.F.);
#2187 = EDGE_LOOP('',(#2188,#2189,#2197,#2204,#2205,#2206));
#2188 = ORIENTED_EDGE('',*,*,#452,.F.);
#2189 = ORIENTED_EDGE('',*,*,#2190,.F.);
#2190 = EDGE_CURVE('',#2191,#453,#2193,.T.);
#2191 = VERTEX_POINT('',#2192);
#2192 = CARTESIAN_POINT('',(4.85,4.,5.));
#2193 = LINE('',#2194,#2195);
#2194 = CARTESIAN_POINT('',(4.85,4.,5.));
#2195 = VECTOR('',#2196,1.);
#2196 = DIRECTION('',(0.,0.,1.));
#2197 = ORIENTED_EDGE('',*,*,#2198,.T.);
#2198 = EDGE_CURVE('',#2191,#2191,#2199,.T.);
#2199 = CIRCLE('',#2200,0.85);
#2200 = AXIS2_PLACEMENT_3D('',#2201,#2202,#2203);
#2201 = CARTESIAN_POINT('',(4.,4.,5.));
#2202 = DIRECTION('',(0.,0.,1.));
#2203 = DIRECTION('',(1.,0.,0.));
#2204 = ORIENTED_EDGE('',*,*,#2190,.T.);
#2205 = ORIENTED_EDGE('',*,*,#461,.F.);
#2206 = ORIENTED_EDGE('',*,*,#441,.F.);
#2207 = CYLINDRICAL_SURFACE('',#2208,0.85);
#2208 = AXIS2_PLACEMENT_3D('',#2209,#2210,#2211);
#2209 = CARTESIAN_POINT('',(4.,4.,5.));
#2210 = DIRECTION('',(0.,0.,1.));
#2211 = DIRECTION('',(1.,0.,0.));
#2212 = ADVANCED_FACE('',(#2213),#2216,.T.);
#2213 = FACE_BOUND('',#2214,.F.);
#2214 = EDGE_LOOP('',(#2215));
#2215 = ORIENTED_EDGE('',*,*,#2198,.F.);
#2216 = PLANE('',#2217);
#2217 = AXIS2_PLACEMENT_3D('',#2218,#2219,#2220);
#2218 = CARTESIAN_POINT('',(4.,4.,5.));
#2219 = DIRECTION('',(0.,0.,1.));
#2220 = DIRECTION('',(1.,0.,0.));
#2221 = ADVANCED_FACE('',(#2222,#2256),#2341,.T.);
#2222 = FACE_BOUND('',#2223,.T.);
#2223 = EDGE_LOOP('',(#2224,#2231,#2232,#2239,#2240,#2247,#2248,#2255));
#2224 = ORIENTED_EDGE('',*,*,#2225,.F.);
#2225 = EDGE_CURVE('',#22,#623,#2226,.T.);
#2226 = CIRCLE('',#2227,8.);
#2227 = AXIS2_PLACEMENT_3D('',#2228,#2229,#2230);
#2228 = CARTESIAN_POINT('',(8.,8.,0.));
#2229 = DIRECTION('',(0.,0.,1.));
#2230 = DIRECTION('',(1.,0.,0.));
#2231 = ORIENTED_EDGE('',*,*,#31,.T.);
#2232 = ORIENTED_EDGE('',*,*,#2233,.F.);
#2233 = EDGE_CURVE('',#2051,#32,#2234,.T.);
#2234 = CIRCLE('',#2235,8.);
#2235 = AXIS2_PLACEMENT_3D('',#2236,#2237,#2238);
#2236 = CARTESIAN_POINT('',(8.,52.,0.));
#2237 = DIRECTION('',(0.,0.,1.));
#2238 = DIRECTION('',(1.,0.,0.));
#2239 = ORIENTED_EDGE('',*,*,#2050,.T.);
#2240 = ORIENTED_EDGE('',*,*,#2241,.F.);
#2241 = EDGE_CURVE('',#2028,#2053,#2242,.T.);
#2242 = CIRCLE('',#2243,8.);
#2243 = AXIS2_PLACEMENT_3D('',#2244,#2245,#2246);
#2244 = CARTESIAN_POINT('',(34.,52.,0.));
#2245 = DIRECTION('',(0.,0.,1.));
#2246 = DIRECTION('',(1.,0.,0.));
#2247 = ORIENTED_EDGE('',*,*,#2027,.F.);
#2248 = ORIENTED_EDGE('',*,*,#2249,.F.);
#2249 = EDGE_CURVE('',#625,#2020,#2250,.T.);
#2250 = CIRCLE('',#2251,8.);
#2251 = AXIS2_PLACEMENT_3D('',#2252,#2253,#2254);
#2252 = CARTESIAN_POINT('',(34.,8.,0.));
#2253 = DIRECTION('',(0.,0.,1.));
#2254 = DIRECTION('',(1.,0.,0.));
#2255 = ORIENTED_EDGE('',*,*,#622,.F.);
#2256 = FACE_BOUND('',#2257,.T.);
#2257 = EDGE_LOOP('',(#2258,#2259,#2267,#2276,#2284,#2293,#2301,#2310,
    #2318,#2327,#2333,#2334,#2335,#2336,#2337,#2338,#2339,#2340));
#2258 = ORIENTED_EDGE('',*,*,#1192,.T.);
#2259 = ORIENTED_EDGE('',*,*,#2260,.F.);
#2260 = EDGE_CURVE('',#2261,#1185,#2263,.T.);
#2261 = VERTEX_POINT('',#2262);
#2262 = CARTESIAN_POINT('',(8.6,39.4,0.));
#2263 = LINE('',#2264,#2265);
#2264 = CARTESIAN_POINT('',(14.8,39.4,0.));
#2265 = VECTOR('',#2266,1.);
#2266 = DIRECTION('',(1.,0.,0.));
#2267 = ORIENTED_EDGE('',*,*,#2268,.T.);
#2268 = EDGE_CURVE('',#2261,#2269,#2271,.T.);
#2269 = VERTEX_POINT('',#2270);
#2270 = CARTESIAN_POINT('',(6.6,37.4,0.));
#2271 = CIRCLE('',#2272,2.);
#2272 = AXIS2_PLACEMENT_3D('',#2273,#2274,#2275);
#2273 = CARTESIAN_POINT('',(8.6,37.4,0.));
#2274 = DIRECTION('',(0.,0.,1.));
#2275 = DIRECTION('',(1.,0.,0.));
#2276 = ORIENTED_EDGE('',*,*,#2277,.T.);
#2277 = EDGE_CURVE('',#2269,#2278,#2280,.T.);
#2278 = VERTEX_POINT('',#2279);
#2279 = CARTESIAN_POINT('',(6.6,6.6,0.));
#2280 = LINE('',#2281,#2282);
#2281 = CARTESIAN_POINT('',(6.6,14.3,0.));
#2282 = VECTOR('',#2283,1.);
#2283 = DIRECTION('',(0.,-1.,0.));
#2284 = ORIENTED_EDGE('',*,*,#2285,.T.);
#2285 = EDGE_CURVE('',#2278,#2286,#2288,.T.);
#2286 = VERTEX_POINT('',#2287);
#2287 = CARTESIAN_POINT('',(8.6,4.6,0.));
#2288 = CIRCLE('',#2289,2.);
#2289 = AXIS2_PLACEMENT_3D('',#2290,#2291,#2292);
#2290 = CARTESIAN_POINT('',(8.6,6.6,0.));
#2291 = DIRECTION('',(0.,0.,1.));
#2292 = DIRECTION('',(1.,0.,0.));
#2293 = ORIENTED_EDGE('',*,*,#2294,.T.);
#2294 = EDGE_CURVE('',#2286,#2295,#2297,.T.);
#2295 = VERTEX_POINT('',#2296);
#2296 = CARTESIAN_POINT('',(33.4,4.6,0.));
#2297 = LINE('',#2298,#2299);
#2298 = CARTESIAN_POINT('',(14.8,4.6,0.));
#2299 = VECTOR('',#2300,1.);
#2300 = DIRECTION('',(1.,0.,0.));
#2301 = ORIENTED_EDGE('',*,*,#2302,.T.);
#2302 = EDGE_CURVE('',#2295,#2303,#2305,.T.);
#2303 = VERTEX_POINT('',#2304);
#2304 = CARTESIAN_POINT('',(35.4,6.6,0.));
#2305 = CIRCLE('',#2306,2.);
#2306 = AXIS2_PLACEMENT_3D('',#2307,#2308,#2309);
#2307 = CARTESIAN_POINT('',(33.4,6.6,0.));
#2308 = DIRECTION('',(0.,0.,1.));
#2309 = DIRECTION('',(1.,0.,0.));
#2310 = ORIENTED_EDGE('',*,*,#2311,.F.);
#2311 = EDGE_CURVE('',#2312,#2303,#2314,.T.);
#2312 = VERTEX_POINT('',#2313);
#2313 = CARTESIAN_POINT('',(35.4,37.4,0.));
#2314 = LINE('',#2315,#2316);
#2315 = CARTESIAN_POINT('',(35.4,14.3,0.));
#2316 = VECTOR('',#2317,1.);
#2317 = DIRECTION('',(0.,-1.,0.));
#2318 = ORIENTED_EDGE('',*,*,#2319,.T.);
#2319 = EDGE_CURVE('',#2312,#2320,#2322,.T.);
#2320 = VERTEX_POINT('',#2321);
#2321 = CARTESIAN_POINT('',(33.4,39.4,0.));
#2322 = CIRCLE('',#2323,2.);
#2323 = AXIS2_PLACEMENT_3D('',#2324,#2325,#2326);
#2324 = CARTESIAN_POINT('',(33.4,37.4,0.));
#2325 = DIRECTION('',(0.,0.,1.));
#2326 = DIRECTION('',(1.,0.,0.));
#2327 = ORIENTED_EDGE('',*,*,#2328,.F.);
#2328 = EDGE_CURVE('',#1390,#2320,#2329,.T.);
#2329 = LINE('',#2330,#2331);
#2330 = CARTESIAN_POINT('',(14.8,39.4,0.));
#2331 = VECTOR('',#2332,1.);
#2332 = DIRECTION('',(1.,0.,0.));
#2333 = ORIENTED_EDGE('',*,*,#1397,.F.);
#2334 = ORIENTED_EDGE('',*,*,#1338,.T.);
#2335 = ORIENTED_EDGE('',*,*,#1347,.T.);
#2336 = ORIENTED_EDGE('',*,*,#1356,.T.);
#2337 = ORIENTED_EDGE('',*,*,#1288,.F.);
#2338 = ORIENTED_EDGE('',*,*,#1247,.T.);
#2339 = ORIENTED_EDGE('',*,*,#1256,.T.);
#2340 = ORIENTED_EDGE('',*,*,#1265,.T.);
#2341 = PLANE('',#2342);
#2342 = AXIS2_PLACEMENT_3D('',#2343,#2344,#2345);
#2343 = CARTESIAN_POINT('',(21.,30.,0.));
#2344 = DIRECTION('',(-0.,-0.,-1.));
#2345 = DIRECTION('',(-1.,0.,0.));
#2346 = ADVANCED_FACE('',(#2347),#2376,.T.);
#2347 = FACE_BOUND('',#2348,.T.);
#2348 = EDGE_LOOP('',(#2349,#2350,#2358,#2366,#2372,#2373,#2374,#2375));
#2349 = ORIENTED_EDGE('',*,*,#2328,.T.);
#2350 = ORIENTED_EDGE('',*,*,#2351,.T.);
#2351 = EDGE_CURVE('',#2320,#2352,#2354,.T.);
#2352 = VERTEX_POINT('',#2353);
#2353 = CARTESIAN_POINT('',(33.4,39.4,9.6));
#2354 = LINE('',#2355,#2356);
#2355 = CARTESIAN_POINT('',(33.4,39.4,-0.5));
#2356 = VECTOR('',#2357,1.);
#2357 = DIRECTION('',(0.,0.,1.));
#2358 = ORIENTED_EDGE('',*,*,#2359,.F.);
#2359 = EDGE_CURVE('',#2360,#2352,#2362,.T.);
#2360 = VERTEX_POINT('',#2361);
#2361 = CARTESIAN_POINT('',(8.6,39.4,9.6));
#2362 = LINE('',#2363,#2364);
#2363 = CARTESIAN_POINT('',(8.6,39.4,9.6));
#2364 = VECTOR('',#2365,1.);
#2365 = DIRECTION('',(1.,0.,0.));
#2366 = ORIENTED_EDGE('',*,*,#2367,.F.);
#2367 = EDGE_CURVE('',#2261,#2360,#2368,.T.);
#2368 = LINE('',#2369,#2370);
#2369 = CARTESIAN_POINT('',(8.6,39.4,-0.5));
#2370 = VECTOR('',#2371,1.);
#2371 = DIRECTION('',(0.,0.,1.));
#2372 = ORIENTED_EDGE('',*,*,#2260,.T.);
#2373 = ORIENTED_EDGE('',*,*,#1184,.F.);
#2374 = ORIENTED_EDGE('',*,*,#1420,.T.);
#2375 = ORIENTED_EDGE('',*,*,#1389,.T.);
#2376 = PLANE('',#2377);
#2377 = AXIS2_PLACEMENT_3D('',#2378,#2379,#2380);
#2378 = CARTESIAN_POINT('',(21.,39.4,4.828787878788));
#2379 = DIRECTION('',(-0.,-1.,-0.));
#2380 = DIRECTION('',(0.,0.,-1.));
#2381 = ADVANCED_FACE('',(#2382),#2443,.F.);
#2382 = FACE_BOUND('',#2383,.F.);
#2383 = EDGE_LOOP('',(#2384,#2395,#2403,#2412,#2420,#2427,#2428,#2437));
#2384 = ORIENTED_EDGE('',*,*,#2385,.T.);
#2385 = EDGE_CURVE('',#2386,#2388,#2390,.T.);
#2386 = VERTEX_POINT('',#2387);
#2387 = CARTESIAN_POINT('',(6.6,6.6,9.6));
#2388 = VERTEX_POINT('',#2389);
#2389 = CARTESIAN_POINT('',(8.6,4.6,9.6));
#2390 = CIRCLE('',#2391,2.);
#2391 = AXIS2_PLACEMENT_3D('',#2392,#2393,#2394);
#2392 = CARTESIAN_POINT('',(8.6,6.6,9.6));
#2393 = DIRECTION('',(0.,0.,1.));
#2394 = DIRECTION('',(1.,0.,0.));
#2395 = ORIENTED_EDGE('',*,*,#2396,.T.);
#2396 = EDGE_CURVE('',#2388,#2397,#2399,.T.);
#2397 = VERTEX_POINT('',#2398);
#2398 = CARTESIAN_POINT('',(33.4,4.6,9.6));
#2399 = LINE('',#2400,#2401);
#2400 = CARTESIAN_POINT('',(8.6,4.6,9.6));
#2401 = VECTOR('',#2402,1.);
#2402 = DIRECTION('',(1.,0.,0.));
#2403 = ORIENTED_EDGE('',*,*,#2404,.T.);
#2404 = EDGE_CURVE('',#2397,#2405,#2407,.T.);
#2405 = VERTEX_POINT('',#2406);
#2406 = CARTESIAN_POINT('',(35.4,6.6,9.6));
#2407 = CIRCLE('',#2408,2.);
#2408 = AXIS2_PLACEMENT_3D('',#2409,#2410,#2411);
#2409 = CARTESIAN_POINT('',(33.4,6.6,9.6));
#2410 = DIRECTION('',(0.,0.,1.));
#2411 = DIRECTION('',(1.,0.,0.));
#2412 = ORIENTED_EDGE('',*,*,#2413,.T.);
#2413 = EDGE_CURVE('',#2405,#2414,#2416,.T.);
#2414 = VERTEX_POINT('',#2415);
#2415 = CARTESIAN_POINT('',(35.4,37.4,9.6));
#2416 = LINE('',#2417,#2418);
#2417 = CARTESIAN_POINT('',(35.4,6.6,9.6));
#2418 = VECTOR('',#2419,1.);
#2419 = DIRECTION('',(0.,1.,0.));
#2420 = ORIENTED_EDGE('',*,*,#2421,.T.);
#2421 = EDGE_CURVE('',#2414,#2352,#2422,.T.);
#2422 = CIRCLE('',#2423,2.);
#2423 = AXIS2_PLACEMENT_3D('',#2424,#2425,#2426);
#2424 = CARTESIAN_POINT('',(33.4,37.4,9.6));
#2425 = DIRECTION('',(0.,0.,1.));
#2426 = DIRECTION('',(1.,0.,0.));
#2427 = ORIENTED_EDGE('',*,*,#2359,.F.);
#2428 = ORIENTED_EDGE('',*,*,#2429,.T.);
#2429 = EDGE_CURVE('',#2360,#2430,#2432,.T.);
#2430 = VERTEX_POINT('',#2431);
#2431 = CARTESIAN_POINT('',(6.6,37.4,9.6));
#2432 = CIRCLE('',#2433,2.);
#2433 = AXIS2_PLACEMENT_3D('',#2434,#2435,#2436);
#2434 = CARTESIAN_POINT('',(8.6,37.4,9.6));
#2435 = DIRECTION('',(0.,0.,1.));
#2436 = DIRECTION('',(1.,0.,0.));
#2437 = ORIENTED_EDGE('',*,*,#2438,.F.);
#2438 = EDGE_CURVE('',#2386,#2430,#2439,.T.);
#2439 = LINE('',#2440,#2441);
#2440 = CARTESIAN_POINT('',(6.6,6.6,9.6));
#2441 = VECTOR('',#2442,1.);
#2442 = DIRECTION('',(0.,1.,0.));
#2443 = PLANE('',#2444);
#2444 = AXIS2_PLACEMENT_3D('',#2445,#2446,#2447);
#2445 = CARTESIAN_POINT('',(21.,22.,9.6));
#2446 = DIRECTION('',(0.,0.,1.));
#2447 = DIRECTION('',(1.,0.,0.));
#2448 = ADVANCED_FACE('',(#2449),#2465,.T.);
#2449 = FACE_BOUND('',#2450,.T.);
#2450 = EDGE_LOOP('',(#2451,#2457,#2458,#2464));
#2451 = ORIENTED_EDGE('',*,*,#2452,.T.);
#2452 = EDGE_CURVE('',#2303,#2405,#2453,.T.);
#2453 = LINE('',#2454,#2455);
#2454 = CARTESIAN_POINT('',(35.4,6.6,-0.5));
#2455 = VECTOR('',#2456,1.);
#2456 = DIRECTION('',(0.,0.,1.));
#2457 = ORIENTED_EDGE('',*,*,#2413,.T.);
#2458 = ORIENTED_EDGE('',*,*,#2459,.F.);
#2459 = EDGE_CURVE('',#2312,#2414,#2460,.T.);
#2460 = LINE('',#2461,#2462);
#2461 = CARTESIAN_POINT('',(35.4,37.4,-0.5));
#2462 = VECTOR('',#2463,1.);
#2463 = DIRECTION('',(0.,0.,1.));
#2464 = ORIENTED_EDGE('',*,*,#2311,.T.);
#2465 = PLANE('',#2466);
#2466 = AXIS2_PLACEMENT_3D('',#2467,#2468,#2469);
#2467 = CARTESIAN_POINT('',(35.4,22.,4.8));
#2468 = DIRECTION('',(-1.,-0.,-0.));
#2469 = DIRECTION('',(0.,0.,-1.));
#2470 = ADVANCED_FACE('',(#2471),#2487,.T.);
#2471 = FACE_BOUND('',#2472,.T.);
#2472 = EDGE_LOOP('',(#2473,#2474,#2480,#2481));
#2473 = ORIENTED_EDGE('',*,*,#2294,.F.);
#2474 = ORIENTED_EDGE('',*,*,#2475,.T.);
#2475 = EDGE_CURVE('',#2286,#2388,#2476,.T.);
#2476 = LINE('',#2477,#2478);
#2477 = CARTESIAN_POINT('',(8.6,4.6,-0.5));
#2478 = VECTOR('',#2479,1.);
#2479 = DIRECTION('',(0.,0.,1.));
#2480 = ORIENTED_EDGE('',*,*,#2396,.T.);
#2481 = ORIENTED_EDGE('',*,*,#2482,.F.);
#2482 = EDGE_CURVE('',#2295,#2397,#2483,.T.);
#2483 = LINE('',#2484,#2485);
#2484 = CARTESIAN_POINT('',(33.4,4.6,-0.5));
#2485 = VECTOR('',#2486,1.);
#2486 = DIRECTION('',(0.,0.,1.));
#2487 = PLANE('',#2488);
#2488 = AXIS2_PLACEMENT_3D('',#2489,#2490,#2491);
#2489 = CARTESIAN_POINT('',(21.,4.6,4.8));
#2490 = DIRECTION('',(0.,1.,0.));
#2491 = DIRECTION('',(0.,0.,1.));
#2492 = ADVANCED_FACE('',(#2493),#2509,.T.);
#2493 = FACE_BOUND('',#2494,.T.);
#2494 = EDGE_LOOP('',(#2495,#2496,#2502,#2503));
#2495 = ORIENTED_EDGE('',*,*,#2277,.F.);
#2496 = ORIENTED_EDGE('',*,*,#2497,.T.);
#2497 = EDGE_CURVE('',#2269,#2430,#2498,.T.);
#2498 = LINE('',#2499,#2500);
#2499 = CARTESIAN_POINT('',(6.6,37.4,-0.5));
#2500 = VECTOR('',#2501,1.);
#2501 = DIRECTION('',(0.,0.,1.));
#2502 = ORIENTED_EDGE('',*,*,#2438,.F.);
#2503 = ORIENTED_EDGE('',*,*,#2504,.F.);
#2504 = EDGE_CURVE('',#2278,#2386,#2505,.T.);
#2505 = LINE('',#2506,#2507);
#2506 = CARTESIAN_POINT('',(6.6,6.6,-0.5));
#2507 = VECTOR('',#2508,1.);
#2508 = DIRECTION('',(0.,0.,1.));
#2509 = PLANE('',#2510);
#2510 = AXIS2_PLACEMENT_3D('',#2511,#2512,#2513);
#2511 = CARTESIAN_POINT('',(6.6,22.,4.8));
#2512 = DIRECTION('',(1.,0.,0.));
#2513 = DIRECTION('',(0.,0.,1.));
#2514 = ADVANCED_FACE('',(#2515),#2523,.T.);
#2515 = FACE_BOUND('',#2516,.T.);
#2516 = EDGE_LOOP('',(#2517,#2518,#2519,#2520,#2521,#2522));
#2517 = ORIENTED_EDGE('',*,*,#71,.F.);
#2518 = ORIENTED_EDGE('',*,*,#62,.F.);
#2519 = ORIENTED_EDGE('',*,*,#21,.F.);
#2520 = ORIENTED_EDGE('',*,*,#2225,.T.);
#2521 = ORIENTED_EDGE('',*,*,#632,.T.);
#2522 = ORIENTED_EDGE('',*,*,#80,.F.);
#2523 = CYLINDRICAL_SURFACE('',#2524,8.);
#2524 = AXIS2_PLACEMENT_3D('',#2525,#2526,#2527);
#2525 = CARTESIAN_POINT('',(8.,8.,0.));
#2526 = DIRECTION('',(0.,0.,1.));
#2527 = DIRECTION('',(1.,0.,0.));
#2528 = ADVANCED_FACE('',(#2529),#2537,.T.);
#2529 = FACE_BOUND('',#2530,.T.);
#2530 = EDGE_LOOP('',(#2531,#2532,#2533,#2534,#2535,#2536));
#2531 = ORIENTED_EDGE('',*,*,#176,.F.);
#2532 = ORIENTED_EDGE('',*,*,#167,.F.);
#2533 = ORIENTED_EDGE('',*,*,#2060,.F.);
#2534 = ORIENTED_EDGE('',*,*,#2233,.T.);
#2535 = ORIENTED_EDGE('',*,*,#39,.T.);
#2536 = ORIENTED_EDGE('',*,*,#185,.F.);
#2537 = CYLINDRICAL_SURFACE('',#2538,8.);
#2538 = AXIS2_PLACEMENT_3D('',#2539,#2540,#2541);
#2539 = CARTESIAN_POINT('',(8.,52.,0.));
#2540 = DIRECTION('',(0.,0.,1.));
#2541 = DIRECTION('',(1.,0.,0.));
#2542 = ADVANCED_FACE('',(#2543),#2551,.T.);
#2543 = FACE_BOUND('',#2544,.T.);
#2544 = EDGE_LOOP('',(#2545,#2546,#2547,#2548,#2549,#2550));
#2545 = ORIENTED_EDGE('',*,*,#106,.F.);
#2546 = ORIENTED_EDGE('',*,*,#97,.F.);
#2547 = ORIENTED_EDGE('',*,*,#639,.F.);
#2548 = ORIENTED_EDGE('',*,*,#2249,.T.);
#2549 = ORIENTED_EDGE('',*,*,#2019,.T.);
#2550 = ORIENTED_EDGE('',*,*,#115,.F.);
#2551 = CYLINDRICAL_SURFACE('',#2552,8.);
#2552 = AXIS2_PLACEMENT_3D('',#2553,#2554,#2555);
#2553 = CARTESIAN_POINT('',(34.,8.,0.));
#2554 = DIRECTION('',(0.,0.,1.));
#2555 = DIRECTION('',(1.,0.,0.));
#2556 = ADVANCED_FACE('',(#2557),#2565,.T.);
#2557 = FACE_BOUND('',#2558,.T.);
#2558 = EDGE_LOOP('',(#2559,#2560,#2561,#2562,#2563,#2564));
#2559 = ORIENTED_EDGE('',*,*,#141,.F.);
#2560 = ORIENTED_EDGE('',*,*,#132,.F.);
#2561 = ORIENTED_EDGE('',*,*,#2035,.F.);
#2562 = ORIENTED_EDGE('',*,*,#2241,.T.);
#2563 = ORIENTED_EDGE('',*,*,#2067,.T.);
#2564 = ORIENTED_EDGE('',*,*,#150,.F.);
#2565 = CYLINDRICAL_SURFACE('',#2566,8.);
#2566 = AXIS2_PLACEMENT_3D('',#2567,#2568,#2569);
#2567 = CARTESIAN_POINT('',(34.,52.,0.));
#2568 = DIRECTION('',(0.,0.,1.));
#2569 = DIRECTION('',(1.,0.,0.));
#2570 = ADVANCED_FACE('',(#2571),#2579,.T.);
#2571 = FACE_BOUND('',#2572,.T.);
#2572 = EDGE_LOOP('',(#2573,#2574,#2575,#2576,#2577,#2578));
#2573 = ORIENTED_EDGE('',*,*,#930,.T.);
#2574 = ORIENTED_EDGE('',*,*,#1655,.T.);
#2575 = ORIENTED_EDGE('',*,*,#214,.F.);
#2576 = ORIENTED_EDGE('',*,*,#205,.F.);
#2577 = ORIENTED_EDGE('',*,*,#838,.F.);
#2578 = ORIENTED_EDGE('',*,*,#921,.T.);
#2579 = CYLINDRICAL_SURFACE('',#2580,2.6);
#2580 = AXIS2_PLACEMENT_3D('',#2581,#2582,#2583);
#2581 = CARTESIAN_POINT('',(4.,56.,1.));
#2582 = DIRECTION('',(0.,0.,1.));
#2583 = DIRECTION('',(1.,0.,0.));
#2584 = ADVANCED_FACE('',(#2585),#2597,.T.);
#2585 = FACE_BOUND('',#2586,.T.);
#2586 = EDGE_LOOP('',(#2587,#2588,#2589,#2590,#2591,#2592,#2593,#2594,
    #2595,#2596));
#2587 = ORIENTED_EDGE('',*,*,#319,.F.);
#2588 = ORIENTED_EDGE('',*,*,#477,.F.);
#2589 = ORIENTED_EDGE('',*,*,#736,.T.);
#2590 = ORIENTED_EDGE('',*,*,#745,.T.);
#2591 = ORIENTED_EDGE('',*,*,#1923,.T.);
#2592 = ORIENTED_EDGE('',*,*,#1875,.T.);
#2593 = ORIENTED_EDGE('',*,*,#1687,.F.);
#2594 = ORIENTED_EDGE('',*,*,#1159,.T.);
#2595 = ORIENTED_EDGE('',*,*,#904,.T.);
#2596 = ORIENTED_EDGE('',*,*,#328,.F.);
#2597 = CYLINDRICAL_SURFACE('',#2598,2.6);
#2598 = AXIS2_PLACEMENT_3D('',#2599,#2600,#2601);
#2599 = CARTESIAN_POINT('',(4.,4.,1.));
#2600 = DIRECTION('',(0.,0.,1.));
#2601 = DIRECTION('',(1.,0.,0.));
#2602 = ADVANCED_FACE('',(#2603),#2609,.F.);
#2603 = FACE_BOUND('',#2604,.F.);
#2604 = EDGE_LOOP('',(#2605,#2606,#2607,#2608));
#2605 = ORIENTED_EDGE('',*,*,#2319,.T.);
#2606 = ORIENTED_EDGE('',*,*,#2351,.T.);
#2607 = ORIENTED_EDGE('',*,*,#2421,.F.);
#2608 = ORIENTED_EDGE('',*,*,#2459,.F.);
#2609 = CYLINDRICAL_SURFACE('',#2610,2.);
#2610 = AXIS2_PLACEMENT_3D('',#2611,#2612,#2613);
#2611 = CARTESIAN_POINT('',(33.4,37.4,-0.5));
#2612 = DIRECTION('',(0.,0.,1.));
#2613 = DIRECTION('',(1.,0.,0.));
#2614 = ADVANCED_FACE('',(#2615),#2621,.F.);
#2615 = FACE_BOUND('',#2616,.F.);
#2616 = EDGE_LOOP('',(#2617,#2618,#2619,#2620));
#2617 = ORIENTED_EDGE('',*,*,#2302,.T.);
#2618 = ORIENTED_EDGE('',*,*,#2452,.T.);
#2619 = ORIENTED_EDGE('',*,*,#2404,.F.);
#2620 = ORIENTED_EDGE('',*,*,#2482,.F.);
#2621 = CYLINDRICAL_SURFACE('',#2622,2.);
#2622 = AXIS2_PLACEMENT_3D('',#2623,#2624,#2625);
#2623 = CARTESIAN_POINT('',(33.4,6.6,-0.5));
#2624 = DIRECTION('',(0.,0.,1.));
#2625 = DIRECTION('',(1.,0.,0.));
#2626 = ADVANCED_FACE('',(#2627),#2633,.F.);
#2627 = FACE_BOUND('',#2628,.T.);
#2628 = EDGE_LOOP('',(#2629,#2630,#2631,#2632));
#2629 = ORIENTED_EDGE('',*,*,#2504,.T.);
#2630 = ORIENTED_EDGE('',*,*,#2385,.T.);
#2631 = ORIENTED_EDGE('',*,*,#2475,.F.);
#2632 = ORIENTED_EDGE('',*,*,#2285,.F.);
#2633 = CYLINDRICAL_SURFACE('',#2634,2.);
#2634 = AXIS2_PLACEMENT_3D('',#2635,#2636,#2637);
#2635 = CARTESIAN_POINT('',(8.6,6.6,-0.5));
#2636 = DIRECTION('',(0.,0.,1.));
#2637 = DIRECTION('',(1.,0.,0.));
#2638 = ADVANCED_FACE('',(#2639),#2645,.F.);
#2639 = FACE_BOUND('',#2640,.T.);
#2640 = EDGE_LOOP('',(#2641,#2642,#2643,#2644));
#2641 = ORIENTED_EDGE('',*,*,#2367,.T.);
#2642 = ORIENTED_EDGE('',*,*,#2429,.T.);
#2643 = ORIENTED_EDGE('',*,*,#2497,.F.);
#2644 = ORIENTED_EDGE('',*,*,#2268,.F.);
#2645 = CYLINDRICAL_SURFACE('',#2646,2.);
#2646 = AXIS2_PLACEMENT_3D('',#2647,#2648,#2649);
#2647 = CARTESIAN_POINT('',(8.6,37.4,-0.5));
#2648 = DIRECTION('',(0.,0.,1.));
#2649 = DIRECTION('',(1.,0.,0.));
#2650 = MANIFOLD_SOLID_BREP('',#2651);
#2651 = CLOSED_SHELL('',(#2652,#2694,#2885,#2909,#3128,#3145,#3162,#3179
    ,#3196,#3213,#3225,#3250,#3275,#3300,#3325,#3357,#3381,#3405,#3430,
    #3455,#3479,#3503,#3521,#3546,#3577,#3602,#3644,#3669,#3693,#3718,
    #3760,#3785,#3809,#3834,#3884,#3909,#3933,#3958,#4008,#4026,#4038,
    #4050,#4089,#4101));
#2652 = ADVANCED_FACE('',(#2653),#2689,.T.);
#2653 = FACE_BOUND('',#2654,.T.);
#2654 = EDGE_LOOP('',(#2655,#2666,#2674,#2683));
#2655 = ORIENTED_EDGE('',*,*,#2656,.F.);
#2656 = EDGE_CURVE('',#2657,#2659,#2661,.T.);
#2657 = VERTEX_POINT('',#2658);
#2658 = CARTESIAN_POINT('',(0.,8.,20.));
#2659 = VERTEX_POINT('',#2660);
#2660 = CARTESIAN_POINT('',(8.,0.,20.));
#2661 = CIRCLE('',#2662,8.);
#2662 = AXIS2_PLACEMENT_3D('',#2663,#2664,#2665);
#2663 = CARTESIAN_POINT('',(8.,8.,20.));
#2664 = DIRECTION('',(0.,0.,1.));
#2665 = DIRECTION('',(1.,0.,0.));
#2666 = ORIENTED_EDGE('',*,*,#2667,.F.);
#2667 = EDGE_CURVE('',#2668,#2657,#2670,.T.);
#2668 = VERTEX_POINT('',#2669);
#2669 = CARTESIAN_POINT('',(0.,8.,14.));
#2670 = LINE('',#2671,#2672);
#2671 = CARTESIAN_POINT('',(0.,8.,14.));
#2672 = VECTOR('',#2673,1.);
#2673 = DIRECTION('',(0.,0.,1.));
#2674 = ORIENTED_EDGE('',*,*,#2675,.T.);
#2675 = EDGE_CURVE('',#2668,#2676,#2678,.T.);
#2676 = VERTEX_POINT('',#2677);
#2677 = CARTESIAN_POINT('',(8.,0.,14.));
#2678 = CIRCLE('',#2679,8.);
#2679 = AXIS2_PLACEMENT_3D('',#2680,#2681,#2682);
#2680 = CARTESIAN_POINT('',(8.,8.,14.));
#2681 = DIRECTION('',(0.,0.,1.));
#2682 = DIRECTION('',(1.,0.,0.));
#2683 = ORIENTED_EDGE('',*,*,#2684,.T.);
#2684 = EDGE_CURVE('',#2676,#2659,#2685,.T.);
#2685 = LINE('',#2686,#2687);
#2686 = CARTESIAN_POINT('',(8.,0.,14.));
#2687 = VECTOR('',#2688,1.);
#2688 = DIRECTION('',(0.,0.,1.));
#2689 = CYLINDRICAL_SURFACE('',#2690,8.);
#2690 = AXIS2_PLACEMENT_3D('',#2691,#2692,#2693);
#2691 = CARTESIAN_POINT('',(8.,8.,14.));
#2692 = DIRECTION('',(0.,0.,1.));
#2693 = DIRECTION('',(1.,0.,0.));
#2694 = ADVANCED_FACE('',(#2695,#2755,#2766,#2777,#2788,#2799,#2869),
  #2880,.T.);
#2695 = FACE_BOUND('',#2696,.T.);
#2696 = EDGE_LOOP('',(#2697,#2698,#2706,#2715,#2723,#2732,#2740,#2749));
#2697 = ORIENTED_EDGE('',*,*,#2656,.T.);
#2698 = ORIENTED_EDGE('',*,*,#2699,.T.);
#2699 = EDGE_CURVE('',#2659,#2700,#2702,.T.);
#2700 = VERTEX_POINT('',#2701);
#2701 = CARTESIAN_POINT('',(34.,0.,20.));
#2702 = LINE('',#2703,#2704);
#2703 = CARTESIAN_POINT('',(8.,0.,20.));
#2704 = VECTOR('',#2705,1.);
#2705 = DIRECTION('',(1.,0.,0.));
#2706 = ORIENTED_EDGE('',*,*,#2707,.T.);
#2707 = EDGE_CURVE('',#2700,#2708,#2710,.T.);
#2708 = VERTEX_POINT('',#2709);
#2709 = CARTESIAN_POINT('',(42.,8.,20.));
#2710 = CIRCLE('',#2711,8.);
#2711 = AXIS2_PLACEMENT_3D('',#2712,#2713,#2714);
#2712 = CARTESIAN_POINT('',(34.,8.,20.));
#2713 = DIRECTION('',(0.,0.,1.));
#2714 = DIRECTION('',(1.,0.,0.));
#2715 = ORIENTED_EDGE('',*,*,#2716,.T.);
#2716 = EDGE_CURVE('',#2708,#2717,#2719,.T.);
#2717 = VERTEX_POINT('',#2718);
#2718 = CARTESIAN_POINT('',(42.,52.,20.));
#2719 = LINE('',#2720,#2721);
#2720 = CARTESIAN_POINT('',(42.,8.,20.));
#2721 = VECTOR('',#2722,1.);
#2722 = DIRECTION('',(0.,1.,0.));
#2723 = ORIENTED_EDGE('',*,*,#2724,.T.);
#2724 = EDGE_CURVE('',#2717,#2725,#2727,.T.);
#2725 = VERTEX_POINT('',#2726);
#2726 = CARTESIAN_POINT('',(34.,60.,20.));
#2727 = CIRCLE('',#2728,8.);
#2728 = AXIS2_PLACEMENT_3D('',#2729,#2730,#2731);
#2729 = CARTESIAN_POINT('',(34.,52.,20.));
#2730 = DIRECTION('',(0.,0.,1.));
#2731 = DIRECTION('',(1.,0.,0.));
#2732 = ORIENTED_EDGE('',*,*,#2733,.F.);
#2733 = EDGE_CURVE('',#2734,#2725,#2736,.T.);
#2734 = VERTEX_POINT('',#2735);
#2735 = CARTESIAN_POINT('',(8.,60.,20.));
#2736 = LINE('',#2737,#2738);
#2737 = CARTESIAN_POINT('',(8.,60.,20.));
#2738 = VECTOR('',#2739,1.);
#2739 = DIRECTION('',(1.,0.,0.));
#2740 = ORIENTED_EDGE('',*,*,#2741,.T.);
#2741 = EDGE_CURVE('',#2734,#2742,#2744,.T.);
#2742 = VERTEX_POINT('',#2743);
#2743 = CARTESIAN_POINT('',(0.,52.,20.));
#2744 = CIRCLE('',#2745,8.);
#2745 = AXIS2_PLACEMENT_3D('',#2746,#2747,#2748);
#2746 = CARTESIAN_POINT('',(8.,52.,20.));
#2747 = DIRECTION('',(0.,0.,1.));
#2748 = DIRECTION('',(1.,0.,0.));
#2749 = ORIENTED_EDGE('',*,*,#2750,.F.);
#2750 = EDGE_CURVE('',#2657,#2742,#2751,.T.);
#2751 = LINE('',#2752,#2753);
#2752 = CARTESIAN_POINT('',(0.,8.,20.));
#2753 = VECTOR('',#2754,1.);
#2754 = DIRECTION('',(0.,1.,0.));
#2755 = FACE_BOUND('',#2756,.T.);
#2756 = EDGE_LOOP('',(#2757));
#2757 = ORIENTED_EDGE('',*,*,#2758,.F.);
#2758 = EDGE_CURVE('',#2759,#2759,#2761,.T.);
#2759 = VERTEX_POINT('',#2760);
#2760 = CARTESIAN_POINT('',(6.,4.,20.));
#2761 = CIRCLE('',#2762,2.);
#2762 = AXIS2_PLACEMENT_3D('',#2763,#2764,#2765);
#2763 = CARTESIAN_POINT('',(4.,4.,20.));
#2764 = DIRECTION('',(0.,0.,1.));
#2765 = DIRECTION('',(1.,0.,0.));
#2766 = FACE_BOUND('',#2767,.T.);
#2767 = EDGE_LOOP('',(#2768));
#2768 = ORIENTED_EDGE('',*,*,#2769,.F.);
#2769 = EDGE_CURVE('',#2770,#2770,#2772,.T.);
#2770 = VERTEX_POINT('',#2771);
#2771 = CARTESIAN_POINT('',(40.,4.,20.));
#2772 = CIRCLE('',#2773,2.);
#2773 = AXIS2_PLACEMENT_3D('',#2774,#2775,#2776);
#2774 = CARTESIAN_POINT('',(38.,4.,20.));
#2775 = DIRECTION('',(0.,0.,1.));
#2776 = DIRECTION('',(1.,0.,0.));
#2777 = FACE_BOUND('',#2778,.T.);
#2778 = EDGE_LOOP('',(#2779));
#2779 = ORIENTED_EDGE('',*,*,#2780,.F.);
#2780 = EDGE_CURVE('',#2781,#2781,#2783,.T.);
#2781 = VERTEX_POINT('',#2782);
#2782 = CARTESIAN_POINT('',(26.15,22.,20.));
#2783 = CIRCLE('',#2784,5.15);
#2784 = AXIS2_PLACEMENT_3D('',#2785,#2786,#2787);
#2785 = CARTESIAN_POINT('',(21.,22.,20.));
#2786 = DIRECTION('',(0.,0.,1.));
#2787 = DIRECTION('',(1.,0.,0.));
#2788 = FACE_BOUND('',#2789,.T.);
#2789 = EDGE_LOOP('',(#2790));
#2790 = ORIENTED_EDGE('',*,*,#2791,.F.);
#2791 = EDGE_CURVE('',#2792,#2792,#2794,.T.);
#2792 = VERTEX_POINT('',#2793);
#2793 = CARTESIAN_POINT('',(6.,56.,20.));
#2794 = CIRCLE('',#2795,2.);
#2795 = AXIS2_PLACEMENT_3D('',#2796,#2797,#2798);
#2796 = CARTESIAN_POINT('',(4.,56.,20.));
#2797 = DIRECTION('',(0.,0.,1.));
#2798 = DIRECTION('',(1.,0.,0.));
#2799 = FACE_BOUND('',#2800,.T.);
#2800 = EDGE_LOOP('',(#2801,#2812,#2820,#2829,#2837,#2846,#2854,#2863));
#2801 = ORIENTED_EDGE('',*,*,#2802,.F.);
#2802 = EDGE_CURVE('',#2803,#2805,#2807,.T.);
#2803 = VERTEX_POINT('',#2804);
#2804 = CARTESIAN_POINT('',(16.85,34.85,20.));
#2805 = VERTEX_POINT('',#2806);
#2806 = CARTESIAN_POINT('',(17.95,33.75,20.));
#2807 = CIRCLE('',#2808,1.1);
#2808 = AXIS2_PLACEMENT_3D('',#2809,#2810,#2811);
#2809 = CARTESIAN_POINT('',(17.95,34.85,20.));
#2810 = DIRECTION('',(0.,0.,1.));
#2811 = DIRECTION('',(1.,0.,0.));
#2812 = ORIENTED_EDGE('',*,*,#2813,.T.);
#2813 = EDGE_CURVE('',#2803,#2814,#2816,.T.);
#2814 = VERTEX_POINT('',#2815);
#2815 = CARTESIAN_POINT('',(16.85,35.15,20.));
#2816 = LINE('',#2817,#2818);
#2817 = CARTESIAN_POINT('',(16.85,32.425,20.));
#2818 = VECTOR('',#2819,1.);
#2819 = DIRECTION('',(0.,1.,0.));
#2820 = ORIENTED_EDGE('',*,*,#2821,.F.);
#2821 = EDGE_CURVE('',#2822,#2814,#2824,.T.);
#2822 = VERTEX_POINT('',#2823);
#2823 = CARTESIAN_POINT('',(17.95,36.25,20.));
#2824 = CIRCLE('',#2825,1.1);
#2825 = AXIS2_PLACEMENT_3D('',#2826,#2827,#2828);
#2826 = CARTESIAN_POINT('',(17.95,35.15,20.));
#2827 = DIRECTION('',(0.,0.,1.));
#2828 = DIRECTION('',(1.,0.,0.));
#2829 = ORIENTED_EDGE('',*,*,#2830,.F.);
#2830 = EDGE_CURVE('',#2831,#2822,#2833,.T.);
#2831 = VERTEX_POINT('',#2832);
#2832 = CARTESIAN_POINT('',(24.05,36.25,20.));
#2833 = LINE('',#2834,#2835);
#2834 = CARTESIAN_POINT('',(19.475,36.25,20.));
#2835 = VECTOR('',#2836,1.);
#2836 = DIRECTION('',(-1.,0.,0.));
#2837 = ORIENTED_EDGE('',*,*,#2838,.F.);
#2838 = EDGE_CURVE('',#2839,#2831,#2841,.T.);
#2839 = VERTEX_POINT('',#2840);
#2840 = CARTESIAN_POINT('',(25.15,35.15,20.));
#2841 = CIRCLE('',#2842,1.1);
#2842 = AXIS2_PLACEMENT_3D('',#2843,#2844,#2845);
#2843 = CARTESIAN_POINT('',(24.05,35.15,20.));
#2844 = DIRECTION('',(0.,0.,1.));
#2845 = DIRECTION('',(1.,0.,0.));
#2846 = ORIENTED_EDGE('',*,*,#2847,.F.);
#2847 = EDGE_CURVE('',#2848,#2839,#2850,.T.);
#2848 = VERTEX_POINT('',#2849);
#2849 = CARTESIAN_POINT('',(25.15,34.85,20.));
#2850 = LINE('',#2851,#2852);
#2851 = CARTESIAN_POINT('',(25.15,32.425,20.));
#2852 = VECTOR('',#2853,1.);
#2853 = DIRECTION('',(0.,1.,0.));
#2854 = ORIENTED_EDGE('',*,*,#2855,.F.);
#2855 = EDGE_CURVE('',#2856,#2848,#2858,.T.);
#2856 = VERTEX_POINT('',#2857);
#2857 = CARTESIAN_POINT('',(24.05,33.75,20.));
#2858 = CIRCLE('',#2859,1.1);
#2859 = AXIS2_PLACEMENT_3D('',#2860,#2861,#2862);
#2860 = CARTESIAN_POINT('',(24.05,34.85,20.));
#2861 = DIRECTION('',(0.,0.,1.));
#2862 = DIRECTION('',(1.,0.,0.));
#2863 = ORIENTED_EDGE('',*,*,#2864,.T.);
#2864 = EDGE_CURVE('',#2856,#2805,#2865,.T.);
#2865 = LINE('',#2866,#2867);
#2866 = CARTESIAN_POINT('',(19.475,33.75,20.));
#2867 = VECTOR('',#2868,1.);
#2868 = DIRECTION('',(-1.,0.,0.));
#2869 = FACE_BOUND('',#2870,.T.);
#2870 = EDGE_LOOP('',(#2871));
#2871 = ORIENTED_EDGE('',*,*,#2872,.F.);
#2872 = EDGE_CURVE('',#2873,#2873,#2875,.T.);
#2873 = VERTEX_POINT('',#2874);
#2874 = CARTESIAN_POINT('',(40.,56.,20.));
#2875 = CIRCLE('',#2876,2.);
#2876 = AXIS2_PLACEMENT_3D('',#2877,#2878,#2879);
#2877 = CARTESIAN_POINT('',(38.,56.,20.));
#2878 = DIRECTION('',(0.,0.,1.));
#2879 = DIRECTION('',(1.,0.,0.));
#2880 = PLANE('',#2881);
#2881 = AXIS2_PLACEMENT_3D('',#2882,#2883,#2884);
#2882 = CARTESIAN_POINT('',(21.,30.,20.));
#2883 = DIRECTION('',(0.,0.,1.));
#2884 = DIRECTION('',(1.,0.,0.));
#2885 = ADVANCED_FACE('',(#2886),#2904,.F.);
#2886 = FACE_BOUND('',#2887,.F.);
#2887 = EDGE_LOOP('',(#2888,#2896,#2897,#2898));
#2888 = ORIENTED_EDGE('',*,*,#2889,.F.);
#2889 = EDGE_CURVE('',#2676,#2890,#2892,.T.);
#2890 = VERTEX_POINT('',#2891);
#2891 = CARTESIAN_POINT('',(34.,0.,14.));
#2892 = LINE('',#2893,#2894);
#2893 = CARTESIAN_POINT('',(8.,0.,14.));
#2894 = VECTOR('',#2895,1.);
#2895 = DIRECTION('',(1.,0.,0.));
#2896 = ORIENTED_EDGE('',*,*,#2684,.T.);
#2897 = ORIENTED_EDGE('',*,*,#2699,.T.);
#2898 = ORIENTED_EDGE('',*,*,#2899,.F.);
#2899 = EDGE_CURVE('',#2890,#2700,#2900,.T.);
#2900 = LINE('',#2901,#2902);
#2901 = CARTESIAN_POINT('',(34.,0.,14.));
#2902 = VECTOR('',#2903,1.);
#2903 = DIRECTION('',(0.,0.,1.));
#2904 = PLANE('',#2905);
#2905 = AXIS2_PLACEMENT_3D('',#2906,#2907,#2908);
#2906 = CARTESIAN_POINT('',(8.,0.,14.));
#2907 = DIRECTION('',(0.,1.,0.));
#2908 = DIRECTION('',(0.,0.,1.));
#2909 = ADVANCED_FACE('',(#2910,#2963),#3123,.T.);
#2910 = FACE_BOUND('',#2911,.T.);
#2911 = EDGE_LOOP('',(#2912,#2913,#2921,#2930,#2938,#2947,#2955,#2962));
#2912 = ORIENTED_EDGE('',*,*,#2675,.F.);
#2913 = ORIENTED_EDGE('',*,*,#2914,.T.);
#2914 = EDGE_CURVE('',#2668,#2915,#2917,.T.);
#2915 = VERTEX_POINT('',#2916);
#2916 = CARTESIAN_POINT('',(0.,52.,14.));
#2917 = LINE('',#2918,#2919);
#2918 = CARTESIAN_POINT('',(0.,8.,14.));
#2919 = VECTOR('',#2920,1.);
#2920 = DIRECTION('',(0.,1.,0.));
#2921 = ORIENTED_EDGE('',*,*,#2922,.F.);
#2922 = EDGE_CURVE('',#2923,#2915,#2925,.T.);
#2923 = VERTEX_POINT('',#2924);
#2924 = CARTESIAN_POINT('',(8.,60.,14.));
#2925 = CIRCLE('',#2926,8.);
#2926 = AXIS2_PLACEMENT_3D('',#2927,#2928,#2929);
#2927 = CARTESIAN_POINT('',(8.,52.,14.));
#2928 = DIRECTION('',(0.,0.,1.));
#2929 = DIRECTION('',(1.,0.,0.));
#2930 = ORIENTED_EDGE('',*,*,#2931,.T.);
#2931 = EDGE_CURVE('',#2923,#2932,#2934,.T.);
#2932 = VERTEX_POINT('',#2933);
#2933 = CARTESIAN_POINT('',(34.,60.,14.));
#2934 = LINE('',#2935,#2936);
#2935 = CARTESIAN_POINT('',(8.,60.,14.));
#2936 = VECTOR('',#2937,1.);
#2937 = DIRECTION('',(1.,0.,0.));
#2938 = ORIENTED_EDGE('',*,*,#2939,.F.);
#2939 = EDGE_CURVE('',#2940,#2932,#2942,.T.);
#2940 = VERTEX_POINT('',#2941);
#2941 = CARTESIAN_POINT('',(42.,52.,14.));
#2942 = CIRCLE('',#2943,8.);
#2943 = AXIS2_PLACEMENT_3D('',#2944,#2945,#2946);
#2944 = CARTESIAN_POINT('',(34.,52.,14.));
#2945 = DIRECTION('',(0.,0.,1.));
#2946 = DIRECTION('',(1.,0.,0.));
#2947 = ORIENTED_EDGE('',*,*,#2948,.F.);
#2948 = EDGE_CURVE('',#2949,#2940,#2951,.T.);
#2949 = VERTEX_POINT('',#2950);
#2950 = CARTESIAN_POINT('',(42.,8.,14.));
#2951 = LINE('',#2952,#2953);
#2952 = CARTESIAN_POINT('',(42.,8.,14.));
#2953 = VECTOR('',#2954,1.);
#2954 = DIRECTION('',(0.,1.,0.));
#2955 = ORIENTED_EDGE('',*,*,#2956,.F.);
#2956 = EDGE_CURVE('',#2890,#2949,#2957,.T.);
#2957 = CIRCLE('',#2958,8.);
#2958 = AXIS2_PLACEMENT_3D('',#2959,#2960,#2961);
#2959 = CARTESIAN_POINT('',(34.,8.,14.));
#2960 = DIRECTION('',(0.,0.,1.));
#2961 = DIRECTION('',(1.,0.,0.));
#2962 = ORIENTED_EDGE('',*,*,#2889,.F.);
#2963 = FACE_BOUND('',#2964,.T.);
#2964 = EDGE_LOOP('',(#2965,#2975,#2984,#2993,#3002,#3010,#3019,#3028,
    #3037,#3045,#3054,#3063,#3072,#3081,#3089,#3098,#3107,#3116));
#2965 = ORIENTED_EDGE('',*,*,#2966,.F.);
#2966 = EDGE_CURVE('',#2967,#2969,#2971,.T.);
#2967 = VERTEX_POINT('',#2968);
#2968 = CARTESIAN_POINT('',(8.,58.2,14.));
#2969 = VERTEX_POINT('',#2970);
#2970 = CARTESIAN_POINT('',(34.,58.2,14.));
#2971 = LINE('',#2972,#2973);
#2972 = CARTESIAN_POINT('',(14.5,58.2,14.));
#2973 = VECTOR('',#2974,1.);
#2974 = DIRECTION('',(1.,0.,0.));
#2975 = ORIENTED_EDGE('',*,*,#2976,.T.);
#2976 = EDGE_CURVE('',#2967,#2977,#2979,.T.);
#2977 = VERTEX_POINT('',#2978);
#2978 = CARTESIAN_POINT('',(4.427785821102,57.067473321102,14.));
#2979 = CIRCLE('',#2980,6.2);
#2980 = AXIS2_PLACEMENT_3D('',#2981,#2982,#2983);
#2981 = CARTESIAN_POINT('',(8.,52.,14.));
#2982 = DIRECTION('',(0.,0.,1.));
#2983 = DIRECTION('',(1.,0.,0.));
#2984 = ORIENTED_EDGE('',*,*,#2985,.T.);
#2985 = EDGE_CURVE('',#2977,#2986,#2988,.T.);
#2986 = VERTEX_POINT('',#2987);
#2987 = CARTESIAN_POINT('',(2.932526678898,55.572214178898,14.));
#2988 = CIRCLE('',#2989,1.15);
#2989 = AXIS2_PLACEMENT_3D('',#2990,#2991,#2992);
#2990 = CARTESIAN_POINT('',(4.,56.,14.));
#2991 = DIRECTION('',(0.,0.,1.));
#2992 = DIRECTION('',(1.,0.,0.));
#2993 = ORIENTED_EDGE('',*,*,#2994,.T.);
#2994 = EDGE_CURVE('',#2986,#2995,#2997,.T.);
#2995 = VERTEX_POINT('',#2996);
#2996 = CARTESIAN_POINT('',(1.8,52.,14.));
#2997 = CIRCLE('',#2998,6.2);
#2998 = AXIS2_PLACEMENT_3D('',#2999,#3000,#3001);
#2999 = CARTESIAN_POINT('',(8.,52.,14.));
#3000 = DIRECTION('',(0.,0.,1.));
#3001 = DIRECTION('',(1.,0.,0.));
#3002 = ORIENTED_EDGE('',*,*,#3003,.T.);
#3003 = EDGE_CURVE('',#2995,#3004,#3006,.T.);
#3004 = VERTEX_POINT('',#3005);
#3005 = CARTESIAN_POINT('',(1.8,8.,14.));
#3006 = LINE('',#3007,#3008);
#3007 = CARTESIAN_POINT('',(1.8,19.,14.));
#3008 = VECTOR('',#3009,1.);
#3009 = DIRECTION('',(0.,-1.,0.));
#3010 = ORIENTED_EDGE('',*,*,#3011,.T.);
#3011 = EDGE_CURVE('',#3004,#3012,#3014,.T.);
#3012 = VERTEX_POINT('',#3013);
#3013 = CARTESIAN_POINT('',(2.932526678898,4.427785821102,14.));
#3014 = CIRCLE('',#3015,6.2);
#3015 = AXIS2_PLACEMENT_3D('',#3016,#3017,#3018);
#3016 = CARTESIAN_POINT('',(8.,8.,14.));
#3017 = DIRECTION('',(0.,0.,1.));
#3018 = DIRECTION('',(1.,0.,0.));
#3019 = ORIENTED_EDGE('',*,*,#3020,.T.);
#3020 = EDGE_CURVE('',#3012,#3021,#3023,.T.);
#3021 = VERTEX_POINT('',#3022);
#3022 = CARTESIAN_POINT('',(4.427785821102,2.932526678898,14.));
#3023 = CIRCLE('',#3024,1.15);
#3024 = AXIS2_PLACEMENT_3D('',#3025,#3026,#3027);
#3025 = CARTESIAN_POINT('',(4.,4.,14.));
#3026 = DIRECTION('',(0.,0.,1.));
#3027 = DIRECTION('',(1.,0.,0.));
#3028 = ORIENTED_EDGE('',*,*,#3029,.T.);
#3029 = EDGE_CURVE('',#3021,#3030,#3032,.T.);
#3030 = VERTEX_POINT('',#3031);
#3031 = CARTESIAN_POINT('',(8.,1.8,14.));
#3032 = CIRCLE('',#3033,6.2);
#3033 = AXIS2_PLACEMENT_3D('',#3034,#3035,#3036);
#3034 = CARTESIAN_POINT('',(8.,8.,14.));
#3035 = DIRECTION('',(0.,0.,1.));
#3036 = DIRECTION('',(1.,0.,0.));
#3037 = ORIENTED_EDGE('',*,*,#3038,.T.);
#3038 = EDGE_CURVE('',#3030,#3039,#3041,.T.);
#3039 = VERTEX_POINT('',#3040);
#3040 = CARTESIAN_POINT('',(34.,1.8,14.));
#3041 = LINE('',#3042,#3043);
#3042 = CARTESIAN_POINT('',(14.5,1.8,14.));
#3043 = VECTOR('',#3044,1.);
#3044 = DIRECTION('',(1.,0.,0.));
#3045 = ORIENTED_EDGE('',*,*,#3046,.T.);
#3046 = EDGE_CURVE('',#3039,#3047,#3049,.T.);
#3047 = VERTEX_POINT('',#3048);
#3048 = CARTESIAN_POINT('',(37.572214178898,2.932526678898,14.));
#3049 = CIRCLE('',#3050,6.2);
#3050 = AXIS2_PLACEMENT_3D('',#3051,#3052,#3053);
#3051 = CARTESIAN_POINT('',(34.,8.,14.));
#3052 = DIRECTION('',(0.,0.,1.));
#3053 = DIRECTION('',(1.,0.,0.));
#3054 = ORIENTED_EDGE('',*,*,#3055,.T.);
#3055 = EDGE_CURVE('',#3047,#3056,#3058,.T.);
#3056 = VERTEX_POINT('',#3057);
#3057 = CARTESIAN_POINT('',(39.15,4.,14.));
#3058 = CIRCLE('',#3059,1.15);
#3059 = AXIS2_PLACEMENT_3D('',#3060,#3061,#3062);
#3060 = CARTESIAN_POINT('',(38.,4.,14.));
#3061 = DIRECTION('',(0.,0.,1.));
#3062 = DIRECTION('',(1.,0.,0.));
#3063 = ORIENTED_EDGE('',*,*,#3064,.T.);
#3064 = EDGE_CURVE('',#3056,#3065,#3067,.T.);
#3065 = VERTEX_POINT('',#3066);
#3066 = CARTESIAN_POINT('',(39.067473321102,4.427785821102,14.));
#3067 = CIRCLE('',#3068,1.15);
#3068 = AXIS2_PLACEMENT_3D('',#3069,#3070,#3071);
#3069 = CARTESIAN_POINT('',(38.,4.,14.));
#3070 = DIRECTION('',(0.,0.,1.));
#3071 = DIRECTION('',(1.,0.,0.));
#3072 = ORIENTED_EDGE('',*,*,#3073,.T.);
#3073 = EDGE_CURVE('',#3065,#3074,#3076,.T.);
#3074 = VERTEX_POINT('',#3075);
#3075 = CARTESIAN_POINT('',(40.2,8.,14.));
#3076 = CIRCLE('',#3077,6.2);
#3077 = AXIS2_PLACEMENT_3D('',#3078,#3079,#3080);
#3078 = CARTESIAN_POINT('',(34.,8.,14.));
#3079 = DIRECTION('',(0.,0.,1.));
#3080 = DIRECTION('',(1.,0.,0.));
#3081 = ORIENTED_EDGE('',*,*,#3082,.F.);
#3082 = EDGE_CURVE('',#3083,#3074,#3085,.T.);
#3083 = VERTEX_POINT('',#3084);
#3084 = CARTESIAN_POINT('',(40.2,52.,14.));
#3085 = LINE('',#3086,#3087);
#3086 = CARTESIAN_POINT('',(40.2,19.,14.));
#3087 = VECTOR('',#3088,1.);
#3088 = DIRECTION('',(0.,-1.,0.));
#3089 = ORIENTED_EDGE('',*,*,#3090,.T.);
#3090 = EDGE_CURVE('',#3083,#3091,#3093,.T.);
#3091 = VERTEX_POINT('',#3092);
#3092 = CARTESIAN_POINT('',(39.067473321102,55.572214178898,14.));
#3093 = CIRCLE('',#3094,6.2);
#3094 = AXIS2_PLACEMENT_3D('',#3095,#3096,#3097);
#3095 = CARTESIAN_POINT('',(34.,52.,14.));
#3096 = DIRECTION('',(0.,0.,1.));
#3097 = DIRECTION('',(1.,0.,0.));
#3098 = ORIENTED_EDGE('',*,*,#3099,.T.);
#3099 = EDGE_CURVE('',#3091,#3100,#3102,.T.);
#3100 = VERTEX_POINT('',#3101);
#3101 = CARTESIAN_POINT('',(39.15,56.,14.));
#3102 = CIRCLE('',#3103,1.15);
#3103 = AXIS2_PLACEMENT_3D('',#3104,#3105,#3106);
#3104 = CARTESIAN_POINT('',(38.,56.,14.));
#3105 = DIRECTION('',(0.,0.,1.));
#3106 = DIRECTION('',(1.,0.,0.));
#3107 = ORIENTED_EDGE('',*,*,#3108,.T.);
#3108 = EDGE_CURVE('',#3100,#3109,#3111,.T.);
#3109 = VERTEX_POINT('',#3110);
#3110 = CARTESIAN_POINT('',(37.572214178898,57.067473321102,14.));
#3111 = CIRCLE('',#3112,1.15);
#3112 = AXIS2_PLACEMENT_3D('',#3113,#3114,#3115);
#3113 = CARTESIAN_POINT('',(38.,56.,14.));
#3114 = DIRECTION('',(0.,0.,1.));
#3115 = DIRECTION('',(1.,0.,0.));
#3116 = ORIENTED_EDGE('',*,*,#3117,.T.);
#3117 = EDGE_CURVE('',#3109,#2969,#3118,.T.);
#3118 = CIRCLE('',#3119,6.2);
#3119 = AXIS2_PLACEMENT_3D('',#3120,#3121,#3122);
#3120 = CARTESIAN_POINT('',(34.,52.,14.));
#3121 = DIRECTION('',(0.,0.,1.));
#3122 = DIRECTION('',(1.,0.,0.));
#3123 = PLANE('',#3124);
#3124 = AXIS2_PLACEMENT_3D('',#3125,#3126,#3127);
#3125 = CARTESIAN_POINT('',(21.,30.,14.));
#3126 = DIRECTION('',(-0.,-0.,-1.));
#3127 = DIRECTION('',(-1.,0.,0.));
#3128 = ADVANCED_FACE('',(#3129),#3140,.F.);
#3129 = FACE_BOUND('',#3130,.F.);
#3130 = EDGE_LOOP('',(#3131,#3132,#3133,#3139));
#3131 = ORIENTED_EDGE('',*,*,#2667,.F.);
#3132 = ORIENTED_EDGE('',*,*,#2914,.T.);
#3133 = ORIENTED_EDGE('',*,*,#3134,.T.);
#3134 = EDGE_CURVE('',#2915,#2742,#3135,.T.);
#3135 = LINE('',#3136,#3137);
#3136 = CARTESIAN_POINT('',(0.,52.,14.));
#3137 = VECTOR('',#3138,1.);
#3138 = DIRECTION('',(0.,0.,1.));
#3139 = ORIENTED_EDGE('',*,*,#2750,.F.);
#3140 = PLANE('',#3141);
#3141 = AXIS2_PLACEMENT_3D('',#3142,#3143,#3144);
#3142 = CARTESIAN_POINT('',(0.,8.,14.));
#3143 = DIRECTION('',(1.,0.,0.));
#3144 = DIRECTION('',(0.,0.,1.));
#3145 = ADVANCED_FACE('',(#3146),#3157,.T.);
#3146 = FACE_BOUND('',#3147,.T.);
#3147 = EDGE_LOOP('',(#3148,#3149,#3155,#3156));
#3148 = ORIENTED_EDGE('',*,*,#2741,.F.);
#3149 = ORIENTED_EDGE('',*,*,#3150,.F.);
#3150 = EDGE_CURVE('',#2923,#2734,#3151,.T.);
#3151 = LINE('',#3152,#3153);
#3152 = CARTESIAN_POINT('',(8.,60.,14.));
#3153 = VECTOR('',#3154,1.);
#3154 = DIRECTION('',(0.,0.,1.));
#3155 = ORIENTED_EDGE('',*,*,#2922,.T.);
#3156 = ORIENTED_EDGE('',*,*,#3134,.T.);
#3157 = CYLINDRICAL_SURFACE('',#3158,8.);
#3158 = AXIS2_PLACEMENT_3D('',#3159,#3160,#3161);
#3159 = CARTESIAN_POINT('',(8.,52.,14.));
#3160 = DIRECTION('',(0.,0.,1.));
#3161 = DIRECTION('',(1.,0.,0.));
#3162 = ADVANCED_FACE('',(#3163),#3174,.T.);
#3163 = FACE_BOUND('',#3164,.T.);
#3164 = EDGE_LOOP('',(#3165,#3166,#3167,#3168));
#3165 = ORIENTED_EDGE('',*,*,#2707,.F.);
#3166 = ORIENTED_EDGE('',*,*,#2899,.F.);
#3167 = ORIENTED_EDGE('',*,*,#2956,.T.);
#3168 = ORIENTED_EDGE('',*,*,#3169,.T.);
#3169 = EDGE_CURVE('',#2949,#2708,#3170,.T.);
#3170 = LINE('',#3171,#3172);
#3171 = CARTESIAN_POINT('',(42.,8.,14.));
#3172 = VECTOR('',#3173,1.);
#3173 = DIRECTION('',(0.,0.,1.));
#3174 = CYLINDRICAL_SURFACE('',#3175,8.);
#3175 = AXIS2_PLACEMENT_3D('',#3176,#3177,#3178);
#3176 = CARTESIAN_POINT('',(34.,8.,14.));
#3177 = DIRECTION('',(0.,0.,1.));
#3178 = DIRECTION('',(1.,0.,0.));
#3179 = ADVANCED_FACE('',(#3180),#3191,.T.);
#3180 = FACE_BOUND('',#3181,.T.);
#3181 = EDGE_LOOP('',(#3182,#3183,#3184,#3185));
#3182 = ORIENTED_EDGE('',*,*,#2931,.F.);
#3183 = ORIENTED_EDGE('',*,*,#3150,.T.);
#3184 = ORIENTED_EDGE('',*,*,#2733,.T.);
#3185 = ORIENTED_EDGE('',*,*,#3186,.F.);
#3186 = EDGE_CURVE('',#2932,#2725,#3187,.T.);
#3187 = LINE('',#3188,#3189);
#3188 = CARTESIAN_POINT('',(34.,60.,14.));
#3189 = VECTOR('',#3190,1.);
#3190 = DIRECTION('',(0.,0.,1.));
#3191 = PLANE('',#3192);
#3192 = AXIS2_PLACEMENT_3D('',#3193,#3194,#3195);
#3193 = CARTESIAN_POINT('',(8.,60.,14.));
#3194 = DIRECTION('',(0.,1.,0.));
#3195 = DIRECTION('',(0.,0.,1.));
#3196 = ADVANCED_FACE('',(#3197),#3208,.T.);
#3197 = FACE_BOUND('',#3198,.T.);
#3198 = EDGE_LOOP('',(#3199,#3200,#3201,#3207));
#3199 = ORIENTED_EDGE('',*,*,#3169,.F.);
#3200 = ORIENTED_EDGE('',*,*,#2948,.T.);
#3201 = ORIENTED_EDGE('',*,*,#3202,.T.);
#3202 = EDGE_CURVE('',#2940,#2717,#3203,.T.);
#3203 = LINE('',#3204,#3205);
#3204 = CARTESIAN_POINT('',(42.,52.,14.));
#3205 = VECTOR('',#3206,1.);
#3206 = DIRECTION('',(0.,0.,1.));
#3207 = ORIENTED_EDGE('',*,*,#2716,.F.);
#3208 = PLANE('',#3209);
#3209 = AXIS2_PLACEMENT_3D('',#3210,#3211,#3212);
#3210 = CARTESIAN_POINT('',(42.,8.,14.));
#3211 = DIRECTION('',(1.,0.,0.));
#3212 = DIRECTION('',(0.,0.,1.));
#3213 = ADVANCED_FACE('',(#3214),#3220,.T.);
#3214 = FACE_BOUND('',#3215,.T.);
#3215 = EDGE_LOOP('',(#3216,#3217,#3218,#3219));
#3216 = ORIENTED_EDGE('',*,*,#2724,.F.);
#3217 = ORIENTED_EDGE('',*,*,#3202,.F.);
#3218 = ORIENTED_EDGE('',*,*,#2939,.T.);
#3219 = ORIENTED_EDGE('',*,*,#3186,.T.);
#3220 = CYLINDRICAL_SURFACE('',#3221,8.);
#3221 = AXIS2_PLACEMENT_3D('',#3222,#3223,#3224);
#3222 = CARTESIAN_POINT('',(34.,52.,14.));
#3223 = DIRECTION('',(0.,0.,1.));
#3224 = DIRECTION('',(1.,0.,0.));
#3225 = ADVANCED_FACE('',(#3226),#3245,.F.);
#3226 = FACE_BOUND('',#3227,.F.);
#3227 = EDGE_LOOP('',(#3228,#3229,#3237,#3244));
#3228 = ORIENTED_EDGE('',*,*,#2758,.F.);
#3229 = ORIENTED_EDGE('',*,*,#3230,.F.);
#3230 = EDGE_CURVE('',#3231,#2759,#3233,.T.);
#3231 = VERTEX_POINT('',#3232);
#3232 = CARTESIAN_POINT('',(6.,4.,18.8));
#3233 = LINE('',#3234,#3235);
#3234 = CARTESIAN_POINT('',(6.,4.,18.8));
#3235 = VECTOR('',#3236,1.);
#3236 = DIRECTION('',(0.,0.,1.));
#3237 = ORIENTED_EDGE('',*,*,#3238,.T.);
#3238 = EDGE_CURVE('',#3231,#3231,#3239,.T.);
#3239 = CIRCLE('',#3240,2.);
#3240 = AXIS2_PLACEMENT_3D('',#3241,#3242,#3243);
#3241 = CARTESIAN_POINT('',(4.,4.,18.8));
#3242 = DIRECTION('',(0.,0.,1.));
#3243 = DIRECTION('',(1.,0.,0.));
#3244 = ORIENTED_EDGE('',*,*,#3230,.T.);
#3245 = CYLINDRICAL_SURFACE('',#3246,2.);
#3246 = AXIS2_PLACEMENT_3D('',#3247,#3248,#3249);
#3247 = CARTESIAN_POINT('',(4.,4.,18.8));
#3248 = DIRECTION('',(0.,0.,1.));
#3249 = DIRECTION('',(1.,0.,0.));
#3250 = ADVANCED_FACE('',(#3251),#3270,.F.);
#3251 = FACE_BOUND('',#3252,.F.);
#3252 = EDGE_LOOP('',(#3253,#3254,#3262,#3269));
#3253 = ORIENTED_EDGE('',*,*,#2769,.F.);
#3254 = ORIENTED_EDGE('',*,*,#3255,.F.);
#3255 = EDGE_CURVE('',#3256,#2770,#3258,.T.);
#3256 = VERTEX_POINT('',#3257);
#3257 = CARTESIAN_POINT('',(40.,4.,18.8));
#3258 = LINE('',#3259,#3260);
#3259 = CARTESIAN_POINT('',(40.,4.,18.8));
#3260 = VECTOR('',#3261,1.);
#3261 = DIRECTION('',(0.,0.,1.));
#3262 = ORIENTED_EDGE('',*,*,#3263,.T.);
#3263 = EDGE_CURVE('',#3256,#3256,#3264,.T.);
#3264 = CIRCLE('',#3265,2.);
#3265 = AXIS2_PLACEMENT_3D('',#3266,#3267,#3268);
#3266 = CARTESIAN_POINT('',(38.,4.,18.8));
#3267 = DIRECTION('',(0.,0.,1.));
#3268 = DIRECTION('',(1.,0.,0.));
#3269 = ORIENTED_EDGE('',*,*,#3255,.T.);
#3270 = CYLINDRICAL_SURFACE('',#3271,2.);
#3271 = AXIS2_PLACEMENT_3D('',#3272,#3273,#3274);
#3272 = CARTESIAN_POINT('',(38.,4.,18.8));
#3273 = DIRECTION('',(0.,0.,1.));
#3274 = DIRECTION('',(1.,0.,0.));
#3275 = ADVANCED_FACE('',(#3276),#3295,.F.);
#3276 = FACE_BOUND('',#3277,.F.);
#3277 = EDGE_LOOP('',(#3278,#3279,#3287,#3294));
#3278 = ORIENTED_EDGE('',*,*,#2780,.F.);
#3279 = ORIENTED_EDGE('',*,*,#3280,.F.);
#3280 = EDGE_CURVE('',#3281,#2781,#3283,.T.);
#3281 = VERTEX_POINT('',#3282);
#3282 = CARTESIAN_POINT('',(26.15,22.,18.2));
#3283 = LINE('',#3284,#3285);
#3284 = CARTESIAN_POINT('',(26.15,22.,17.5));
#3285 = VECTOR('',#3286,1.);
#3286 = DIRECTION('',(0.,0.,1.));
#3287 = ORIENTED_EDGE('',*,*,#3288,.T.);
#3288 = EDGE_CURVE('',#3281,#3281,#3289,.T.);
#3289 = CIRCLE('',#3290,5.15);
#3290 = AXIS2_PLACEMENT_3D('',#3291,#3292,#3293);
#3291 = CARTESIAN_POINT('',(21.,22.,18.2));
#3292 = DIRECTION('',(0.,0.,1.));
#3293 = DIRECTION('',(1.,0.,0.));
#3294 = ORIENTED_EDGE('',*,*,#3280,.T.);
#3295 = CYLINDRICAL_SURFACE('',#3296,5.15);
#3296 = AXIS2_PLACEMENT_3D('',#3297,#3298,#3299);
#3297 = CARTESIAN_POINT('',(21.,22.,17.5));
#3298 = DIRECTION('',(0.,0.,1.));
#3299 = DIRECTION('',(1.,0.,0.));
#3300 = ADVANCED_FACE('',(#3301),#3320,.F.);
#3301 = FACE_BOUND('',#3302,.F.);
#3302 = EDGE_LOOP('',(#3303,#3304,#3312,#3319));
#3303 = ORIENTED_EDGE('',*,*,#2791,.F.);
#3304 = ORIENTED_EDGE('',*,*,#3305,.F.);
#3305 = EDGE_CURVE('',#3306,#2792,#3308,.T.);
#3306 = VERTEX_POINT('',#3307);
#3307 = CARTESIAN_POINT('',(6.,56.,18.8));
#3308 = LINE('',#3309,#3310);
#3309 = CARTESIAN_POINT('',(6.,56.,18.8));
#3310 = VECTOR('',#3311,1.);
#3311 = DIRECTION('',(0.,0.,1.));
#3312 = ORIENTED_EDGE('',*,*,#3313,.T.);
#3313 = EDGE_CURVE('',#3306,#3306,#3314,.T.);
#3314 = CIRCLE('',#3315,2.);
#3315 = AXIS2_PLACEMENT_3D('',#3316,#3317,#3318);
#3316 = CARTESIAN_POINT('',(4.,56.,18.8));
#3317 = DIRECTION('',(0.,0.,1.));
#3318 = DIRECTION('',(1.,0.,0.));
#3319 = ORIENTED_EDGE('',*,*,#3305,.T.);
#3320 = CYLINDRICAL_SURFACE('',#3321,2.);
#3321 = AXIS2_PLACEMENT_3D('',#3322,#3323,#3324);
#3322 = CARTESIAN_POINT('',(4.,56.,18.8));
#3323 = DIRECTION('',(0.,0.,1.));
#3324 = DIRECTION('',(1.,0.,0.));
#3325 = ADVANCED_FACE('',(#3326),#3352,.F.);
#3326 = FACE_BOUND('',#3327,.F.);
#3327 = EDGE_LOOP('',(#3328,#3329,#3337,#3346));
#3328 = ORIENTED_EDGE('',*,*,#2802,.F.);
#3329 = ORIENTED_EDGE('',*,*,#3330,.F.);
#3330 = EDGE_CURVE('',#3331,#2803,#3333,.T.);
#3331 = VERTEX_POINT('',#3332);
#3332 = CARTESIAN_POINT('',(16.85,34.85,18.2));
#3333 = LINE('',#3334,#3335);
#3334 = CARTESIAN_POINT('',(16.85,34.85,17.5));
#3335 = VECTOR('',#3336,1.);
#3336 = DIRECTION('',(0.,0.,1.));
#3337 = ORIENTED_EDGE('',*,*,#3338,.T.);
#3338 = EDGE_CURVE('',#3331,#3339,#3341,.T.);
#3339 = VERTEX_POINT('',#3340);
#3340 = CARTESIAN_POINT('',(17.95,33.75,18.2));
#3341 = CIRCLE('',#3342,1.1);
#3342 = AXIS2_PLACEMENT_3D('',#3343,#3344,#3345);
#3343 = CARTESIAN_POINT('',(17.95,34.85,18.2));
#3344 = DIRECTION('',(0.,0.,1.));
#3345 = DIRECTION('',(1.,0.,0.));
#3346 = ORIENTED_EDGE('',*,*,#3347,.T.);
#3347 = EDGE_CURVE('',#3339,#2805,#3348,.T.);
#3348 = LINE('',#3349,#3350);
#3349 = CARTESIAN_POINT('',(17.95,33.75,17.5));
#3350 = VECTOR('',#3351,1.);
#3351 = DIRECTION('',(0.,0.,1.));
#3352 = CYLINDRICAL_SURFACE('',#3353,1.1);
#3353 = AXIS2_PLACEMENT_3D('',#3354,#3355,#3356);
#3354 = CARTESIAN_POINT('',(17.95,34.85,17.5));
#3355 = DIRECTION('',(0.,0.,1.));
#3356 = DIRECTION('',(1.,0.,0.));
#3357 = ADVANCED_FACE('',(#3358),#3376,.T.);
#3358 = FACE_BOUND('',#3359,.T.);
#3359 = EDGE_LOOP('',(#3360,#3361,#3369,#3375));
#3360 = ORIENTED_EDGE('',*,*,#3330,.F.);
#3361 = ORIENTED_EDGE('',*,*,#3362,.T.);
#3362 = EDGE_CURVE('',#3331,#3363,#3365,.T.);
#3363 = VERTEX_POINT('',#3364);
#3364 = CARTESIAN_POINT('',(16.85,35.15,18.2));
#3365 = LINE('',#3366,#3367);
#3366 = CARTESIAN_POINT('',(16.85,32.425,18.2));
#3367 = VECTOR('',#3368,1.);
#3368 = DIRECTION('',(0.,1.,0.));
#3369 = ORIENTED_EDGE('',*,*,#3370,.T.);
#3370 = EDGE_CURVE('',#3363,#2814,#3371,.T.);
#3371 = LINE('',#3372,#3373);
#3372 = CARTESIAN_POINT('',(16.85,35.15,17.5));
#3373 = VECTOR('',#3374,1.);
#3374 = DIRECTION('',(0.,0.,1.));
#3375 = ORIENTED_EDGE('',*,*,#2813,.F.);
#3376 = PLANE('',#3377);
#3377 = AXIS2_PLACEMENT_3D('',#3378,#3379,#3380);
#3378 = CARTESIAN_POINT('',(16.85,34.85,17.5));
#3379 = DIRECTION('',(1.,0.,0.));
#3380 = DIRECTION('',(0.,0.,1.));
#3381 = ADVANCED_FACE('',(#3382),#3400,.T.);
#3382 = FACE_BOUND('',#3383,.T.);
#3383 = EDGE_LOOP('',(#3384,#3392,#3393,#3394));
#3384 = ORIENTED_EDGE('',*,*,#3385,.T.);
#3385 = EDGE_CURVE('',#3386,#3339,#3388,.T.);
#3386 = VERTEX_POINT('',#3387);
#3387 = CARTESIAN_POINT('',(24.05,33.75,18.2));
#3388 = LINE('',#3389,#3390);
#3389 = CARTESIAN_POINT('',(19.475,33.75,18.2));
#3390 = VECTOR('',#3391,1.);
#3391 = DIRECTION('',(-1.,0.,0.));
#3392 = ORIENTED_EDGE('',*,*,#3347,.T.);
#3393 = ORIENTED_EDGE('',*,*,#2864,.F.);
#3394 = ORIENTED_EDGE('',*,*,#3395,.F.);
#3395 = EDGE_CURVE('',#3386,#2856,#3396,.T.);
#3396 = LINE('',#3397,#3398);
#3397 = CARTESIAN_POINT('',(24.05,33.75,17.5));
#3398 = VECTOR('',#3399,1.);
#3399 = DIRECTION('',(0.,0.,1.));
#3400 = PLANE('',#3401);
#3401 = AXIS2_PLACEMENT_3D('',#3402,#3403,#3404);
#3402 = CARTESIAN_POINT('',(17.95,33.75,17.5));
#3403 = DIRECTION('',(0.,1.,0.));
#3404 = DIRECTION('',(0.,0.,1.));
#3405 = ADVANCED_FACE('',(#3406),#3425,.F.);
#3406 = FACE_BOUND('',#3407,.F.);
#3407 = EDGE_LOOP('',(#3408,#3409,#3417,#3424));
#3408 = ORIENTED_EDGE('',*,*,#2821,.F.);
#3409 = ORIENTED_EDGE('',*,*,#3410,.F.);
#3410 = EDGE_CURVE('',#3411,#2822,#3413,.T.);
#3411 = VERTEX_POINT('',#3412);
#3412 = CARTESIAN_POINT('',(17.95,36.25,18.2));
#3413 = LINE('',#3414,#3415);
#3414 = CARTESIAN_POINT('',(17.95,36.25,17.5));
#3415 = VECTOR('',#3416,1.);
#3416 = DIRECTION('',(0.,0.,1.));
#3417 = ORIENTED_EDGE('',*,*,#3418,.T.);
#3418 = EDGE_CURVE('',#3411,#3363,#3419,.T.);
#3419 = CIRCLE('',#3420,1.1);
#3420 = AXIS2_PLACEMENT_3D('',#3421,#3422,#3423);
#3421 = CARTESIAN_POINT('',(17.95,35.15,18.2));
#3422 = DIRECTION('',(0.,0.,1.));
#3423 = DIRECTION('',(1.,0.,0.));
#3424 = ORIENTED_EDGE('',*,*,#3370,.T.);
#3425 = CYLINDRICAL_SURFACE('',#3426,1.1);
#3426 = AXIS2_PLACEMENT_3D('',#3427,#3428,#3429);
#3427 = CARTESIAN_POINT('',(17.95,35.15,17.5));
#3428 = DIRECTION('',(0.,0.,1.));
#3429 = DIRECTION('',(1.,0.,0.));
#3430 = ADVANCED_FACE('',(#3431),#3450,.F.);
#3431 = FACE_BOUND('',#3432,.F.);
#3432 = EDGE_LOOP('',(#3433,#3434,#3435,#3444));
#3433 = ORIENTED_EDGE('',*,*,#2855,.F.);
#3434 = ORIENTED_EDGE('',*,*,#3395,.F.);
#3435 = ORIENTED_EDGE('',*,*,#3436,.T.);
#3436 = EDGE_CURVE('',#3386,#3437,#3439,.T.);
#3437 = VERTEX_POINT('',#3438);
#3438 = CARTESIAN_POINT('',(25.15,34.85,18.2));
#3439 = CIRCLE('',#3440,1.1);
#3440 = AXIS2_PLACEMENT_3D('',#3441,#3442,#3443);
#3441 = CARTESIAN_POINT('',(24.05,34.85,18.2));
#3442 = DIRECTION('',(0.,0.,1.));
#3443 = DIRECTION('',(1.,0.,0.));
#3444 = ORIENTED_EDGE('',*,*,#3445,.T.);
#3445 = EDGE_CURVE('',#3437,#2848,#3446,.T.);
#3446 = LINE('',#3447,#3448);
#3447 = CARTESIAN_POINT('',(25.15,34.85,17.5));
#3448 = VECTOR('',#3449,1.);
#3449 = DIRECTION('',(0.,0.,1.));
#3450 = CYLINDRICAL_SURFACE('',#3451,1.1);
#3451 = AXIS2_PLACEMENT_3D('',#3452,#3453,#3454);
#3452 = CARTESIAN_POINT('',(24.05,34.85,17.5));
#3453 = DIRECTION('',(0.,0.,1.));
#3454 = DIRECTION('',(1.,0.,0.));
#3455 = ADVANCED_FACE('',(#3456),#3474,.F.);
#3456 = FACE_BOUND('',#3457,.F.);
#3457 = EDGE_LOOP('',(#3458,#3466,#3467,#3468));
#3458 = ORIENTED_EDGE('',*,*,#3459,.T.);
#3459 = EDGE_CURVE('',#3460,#3411,#3462,.T.);
#3460 = VERTEX_POINT('',#3461);
#3461 = CARTESIAN_POINT('',(24.05,36.25,18.2));
#3462 = LINE('',#3463,#3464);
#3463 = CARTESIAN_POINT('',(19.475,36.25,18.2));
#3464 = VECTOR('',#3465,1.);
#3465 = DIRECTION('',(-1.,0.,0.));
#3466 = ORIENTED_EDGE('',*,*,#3410,.T.);
#3467 = ORIENTED_EDGE('',*,*,#2830,.F.);
#3468 = ORIENTED_EDGE('',*,*,#3469,.F.);
#3469 = EDGE_CURVE('',#3460,#2831,#3470,.T.);
#3470 = LINE('',#3471,#3472);
#3471 = CARTESIAN_POINT('',(24.05,36.25,17.5));
#3472 = VECTOR('',#3473,1.);
#3473 = DIRECTION('',(0.,0.,1.));
#3474 = PLANE('',#3475);
#3475 = AXIS2_PLACEMENT_3D('',#3476,#3477,#3478);
#3476 = CARTESIAN_POINT('',(17.95,36.25,17.5));
#3477 = DIRECTION('',(0.,1.,0.));
#3478 = DIRECTION('',(0.,0.,1.));
#3479 = ADVANCED_FACE('',(#3480),#3498,.F.);
#3480 = FACE_BOUND('',#3481,.F.);
#3481 = EDGE_LOOP('',(#3482,#3483,#3491,#3497));
#3482 = ORIENTED_EDGE('',*,*,#3445,.F.);
#3483 = ORIENTED_EDGE('',*,*,#3484,.T.);
#3484 = EDGE_CURVE('',#3437,#3485,#3487,.T.);
#3485 = VERTEX_POINT('',#3486);
#3486 = CARTESIAN_POINT('',(25.15,35.15,18.2));
#3487 = LINE('',#3488,#3489);
#3488 = CARTESIAN_POINT('',(25.15,32.425,18.2));
#3489 = VECTOR('',#3490,1.);
#3490 = DIRECTION('',(0.,1.,0.));
#3491 = ORIENTED_EDGE('',*,*,#3492,.T.);
#3492 = EDGE_CURVE('',#3485,#2839,#3493,.T.);
#3493 = LINE('',#3494,#3495);
#3494 = CARTESIAN_POINT('',(25.15,35.15,17.5));
#3495 = VECTOR('',#3496,1.);
#3496 = DIRECTION('',(0.,0.,1.));
#3497 = ORIENTED_EDGE('',*,*,#2847,.F.);
#3498 = PLANE('',#3499);
#3499 = AXIS2_PLACEMENT_3D('',#3500,#3501,#3502);
#3500 = CARTESIAN_POINT('',(25.15,34.85,17.5));
#3501 = DIRECTION('',(1.,0.,0.));
#3502 = DIRECTION('',(0.,0.,1.));
#3503 = ADVANCED_FACE('',(#3504),#3516,.F.);
#3504 = FACE_BOUND('',#3505,.F.);
#3505 = EDGE_LOOP('',(#3506,#3507,#3508,#3515));
#3506 = ORIENTED_EDGE('',*,*,#2838,.F.);
#3507 = ORIENTED_EDGE('',*,*,#3492,.F.);
#3508 = ORIENTED_EDGE('',*,*,#3509,.T.);
#3509 = EDGE_CURVE('',#3485,#3460,#3510,.T.);
#3510 = CIRCLE('',#3511,1.1);
#3511 = AXIS2_PLACEMENT_3D('',#3512,#3513,#3514);
#3512 = CARTESIAN_POINT('',(24.05,35.15,18.2));
#3513 = DIRECTION('',(0.,0.,1.));
#3514 = DIRECTION('',(1.,0.,0.));
#3515 = ORIENTED_EDGE('',*,*,#3469,.T.);
#3516 = CYLINDRICAL_SURFACE('',#3517,1.1);
#3517 = AXIS2_PLACEMENT_3D('',#3518,#3519,#3520);
#3518 = CARTESIAN_POINT('',(24.05,35.15,17.5));
#3519 = DIRECTION('',(0.,0.,1.));
#3520 = DIRECTION('',(1.,0.,0.));
#3521 = ADVANCED_FACE('',(#3522),#3541,.F.);
#3522 = FACE_BOUND('',#3523,.F.);
#3523 = EDGE_LOOP('',(#3524,#3525,#3533,#3540));
#3524 = ORIENTED_EDGE('',*,*,#2872,.F.);
#3525 = ORIENTED_EDGE('',*,*,#3526,.F.);
#3526 = EDGE_CURVE('',#3527,#2873,#3529,.T.);
#3527 = VERTEX_POINT('',#3528);
#3528 = CARTESIAN_POINT('',(40.,56.,18.8));
#3529 = LINE('',#3530,#3531);
#3530 = CARTESIAN_POINT('',(40.,56.,18.8));
#3531 = VECTOR('',#3532,1.);
#3532 = DIRECTION('',(0.,0.,1.));
#3533 = ORIENTED_EDGE('',*,*,#3534,.T.);
#3534 = EDGE_CURVE('',#3527,#3527,#3535,.T.);
#3535 = CIRCLE('',#3536,2.);
#3536 = AXIS2_PLACEMENT_3D('',#3537,#3538,#3539);
#3537 = CARTESIAN_POINT('',(38.,56.,18.8));
#3538 = DIRECTION('',(0.,0.,1.));
#3539 = DIRECTION('',(1.,0.,0.));
#3540 = ORIENTED_EDGE('',*,*,#3526,.T.);
#3541 = CYLINDRICAL_SURFACE('',#3542,2.);
#3542 = AXIS2_PLACEMENT_3D('',#3543,#3544,#3545);
#3543 = CARTESIAN_POINT('',(38.,56.,18.8));
#3544 = DIRECTION('',(0.,0.,1.));
#3545 = DIRECTION('',(1.,0.,0.));
#3546 = ADVANCED_FACE('',(#3547),#3572,.F.);
#3547 = FACE_BOUND('',#3548,.F.);
#3548 = EDGE_LOOP('',(#3549,#3550,#3558,#3566));
#3549 = ORIENTED_EDGE('',*,*,#2966,.F.);
#3550 = ORIENTED_EDGE('',*,*,#3551,.T.);
#3551 = EDGE_CURVE('',#2967,#3552,#3554,.T.);
#3552 = VERTEX_POINT('',#3553);
#3553 = CARTESIAN_POINT('',(8.,58.2,18.2));
#3554 = LINE('',#3555,#3556);
#3555 = CARTESIAN_POINT('',(8.,58.2,13.8));
#3556 = VECTOR('',#3557,1.);
#3557 = DIRECTION('',(0.,0.,1.));
#3558 = ORIENTED_EDGE('',*,*,#3559,.T.);
#3559 = EDGE_CURVE('',#3552,#3560,#3562,.T.);
#3560 = VERTEX_POINT('',#3561);
#3561 = CARTESIAN_POINT('',(34.,58.2,18.2));
#3562 = LINE('',#3563,#3564);
#3563 = CARTESIAN_POINT('',(8.,58.2,18.2));
#3564 = VECTOR('',#3565,1.);
#3565 = DIRECTION('',(1.,0.,0.));
#3566 = ORIENTED_EDGE('',*,*,#3567,.F.);
#3567 = EDGE_CURVE('',#2969,#3560,#3568,.T.);
#3568 = LINE('',#3569,#3570);
#3569 = CARTESIAN_POINT('',(34.,58.2,13.8));
#3570 = VECTOR('',#3571,1.);
#3571 = DIRECTION('',(0.,0.,1.));
#3572 = PLANE('',#3573);
#3573 = AXIS2_PLACEMENT_3D('',#3574,#3575,#3576);
#3574 = CARTESIAN_POINT('',(8.,58.2,13.8));
#3575 = DIRECTION('',(0.,1.,0.));
#3576 = DIRECTION('',(0.,0.,1.));
#3577 = ADVANCED_FACE('',(#3578),#3597,.F.);
#3578 = FACE_BOUND('',#3579,.F.);
#3579 = EDGE_LOOP('',(#3580,#3589,#3595,#3596));
#3580 = ORIENTED_EDGE('',*,*,#3581,.F.);
#3581 = EDGE_CURVE('',#3582,#3560,#3584,.T.);
#3582 = VERTEX_POINT('',#3583);
#3583 = CARTESIAN_POINT('',(37.572214178898,57.067473321102,18.2));
#3584 = CIRCLE('',#3585,6.2);
#3585 = AXIS2_PLACEMENT_3D('',#3586,#3587,#3588);
#3586 = CARTESIAN_POINT('',(34.,52.,18.2));
#3587 = DIRECTION('',(0.,0.,1.));
#3588 = DIRECTION('',(1.,0.,0.));
#3589 = ORIENTED_EDGE('',*,*,#3590,.F.);
#3590 = EDGE_CURVE('',#3109,#3582,#3591,.T.);
#3591 = LINE('',#3592,#3593);
#3592 = CARTESIAN_POINT('',(37.572214178898,57.067473321102,13.8));
#3593 = VECTOR('',#3594,1.);
#3594 = DIRECTION('',(0.,0.,1.));
#3595 = ORIENTED_EDGE('',*,*,#3117,.T.);
#3596 = ORIENTED_EDGE('',*,*,#3567,.T.);
#3597 = CYLINDRICAL_SURFACE('',#3598,6.2);
#3598 = AXIS2_PLACEMENT_3D('',#3599,#3600,#3601);
#3599 = CARTESIAN_POINT('',(34.,52.,13.8));
#3600 = DIRECTION('',(0.,0.,1.));
#3601 = DIRECTION('',(1.,0.,0.));
#3602 = ADVANCED_FACE('',(#3603),#3639,.F.);
#3603 = FACE_BOUND('',#3604,.F.);
#3604 = EDGE_LOOP('',(#3605,#3614,#3620,#3621,#3622,#3631,#3637,#3638));
#3605 = ORIENTED_EDGE('',*,*,#3606,.F.);
#3606 = EDGE_CURVE('',#3607,#3607,#3609,.T.);
#3607 = VERTEX_POINT('',#3608);
#3608 = CARTESIAN_POINT('',(39.15,56.,18.8));
#3609 = CIRCLE('',#3610,1.15);
#3610 = AXIS2_PLACEMENT_3D('',#3611,#3612,#3613);
#3611 = CARTESIAN_POINT('',(38.,56.,18.8));
#3612 = DIRECTION('',(0.,0.,1.));
#3613 = DIRECTION('',(1.,0.,0.));
#3614 = ORIENTED_EDGE('',*,*,#3615,.F.);
#3615 = EDGE_CURVE('',#3100,#3607,#3616,.T.);
#3616 = LINE('',#3617,#3618);
#3617 = CARTESIAN_POINT('',(39.15,56.,13.5));
#3618 = VECTOR('',#3619,1.);
#3619 = DIRECTION('',(0.,0.,1.));
#3620 = ORIENTED_EDGE('',*,*,#3108,.T.);
#3621 = ORIENTED_EDGE('',*,*,#3590,.T.);
#3622 = ORIENTED_EDGE('',*,*,#3623,.T.);
#3623 = EDGE_CURVE('',#3582,#3624,#3626,.T.);
#3624 = VERTEX_POINT('',#3625);
#3625 = CARTESIAN_POINT('',(39.067473321102,55.572214178898,18.2));
#3626 = CIRCLE('',#3627,1.15);
#3627 = AXIS2_PLACEMENT_3D('',#3628,#3629,#3630);
#3628 = CARTESIAN_POINT('',(38.,56.,18.2));
#3629 = DIRECTION('',(0.,0.,1.));
#3630 = DIRECTION('',(1.,0.,0.));
#3631 = ORIENTED_EDGE('',*,*,#3632,.F.);
#3632 = EDGE_CURVE('',#3091,#3624,#3633,.T.);
#3633 = LINE('',#3634,#3635);
#3634 = CARTESIAN_POINT('',(39.067473321102,55.572214178898,13.8));
#3635 = VECTOR('',#3636,1.);
#3636 = DIRECTION('',(0.,0.,1.));
#3637 = ORIENTED_EDGE('',*,*,#3099,.T.);
#3638 = ORIENTED_EDGE('',*,*,#3615,.T.);
#3639 = CYLINDRICAL_SURFACE('',#3640,1.15);
#3640 = AXIS2_PLACEMENT_3D('',#3641,#3642,#3643);
#3641 = CARTESIAN_POINT('',(38.,56.,13.5));
#3642 = DIRECTION('',(0.,0.,1.));
#3643 = DIRECTION('',(1.,0.,0.));
#3644 = ADVANCED_FACE('',(#3645),#3664,.F.);
#3645 = FACE_BOUND('',#3646,.F.);
#3646 = EDGE_LOOP('',(#3647,#3656,#3662,#3663));
#3647 = ORIENTED_EDGE('',*,*,#3648,.F.);
#3648 = EDGE_CURVE('',#3649,#3624,#3651,.T.);
#3649 = VERTEX_POINT('',#3650);
#3650 = CARTESIAN_POINT('',(40.2,52.,18.2));
#3651 = CIRCLE('',#3652,6.2);
#3652 = AXIS2_PLACEMENT_3D('',#3653,#3654,#3655);
#3653 = CARTESIAN_POINT('',(34.,52.,18.2));
#3654 = DIRECTION('',(0.,0.,1.));
#3655 = DIRECTION('',(1.,0.,0.));
#3656 = ORIENTED_EDGE('',*,*,#3657,.F.);
#3657 = EDGE_CURVE('',#3083,#3649,#3658,.T.);
#3658 = LINE('',#3659,#3660);
#3659 = CARTESIAN_POINT('',(40.2,52.,13.8));
#3660 = VECTOR('',#3661,1.);
#3661 = DIRECTION('',(0.,0.,1.));
#3662 = ORIENTED_EDGE('',*,*,#3090,.T.);
#3663 = ORIENTED_EDGE('',*,*,#3632,.T.);
#3664 = CYLINDRICAL_SURFACE('',#3665,6.2);
#3665 = AXIS2_PLACEMENT_3D('',#3666,#3667,#3668);
#3666 = CARTESIAN_POINT('',(34.,52.,13.8));
#3667 = DIRECTION('',(0.,0.,1.));
#3668 = DIRECTION('',(1.,0.,0.));
#3669 = ADVANCED_FACE('',(#3670),#3688,.F.);
#3670 = FACE_BOUND('',#3671,.F.);
#3671 = EDGE_LOOP('',(#3672,#3680,#3681,#3682));
#3672 = ORIENTED_EDGE('',*,*,#3673,.F.);
#3673 = EDGE_CURVE('',#3074,#3674,#3676,.T.);
#3674 = VERTEX_POINT('',#3675);
#3675 = CARTESIAN_POINT('',(40.2,8.,18.2));
#3676 = LINE('',#3677,#3678);
#3677 = CARTESIAN_POINT('',(40.2,8.,13.8));
#3678 = VECTOR('',#3679,1.);
#3679 = DIRECTION('',(0.,0.,1.));
#3680 = ORIENTED_EDGE('',*,*,#3082,.F.);
#3681 = ORIENTED_EDGE('',*,*,#3657,.T.);
#3682 = ORIENTED_EDGE('',*,*,#3683,.F.);
#3683 = EDGE_CURVE('',#3674,#3649,#3684,.T.);
#3684 = LINE('',#3685,#3686);
#3685 = CARTESIAN_POINT('',(40.2,8.,18.2));
#3686 = VECTOR('',#3687,1.);
#3687 = DIRECTION('',(0.,1.,0.));
#3688 = PLANE('',#3689);
#3689 = AXIS2_PLACEMENT_3D('',#3690,#3691,#3692);
#3690 = CARTESIAN_POINT('',(40.2,8.,13.8));
#3691 = DIRECTION('',(1.,0.,0.));
#3692 = DIRECTION('',(0.,0.,1.));
#3693 = ADVANCED_FACE('',(#3694),#3713,.F.);
#3694 = FACE_BOUND('',#3695,.F.);
#3695 = EDGE_LOOP('',(#3696,#3705,#3711,#3712));
#3696 = ORIENTED_EDGE('',*,*,#3697,.F.);
#3697 = EDGE_CURVE('',#3698,#3674,#3700,.T.);
#3698 = VERTEX_POINT('',#3699);
#3699 = CARTESIAN_POINT('',(39.067473321102,4.427785821102,18.2));
#3700 = CIRCLE('',#3701,6.2);
#3701 = AXIS2_PLACEMENT_3D('',#3702,#3703,#3704);
#3702 = CARTESIAN_POINT('',(34.,8.,18.2));
#3703 = DIRECTION('',(0.,0.,1.));
#3704 = DIRECTION('',(1.,0.,0.));
#3705 = ORIENTED_EDGE('',*,*,#3706,.F.);
#3706 = EDGE_CURVE('',#3065,#3698,#3707,.T.);
#3707 = LINE('',#3708,#3709);
#3708 = CARTESIAN_POINT('',(39.067473321102,4.427785821102,13.8));
#3709 = VECTOR('',#3710,1.);
#3710 = DIRECTION('',(0.,0.,1.));
#3711 = ORIENTED_EDGE('',*,*,#3073,.T.);
#3712 = ORIENTED_EDGE('',*,*,#3673,.T.);
#3713 = CYLINDRICAL_SURFACE('',#3714,6.2);
#3714 = AXIS2_PLACEMENT_3D('',#3715,#3716,#3717);
#3715 = CARTESIAN_POINT('',(34.,8.,13.8));
#3716 = DIRECTION('',(0.,0.,1.));
#3717 = DIRECTION('',(1.,0.,0.));
#3718 = ADVANCED_FACE('',(#3719),#3755,.F.);
#3719 = FACE_BOUND('',#3720,.F.);
#3720 = EDGE_LOOP('',(#3721,#3730,#3736,#3737,#3738,#3747,#3753,#3754));
#3721 = ORIENTED_EDGE('',*,*,#3722,.F.);
#3722 = EDGE_CURVE('',#3723,#3723,#3725,.T.);
#3723 = VERTEX_POINT('',#3724);
#3724 = CARTESIAN_POINT('',(39.15,4.,18.8));
#3725 = CIRCLE('',#3726,1.15);
#3726 = AXIS2_PLACEMENT_3D('',#3727,#3728,#3729);
#3727 = CARTESIAN_POINT('',(38.,4.,18.8));
#3728 = DIRECTION('',(0.,0.,1.));
#3729 = DIRECTION('',(1.,0.,0.));
#3730 = ORIENTED_EDGE('',*,*,#3731,.F.);
#3731 = EDGE_CURVE('',#3056,#3723,#3732,.T.);
#3732 = LINE('',#3733,#3734);
#3733 = CARTESIAN_POINT('',(39.15,4.,13.5));
#3734 = VECTOR('',#3735,1.);
#3735 = DIRECTION('',(0.,0.,1.));
#3736 = ORIENTED_EDGE('',*,*,#3064,.T.);
#3737 = ORIENTED_EDGE('',*,*,#3706,.T.);
#3738 = ORIENTED_EDGE('',*,*,#3739,.T.);
#3739 = EDGE_CURVE('',#3698,#3740,#3742,.T.);
#3740 = VERTEX_POINT('',#3741);
#3741 = CARTESIAN_POINT('',(37.572214178898,2.932526678898,18.2));
#3742 = CIRCLE('',#3743,1.15);
#3743 = AXIS2_PLACEMENT_3D('',#3744,#3745,#3746);
#3744 = CARTESIAN_POINT('',(38.,4.,18.2));
#3745 = DIRECTION('',(0.,0.,1.));
#3746 = DIRECTION('',(1.,0.,0.));
#3747 = ORIENTED_EDGE('',*,*,#3748,.F.);
#3748 = EDGE_CURVE('',#3047,#3740,#3749,.T.);
#3749 = LINE('',#3750,#3751);
#3750 = CARTESIAN_POINT('',(37.572214178898,2.932526678898,13.8));
#3751 = VECTOR('',#3752,1.);
#3752 = DIRECTION('',(0.,0.,1.));
#3753 = ORIENTED_EDGE('',*,*,#3055,.T.);
#3754 = ORIENTED_EDGE('',*,*,#3731,.T.);
#3755 = CYLINDRICAL_SURFACE('',#3756,1.15);
#3756 = AXIS2_PLACEMENT_3D('',#3757,#3758,#3759);
#3757 = CARTESIAN_POINT('',(38.,4.,13.5));
#3758 = DIRECTION('',(0.,0.,1.));
#3759 = DIRECTION('',(1.,0.,0.));
#3760 = ADVANCED_FACE('',(#3761),#3780,.F.);
#3761 = FACE_BOUND('',#3762,.F.);
#3762 = EDGE_LOOP('',(#3763,#3772,#3778,#3779));
#3763 = ORIENTED_EDGE('',*,*,#3764,.F.);
#3764 = EDGE_CURVE('',#3765,#3740,#3767,.T.);
#3765 = VERTEX_POINT('',#3766);
#3766 = CARTESIAN_POINT('',(34.,1.8,18.2));
#3767 = CIRCLE('',#3768,6.2);
#3768 = AXIS2_PLACEMENT_3D('',#3769,#3770,#3771);
#3769 = CARTESIAN_POINT('',(34.,8.,18.2));
#3770 = DIRECTION('',(0.,0.,1.));
#3771 = DIRECTION('',(1.,0.,0.));
#3772 = ORIENTED_EDGE('',*,*,#3773,.F.);
#3773 = EDGE_CURVE('',#3039,#3765,#3774,.T.);
#3774 = LINE('',#3775,#3776);
#3775 = CARTESIAN_POINT('',(34.,1.8,13.8));
#3776 = VECTOR('',#3777,1.);
#3777 = DIRECTION('',(0.,0.,1.));
#3778 = ORIENTED_EDGE('',*,*,#3046,.T.);
#3779 = ORIENTED_EDGE('',*,*,#3748,.T.);
#3780 = CYLINDRICAL_SURFACE('',#3781,6.2);
#3781 = AXIS2_PLACEMENT_3D('',#3782,#3783,#3784);
#3782 = CARTESIAN_POINT('',(34.,8.,13.8));
#3783 = DIRECTION('',(0.,0.,1.));
#3784 = DIRECTION('',(1.,0.,0.));
#3785 = ADVANCED_FACE('',(#3786),#3804,.T.);
#3786 = FACE_BOUND('',#3787,.T.);
#3787 = EDGE_LOOP('',(#3788,#3789,#3797,#3803));
#3788 = ORIENTED_EDGE('',*,*,#3038,.F.);
#3789 = ORIENTED_EDGE('',*,*,#3790,.T.);
#3790 = EDGE_CURVE('',#3030,#3791,#3793,.T.);
#3791 = VERTEX_POINT('',#3792);
#3792 = CARTESIAN_POINT('',(8.,1.8,18.2));
#3793 = LINE('',#3794,#3795);
#3794 = CARTESIAN_POINT('',(8.,1.8,13.8));
#3795 = VECTOR('',#3796,1.);
#3796 = DIRECTION('',(0.,0.,1.));
#3797 = ORIENTED_EDGE('',*,*,#3798,.T.);
#3798 = EDGE_CURVE('',#3791,#3765,#3799,.T.);
#3799 = LINE('',#3800,#3801);
#3800 = CARTESIAN_POINT('',(8.,1.8,18.2));
#3801 = VECTOR('',#3802,1.);
#3802 = DIRECTION('',(1.,0.,0.));
#3803 = ORIENTED_EDGE('',*,*,#3773,.F.);
#3804 = PLANE('',#3805);
#3805 = AXIS2_PLACEMENT_3D('',#3806,#3807,#3808);
#3806 = CARTESIAN_POINT('',(8.,1.8,13.8));
#3807 = DIRECTION('',(0.,1.,0.));
#3808 = DIRECTION('',(0.,0.,1.));
#3809 = ADVANCED_FACE('',(#3810),#3829,.F.);
#3810 = FACE_BOUND('',#3811,.F.);
#3811 = EDGE_LOOP('',(#3812,#3821,#3827,#3828));
#3812 = ORIENTED_EDGE('',*,*,#3813,.F.);
#3813 = EDGE_CURVE('',#3814,#3791,#3816,.T.);
#3814 = VERTEX_POINT('',#3815);
#3815 = CARTESIAN_POINT('',(4.427785821102,2.932526678898,18.2));
#3816 = CIRCLE('',#3817,6.2);
#3817 = AXIS2_PLACEMENT_3D('',#3818,#3819,#3820);
#3818 = CARTESIAN_POINT('',(8.,8.,18.2));
#3819 = DIRECTION('',(0.,0.,1.));
#3820 = DIRECTION('',(1.,0.,0.));
#3821 = ORIENTED_EDGE('',*,*,#3822,.F.);
#3822 = EDGE_CURVE('',#3021,#3814,#3823,.T.);
#3823 = LINE('',#3824,#3825);
#3824 = CARTESIAN_POINT('',(4.427785821102,2.932526678898,13.8));
#3825 = VECTOR('',#3826,1.);
#3826 = DIRECTION('',(0.,0.,1.));
#3827 = ORIENTED_EDGE('',*,*,#3029,.T.);
#3828 = ORIENTED_EDGE('',*,*,#3790,.T.);
#3829 = CYLINDRICAL_SURFACE('',#3830,6.2);
#3830 = AXIS2_PLACEMENT_3D('',#3831,#3832,#3833);
#3831 = CARTESIAN_POINT('',(8.,8.,13.8));
#3832 = DIRECTION('',(0.,0.,1.));
#3833 = DIRECTION('',(1.,0.,0.));
#3834 = ADVANCED_FACE('',(#3835),#3879,.F.);
#3835 = FACE_BOUND('',#3836,.F.);
#3836 = EDGE_LOOP('',(#3837,#3846,#3854,#3863,#3869,#3870,#3871,#3878));
#3837 = ORIENTED_EDGE('',*,*,#3838,.F.);
#3838 = EDGE_CURVE('',#3839,#3839,#3841,.T.);
#3839 = VERTEX_POINT('',#3840);
#3840 = CARTESIAN_POINT('',(5.15,4.,18.8));
#3841 = CIRCLE('',#3842,1.15);
#3842 = AXIS2_PLACEMENT_3D('',#3843,#3844,#3845);
#3843 = CARTESIAN_POINT('',(4.,4.,18.8));
#3844 = DIRECTION('',(0.,0.,1.));
#3845 = DIRECTION('',(1.,0.,0.));
#3846 = ORIENTED_EDGE('',*,*,#3847,.F.);
#3847 = EDGE_CURVE('',#3848,#3839,#3850,.T.);
#3848 = VERTEX_POINT('',#3849);
#3849 = CARTESIAN_POINT('',(5.15,4.,18.2));
#3850 = LINE('',#3851,#3852);
#3851 = CARTESIAN_POINT('',(5.15,4.,13.5));
#3852 = VECTOR('',#3853,1.);
#3853 = DIRECTION('',(0.,0.,1.));
#3854 = ORIENTED_EDGE('',*,*,#3855,.T.);
#3855 = EDGE_CURVE('',#3848,#3856,#3858,.T.);
#3856 = VERTEX_POINT('',#3857);
#3857 = CARTESIAN_POINT('',(2.932526678898,4.427785821102,18.2));
#3858 = CIRCLE('',#3859,1.15);
#3859 = AXIS2_PLACEMENT_3D('',#3860,#3861,#3862);
#3860 = CARTESIAN_POINT('',(4.,4.,18.2));
#3861 = DIRECTION('',(0.,0.,1.));
#3862 = DIRECTION('',(1.,0.,0.));
#3863 = ORIENTED_EDGE('',*,*,#3864,.F.);
#3864 = EDGE_CURVE('',#3012,#3856,#3865,.T.);
#3865 = LINE('',#3866,#3867);
#3866 = CARTESIAN_POINT('',(2.932526678898,4.427785821102,13.8));
#3867 = VECTOR('',#3868,1.);
#3868 = DIRECTION('',(0.,0.,1.));
#3869 = ORIENTED_EDGE('',*,*,#3020,.T.);
#3870 = ORIENTED_EDGE('',*,*,#3822,.T.);
#3871 = ORIENTED_EDGE('',*,*,#3872,.T.);
#3872 = EDGE_CURVE('',#3814,#3848,#3873,.T.);
#3873 = CIRCLE('',#3874,1.15);
#3874 = AXIS2_PLACEMENT_3D('',#3875,#3876,#3877);
#3875 = CARTESIAN_POINT('',(4.,4.,18.2));
#3876 = DIRECTION('',(0.,0.,1.));
#3877 = DIRECTION('',(1.,0.,0.));
#3878 = ORIENTED_EDGE('',*,*,#3847,.T.);
#3879 = CYLINDRICAL_SURFACE('',#3880,1.15);
#3880 = AXIS2_PLACEMENT_3D('',#3881,#3882,#3883);
#3881 = CARTESIAN_POINT('',(4.,4.,13.5));
#3882 = DIRECTION('',(0.,0.,1.));
#3883 = DIRECTION('',(1.,0.,0.));
#3884 = ADVANCED_FACE('',(#3885),#3904,.F.);
#3885 = FACE_BOUND('',#3886,.F.);
#3886 = EDGE_LOOP('',(#3887,#3896,#3902,#3903));
#3887 = ORIENTED_EDGE('',*,*,#3888,.F.);
#3888 = EDGE_CURVE('',#3889,#3856,#3891,.T.);
#3889 = VERTEX_POINT('',#3890);
#3890 = CARTESIAN_POINT('',(1.8,8.,18.2));
#3891 = CIRCLE('',#3892,6.2);
#3892 = AXIS2_PLACEMENT_3D('',#3893,#3894,#3895);
#3893 = CARTESIAN_POINT('',(8.,8.,18.2));
#3894 = DIRECTION('',(0.,0.,1.));
#3895 = DIRECTION('',(1.,0.,0.));
#3896 = ORIENTED_EDGE('',*,*,#3897,.F.);
#3897 = EDGE_CURVE('',#3004,#3889,#3898,.T.);
#3898 = LINE('',#3899,#3900);
#3899 = CARTESIAN_POINT('',(1.8,8.,13.8));
#3900 = VECTOR('',#3901,1.);
#3901 = DIRECTION('',(0.,0.,1.));
#3902 = ORIENTED_EDGE('',*,*,#3011,.T.);
#3903 = ORIENTED_EDGE('',*,*,#3864,.T.);
#3904 = CYLINDRICAL_SURFACE('',#3905,6.2);
#3905 = AXIS2_PLACEMENT_3D('',#3906,#3907,#3908);
#3906 = CARTESIAN_POINT('',(8.,8.,13.8));
#3907 = DIRECTION('',(0.,0.,1.));
#3908 = DIRECTION('',(1.,0.,0.));
#3909 = ADVANCED_FACE('',(#3910),#3928,.T.);
#3910 = FACE_BOUND('',#3911,.T.);
#3911 = EDGE_LOOP('',(#3912,#3913,#3914,#3922));
#3912 = ORIENTED_EDGE('',*,*,#3897,.F.);
#3913 = ORIENTED_EDGE('',*,*,#3003,.F.);
#3914 = ORIENTED_EDGE('',*,*,#3915,.T.);
#3915 = EDGE_CURVE('',#2995,#3916,#3918,.T.);
#3916 = VERTEX_POINT('',#3917);
#3917 = CARTESIAN_POINT('',(1.8,52.,18.2));
#3918 = LINE('',#3919,#3920);
#3919 = CARTESIAN_POINT('',(1.8,52.,13.8));
#3920 = VECTOR('',#3921,1.);
#3921 = DIRECTION('',(0.,0.,1.));
#3922 = ORIENTED_EDGE('',*,*,#3923,.F.);
#3923 = EDGE_CURVE('',#3889,#3916,#3924,.T.);
#3924 = LINE('',#3925,#3926);
#3925 = CARTESIAN_POINT('',(1.8,8.,18.2));
#3926 = VECTOR('',#3927,1.);
#3927 = DIRECTION('',(0.,1.,0.));
#3928 = PLANE('',#3929);
#3929 = AXIS2_PLACEMENT_3D('',#3930,#3931,#3932);
#3930 = CARTESIAN_POINT('',(1.8,8.,13.8));
#3931 = DIRECTION('',(1.,0.,0.));
#3932 = DIRECTION('',(0.,0.,1.));
#3933 = ADVANCED_FACE('',(#3934),#3953,.F.);
#3934 = FACE_BOUND('',#3935,.F.);
#3935 = EDGE_LOOP('',(#3936,#3945,#3951,#3952));
#3936 = ORIENTED_EDGE('',*,*,#3937,.F.);
#3937 = EDGE_CURVE('',#3938,#3916,#3940,.T.);
#3938 = VERTEX_POINT('',#3939);
#3939 = CARTESIAN_POINT('',(2.932526678898,55.572214178898,18.2));
#3940 = CIRCLE('',#3941,6.2);
#3941 = AXIS2_PLACEMENT_3D('',#3942,#3943,#3944);
#3942 = CARTESIAN_POINT('',(8.,52.,18.2));
#3943 = DIRECTION('',(0.,0.,1.));
#3944 = DIRECTION('',(1.,0.,0.));
#3945 = ORIENTED_EDGE('',*,*,#3946,.F.);
#3946 = EDGE_CURVE('',#2986,#3938,#3947,.T.);
#3947 = LINE('',#3948,#3949);
#3948 = CARTESIAN_POINT('',(2.932526678898,55.572214178898,13.8));
#3949 = VECTOR('',#3950,1.);
#3950 = DIRECTION('',(0.,0.,1.));
#3951 = ORIENTED_EDGE('',*,*,#2994,.T.);
#3952 = ORIENTED_EDGE('',*,*,#3915,.T.);
#3953 = CYLINDRICAL_SURFACE('',#3954,6.2);
#3954 = AXIS2_PLACEMENT_3D('',#3955,#3956,#3957);
#3955 = CARTESIAN_POINT('',(8.,52.,13.8));
#3956 = DIRECTION('',(0.,0.,1.));
#3957 = DIRECTION('',(1.,0.,0.));
#3958 = ADVANCED_FACE('',(#3959),#4003,.F.);
#3959 = FACE_BOUND('',#3960,.F.);
#3960 = EDGE_LOOP('',(#3961,#3970,#3978,#3987,#3993,#3994,#3995,#4002));
#3961 = ORIENTED_EDGE('',*,*,#3962,.F.);
#3962 = EDGE_CURVE('',#3963,#3963,#3965,.T.);
#3963 = VERTEX_POINT('',#3964);
#3964 = CARTESIAN_POINT('',(5.15,56.,18.8));
#3965 = CIRCLE('',#3966,1.15);
#3966 = AXIS2_PLACEMENT_3D('',#3967,#3968,#3969);
#3967 = CARTESIAN_POINT('',(4.,56.,18.8));
#3968 = DIRECTION('',(0.,0.,1.));
#3969 = DIRECTION('',(1.,0.,0.));
#3970 = ORIENTED_EDGE('',*,*,#3971,.F.);
#3971 = EDGE_CURVE('',#3972,#3963,#3974,.T.);
#3972 = VERTEX_POINT('',#3973);
#3973 = CARTESIAN_POINT('',(5.15,56.,18.2));
#3974 = LINE('',#3975,#3976);
#3975 = CARTESIAN_POINT('',(5.15,56.,13.5));
#3976 = VECTOR('',#3977,1.);
#3977 = DIRECTION('',(0.,0.,1.));
#3978 = ORIENTED_EDGE('',*,*,#3979,.T.);
#3979 = EDGE_CURVE('',#3972,#3980,#3982,.T.);
#3980 = VERTEX_POINT('',#3981);
#3981 = CARTESIAN_POINT('',(4.427785821102,57.067473321102,18.2));
#3982 = CIRCLE('',#3983,1.15);
#3983 = AXIS2_PLACEMENT_3D('',#3984,#3985,#3986);
#3984 = CARTESIAN_POINT('',(4.,56.,18.2));
#3985 = DIRECTION('',(0.,0.,1.));
#3986 = DIRECTION('',(1.,0.,0.));
#3987 = ORIENTED_EDGE('',*,*,#3988,.F.);
#3988 = EDGE_CURVE('',#2977,#3980,#3989,.T.);
#3989 = LINE('',#3990,#3991);
#3990 = CARTESIAN_POINT('',(4.427785821102,57.067473321102,13.8));
#3991 = VECTOR('',#3992,1.);
#3992 = DIRECTION('',(0.,0.,1.));
#3993 = ORIENTED_EDGE('',*,*,#2985,.T.);
#3994 = ORIENTED_EDGE('',*,*,#3946,.T.);
#3995 = ORIENTED_EDGE('',*,*,#3996,.T.);
#3996 = EDGE_CURVE('',#3938,#3972,#3997,.T.);
#3997 = CIRCLE('',#3998,1.15);
#3998 = AXIS2_PLACEMENT_3D('',#3999,#4000,#4001);
#3999 = CARTESIAN_POINT('',(4.,56.,18.2));
#4000 = DIRECTION('',(0.,0.,1.));
#4001 = DIRECTION('',(1.,0.,0.));
#4002 = ORIENTED_EDGE('',*,*,#3971,.T.);
#4003 = CYLINDRICAL_SURFACE('',#4004,1.15);
#4004 = AXIS2_PLACEMENT_3D('',#4005,#4006,#4007);
#4005 = CARTESIAN_POINT('',(4.,56.,13.5));
#4006 = DIRECTION('',(0.,0.,1.));
#4007 = DIRECTION('',(1.,0.,0.));
#4008 = ADVANCED_FACE('',(#4009),#4021,.F.);
#4009 = FACE_BOUND('',#4010,.F.);
#4010 = EDGE_LOOP('',(#4011,#4018,#4019,#4020));
#4011 = ORIENTED_EDGE('',*,*,#4012,.F.);
#4012 = EDGE_CURVE('',#3552,#3980,#4013,.T.);
#4013 = CIRCLE('',#4014,6.2);
#4014 = AXIS2_PLACEMENT_3D('',#4015,#4016,#4017);
#4015 = CARTESIAN_POINT('',(8.,52.,18.2));
#4016 = DIRECTION('',(0.,0.,1.));
#4017 = DIRECTION('',(1.,0.,0.));
#4018 = ORIENTED_EDGE('',*,*,#3551,.F.);
#4019 = ORIENTED_EDGE('',*,*,#2976,.T.);
#4020 = ORIENTED_EDGE('',*,*,#3988,.T.);
#4021 = CYLINDRICAL_SURFACE('',#4022,6.2);
#4022 = AXIS2_PLACEMENT_3D('',#4023,#4024,#4025);
#4023 = CARTESIAN_POINT('',(8.,52.,13.8));
#4024 = DIRECTION('',(0.,0.,1.));
#4025 = DIRECTION('',(1.,0.,0.));
#4026 = ADVANCED_FACE('',(#4027,#4030),#4033,.T.);
#4027 = FACE_BOUND('',#4028,.T.);
#4028 = EDGE_LOOP('',(#4029));
#4029 = ORIENTED_EDGE('',*,*,#3238,.T.);
#4030 = FACE_BOUND('',#4031,.T.);
#4031 = EDGE_LOOP('',(#4032));
#4032 = ORIENTED_EDGE('',*,*,#3838,.F.);
#4033 = PLANE('',#4034);
#4034 = AXIS2_PLACEMENT_3D('',#4035,#4036,#4037);
#4035 = CARTESIAN_POINT('',(4.,4.,18.8));
#4036 = DIRECTION('',(0.,0.,1.));
#4037 = DIRECTION('',(1.,0.,0.));
#4038 = ADVANCED_FACE('',(#4039,#4042),#4045,.T.);
#4039 = FACE_BOUND('',#4040,.T.);
#4040 = EDGE_LOOP('',(#4041));
#4041 = ORIENTED_EDGE('',*,*,#3263,.T.);
#4042 = FACE_BOUND('',#4043,.T.);
#4043 = EDGE_LOOP('',(#4044));
#4044 = ORIENTED_EDGE('',*,*,#3722,.F.);
#4045 = PLANE('',#4046);
#4046 = AXIS2_PLACEMENT_3D('',#4047,#4048,#4049);
#4047 = CARTESIAN_POINT('',(38.,4.,18.8));
#4048 = DIRECTION('',(0.,0.,1.));
#4049 = DIRECTION('',(1.,0.,0.));
#4050 = ADVANCED_FACE('',(#4051,#4071,#4074),#4084,.F.);
#4051 = FACE_BOUND('',#4052,.F.);
#4052 = EDGE_LOOP('',(#4053,#4054,#4055,#4056,#4057,#4058,#4059,#4060,
    #4061,#4062,#4063,#4064,#4065,#4066,#4067,#4068,#4069,#4070));
#4053 = ORIENTED_EDGE('',*,*,#3923,.F.);
#4054 = ORIENTED_EDGE('',*,*,#3888,.T.);
#4055 = ORIENTED_EDGE('',*,*,#3855,.F.);
#4056 = ORIENTED_EDGE('',*,*,#3872,.F.);
#4057 = ORIENTED_EDGE('',*,*,#3813,.T.);
#4058 = ORIENTED_EDGE('',*,*,#3798,.T.);
#4059 = ORIENTED_EDGE('',*,*,#3764,.T.);
#4060 = ORIENTED_EDGE('',*,*,#3739,.F.);
#4061 = ORIENTED_EDGE('',*,*,#3697,.T.);
#4062 = ORIENTED_EDGE('',*,*,#3683,.T.);
#4063 = ORIENTED_EDGE('',*,*,#3648,.T.);
#4064 = ORIENTED_EDGE('',*,*,#3623,.F.);
#4065 = ORIENTED_EDGE('',*,*,#3581,.T.);
#4066 = ORIENTED_EDGE('',*,*,#3559,.F.);
#4067 = ORIENTED_EDGE('',*,*,#4012,.T.);
#4068 = ORIENTED_EDGE('',*,*,#3979,.F.);
#4069 = ORIENTED_EDGE('',*,*,#3996,.F.);
#4070 = ORIENTED_EDGE('',*,*,#3937,.T.);
#4071 = FACE_BOUND('',#4072,.F.);
#4072 = EDGE_LOOP('',(#4073));
#4073 = ORIENTED_EDGE('',*,*,#3288,.F.);
#4074 = FACE_BOUND('',#4075,.F.);
#4075 = EDGE_LOOP('',(#4076,#4077,#4078,#4079,#4080,#4081,#4082,#4083));
#4076 = ORIENTED_EDGE('',*,*,#3338,.F.);
#4077 = ORIENTED_EDGE('',*,*,#3362,.T.);
#4078 = ORIENTED_EDGE('',*,*,#3418,.F.);
#4079 = ORIENTED_EDGE('',*,*,#3459,.F.);
#4080 = ORIENTED_EDGE('',*,*,#3509,.F.);
#4081 = ORIENTED_EDGE('',*,*,#3484,.F.);
#4082 = ORIENTED_EDGE('',*,*,#3436,.F.);
#4083 = ORIENTED_EDGE('',*,*,#3385,.T.);
#4084 = PLANE('',#4085);
#4085 = AXIS2_PLACEMENT_3D('',#4086,#4087,#4088);
#4086 = CARTESIAN_POINT('',(21.,30.,18.2));
#4087 = DIRECTION('',(0.,0.,1.));
#4088 = DIRECTION('',(1.,0.,0.));
#4089 = ADVANCED_FACE('',(#4090,#4093),#4096,.T.);
#4090 = FACE_BOUND('',#4091,.T.);
#4091 = EDGE_LOOP('',(#4092));
#4092 = ORIENTED_EDGE('',*,*,#3313,.T.);
#4093 = FACE_BOUND('',#4094,.T.);
#4094 = EDGE_LOOP('',(#4095));
#4095 = ORIENTED_EDGE('',*,*,#3962,.F.);
#4096 = PLANE('',#4097);
#4097 = AXIS2_PLACEMENT_3D('',#4098,#4099,#4100);
#4098 = CARTESIAN_POINT('',(4.,56.,18.8));
#4099 = DIRECTION('',(0.,0.,1.));
#4100 = DIRECTION('',(1.,0.,0.));
#4101 = ADVANCED_FACE('',(#4102,#4105),#4108,.T.);
#4102 = FACE_BOUND('',#4103,.T.);
#4103 = EDGE_LOOP('',(#4104));
#4104 = ORIENTED_EDGE('',*,*,#3534,.T.);
#4105 = FACE_BOUND('',#4106,.T.);
#4106 = EDGE_LOOP('',(#4107));
#4107 = ORIENTED_EDGE('',*,*,#3606,.F.);
#4108 = PLANE('',#4109);
#4109 = AXIS2_PLACEMENT_3D('',#4110,#4111,#4112);
#4110 = CARTESIAN_POINT('',(38.,56.,18.8));
#4111 = DIRECTION('',(0.,0.,1.));
#4112 = DIRECTION('',(1.,0.,0.));
#4113 = MANIFOLD_SOLID_BREP('',#4114);
#4114 = CLOSED_SHELL('',(#4115,#4157,#4293,#4317,#4341,#4366,#4391,#4583
    ,#4607,#4625,#4657,#4681,#4706,#4730,#4755,#4915,#4940,#4957,#4988,
    #5041,#5065,#5087,#5104,#5121,#5133,#5155,#5172,#5189,#5201,#5223,
    #5240,#5257,#5269,#5291,#5308,#5325,#5337,#5353,#5378,#5402,#5420,
    #5445));
#4115 = ADVANCED_FACE('',(#4116),#4152,.T.);
#4116 = FACE_BOUND('',#4117,.T.);
#4117 = EDGE_LOOP('',(#4118,#4129,#4137,#4146));
#4118 = ORIENTED_EDGE('',*,*,#4119,.F.);
#4119 = EDGE_CURVE('',#4120,#4122,#4124,.T.);
#4120 = VERTEX_POINT('',#4121);
#4121 = CARTESIAN_POINT('',(7.,7.,8.));
#4122 = VERTEX_POINT('',#4123);
#4123 = CARTESIAN_POINT('',(9.,5.,8.));
#4124 = CIRCLE('',#4125,2.);
#4125 = AXIS2_PLACEMENT_3D('',#4126,#4127,#4128);
#4126 = CARTESIAN_POINT('',(9.,7.,8.));
#4127 = DIRECTION('',(0.,0.,1.));
#4128 = DIRECTION('',(1.,0.,0.));
#4129 = ORIENTED_EDGE('',*,*,#4130,.F.);
#4130 = EDGE_CURVE('',#4131,#4120,#4133,.T.);
#4131 = VERTEX_POINT('',#4132);
#4132 = CARTESIAN_POINT('',(7.,7.,0.));
#4133 = LINE('',#4134,#4135);
#4134 = CARTESIAN_POINT('',(7.,7.,0.));
#4135 = VECTOR('',#4136,1.);
#4136 = DIRECTION('',(0.,0.,1.));
#4137 = ORIENTED_EDGE('',*,*,#4138,.T.);
#4138 = EDGE_CURVE('',#4131,#4139,#4141,.T.);
#4139 = VERTEX_POINT('',#4140);
#4140 = CARTESIAN_POINT('',(9.,5.,0.));
#4141 = CIRCLE('',#4142,2.);
#4142 = AXIS2_PLACEMENT_3D('',#4143,#4144,#4145);
#4143 = CARTESIAN_POINT('',(9.,7.,0.));
#4144 = DIRECTION('',(0.,0.,1.));
#4145 = DIRECTION('',(1.,0.,0.));
#4146 = ORIENTED_EDGE('',*,*,#4147,.T.);
#4147 = EDGE_CURVE('',#4139,#4122,#4148,.T.);
#4148 = LINE('',#4149,#4150);
#4149 = CARTESIAN_POINT('',(9.,5.,0.));
#4150 = VECTOR('',#4151,1.);
#4151 = DIRECTION('',(0.,0.,1.));
#4152 = CYLINDRICAL_SURFACE('',#4153,2.);
#4153 = AXIS2_PLACEMENT_3D('',#4154,#4155,#4156);
#4154 = CARTESIAN_POINT('',(9.,7.,0.));
#4155 = DIRECTION('',(0.,0.,1.));
#4156 = DIRECTION('',(1.,0.,0.));
#4157 = ADVANCED_FACE('',(#4158,#4218),#4288,.T.);
#4158 = FACE_BOUND('',#4159,.T.);
#4159 = EDGE_LOOP('',(#4160,#4161,#4169,#4178,#4186,#4195,#4203,#4212));
#4160 = ORIENTED_EDGE('',*,*,#4119,.T.);
#4161 = ORIENTED_EDGE('',*,*,#4162,.T.);
#4162 = EDGE_CURVE('',#4122,#4163,#4165,.T.);
#4163 = VERTEX_POINT('',#4164);
#4164 = CARTESIAN_POINT('',(33.,5.,8.));
#4165 = LINE('',#4166,#4167);
#4166 = CARTESIAN_POINT('',(9.,5.,8.));
#4167 = VECTOR('',#4168,1.);
#4168 = DIRECTION('',(1.,0.,0.));
#4169 = ORIENTED_EDGE('',*,*,#4170,.T.);
#4170 = EDGE_CURVE('',#4163,#4171,#4173,.T.);
#4171 = VERTEX_POINT('',#4172);
#4172 = CARTESIAN_POINT('',(35.,7.,8.));
#4173 = CIRCLE('',#4174,2.);
#4174 = AXIS2_PLACEMENT_3D('',#4175,#4176,#4177);
#4175 = CARTESIAN_POINT('',(33.,7.,8.));
#4176 = DIRECTION('',(0.,0.,1.));
#4177 = DIRECTION('',(1.,0.,0.));
#4178 = ORIENTED_EDGE('',*,*,#4179,.T.);
#4179 = EDGE_CURVE('',#4171,#4180,#4182,.T.);
#4180 = VERTEX_POINT('',#4181);
#4181 = CARTESIAN_POINT('',(35.,37.,8.));
#4182 = LINE('',#4183,#4184);
#4183 = CARTESIAN_POINT('',(35.,7.,8.));
#4184 = VECTOR('',#4185,1.);
#4185 = DIRECTION('',(0.,1.,0.));
#4186 = ORIENTED_EDGE('',*,*,#4187,.T.);
#4187 = EDGE_CURVE('',#4180,#4188,#4190,.T.);
#4188 = VERTEX_POINT('',#4189);
#4189 = CARTESIAN_POINT('',(33.,39.,8.));
#4190 = CIRCLE('',#4191,2.);
#4191 = AXIS2_PLACEMENT_3D('',#4192,#4193,#4194);
#4192 = CARTESIAN_POINT('',(33.,37.,8.));
#4193 = DIRECTION('',(0.,0.,1.));
#4194 = DIRECTION('',(1.,0.,0.));
#4195 = ORIENTED_EDGE('',*,*,#4196,.F.);
#4196 = EDGE_CURVE('',#4197,#4188,#4199,.T.);
#4197 = VERTEX_POINT('',#4198);
#4198 = CARTESIAN_POINT('',(9.,39.,8.));
#4199 = LINE('',#4200,#4201);
#4200 = CARTESIAN_POINT('',(9.,39.,8.));
#4201 = VECTOR('',#4202,1.);
#4202 = DIRECTION('',(1.,0.,0.));
#4203 = ORIENTED_EDGE('',*,*,#4204,.T.);
#4204 = EDGE_CURVE('',#4197,#4205,#4207,.T.);
#4205 = VERTEX_POINT('',#4206);
#4206 = CARTESIAN_POINT('',(7.,37.,8.));
#4207 = CIRCLE('',#4208,2.);
#4208 = AXIS2_PLACEMENT_3D('',#4209,#4210,#4211);
#4209 = CARTESIAN_POINT('',(9.,37.,8.));
#4210 = DIRECTION('',(0.,0.,1.));
#4211 = DIRECTION('',(1.,0.,0.));
#4212 = ORIENTED_EDGE('',*,*,#4213,.F.);
#4213 = EDGE_CURVE('',#4120,#4205,#4214,.T.);
#4214 = LINE('',#4215,#4216);
#4215 = CARTESIAN_POINT('',(7.,7.,8.));
#4216 = VECTOR('',#4217,1.);
#4217 = DIRECTION('',(0.,1.,0.));
#4218 = FACE_BOUND('',#4219,.T.);
#4219 = EDGE_LOOP('',(#4220,#4231,#4239,#4248,#4256,#4265,#4273,#4282));
#4220 = ORIENTED_EDGE('',*,*,#4221,.F.);
#4221 = EDGE_CURVE('',#4222,#4224,#4226,.T.);
#4222 = VERTEX_POINT('',#4223);
#4223 = CARTESIAN_POINT('',(8.5,7.5,8.));
#4224 = VERTEX_POINT('',#4225);
#4225 = CARTESIAN_POINT('',(9.5,6.5,8.));
#4226 = CIRCLE('',#4227,1.);
#4227 = AXIS2_PLACEMENT_3D('',#4228,#4229,#4230);
#4228 = CARTESIAN_POINT('',(9.5,7.5,8.));
#4229 = DIRECTION('',(0.,0.,1.));
#4230 = DIRECTION('',(1.,0.,0.));
#4231 = ORIENTED_EDGE('',*,*,#4232,.T.);
#4232 = EDGE_CURVE('',#4222,#4233,#4235,.T.);
#4233 = VERTEX_POINT('',#4234);
#4234 = CARTESIAN_POINT('',(8.5,36.5,8.));
#4235 = LINE('',#4236,#4237);
#4236 = CARTESIAN_POINT('',(8.5,14.75,8.));
#4237 = VECTOR('',#4238,1.);
#4238 = DIRECTION('',(0.,1.,0.));
#4239 = ORIENTED_EDGE('',*,*,#4240,.F.);
#4240 = EDGE_CURVE('',#4241,#4233,#4243,.T.);
#4241 = VERTEX_POINT('',#4242);
#4242 = CARTESIAN_POINT('',(9.5,37.5,8.));
#4243 = CIRCLE('',#4244,1.);
#4244 = AXIS2_PLACEMENT_3D('',#4245,#4246,#4247);
#4245 = CARTESIAN_POINT('',(9.5,36.5,8.));
#4246 = DIRECTION('',(0.,0.,1.));
#4247 = DIRECTION('',(1.,0.,0.));
#4248 = ORIENTED_EDGE('',*,*,#4249,.F.);
#4249 = EDGE_CURVE('',#4250,#4241,#4252,.T.);
#4250 = VERTEX_POINT('',#4251);
#4251 = CARTESIAN_POINT('',(32.5,37.5,8.));
#4252 = LINE('',#4253,#4254);
#4253 = CARTESIAN_POINT('',(15.25,37.5,8.));
#4254 = VECTOR('',#4255,1.);
#4255 = DIRECTION('',(-1.,0.,0.));
#4256 = ORIENTED_EDGE('',*,*,#4257,.F.);
#4257 = EDGE_CURVE('',#4258,#4250,#4260,.T.);
#4258 = VERTEX_POINT('',#4259);
#4259 = CARTESIAN_POINT('',(33.5,36.5,8.));
#4260 = CIRCLE('',#4261,1.);
#4261 = AXIS2_PLACEMENT_3D('',#4262,#4263,#4264);
#4262 = CARTESIAN_POINT('',(32.5,36.5,8.));
#4263 = DIRECTION('',(0.,0.,1.));
#4264 = DIRECTION('',(1.,0.,0.));
#4265 = ORIENTED_EDGE('',*,*,#4266,.F.);
#4266 = EDGE_CURVE('',#4267,#4258,#4269,.T.);
#4267 = VERTEX_POINT('',#4268);
#4268 = CARTESIAN_POINT('',(33.5,7.5,8.));
#4269 = LINE('',#4270,#4271);
#4270 = CARTESIAN_POINT('',(33.5,14.75,8.));
#4271 = VECTOR('',#4272,1.);
#4272 = DIRECTION('',(0.,1.,0.));
#4273 = ORIENTED_EDGE('',*,*,#4274,.F.);
#4274 = EDGE_CURVE('',#4275,#4267,#4277,.T.);
#4275 = VERTEX_POINT('',#4276);
#4276 = CARTESIAN_POINT('',(32.5,6.5,8.));
#4277 = CIRCLE('',#4278,1.);
#4278 = AXIS2_PLACEMENT_3D('',#4279,#4280,#4281);
#4279 = CARTESIAN_POINT('',(32.5,7.5,8.));
#4280 = DIRECTION('',(0.,0.,1.));
#4281 = DIRECTION('',(1.,0.,0.));
#4282 = ORIENTED_EDGE('',*,*,#4283,.T.);
#4283 = EDGE_CURVE('',#4275,#4224,#4284,.T.);
#4284 = LINE('',#4285,#4286);
#4285 = CARTESIAN_POINT('',(15.25,6.5,8.));
#4286 = VECTOR('',#4287,1.);
#4287 = DIRECTION('',(-1.,0.,0.));
#4288 = PLANE('',#4289);
#4289 = AXIS2_PLACEMENT_3D('',#4290,#4291,#4292);
#4290 = CARTESIAN_POINT('',(21.,22.,8.));
#4291 = DIRECTION('',(0.,0.,1.));
#4292 = DIRECTION('',(1.,0.,0.));
#4293 = ADVANCED_FACE('',(#4294),#4312,.F.);
#4294 = FACE_BOUND('',#4295,.F.);
#4295 = EDGE_LOOP('',(#4296,#4304,#4305,#4306));
#4296 = ORIENTED_EDGE('',*,*,#4297,.F.);
#4297 = EDGE_CURVE('',#4139,#4298,#4300,.T.);
#4298 = VERTEX_POINT('',#4299);
#4299 = CARTESIAN_POINT('',(33.,5.,0.));
#4300 = LINE('',#4301,#4302);
#4301 = CARTESIAN_POINT('',(9.,5.,0.));
#4302 = VECTOR('',#4303,1.);
#4303 = DIRECTION('',(1.,0.,0.));
#4304 = ORIENTED_EDGE('',*,*,#4147,.T.);
#4305 = ORIENTED_EDGE('',*,*,#4162,.T.);
#4306 = ORIENTED_EDGE('',*,*,#4307,.F.);
#4307 = EDGE_CURVE('',#4298,#4163,#4308,.T.);
#4308 = LINE('',#4309,#4310);
#4309 = CARTESIAN_POINT('',(33.,5.,0.));
#4310 = VECTOR('',#4311,1.);
#4311 = DIRECTION('',(0.,0.,1.));
#4312 = PLANE('',#4313);
#4313 = AXIS2_PLACEMENT_3D('',#4314,#4315,#4316);
#4314 = CARTESIAN_POINT('',(9.,5.,0.));
#4315 = DIRECTION('',(0.,1.,0.));
#4316 = DIRECTION('',(0.,0.,1.));
#4317 = ADVANCED_FACE('',(#4318),#4336,.F.);
#4318 = FACE_BOUND('',#4319,.F.);
#4319 = EDGE_LOOP('',(#4320,#4321,#4329,#4335));
#4320 = ORIENTED_EDGE('',*,*,#4130,.F.);
#4321 = ORIENTED_EDGE('',*,*,#4322,.T.);
#4322 = EDGE_CURVE('',#4131,#4323,#4325,.T.);
#4323 = VERTEX_POINT('',#4324);
#4324 = CARTESIAN_POINT('',(7.,37.,0.));
#4325 = LINE('',#4326,#4327);
#4326 = CARTESIAN_POINT('',(7.,7.,0.));
#4327 = VECTOR('',#4328,1.);
#4328 = DIRECTION('',(0.,1.,0.));
#4329 = ORIENTED_EDGE('',*,*,#4330,.T.);
#4330 = EDGE_CURVE('',#4323,#4205,#4331,.T.);
#4331 = LINE('',#4332,#4333);
#4332 = CARTESIAN_POINT('',(7.,37.,0.));
#4333 = VECTOR('',#4334,1.);
#4334 = DIRECTION('',(0.,0.,1.));
#4335 = ORIENTED_EDGE('',*,*,#4213,.F.);
#4336 = PLANE('',#4337);
#4337 = AXIS2_PLACEMENT_3D('',#4338,#4339,#4340);
#4338 = CARTESIAN_POINT('',(7.,7.,0.));
#4339 = DIRECTION('',(1.,0.,0.));
#4340 = DIRECTION('',(0.,0.,1.));
#4341 = ADVANCED_FACE('',(#4342),#4361,.T.);
#4342 = FACE_BOUND('',#4343,.T.);
#4343 = EDGE_LOOP('',(#4344,#4345,#4353,#4360));
#4344 = ORIENTED_EDGE('',*,*,#4204,.F.);
#4345 = ORIENTED_EDGE('',*,*,#4346,.F.);
#4346 = EDGE_CURVE('',#4347,#4197,#4349,.T.);
#4347 = VERTEX_POINT('',#4348);
#4348 = CARTESIAN_POINT('',(9.,39.,0.));
#4349 = LINE('',#4350,#4351);
#4350 = CARTESIAN_POINT('',(9.,39.,0.));
#4351 = VECTOR('',#4352,1.);
#4352 = DIRECTION('',(0.,0.,1.));
#4353 = ORIENTED_EDGE('',*,*,#4354,.T.);
#4354 = EDGE_CURVE('',#4347,#4323,#4355,.T.);
#4355 = CIRCLE('',#4356,2.);
#4356 = AXIS2_PLACEMENT_3D('',#4357,#4358,#4359);
#4357 = CARTESIAN_POINT('',(9.,37.,0.));
#4358 = DIRECTION('',(0.,0.,1.));
#4359 = DIRECTION('',(1.,0.,0.));
#4360 = ORIENTED_EDGE('',*,*,#4330,.T.);
#4361 = CYLINDRICAL_SURFACE('',#4362,2.);
#4362 = AXIS2_PLACEMENT_3D('',#4363,#4364,#4365);
#4363 = CARTESIAN_POINT('',(9.,37.,0.));
#4364 = DIRECTION('',(0.,0.,1.));
#4365 = DIRECTION('',(1.,0.,0.));
#4366 = ADVANCED_FACE('',(#4367),#4386,.T.);
#4367 = FACE_BOUND('',#4368,.T.);
#4368 = EDGE_LOOP('',(#4369,#4370,#4371,#4380));
#4369 = ORIENTED_EDGE('',*,*,#4170,.F.);
#4370 = ORIENTED_EDGE('',*,*,#4307,.F.);
#4371 = ORIENTED_EDGE('',*,*,#4372,.T.);
#4372 = EDGE_CURVE('',#4298,#4373,#4375,.T.);
#4373 = VERTEX_POINT('',#4374);
#4374 = CARTESIAN_POINT('',(35.,7.,0.));
#4375 = CIRCLE('',#4376,2.);
#4376 = AXIS2_PLACEMENT_3D('',#4377,#4378,#4379);
#4377 = CARTESIAN_POINT('',(33.,7.,0.));
#4378 = DIRECTION('',(0.,0.,1.));
#4379 = DIRECTION('',(1.,0.,0.));
#4380 = ORIENTED_EDGE('',*,*,#4381,.T.);
#4381 = EDGE_CURVE('',#4373,#4171,#4382,.T.);
#4382 = LINE('',#4383,#4384);
#4383 = CARTESIAN_POINT('',(35.,7.,0.));
#4384 = VECTOR('',#4385,1.);
#4385 = DIRECTION('',(0.,0.,1.));
#4386 = CYLINDRICAL_SURFACE('',#4387,2.);
#4387 = AXIS2_PLACEMENT_3D('',#4388,#4389,#4390);
#4388 = CARTESIAN_POINT('',(33.,7.,0.));
#4389 = DIRECTION('',(0.,0.,1.));
#4390 = DIRECTION('',(1.,0.,0.));
#4391 = ADVANCED_FACE('',(#4392,#4442,#4476,#4510,#4544),#4578,.T.);
#4392 = FACE_BOUND('',#4393,.T.);
#4393 = EDGE_LOOP('',(#4394,#4402,#4403,#4404,#4412,#4420,#4428,#4436));
#4394 = ORIENTED_EDGE('',*,*,#4395,.F.);
#4395 = EDGE_CURVE('',#4347,#4396,#4398,.T.);
#4396 = VERTEX_POINT('',#4397);
#4397 = CARTESIAN_POINT('',(17.,39.,0.));
#4398 = LINE('',#4399,#4400);
#4399 = CARTESIAN_POINT('',(9.,39.,0.));
#4400 = VECTOR('',#4401,1.);
#4401 = DIRECTION('',(1.,0.,0.));
#4402 = ORIENTED_EDGE('',*,*,#4346,.T.);
#4403 = ORIENTED_EDGE('',*,*,#4196,.T.);
#4404 = ORIENTED_EDGE('',*,*,#4405,.F.);
#4405 = EDGE_CURVE('',#4406,#4188,#4408,.T.);
#4406 = VERTEX_POINT('',#4407);
#4407 = CARTESIAN_POINT('',(33.,39.,0.));
#4408 = LINE('',#4409,#4410);
#4409 = CARTESIAN_POINT('',(33.,39.,0.));
#4410 = VECTOR('',#4411,1.);
#4411 = DIRECTION('',(0.,0.,1.));
#4412 = ORIENTED_EDGE('',*,*,#4413,.F.);
#4413 = EDGE_CURVE('',#4414,#4406,#4416,.T.);
#4414 = VERTEX_POINT('',#4415);
#4415 = CARTESIAN_POINT('',(25.,39.,0.));
#4416 = LINE('',#4417,#4418);
#4417 = CARTESIAN_POINT('',(9.,39.,0.));
#4418 = VECTOR('',#4419,1.);
#4419 = DIRECTION('',(1.,0.,0.));
#4420 = ORIENTED_EDGE('',*,*,#4421,.T.);
#4421 = EDGE_CURVE('',#4414,#4422,#4424,.T.);
#4422 = VERTEX_POINT('',#4423);
#4423 = CARTESIAN_POINT('',(25.,39.,1.6));
#4424 = LINE('',#4425,#4426);
#4425 = CARTESIAN_POINT('',(25.,39.,0.));
#4426 = VECTOR('',#4427,1.);
#4427 = DIRECTION('',(0.,0.,1.));
#4428 = ORIENTED_EDGE('',*,*,#4429,.F.);
#4429 = EDGE_CURVE('',#4430,#4422,#4432,.T.);
#4430 = VERTEX_POINT('',#4431);
#4431 = CARTESIAN_POINT('',(17.,39.,1.6));
#4432 = LINE('',#4433,#4434);
#4433 = CARTESIAN_POINT('',(15.,39.,1.6));
#4434 = VECTOR('',#4435,1.);
#4435 = DIRECTION('',(1.,0.,0.));
#4436 = ORIENTED_EDGE('',*,*,#4437,.F.);
#4437 = EDGE_CURVE('',#4396,#4430,#4438,.T.);
#4438 = LINE('',#4439,#4440);
#4439 = CARTESIAN_POINT('',(17.,39.,0.));
#4440 = VECTOR('',#4441,1.);
#4441 = DIRECTION('',(0.,0.,1.));
#4442 = FACE_BOUND('',#4443,.T.);
#4443 = EDGE_LOOP('',(#4444,#4454,#4462,#4470));
#4444 = ORIENTED_EDGE('',*,*,#4445,.F.);
#4445 = EDGE_CURVE('',#4446,#4448,#4450,.T.);
#4446 = VERTEX_POINT('',#4447);
#4447 = CARTESIAN_POINT('',(11.,39.,5.6));
#4448 = VERTEX_POINT('',#4449);
#4449 = CARTESIAN_POINT('',(13.4,39.,5.6));
#4450 = LINE('',#4451,#4452);
#4451 = CARTESIAN_POINT('',(10.,39.,5.6));
#4452 = VECTOR('',#4453,1.);
#4453 = DIRECTION('',(1.,0.,0.));
#4454 = ORIENTED_EDGE('',*,*,#4455,.T.);
#4455 = EDGE_CURVE('',#4446,#4456,#4458,.T.);
#4456 = VERTEX_POINT('',#4457);
#4457 = CARTESIAN_POINT('',(11.,39.,3.));
#4458 = LINE('',#4459,#4460);
#4459 = CARTESIAN_POINT('',(11.,39.,1.5));
#4460 = VECTOR('',#4461,1.);
#4461 = DIRECTION('',(0.,0.,-1.));
#4462 = ORIENTED_EDGE('',*,*,#4463,.T.);
#4463 = EDGE_CURVE('',#4456,#4464,#4466,.T.);
#4464 = VERTEX_POINT('',#4465);
#4465 = CARTESIAN_POINT('',(13.4,39.,3.));
#4466 = LINE('',#4467,#4468);
#4467 = CARTESIAN_POINT('',(10.,39.,3.));
#4468 = VECTOR('',#4469,1.);
#4469 = DIRECTION('',(1.,0.,0.));
#4470 = ORIENTED_EDGE('',*,*,#4471,.F.);
#4471 = EDGE_CURVE('',#4448,#4464,#4472,.T.);
#4472 = LINE('',#4473,#4474);
#4473 = CARTESIAN_POINT('',(13.4,39.,1.5));
#4474 = VECTOR('',#4475,1.);
#4475 = DIRECTION('',(0.,0.,-1.));
#4476 = FACE_BOUND('',#4477,.T.);
#4477 = EDGE_LOOP('',(#4478,#4488,#4496,#4504));
#4478 = ORIENTED_EDGE('',*,*,#4479,.F.);
#4479 = EDGE_CURVE('',#4480,#4482,#4484,.T.);
#4480 = VERTEX_POINT('',#4481);
#4481 = CARTESIAN_POINT('',(17.,39.,5.6));
#4482 = VERTEX_POINT('',#4483);
#4483 = CARTESIAN_POINT('',(19.4,39.,5.6));
#4484 = LINE('',#4485,#4486);
#4485 = CARTESIAN_POINT('',(13.,39.,5.6));
#4486 = VECTOR('',#4487,1.);
#4487 = DIRECTION('',(1.,0.,0.));
#4488 = ORIENTED_EDGE('',*,*,#4489,.T.);
#4489 = EDGE_CURVE('',#4480,#4490,#4492,.T.);
#4490 = VERTEX_POINT('',#4491);
#4491 = CARTESIAN_POINT('',(17.,39.,3.));
#4492 = LINE('',#4493,#4494);
#4493 = CARTESIAN_POINT('',(17.,39.,1.5));
#4494 = VECTOR('',#4495,1.);
#4495 = DIRECTION('',(0.,0.,-1.));
#4496 = ORIENTED_EDGE('',*,*,#4497,.T.);
#4497 = EDGE_CURVE('',#4490,#4498,#4500,.T.);
#4498 = VERTEX_POINT('',#4499);
#4499 = CARTESIAN_POINT('',(19.4,39.,3.));
#4500 = LINE('',#4501,#4502);
#4501 = CARTESIAN_POINT('',(13.,39.,3.));
#4502 = VECTOR('',#4503,1.);
#4503 = DIRECTION('',(1.,0.,0.));
#4504 = ORIENTED_EDGE('',*,*,#4505,.F.);
#4505 = EDGE_CURVE('',#4482,#4498,#4506,.T.);
#4506 = LINE('',#4507,#4508);
#4507 = CARTESIAN_POINT('',(19.4,39.,1.5));
#4508 = VECTOR('',#4509,1.);
#4509 = DIRECTION('',(0.,0.,-1.));
#4510 = FACE_BOUND('',#4511,.T.);
#4511 = EDGE_LOOP('',(#4512,#4522,#4530,#4538));
#4512 = ORIENTED_EDGE('',*,*,#4513,.F.);
#4513 = EDGE_CURVE('',#4514,#4516,#4518,.T.);
#4514 = VERTEX_POINT('',#4515);
#4515 = CARTESIAN_POINT('',(23.,39.,5.6));
#4516 = VERTEX_POINT('',#4517);
#4517 = CARTESIAN_POINT('',(25.4,39.,5.6));
#4518 = LINE('',#4519,#4520);
#4519 = CARTESIAN_POINT('',(16.,39.,5.6));
#4520 = VECTOR('',#4521,1.);
#4521 = DIRECTION('',(1.,0.,0.));
#4522 = ORIENTED_EDGE('',*,*,#4523,.T.);
#4523 = EDGE_CURVE('',#4514,#4524,#4526,.T.);
#4524 = VERTEX_POINT('',#4525);
#4525 = CARTESIAN_POINT('',(23.,39.,3.));
#4526 = LINE('',#4527,#4528);
#4527 = CARTESIAN_POINT('',(23.,39.,1.5));
#4528 = VECTOR('',#4529,1.);
#4529 = DIRECTION('',(0.,0.,-1.));
#4530 = ORIENTED_EDGE('',*,*,#4531,.T.);
#4531 = EDGE_CURVE('',#4524,#4532,#4534,.T.);
#4532 = VERTEX_POINT('',#4533);
#4533 = CARTESIAN_POINT('',(25.4,39.,3.));
#4534 = LINE('',#4535,#4536);
#4535 = CARTESIAN_POINT('',(16.,39.,3.));
#4536 = VECTOR('',#4537,1.);
#4537 = DIRECTION('',(1.,0.,0.));
#4538 = ORIENTED_EDGE('',*,*,#4539,.F.);
#4539 = EDGE_CURVE('',#4516,#4532,#4540,.T.);
#4540 = LINE('',#4541,#4542);
#4541 = CARTESIAN_POINT('',(25.4,39.,1.5));
#4542 = VECTOR('',#4543,1.);
#4543 = DIRECTION('',(0.,0.,-1.));
#4544 = FACE_BOUND('',#4545,.T.);
#4545 = EDGE_LOOP('',(#4546,#4556,#4564,#4572));
#4546 = ORIENTED_EDGE('',*,*,#4547,.F.);
#4547 = EDGE_CURVE('',#4548,#4550,#4552,.T.);
#4548 = VERTEX_POINT('',#4549);
#4549 = CARTESIAN_POINT('',(29.,39.,5.6));
#4550 = VERTEX_POINT('',#4551);
#4551 = CARTESIAN_POINT('',(31.4,39.,5.6));
#4552 = LINE('',#4553,#4554);
#4553 = CARTESIAN_POINT('',(19.,39.,5.6));
#4554 = VECTOR('',#4555,1.);
#4555 = DIRECTION('',(1.,0.,0.));
#4556 = ORIENTED_EDGE('',*,*,#4557,.T.);
#4557 = EDGE_CURVE('',#4548,#4558,#4560,.T.);
#4558 = VERTEX_POINT('',#4559);
#4559 = CARTESIAN_POINT('',(29.,39.,3.));
#4560 = LINE('',#4561,#4562);
#4561 = CARTESIAN_POINT('',(29.,39.,1.5));
#4562 = VECTOR('',#4563,1.);
#4563 = DIRECTION('',(0.,0.,-1.));
#4564 = ORIENTED_EDGE('',*,*,#4565,.T.);
#4565 = EDGE_CURVE('',#4558,#4566,#4568,.T.);
#4566 = VERTEX_POINT('',#4567);
#4567 = CARTESIAN_POINT('',(31.4,39.,3.));
#4568 = LINE('',#4569,#4570);
#4569 = CARTESIAN_POINT('',(19.,39.,3.));
#4570 = VECTOR('',#4571,1.);
#4571 = DIRECTION('',(1.,0.,0.));
#4572 = ORIENTED_EDGE('',*,*,#4573,.F.);
#4573 = EDGE_CURVE('',#4550,#4566,#4574,.T.);
#4574 = LINE('',#4575,#4576);
#4575 = CARTESIAN_POINT('',(31.4,39.,1.5));
#4576 = VECTOR('',#4577,1.);
#4577 = DIRECTION('',(0.,0.,-1.));
#4578 = PLANE('',#4579);
#4579 = AXIS2_PLACEMENT_3D('',#4580,#4581,#4582);
#4580 = CARTESIAN_POINT('',(9.,39.,0.));
#4581 = DIRECTION('',(0.,1.,0.));
#4582 = DIRECTION('',(0.,0.,1.));
#4583 = ADVANCED_FACE('',(#4584),#4602,.T.);
#4584 = FACE_BOUND('',#4585,.T.);
#4585 = EDGE_LOOP('',(#4586,#4587,#4595,#4601));
#4586 = ORIENTED_EDGE('',*,*,#4381,.F.);
#4587 = ORIENTED_EDGE('',*,*,#4588,.T.);
#4588 = EDGE_CURVE('',#4373,#4589,#4591,.T.);
#4589 = VERTEX_POINT('',#4590);
#4590 = CARTESIAN_POINT('',(35.,37.,0.));
#4591 = LINE('',#4592,#4593);
#4592 = CARTESIAN_POINT('',(35.,7.,0.));
#4593 = VECTOR('',#4594,1.);
#4594 = DIRECTION('',(0.,1.,0.));
#4595 = ORIENTED_EDGE('',*,*,#4596,.T.);
#4596 = EDGE_CURVE('',#4589,#4180,#4597,.T.);
#4597 = LINE('',#4598,#4599);
#4598 = CARTESIAN_POINT('',(35.,37.,0.));
#4599 = VECTOR('',#4600,1.);
#4600 = DIRECTION('',(0.,0.,1.));
#4601 = ORIENTED_EDGE('',*,*,#4179,.F.);
#4602 = PLANE('',#4603);
#4603 = AXIS2_PLACEMENT_3D('',#4604,#4605,#4606);
#4604 = CARTESIAN_POINT('',(35.,7.,0.));
#4605 = DIRECTION('',(1.,0.,0.));
#4606 = DIRECTION('',(0.,0.,1.));
#4607 = ADVANCED_FACE('',(#4608),#4620,.T.);
#4608 = FACE_BOUND('',#4609,.T.);
#4609 = EDGE_LOOP('',(#4610,#4611,#4612,#4619));
#4610 = ORIENTED_EDGE('',*,*,#4187,.F.);
#4611 = ORIENTED_EDGE('',*,*,#4596,.F.);
#4612 = ORIENTED_EDGE('',*,*,#4613,.T.);
#4613 = EDGE_CURVE('',#4589,#4406,#4614,.T.);
#4614 = CIRCLE('',#4615,2.);
#4615 = AXIS2_PLACEMENT_3D('',#4616,#4617,#4618);
#4616 = CARTESIAN_POINT('',(33.,37.,0.));
#4617 = DIRECTION('',(0.,0.,1.));
#4618 = DIRECTION('',(1.,0.,0.));
#4619 = ORIENTED_EDGE('',*,*,#4405,.T.);
#4620 = CYLINDRICAL_SURFACE('',#4621,2.);
#4621 = AXIS2_PLACEMENT_3D('',#4622,#4623,#4624);
#4622 = CARTESIAN_POINT('',(33.,37.,0.));
#4623 = DIRECTION('',(0.,0.,1.));
#4624 = DIRECTION('',(1.,0.,0.));
#4625 = ADVANCED_FACE('',(#4626),#4652,.F.);
#4626 = FACE_BOUND('',#4627,.F.);
#4627 = EDGE_LOOP('',(#4628,#4629,#4637,#4646));
#4628 = ORIENTED_EDGE('',*,*,#4221,.F.);
#4629 = ORIENTED_EDGE('',*,*,#4630,.F.);
#4630 = EDGE_CURVE('',#4631,#4222,#4633,.T.);
#4631 = VERTEX_POINT('',#4632);
#4632 = CARTESIAN_POINT('',(8.5,7.5,1.4));
#4633 = LINE('',#4634,#4635);
#4634 = CARTESIAN_POINT('',(8.5,7.5,1.4));
#4635 = VECTOR('',#4636,1.);
#4636 = DIRECTION('',(0.,0.,1.));
#4637 = ORIENTED_EDGE('',*,*,#4638,.T.);
#4638 = EDGE_CURVE('',#4631,#4639,#4641,.T.);
#4639 = VERTEX_POINT('',#4640);
#4640 = CARTESIAN_POINT('',(9.5,6.5,1.4));
#4641 = CIRCLE('',#4642,1.);
#4642 = AXIS2_PLACEMENT_3D('',#4643,#4644,#4645);
#4643 = CARTESIAN_POINT('',(9.5,7.5,1.4));
#4644 = DIRECTION('',(0.,0.,1.));
#4645 = DIRECTION('',(1.,0.,0.));
#4646 = ORIENTED_EDGE('',*,*,#4647,.T.);
#4647 = EDGE_CURVE('',#4639,#4224,#4648,.T.);
#4648 = LINE('',#4649,#4650);
#4649 = CARTESIAN_POINT('',(9.5,6.5,1.4));
#4650 = VECTOR('',#4651,1.);
#4651 = DIRECTION('',(0.,0.,1.));
#4652 = CYLINDRICAL_SURFACE('',#4653,1.);
#4653 = AXIS2_PLACEMENT_3D('',#4654,#4655,#4656);
#4654 = CARTESIAN_POINT('',(9.5,7.5,1.4));
#4655 = DIRECTION('',(0.,0.,1.));
#4656 = DIRECTION('',(1.,0.,0.));
#4657 = ADVANCED_FACE('',(#4658),#4676,.T.);
#4658 = FACE_BOUND('',#4659,.T.);
#4659 = EDGE_LOOP('',(#4660,#4668,#4669,#4670));
#4660 = ORIENTED_EDGE('',*,*,#4661,.F.);
#4661 = EDGE_CURVE('',#4639,#4662,#4664,.T.);
#4662 = VERTEX_POINT('',#4663);
#4663 = CARTESIAN_POINT('',(32.5,6.5,1.4));
#4664 = LINE('',#4665,#4666);
#4665 = CARTESIAN_POINT('',(9.5,6.5,1.4));
#4666 = VECTOR('',#4667,1.);
#4667 = DIRECTION('',(1.,0.,0.));
#4668 = ORIENTED_EDGE('',*,*,#4647,.T.);
#4669 = ORIENTED_EDGE('',*,*,#4283,.F.);
#4670 = ORIENTED_EDGE('',*,*,#4671,.F.);
#4671 = EDGE_CURVE('',#4662,#4275,#4672,.T.);
#4672 = LINE('',#4673,#4674);
#4673 = CARTESIAN_POINT('',(32.5,6.5,1.4));
#4674 = VECTOR('',#4675,1.);
#4675 = DIRECTION('',(0.,0.,1.));
#4676 = PLANE('',#4677);
#4677 = AXIS2_PLACEMENT_3D('',#4678,#4679,#4680);
#4678 = CARTESIAN_POINT('',(9.5,6.5,1.4));
#4679 = DIRECTION('',(0.,1.,0.));
#4680 = DIRECTION('',(0.,0.,1.));
#4681 = ADVANCED_FACE('',(#4682),#4701,.F.);
#4682 = FACE_BOUND('',#4683,.F.);
#4683 = EDGE_LOOP('',(#4684,#4693,#4699,#4700));
#4684 = ORIENTED_EDGE('',*,*,#4685,.T.);
#4685 = EDGE_CURVE('',#4662,#4686,#4688,.T.);
#4686 = VERTEX_POINT('',#4687);
#4687 = CARTESIAN_POINT('',(33.5,7.5,1.4));
#4688 = CIRCLE('',#4689,1.);
#4689 = AXIS2_PLACEMENT_3D('',#4690,#4691,#4692);
#4690 = CARTESIAN_POINT('',(32.5,7.5,1.4));
#4691 = DIRECTION('',(0.,0.,1.));
#4692 = DIRECTION('',(1.,0.,0.));
#4693 = ORIENTED_EDGE('',*,*,#4694,.T.);
#4694 = EDGE_CURVE('',#4686,#4267,#4695,.T.);
#4695 = LINE('',#4696,#4697);
#4696 = CARTESIAN_POINT('',(33.5,7.5,1.4));
#4697 = VECTOR('',#4698,1.);
#4698 = DIRECTION('',(0.,0.,1.));
#4699 = ORIENTED_EDGE('',*,*,#4274,.F.);
#4700 = ORIENTED_EDGE('',*,*,#4671,.F.);
#4701 = CYLINDRICAL_SURFACE('',#4702,1.);
#4702 = AXIS2_PLACEMENT_3D('',#4703,#4704,#4705);
#4703 = CARTESIAN_POINT('',(32.5,7.5,1.4));
#4704 = DIRECTION('',(0.,0.,1.));
#4705 = DIRECTION('',(1.,0.,0.));
#4706 = ADVANCED_FACE('',(#4707),#4725,.F.);
#4707 = FACE_BOUND('',#4708,.F.);
#4708 = EDGE_LOOP('',(#4709,#4710,#4718,#4724));
#4709 = ORIENTED_EDGE('',*,*,#4694,.F.);
#4710 = ORIENTED_EDGE('',*,*,#4711,.T.);
#4711 = EDGE_CURVE('',#4686,#4712,#4714,.T.);
#4712 = VERTEX_POINT('',#4713);
#4713 = CARTESIAN_POINT('',(33.5,36.5,1.4));
#4714 = LINE('',#4715,#4716);
#4715 = CARTESIAN_POINT('',(33.5,7.5,1.4));
#4716 = VECTOR('',#4717,1.);
#4717 = DIRECTION('',(0.,1.,0.));
#4718 = ORIENTED_EDGE('',*,*,#4719,.T.);
#4719 = EDGE_CURVE('',#4712,#4258,#4720,.T.);
#4720 = LINE('',#4721,#4722);
#4721 = CARTESIAN_POINT('',(33.5,36.5,1.4));
#4722 = VECTOR('',#4723,1.);
#4723 = DIRECTION('',(0.,0.,1.));
#4724 = ORIENTED_EDGE('',*,*,#4266,.F.);
#4725 = PLANE('',#4726);
#4726 = AXIS2_PLACEMENT_3D('',#4727,#4728,#4729);
#4727 = CARTESIAN_POINT('',(33.5,7.5,1.4));
#4728 = DIRECTION('',(1.,0.,0.));
#4729 = DIRECTION('',(0.,0.,1.));
#4730 = ADVANCED_FACE('',(#4731),#4750,.F.);
#4731 = FACE_BOUND('',#4732,.F.);
#4732 = EDGE_LOOP('',(#4733,#4734,#4735,#4744));
#4733 = ORIENTED_EDGE('',*,*,#4257,.F.);
#4734 = ORIENTED_EDGE('',*,*,#4719,.F.);
#4735 = ORIENTED_EDGE('',*,*,#4736,.T.);
#4736 = EDGE_CURVE('',#4712,#4737,#4739,.T.);
#4737 = VERTEX_POINT('',#4738);
#4738 = CARTESIAN_POINT('',(32.5,37.5,1.4));
#4739 = CIRCLE('',#4740,1.);
#4740 = AXIS2_PLACEMENT_3D('',#4741,#4742,#4743);
#4741 = CARTESIAN_POINT('',(32.5,36.5,1.4));
#4742 = DIRECTION('',(0.,0.,1.));
#4743 = DIRECTION('',(1.,0.,0.));
#4744 = ORIENTED_EDGE('',*,*,#4745,.T.);
#4745 = EDGE_CURVE('',#4737,#4250,#4746,.T.);
#4746 = LINE('',#4747,#4748);
#4747 = CARTESIAN_POINT('',(32.5,37.5,1.4));
#4748 = VECTOR('',#4749,1.);
#4749 = DIRECTION('',(0.,0.,1.));
#4750 = CYLINDRICAL_SURFACE('',#4751,1.);
#4751 = AXIS2_PLACEMENT_3D('',#4752,#4753,#4754);
#4752 = CARTESIAN_POINT('',(32.5,36.5,1.4));
#4753 = DIRECTION('',(0.,0.,1.));
#4754 = DIRECTION('',(1.,0.,0.));
#4755 = ADVANCED_FACE('',(#4756,#4774,#4808,#4842,#4876),#4910,.F.);
#4756 = FACE_BOUND('',#4757,.F.);
#4757 = EDGE_LOOP('',(#4758,#4766,#4772,#4773));
#4758 = ORIENTED_EDGE('',*,*,#4759,.F.);
#4759 = EDGE_CURVE('',#4760,#4737,#4762,.T.);
#4760 = VERTEX_POINT('',#4761);
#4761 = CARTESIAN_POINT('',(9.5,37.5,1.4));
#4762 = LINE('',#4763,#4764);
#4763 = CARTESIAN_POINT('',(9.5,37.5,1.4));
#4764 = VECTOR('',#4765,1.);
#4765 = DIRECTION('',(1.,0.,0.));
#4766 = ORIENTED_EDGE('',*,*,#4767,.T.);
#4767 = EDGE_CURVE('',#4760,#4241,#4768,.T.);
#4768 = LINE('',#4769,#4770);
#4769 = CARTESIAN_POINT('',(9.5,37.5,1.4));
#4770 = VECTOR('',#4771,1.);
#4771 = DIRECTION('',(0.,0.,1.));
#4772 = ORIENTED_EDGE('',*,*,#4249,.F.);
#4773 = ORIENTED_EDGE('',*,*,#4745,.F.);
#4774 = FACE_BOUND('',#4775,.F.);
#4775 = EDGE_LOOP('',(#4776,#4786,#4794,#4802));
#4776 = ORIENTED_EDGE('',*,*,#4777,.F.);
#4777 = EDGE_CURVE('',#4778,#4780,#4782,.T.);
#4778 = VERTEX_POINT('',#4779);
#4779 = CARTESIAN_POINT('',(11.,37.5,3.));
#4780 = VERTEX_POINT('',#4781);
#4781 = CARTESIAN_POINT('',(11.,37.5,5.6));
#4782 = LINE('',#4783,#4784);
#4783 = CARTESIAN_POINT('',(11.,37.5,3.));
#4784 = VECTOR('',#4785,1.);
#4785 = DIRECTION('',(0.,0.,1.));
#4786 = ORIENTED_EDGE('',*,*,#4787,.T.);
#4787 = EDGE_CURVE('',#4778,#4788,#4790,.T.);
#4788 = VERTEX_POINT('',#4789);
#4789 = CARTESIAN_POINT('',(13.4,37.5,3.));
#4790 = LINE('',#4791,#4792);
#4791 = CARTESIAN_POINT('',(11.,37.5,3.));
#4792 = VECTOR('',#4793,1.);
#4793 = DIRECTION('',(1.,0.,0.));
#4794 = ORIENTED_EDGE('',*,*,#4795,.T.);
#4795 = EDGE_CURVE('',#4788,#4796,#4798,.T.);
#4796 = VERTEX_POINT('',#4797);
#4797 = CARTESIAN_POINT('',(13.4,37.5,5.6));
#4798 = LINE('',#4799,#4800);
#4799 = CARTESIAN_POINT('',(13.4,37.5,3.));
#4800 = VECTOR('',#4801,1.);
#4801 = DIRECTION('',(0.,0.,1.));
#4802 = ORIENTED_EDGE('',*,*,#4803,.F.);
#4803 = EDGE_CURVE('',#4780,#4796,#4804,.T.);
#4804 = LINE('',#4805,#4806);
#4805 = CARTESIAN_POINT('',(11.,37.5,5.6));
#4806 = VECTOR('',#4807,1.);
#4807 = DIRECTION('',(1.,0.,0.));
#4808 = FACE_BOUND('',#4809,.F.);
#4809 = EDGE_LOOP('',(#4810,#4820,#4828,#4836));
#4810 = ORIENTED_EDGE('',*,*,#4811,.F.);
#4811 = EDGE_CURVE('',#4812,#4814,#4816,.T.);
#4812 = VERTEX_POINT('',#4813);
#4813 = CARTESIAN_POINT('',(17.,37.5,3.));
#4814 = VERTEX_POINT('',#4815);
#4815 = CARTESIAN_POINT('',(17.,37.5,5.6));
#4816 = LINE('',#4817,#4818);
#4817 = CARTESIAN_POINT('',(17.,37.5,3.));
#4818 = VECTOR('',#4819,1.);
#4819 = DIRECTION('',(0.,0.,1.));
#4820 = ORIENTED_EDGE('',*,*,#4821,.T.);
#4821 = EDGE_CURVE('',#4812,#4822,#4824,.T.);
#4822 = VERTEX_POINT('',#4823);
#4823 = CARTESIAN_POINT('',(19.4,37.5,3.));
#4824 = LINE('',#4825,#4826);
#4825 = CARTESIAN_POINT('',(17.,37.5,3.));
#4826 = VECTOR('',#4827,1.);
#4827 = DIRECTION('',(1.,0.,0.));
#4828 = ORIENTED_EDGE('',*,*,#4829,.T.);
#4829 = EDGE_CURVE('',#4822,#4830,#4832,.T.);
#4830 = VERTEX_POINT('',#4831);
#4831 = CARTESIAN_POINT('',(19.4,37.5,5.6));
#4832 = LINE('',#4833,#4834);
#4833 = CARTESIAN_POINT('',(19.4,37.5,3.));
#4834 = VECTOR('',#4835,1.);
#4835 = DIRECTION('',(0.,0.,1.));
#4836 = ORIENTED_EDGE('',*,*,#4837,.F.);
#4837 = EDGE_CURVE('',#4814,#4830,#4838,.T.);
#4838 = LINE('',#4839,#4840);
#4839 = CARTESIAN_POINT('',(17.,37.5,5.6));
#4840 = VECTOR('',#4841,1.);
#4841 = DIRECTION('',(1.,0.,0.));
#4842 = FACE_BOUND('',#4843,.F.);
#4843 = EDGE_LOOP('',(#4844,#4854,#4862,#4870));
#4844 = ORIENTED_EDGE('',*,*,#4845,.F.);
#4845 = EDGE_CURVE('',#4846,#4848,#4850,.T.);
#4846 = VERTEX_POINT('',#4847);
#4847 = CARTESIAN_POINT('',(23.,37.5,3.));
#4848 = VERTEX_POINT('',#4849);
#4849 = CARTESIAN_POINT('',(23.,37.5,5.6));
#4850 = LINE('',#4851,#4852);
#4851 = CARTESIAN_POINT('',(23.,37.5,3.));
#4852 = VECTOR('',#4853,1.);
#4853 = DIRECTION('',(0.,0.,1.));
#4854 = ORIENTED_EDGE('',*,*,#4855,.T.);
#4855 = EDGE_CURVE('',#4846,#4856,#4858,.T.);
#4856 = VERTEX_POINT('',#4857);
#4857 = CARTESIAN_POINT('',(25.4,37.5,3.));
#4858 = LINE('',#4859,#4860);
#4859 = CARTESIAN_POINT('',(23.,37.5,3.));
#4860 = VECTOR('',#4861,1.);
#4861 = DIRECTION('',(1.,0.,0.));
#4862 = ORIENTED_EDGE('',*,*,#4863,.T.);
#4863 = EDGE_CURVE('',#4856,#4864,#4866,.T.);
#4864 = VERTEX_POINT('',#4865);
#4865 = CARTESIAN_POINT('',(25.4,37.5,5.6));
#4866 = LINE('',#4867,#4868);
#4867 = CARTESIAN_POINT('',(25.4,37.5,3.));
#4868 = VECTOR('',#4869,1.);
#4869 = DIRECTION('',(0.,0.,1.));
#4870 = ORIENTED_EDGE('',*,*,#4871,.F.);
#4871 = EDGE_CURVE('',#4848,#4864,#4872,.T.);
#4872 = LINE('',#4873,#4874);
#4873 = CARTESIAN_POINT('',(23.,37.5,5.6));
#4874 = VECTOR('',#4875,1.);
#4875 = DIRECTION('',(1.,0.,0.));
#4876 = FACE_BOUND('',#4877,.F.);
#4877 = EDGE_LOOP('',(#4878,#4888,#4896,#4904));
#4878 = ORIENTED_EDGE('',*,*,#4879,.F.);
#4879 = EDGE_CURVE('',#4880,#4882,#4884,.T.);
#4880 = VERTEX_POINT('',#4881);
#4881 = CARTESIAN_POINT('',(29.,37.5,3.));
#4882 = VERTEX_POINT('',#4883);
#4883 = CARTESIAN_POINT('',(29.,37.5,5.6));
#4884 = LINE('',#4885,#4886);
#4885 = CARTESIAN_POINT('',(29.,37.5,3.));
#4886 = VECTOR('',#4887,1.);
#4887 = DIRECTION('',(0.,0.,1.));
#4888 = ORIENTED_EDGE('',*,*,#4889,.T.);
#4889 = EDGE_CURVE('',#4880,#4890,#4892,.T.);
#4890 = VERTEX_POINT('',#4891);
#4891 = CARTESIAN_POINT('',(31.4,37.5,3.));
#4892 = LINE('',#4893,#4894);
#4893 = CARTESIAN_POINT('',(29.,37.5,3.));
#4894 = VECTOR('',#4895,1.);
#4895 = DIRECTION('',(1.,0.,0.));
#4896 = ORIENTED_EDGE('',*,*,#4897,.T.);
#4897 = EDGE_CURVE('',#4890,#4898,#4900,.T.);
#4898 = VERTEX_POINT('',#4899);
#4899 = CARTESIAN_POINT('',(31.4,37.5,5.6));
#4900 = LINE('',#4901,#4902);
#4901 = CARTESIAN_POINT('',(31.4,37.5,3.));
#4902 = VECTOR('',#4903,1.);
#4903 = DIRECTION('',(0.,0.,1.));
#4904 = ORIENTED_EDGE('',*,*,#4905,.F.);
#4905 = EDGE_CURVE('',#4882,#4898,#4906,.T.);
#4906 = LINE('',#4907,#4908);
#4907 = CARTESIAN_POINT('',(29.,37.5,5.6));
#4908 = VECTOR('',#4909,1.);
#4909 = DIRECTION('',(1.,0.,0.));
#4910 = PLANE('',#4911);
#4911 = AXIS2_PLACEMENT_3D('',#4912,#4913,#4914);
#4912 = CARTESIAN_POINT('',(9.5,37.5,1.4));
#4913 = DIRECTION('',(0.,1.,0.));
#4914 = DIRECTION('',(0.,0.,1.));
#4915 = ADVANCED_FACE('',(#4916),#4935,.F.);
#4916 = FACE_BOUND('',#4917,.F.);
#4917 = EDGE_LOOP('',(#4918,#4919,#4920,#4929));
#4918 = ORIENTED_EDGE('',*,*,#4240,.F.);
#4919 = ORIENTED_EDGE('',*,*,#4767,.F.);
#4920 = ORIENTED_EDGE('',*,*,#4921,.T.);
#4921 = EDGE_CURVE('',#4760,#4922,#4924,.T.);
#4922 = VERTEX_POINT('',#4923);
#4923 = CARTESIAN_POINT('',(8.5,36.5,1.4));
#4924 = CIRCLE('',#4925,1.);
#4925 = AXIS2_PLACEMENT_3D('',#4926,#4927,#4928);
#4926 = CARTESIAN_POINT('',(9.5,36.5,1.4));
#4927 = DIRECTION('',(0.,0.,1.));
#4928 = DIRECTION('',(1.,0.,0.));
#4929 = ORIENTED_EDGE('',*,*,#4930,.T.);
#4930 = EDGE_CURVE('',#4922,#4233,#4931,.T.);
#4931 = LINE('',#4932,#4933);
#4932 = CARTESIAN_POINT('',(8.5,36.5,1.4));
#4933 = VECTOR('',#4934,1.);
#4934 = DIRECTION('',(0.,0.,1.));
#4935 = CYLINDRICAL_SURFACE('',#4936,1.);
#4936 = AXIS2_PLACEMENT_3D('',#4937,#4938,#4939);
#4937 = CARTESIAN_POINT('',(9.5,36.5,1.4));
#4938 = DIRECTION('',(0.,0.,1.));
#4939 = DIRECTION('',(1.,0.,0.));
#4940 = ADVANCED_FACE('',(#4941),#4952,.T.);
#4941 = FACE_BOUND('',#4942,.T.);
#4942 = EDGE_LOOP('',(#4943,#4944,#4950,#4951));
#4943 = ORIENTED_EDGE('',*,*,#4630,.F.);
#4944 = ORIENTED_EDGE('',*,*,#4945,.T.);
#4945 = EDGE_CURVE('',#4631,#4922,#4946,.T.);
#4946 = LINE('',#4947,#4948);
#4947 = CARTESIAN_POINT('',(8.5,7.5,1.4));
#4948 = VECTOR('',#4949,1.);
#4949 = DIRECTION('',(0.,1.,0.));
#4950 = ORIENTED_EDGE('',*,*,#4930,.T.);
#4951 = ORIENTED_EDGE('',*,*,#4232,.F.);
#4952 = PLANE('',#4953);
#4953 = AXIS2_PLACEMENT_3D('',#4954,#4955,#4956);
#4954 = CARTESIAN_POINT('',(8.5,7.5,1.4));
#4955 = DIRECTION('',(1.,0.,0.));
#4956 = DIRECTION('',(0.,0.,1.));
#4957 = ADVANCED_FACE('',(#4958),#4983,.F.);
#4958 = FACE_BOUND('',#4959,.F.);
#4959 = EDGE_LOOP('',(#4960,#4961,#4969,#4977));
#4960 = ORIENTED_EDGE('',*,*,#4437,.F.);
#4961 = ORIENTED_EDGE('',*,*,#4962,.T.);
#4962 = EDGE_CURVE('',#4396,#4963,#4965,.T.);
#4963 = VERTEX_POINT('',#4964);
#4964 = CARTESIAN_POINT('',(17.,43.,0.));
#4965 = LINE('',#4966,#4967);
#4966 = CARTESIAN_POINT('',(17.,39.,0.));
#4967 = VECTOR('',#4968,1.);
#4968 = DIRECTION('',(0.,1.,0.));
#4969 = ORIENTED_EDGE('',*,*,#4970,.T.);
#4970 = EDGE_CURVE('',#4963,#4971,#4973,.T.);
#4971 = VERTEX_POINT('',#4972);
#4972 = CARTESIAN_POINT('',(17.,43.,1.6));
#4973 = LINE('',#4974,#4975);
#4974 = CARTESIAN_POINT('',(17.,43.,0.));
#4975 = VECTOR('',#4976,1.);
#4976 = DIRECTION('',(0.,0.,1.));
#4977 = ORIENTED_EDGE('',*,*,#4978,.F.);
#4978 = EDGE_CURVE('',#4430,#4971,#4979,.T.);
#4979 = LINE('',#4980,#4981);
#4980 = CARTESIAN_POINT('',(17.,39.,1.6));
#4981 = VECTOR('',#4982,1.);
#4982 = DIRECTION('',(0.,1.,0.));
#4983 = PLANE('',#4984);
#4984 = AXIS2_PLACEMENT_3D('',#4985,#4986,#4987);
#4985 = CARTESIAN_POINT('',(17.,39.,0.));
#4986 = DIRECTION('',(1.,0.,0.));
#4987 = DIRECTION('',(0.,0.,1.));
#4988 = ADVANCED_FACE('',(#4989,#5025),#5036,.T.);
#4989 = FACE_BOUND('',#4990,.T.);
#4990 = EDGE_LOOP('',(#4991,#4992,#4993,#5001,#5010,#5018));
#4991 = ORIENTED_EDGE('',*,*,#4978,.F.);
#4992 = ORIENTED_EDGE('',*,*,#4429,.T.);
#4993 = ORIENTED_EDGE('',*,*,#4994,.T.);
#4994 = EDGE_CURVE('',#4422,#4995,#4997,.T.);
#4995 = VERTEX_POINT('',#4996);
#4996 = CARTESIAN_POINT('',(25.,43.,1.6));
#4997 = LINE('',#4998,#4999);
#4998 = CARTESIAN_POINT('',(25.,39.,1.6));
#4999 = VECTOR('',#5000,1.);
#5000 = DIRECTION('',(0.,1.,0.));
#5001 = ORIENTED_EDGE('',*,*,#5002,.T.);
#5002 = EDGE_CURVE('',#4995,#5003,#5005,.T.);
#5003 = VERTEX_POINT('',#5004);
#5004 = CARTESIAN_POINT('',(24.,44.,1.6));
#5005 = CIRCLE('',#5006,1.);
#5006 = AXIS2_PLACEMENT_3D('',#5007,#5008,#5009);
#5007 = CARTESIAN_POINT('',(24.,43.,1.6));
#5008 = DIRECTION('',(0.,0.,1.));
#5009 = DIRECTION('',(1.,0.,0.));
#5010 = ORIENTED_EDGE('',*,*,#5011,.F.);
#5011 = EDGE_CURVE('',#5012,#5003,#5014,.T.);
#5012 = VERTEX_POINT('',#5013);
#5013 = CARTESIAN_POINT('',(18.,44.,1.6));
#5014 = LINE('',#5015,#5016);
#5015 = CARTESIAN_POINT('',(18.,44.,1.6));
#5016 = VECTOR('',#5017,1.);
#5017 = DIRECTION('',(1.,0.,0.));
#5018 = ORIENTED_EDGE('',*,*,#5019,.T.);
#5019 = EDGE_CURVE('',#5012,#4971,#5020,.T.);
#5020 = CIRCLE('',#5021,1.);
#5021 = AXIS2_PLACEMENT_3D('',#5022,#5023,#5024);
#5022 = CARTESIAN_POINT('',(18.,43.,1.6));
#5023 = DIRECTION('',(0.,0.,1.));
#5024 = DIRECTION('',(1.,0.,0.));
#5025 = FACE_BOUND('',#5026,.T.);
#5026 = EDGE_LOOP('',(#5027));
#5027 = ORIENTED_EDGE('',*,*,#5028,.F.);
#5028 = EDGE_CURVE('',#5029,#5029,#5031,.T.);
#5029 = VERTEX_POINT('',#5030);
#5030 = CARTESIAN_POINT('',(22.1,42.,1.6));
#5031 = CIRCLE('',#5032,1.1);
#5032 = AXIS2_PLACEMENT_3D('',#5033,#5034,#5035);
#5033 = CARTESIAN_POINT('',(21.,42.,1.6));
#5034 = DIRECTION('',(0.,0.,1.));
#5035 = DIRECTION('',(1.,0.,0.));
#5036 = PLANE('',#5037);
#5037 = AXIS2_PLACEMENT_3D('',#5038,#5039,#5040);
#5038 = CARTESIAN_POINT('',(21.,41.,1.6));
#5039 = DIRECTION('',(0.,0.,1.));
#5040 = DIRECTION('',(1.,0.,0.));
#5041 = ADVANCED_FACE('',(#5042),#5060,.T.);
#5042 = FACE_BOUND('',#5043,.T.);
#5043 = EDGE_LOOP('',(#5044,#5045,#5053,#5059));
#5044 = ORIENTED_EDGE('',*,*,#4421,.F.);
#5045 = ORIENTED_EDGE('',*,*,#5046,.T.);
#5046 = EDGE_CURVE('',#4414,#5047,#5049,.T.);
#5047 = VERTEX_POINT('',#5048);
#5048 = CARTESIAN_POINT('',(25.,43.,0.));
#5049 = LINE('',#5050,#5051);
#5050 = CARTESIAN_POINT('',(25.,39.,0.));
#5051 = VECTOR('',#5052,1.);
#5052 = DIRECTION('',(0.,1.,0.));
#5053 = ORIENTED_EDGE('',*,*,#5054,.T.);
#5054 = EDGE_CURVE('',#5047,#4995,#5055,.T.);
#5055 = LINE('',#5056,#5057);
#5056 = CARTESIAN_POINT('',(25.,43.,0.));
#5057 = VECTOR('',#5058,1.);
#5058 = DIRECTION('',(0.,0.,1.));
#5059 = ORIENTED_EDGE('',*,*,#4994,.F.);
#5060 = PLANE('',#5061);
#5061 = AXIS2_PLACEMENT_3D('',#5062,#5063,#5064);
#5062 = CARTESIAN_POINT('',(25.,39.,0.));
#5063 = DIRECTION('',(1.,0.,0.));
#5064 = DIRECTION('',(0.,0.,1.));
#5065 = ADVANCED_FACE('',(#5066),#5082,.F.);
#5066 = FACE_BOUND('',#5067,.F.);
#5067 = EDGE_LOOP('',(#5068,#5074,#5075,#5081));
#5068 = ORIENTED_EDGE('',*,*,#5069,.F.);
#5069 = EDGE_CURVE('',#4780,#4446,#5070,.T.);
#5070 = LINE('',#5071,#5072);
#5071 = CARTESIAN_POINT('',(11.,37.5,5.6));
#5072 = VECTOR('',#5073,1.);
#5073 = DIRECTION('',(0.,1.,0.));
#5074 = ORIENTED_EDGE('',*,*,#4803,.T.);
#5075 = ORIENTED_EDGE('',*,*,#5076,.T.);
#5076 = EDGE_CURVE('',#4796,#4448,#5077,.T.);
#5077 = LINE('',#5078,#5079);
#5078 = CARTESIAN_POINT('',(13.4,37.5,5.6));
#5079 = VECTOR('',#5080,1.);
#5080 = DIRECTION('',(0.,1.,0.));
#5081 = ORIENTED_EDGE('',*,*,#4445,.F.);
#5082 = PLANE('',#5083);
#5083 = AXIS2_PLACEMENT_3D('',#5084,#5085,#5086);
#5084 = CARTESIAN_POINT('',(11.,37.5,5.6));
#5085 = DIRECTION('',(0.,0.,1.));
#5086 = DIRECTION('',(1.,0.,0.));
#5087 = ADVANCED_FACE('',(#5088),#5099,.T.);
#5088 = FACE_BOUND('',#5089,.T.);
#5089 = EDGE_LOOP('',(#5090,#5091,#5097,#5098));
#5090 = ORIENTED_EDGE('',*,*,#4777,.F.);
#5091 = ORIENTED_EDGE('',*,*,#5092,.T.);
#5092 = EDGE_CURVE('',#4778,#4456,#5093,.T.);
#5093 = LINE('',#5094,#5095);
#5094 = CARTESIAN_POINT('',(11.,37.5,3.));
#5095 = VECTOR('',#5096,1.);
#5096 = DIRECTION('',(0.,1.,0.));
#5097 = ORIENTED_EDGE('',*,*,#4455,.F.);
#5098 = ORIENTED_EDGE('',*,*,#5069,.F.);
#5099 = PLANE('',#5100);
#5100 = AXIS2_PLACEMENT_3D('',#5101,#5102,#5103);
#5101 = CARTESIAN_POINT('',(11.,37.5,3.));
#5102 = DIRECTION('',(1.,0.,0.));
#5103 = DIRECTION('',(0.,0.,1.));
#5104 = ADVANCED_FACE('',(#5105),#5116,.F.);
#5105 = FACE_BOUND('',#5106,.F.);
#5106 = EDGE_LOOP('',(#5107,#5108,#5114,#5115));
#5107 = ORIENTED_EDGE('',*,*,#4795,.F.);
#5108 = ORIENTED_EDGE('',*,*,#5109,.T.);
#5109 = EDGE_CURVE('',#4788,#4464,#5110,.T.);
#5110 = LINE('',#5111,#5112);
#5111 = CARTESIAN_POINT('',(13.4,37.5,3.));
#5112 = VECTOR('',#5113,1.);
#5113 = DIRECTION('',(0.,1.,0.));
#5114 = ORIENTED_EDGE('',*,*,#4471,.F.);
#5115 = ORIENTED_EDGE('',*,*,#5076,.F.);
#5116 = PLANE('',#5117);
#5117 = AXIS2_PLACEMENT_3D('',#5118,#5119,#5120);
#5118 = CARTESIAN_POINT('',(13.4,37.5,3.));
#5119 = DIRECTION('',(1.,0.,0.));
#5120 = DIRECTION('',(0.,0.,1.));
#5121 = ADVANCED_FACE('',(#5122),#5128,.T.);
#5122 = FACE_BOUND('',#5123,.T.);
#5123 = EDGE_LOOP('',(#5124,#5125,#5126,#5127));
#5124 = ORIENTED_EDGE('',*,*,#5092,.F.);
#5125 = ORIENTED_EDGE('',*,*,#4787,.T.);
#5126 = ORIENTED_EDGE('',*,*,#5109,.T.);
#5127 = ORIENTED_EDGE('',*,*,#4463,.F.);
#5128 = PLANE('',#5129);
#5129 = AXIS2_PLACEMENT_3D('',#5130,#5131,#5132);
#5130 = CARTESIAN_POINT('',(11.,37.5,3.));
#5131 = DIRECTION('',(0.,0.,1.));
#5132 = DIRECTION('',(1.,0.,0.));
#5133 = ADVANCED_FACE('',(#5134),#5150,.F.);
#5134 = FACE_BOUND('',#5135,.F.);
#5135 = EDGE_LOOP('',(#5136,#5142,#5143,#5149));
#5136 = ORIENTED_EDGE('',*,*,#5137,.F.);
#5137 = EDGE_CURVE('',#4814,#4480,#5138,.T.);
#5138 = LINE('',#5139,#5140);
#5139 = CARTESIAN_POINT('',(17.,37.5,5.6));
#5140 = VECTOR('',#5141,1.);
#5141 = DIRECTION('',(0.,1.,0.));
#5142 = ORIENTED_EDGE('',*,*,#4837,.T.);
#5143 = ORIENTED_EDGE('',*,*,#5144,.T.);
#5144 = EDGE_CURVE('',#4830,#4482,#5145,.T.);
#5145 = LINE('',#5146,#5147);
#5146 = CARTESIAN_POINT('',(19.4,37.5,5.6));
#5147 = VECTOR('',#5148,1.);
#5148 = DIRECTION('',(0.,1.,0.));
#5149 = ORIENTED_EDGE('',*,*,#4479,.F.);
#5150 = PLANE('',#5151);
#5151 = AXIS2_PLACEMENT_3D('',#5152,#5153,#5154);
#5152 = CARTESIAN_POINT('',(17.,37.5,5.6));
#5153 = DIRECTION('',(0.,0.,1.));
#5154 = DIRECTION('',(1.,0.,0.));
#5155 = ADVANCED_FACE('',(#5156),#5167,.T.);
#5156 = FACE_BOUND('',#5157,.T.);
#5157 = EDGE_LOOP('',(#5158,#5159,#5165,#5166));
#5158 = ORIENTED_EDGE('',*,*,#4811,.F.);
#5159 = ORIENTED_EDGE('',*,*,#5160,.T.);
#5160 = EDGE_CURVE('',#4812,#4490,#5161,.T.);
#5161 = LINE('',#5162,#5163);
#5162 = CARTESIAN_POINT('',(17.,37.5,3.));
#5163 = VECTOR('',#5164,1.);
#5164 = DIRECTION('',(0.,1.,0.));
#5165 = ORIENTED_EDGE('',*,*,#4489,.F.);
#5166 = ORIENTED_EDGE('',*,*,#5137,.F.);
#5167 = PLANE('',#5168);
#5168 = AXIS2_PLACEMENT_3D('',#5169,#5170,#5171);
#5169 = CARTESIAN_POINT('',(17.,37.5,3.));
#5170 = DIRECTION('',(1.,0.,0.));
#5171 = DIRECTION('',(0.,0.,1.));
#5172 = ADVANCED_FACE('',(#5173),#5184,.F.);
#5173 = FACE_BOUND('',#5174,.F.);
#5174 = EDGE_LOOP('',(#5175,#5176,#5182,#5183));
#5175 = ORIENTED_EDGE('',*,*,#4829,.F.);
#5176 = ORIENTED_EDGE('',*,*,#5177,.T.);
#5177 = EDGE_CURVE('',#4822,#4498,#5178,.T.);
#5178 = LINE('',#5179,#5180);
#5179 = CARTESIAN_POINT('',(19.4,37.5,3.));
#5180 = VECTOR('',#5181,1.);
#5181 = DIRECTION('',(0.,1.,0.));
#5182 = ORIENTED_EDGE('',*,*,#4505,.F.);
#5183 = ORIENTED_EDGE('',*,*,#5144,.F.);
#5184 = PLANE('',#5185);
#5185 = AXIS2_PLACEMENT_3D('',#5186,#5187,#5188);
#5186 = CARTESIAN_POINT('',(19.4,37.5,3.));
#5187 = DIRECTION('',(1.,0.,0.));
#5188 = DIRECTION('',(0.,0.,1.));
#5189 = ADVANCED_FACE('',(#5190),#5196,.T.);
#5190 = FACE_BOUND('',#5191,.T.);
#5191 = EDGE_LOOP('',(#5192,#5193,#5194,#5195));
#5192 = ORIENTED_EDGE('',*,*,#5160,.F.);
#5193 = ORIENTED_EDGE('',*,*,#4821,.T.);
#5194 = ORIENTED_EDGE('',*,*,#5177,.T.);
#5195 = ORIENTED_EDGE('',*,*,#4497,.F.);
#5196 = PLANE('',#5197);
#5197 = AXIS2_PLACEMENT_3D('',#5198,#5199,#5200);
#5198 = CARTESIAN_POINT('',(17.,37.5,3.));
#5199 = DIRECTION('',(0.,0.,1.));
#5200 = DIRECTION('',(1.,0.,0.));
#5201 = ADVANCED_FACE('',(#5202),#5218,.F.);
#5202 = FACE_BOUND('',#5203,.F.);
#5203 = EDGE_LOOP('',(#5204,#5210,#5211,#5217));
#5204 = ORIENTED_EDGE('',*,*,#5205,.F.);
#5205 = EDGE_CURVE('',#4848,#4514,#5206,.T.);
#5206 = LINE('',#5207,#5208);
#5207 = CARTESIAN_POINT('',(23.,37.5,5.6));
#5208 = VECTOR('',#5209,1.);
#5209 = DIRECTION('',(0.,1.,0.));
#5210 = ORIENTED_EDGE('',*,*,#4871,.T.);
#5211 = ORIENTED_EDGE('',*,*,#5212,.T.);
#5212 = EDGE_CURVE('',#4864,#4516,#5213,.T.);
#5213 = LINE('',#5214,#5215);
#5214 = CARTESIAN_POINT('',(25.4,37.5,5.6));
#5215 = VECTOR('',#5216,1.);
#5216 = DIRECTION('',(0.,1.,0.));
#5217 = ORIENTED_EDGE('',*,*,#4513,.F.);
#5218 = PLANE('',#5219);
#5219 = AXIS2_PLACEMENT_3D('',#5220,#5221,#5222);
#5220 = CARTESIAN_POINT('',(23.,37.5,5.6));
#5221 = DIRECTION('',(0.,0.,1.));
#5222 = DIRECTION('',(1.,0.,0.));
#5223 = ADVANCED_FACE('',(#5224),#5235,.T.);
#5224 = FACE_BOUND('',#5225,.T.);
#5225 = EDGE_LOOP('',(#5226,#5227,#5233,#5234));
#5226 = ORIENTED_EDGE('',*,*,#4845,.F.);
#5227 = ORIENTED_EDGE('',*,*,#5228,.T.);
#5228 = EDGE_CURVE('',#4846,#4524,#5229,.T.);
#5229 = LINE('',#5230,#5231);
#5230 = CARTESIAN_POINT('',(23.,37.5,3.));
#5231 = VECTOR('',#5232,1.);
#5232 = DIRECTION('',(0.,1.,0.));
#5233 = ORIENTED_EDGE('',*,*,#4523,.F.);
#5234 = ORIENTED_EDGE('',*,*,#5205,.F.);
#5235 = PLANE('',#5236);
#5236 = AXIS2_PLACEMENT_3D('',#5237,#5238,#5239);
#5237 = CARTESIAN_POINT('',(23.,37.5,3.));
#5238 = DIRECTION('',(1.,0.,0.));
#5239 = DIRECTION('',(0.,0.,1.));
#5240 = ADVANCED_FACE('',(#5241),#5252,.F.);
#5241 = FACE_BOUND('',#5242,.F.);
#5242 = EDGE_LOOP('',(#5243,#5244,#5250,#5251));
#5243 = ORIENTED_EDGE('',*,*,#4863,.F.);
#5244 = ORIENTED_EDGE('',*,*,#5245,.T.);
#5245 = EDGE_CURVE('',#4856,#4532,#5246,.T.);
#5246 = LINE('',#5247,#5248);
#5247 = CARTESIAN_POINT('',(25.4,37.5,3.));
#5248 = VECTOR('',#5249,1.);
#5249 = DIRECTION('',(0.,1.,0.));
#5250 = ORIENTED_EDGE('',*,*,#4539,.F.);
#5251 = ORIENTED_EDGE('',*,*,#5212,.F.);
#5252 = PLANE('',#5253);
#5253 = AXIS2_PLACEMENT_3D('',#5254,#5255,#5256);
#5254 = CARTESIAN_POINT('',(25.4,37.5,3.));
#5255 = DIRECTION('',(1.,0.,0.));
#5256 = DIRECTION('',(0.,0.,1.));
#5257 = ADVANCED_FACE('',(#5258),#5264,.T.);
#5258 = FACE_BOUND('',#5259,.T.);
#5259 = EDGE_LOOP('',(#5260,#5261,#5262,#5263));
#5260 = ORIENTED_EDGE('',*,*,#5228,.F.);
#5261 = ORIENTED_EDGE('',*,*,#4855,.T.);
#5262 = ORIENTED_EDGE('',*,*,#5245,.T.);
#5263 = ORIENTED_EDGE('',*,*,#4531,.F.);
#5264 = PLANE('',#5265);
#5265 = AXIS2_PLACEMENT_3D('',#5266,#5267,#5268);
#5266 = CARTESIAN_POINT('',(23.,37.5,3.));
#5267 = DIRECTION('',(0.,0.,1.));
#5268 = DIRECTION('',(1.,0.,0.));
#5269 = ADVANCED_FACE('',(#5270),#5286,.F.);
#5270 = FACE_BOUND('',#5271,.F.);
#5271 = EDGE_LOOP('',(#5272,#5278,#5279,#5285));
#5272 = ORIENTED_EDGE('',*,*,#5273,.F.);
#5273 = EDGE_CURVE('',#4882,#4548,#5274,.T.);
#5274 = LINE('',#5275,#5276);
#5275 = CARTESIAN_POINT('',(29.,37.5,5.6));
#5276 = VECTOR('',#5277,1.);
#5277 = DIRECTION('',(0.,1.,0.));
#5278 = ORIENTED_EDGE('',*,*,#4905,.T.);
#5279 = ORIENTED_EDGE('',*,*,#5280,.T.);
#5280 = EDGE_CURVE('',#4898,#4550,#5281,.T.);
#5281 = LINE('',#5282,#5283);
#5282 = CARTESIAN_POINT('',(31.4,37.5,5.6));
#5283 = VECTOR('',#5284,1.);
#5284 = DIRECTION('',(0.,1.,0.));
#5285 = ORIENTED_EDGE('',*,*,#4547,.F.);
#5286 = PLANE('',#5287);
#5287 = AXIS2_PLACEMENT_3D('',#5288,#5289,#5290);
#5288 = CARTESIAN_POINT('',(29.,37.5,5.6));
#5289 = DIRECTION('',(0.,0.,1.));
#5290 = DIRECTION('',(1.,0.,0.));
#5291 = ADVANCED_FACE('',(#5292),#5303,.F.);
#5292 = FACE_BOUND('',#5293,.F.);
#5293 = EDGE_LOOP('',(#5294,#5295,#5301,#5302));
#5294 = ORIENTED_EDGE('',*,*,#4897,.F.);
#5295 = ORIENTED_EDGE('',*,*,#5296,.T.);
#5296 = EDGE_CURVE('',#4890,#4566,#5297,.T.);
#5297 = LINE('',#5298,#5299);
#5298 = CARTESIAN_POINT('',(31.4,37.5,3.));
#5299 = VECTOR('',#5300,1.);
#5300 = DIRECTION('',(0.,1.,0.));
#5301 = ORIENTED_EDGE('',*,*,#4573,.F.);
#5302 = ORIENTED_EDGE('',*,*,#5280,.F.);
#5303 = PLANE('',#5304);
#5304 = AXIS2_PLACEMENT_3D('',#5305,#5306,#5307);
#5305 = CARTESIAN_POINT('',(31.4,37.5,3.));
#5306 = DIRECTION('',(1.,0.,0.));
#5307 = DIRECTION('',(0.,0.,1.));
#5308 = ADVANCED_FACE('',(#5309),#5320,.T.);
#5309 = FACE_BOUND('',#5310,.T.);
#5310 = EDGE_LOOP('',(#5311,#5317,#5318,#5319));
#5311 = ORIENTED_EDGE('',*,*,#5312,.F.);
#5312 = EDGE_CURVE('',#4880,#4558,#5313,.T.);
#5313 = LINE('',#5314,#5315);
#5314 = CARTESIAN_POINT('',(29.,37.5,3.));
#5315 = VECTOR('',#5316,1.);
#5316 = DIRECTION('',(0.,1.,0.));
#5317 = ORIENTED_EDGE('',*,*,#4889,.T.);
#5318 = ORIENTED_EDGE('',*,*,#5296,.T.);
#5319 = ORIENTED_EDGE('',*,*,#4565,.F.);
#5320 = PLANE('',#5321);
#5321 = AXIS2_PLACEMENT_3D('',#5322,#5323,#5324);
#5322 = CARTESIAN_POINT('',(29.,37.5,3.));
#5323 = DIRECTION('',(0.,0.,1.));
#5324 = DIRECTION('',(1.,0.,0.));
#5325 = ADVANCED_FACE('',(#5326),#5332,.T.);
#5326 = FACE_BOUND('',#5327,.T.);
#5327 = EDGE_LOOP('',(#5328,#5329,#5330,#5331));
#5328 = ORIENTED_EDGE('',*,*,#4879,.F.);
#5329 = ORIENTED_EDGE('',*,*,#5312,.T.);
#5330 = ORIENTED_EDGE('',*,*,#4557,.F.);
#5331 = ORIENTED_EDGE('',*,*,#5273,.F.);
#5332 = PLANE('',#5333);
#5333 = AXIS2_PLACEMENT_3D('',#5334,#5335,#5336);
#5334 = CARTESIAN_POINT('',(29.,37.5,3.));
#5335 = DIRECTION('',(1.,0.,0.));
#5336 = DIRECTION('',(0.,0.,1.));
#5337 = ADVANCED_FACE('',(#5338),#5348,.F.);
#5338 = FACE_BOUND('',#5339,.F.);
#5339 = EDGE_LOOP('',(#5340,#5341,#5342,#5343,#5344,#5345,#5346,#5347));
#5340 = ORIENTED_EDGE('',*,*,#4638,.F.);
#5341 = ORIENTED_EDGE('',*,*,#4945,.T.);
#5342 = ORIENTED_EDGE('',*,*,#4921,.F.);
#5343 = ORIENTED_EDGE('',*,*,#4759,.T.);
#5344 = ORIENTED_EDGE('',*,*,#4736,.F.);
#5345 = ORIENTED_EDGE('',*,*,#4711,.F.);
#5346 = ORIENTED_EDGE('',*,*,#4685,.F.);
#5347 = ORIENTED_EDGE('',*,*,#4661,.F.);
#5348 = PLANE('',#5349);
#5349 = AXIS2_PLACEMENT_3D('',#5350,#5351,#5352);
#5350 = CARTESIAN_POINT('',(21.,22.,1.4));
#5351 = DIRECTION('',(-0.,-0.,-1.));
#5352 = DIRECTION('',(-1.,0.,0.));
#5353 = ADVANCED_FACE('',(#5354),#5373,.T.);
#5354 = FACE_BOUND('',#5355,.T.);
#5355 = EDGE_LOOP('',(#5356,#5357,#5365,#5372));
#5356 = ORIENTED_EDGE('',*,*,#5019,.F.);
#5357 = ORIENTED_EDGE('',*,*,#5358,.F.);
#5358 = EDGE_CURVE('',#5359,#5012,#5361,.T.);
#5359 = VERTEX_POINT('',#5360);
#5360 = CARTESIAN_POINT('',(18.,44.,0.));
#5361 = LINE('',#5362,#5363);
#5362 = CARTESIAN_POINT('',(18.,44.,0.));
#5363 = VECTOR('',#5364,1.);
#5364 = DIRECTION('',(0.,0.,1.));
#5365 = ORIENTED_EDGE('',*,*,#5366,.T.);
#5366 = EDGE_CURVE('',#5359,#4963,#5367,.T.);
#5367 = CIRCLE('',#5368,1.);
#5368 = AXIS2_PLACEMENT_3D('',#5369,#5370,#5371);
#5369 = CARTESIAN_POINT('',(18.,43.,0.));
#5370 = DIRECTION('',(0.,0.,1.));
#5371 = DIRECTION('',(1.,0.,0.));
#5372 = ORIENTED_EDGE('',*,*,#4970,.T.);
#5373 = CYLINDRICAL_SURFACE('',#5374,1.);
#5374 = AXIS2_PLACEMENT_3D('',#5375,#5376,#5377);
#5375 = CARTESIAN_POINT('',(18.,43.,0.));
#5376 = DIRECTION('',(0.,0.,1.));
#5377 = DIRECTION('',(1.,0.,0.));
#5378 = ADVANCED_FACE('',(#5379),#5397,.T.);
#5379 = FACE_BOUND('',#5380,.T.);
#5380 = EDGE_LOOP('',(#5381,#5389,#5390,#5391));
#5381 = ORIENTED_EDGE('',*,*,#5382,.F.);
#5382 = EDGE_CURVE('',#5359,#5383,#5385,.T.);
#5383 = VERTEX_POINT('',#5384);
#5384 = CARTESIAN_POINT('',(24.,44.,0.));
#5385 = LINE('',#5386,#5387);
#5386 = CARTESIAN_POINT('',(18.,44.,0.));
#5387 = VECTOR('',#5388,1.);
#5388 = DIRECTION('',(1.,0.,0.));
#5389 = ORIENTED_EDGE('',*,*,#5358,.T.);
#5390 = ORIENTED_EDGE('',*,*,#5011,.T.);
#5391 = ORIENTED_EDGE('',*,*,#5392,.F.);
#5392 = EDGE_CURVE('',#5383,#5003,#5393,.T.);
#5393 = LINE('',#5394,#5395);
#5394 = CARTESIAN_POINT('',(24.,44.,0.));
#5395 = VECTOR('',#5396,1.);
#5396 = DIRECTION('',(0.,0.,1.));
#5397 = PLANE('',#5398);
#5398 = AXIS2_PLACEMENT_3D('',#5399,#5400,#5401);
#5399 = CARTESIAN_POINT('',(18.,44.,0.));
#5400 = DIRECTION('',(0.,1.,0.));
#5401 = DIRECTION('',(0.,0.,1.));
#5402 = ADVANCED_FACE('',(#5403),#5415,.T.);
#5403 = FACE_BOUND('',#5404,.T.);
#5404 = EDGE_LOOP('',(#5405,#5406,#5407,#5414));
#5405 = ORIENTED_EDGE('',*,*,#5002,.F.);
#5406 = ORIENTED_EDGE('',*,*,#5054,.F.);
#5407 = ORIENTED_EDGE('',*,*,#5408,.T.);
#5408 = EDGE_CURVE('',#5047,#5383,#5409,.T.);
#5409 = CIRCLE('',#5410,1.);
#5410 = AXIS2_PLACEMENT_3D('',#5411,#5412,#5413);
#5411 = CARTESIAN_POINT('',(24.,43.,0.));
#5412 = DIRECTION('',(0.,0.,1.));
#5413 = DIRECTION('',(1.,0.,0.));
#5414 = ORIENTED_EDGE('',*,*,#5392,.T.);
#5415 = CYLINDRICAL_SURFACE('',#5416,1.);
#5416 = AXIS2_PLACEMENT_3D('',#5417,#5418,#5419);
#5417 = CARTESIAN_POINT('',(24.,43.,0.));
#5418 = DIRECTION('',(0.,0.,1.));
#5419 = DIRECTION('',(1.,0.,0.));
#5420 = ADVANCED_FACE('',(#5421),#5440,.F.);
#5421 = FACE_BOUND('',#5422,.F.);
#5422 = EDGE_LOOP('',(#5423,#5424,#5432,#5439));
#5423 = ORIENTED_EDGE('',*,*,#5028,.F.);
#5424 = ORIENTED_EDGE('',*,*,#5425,.F.);
#5425 = EDGE_CURVE('',#5426,#5029,#5428,.T.);
#5426 = VERTEX_POINT('',#5427);
#5427 = CARTESIAN_POINT('',(22.1,42.,0.));
#5428 = LINE('',#5429,#5430);
#5429 = CARTESIAN_POINT('',(22.1,42.,-0.1));
#5430 = VECTOR('',#5431,1.);
#5431 = DIRECTION('',(0.,0.,1.));
#5432 = ORIENTED_EDGE('',*,*,#5433,.T.);
#5433 = EDGE_CURVE('',#5426,#5426,#5434,.T.);
#5434 = CIRCLE('',#5435,1.1);
#5435 = AXIS2_PLACEMENT_3D('',#5436,#5437,#5438);
#5436 = CARTESIAN_POINT('',(21.,42.,0.));
#5437 = DIRECTION('',(0.,0.,1.));
#5438 = DIRECTION('',(1.,0.,0.));
#5439 = ORIENTED_EDGE('',*,*,#5425,.T.);
#5440 = CYLINDRICAL_SURFACE('',#5441,1.1);
#5441 = AXIS2_PLACEMENT_3D('',#5442,#5443,#5444);
#5442 = CARTESIAN_POINT('',(21.,42.,-0.1));
#5443 = DIRECTION('',(0.,0.,1.));
#5444 = DIRECTION('',(1.,0.,0.));
#5445 = ADVANCED_FACE('',(#5446,#5462),#5465,.T.);
#5446 = FACE_BOUND('',#5447,.T.);
#5447 = EDGE_LOOP('',(#5448,#5449,#5450,#5451,#5452,#5453,#5454,#5455,
    #5456,#5457,#5458,#5459,#5460,#5461));
#5448 = ORIENTED_EDGE('',*,*,#4138,.F.);
#5449 = ORIENTED_EDGE('',*,*,#4322,.T.);
#5450 = ORIENTED_EDGE('',*,*,#4354,.F.);
#5451 = ORIENTED_EDGE('',*,*,#4395,.T.);
#5452 = ORIENTED_EDGE('',*,*,#4962,.T.);
#5453 = ORIENTED_EDGE('',*,*,#5366,.F.);
#5454 = ORIENTED_EDGE('',*,*,#5382,.T.);
#5455 = ORIENTED_EDGE('',*,*,#5408,.F.);
#5456 = ORIENTED_EDGE('',*,*,#5046,.F.);
#5457 = ORIENTED_EDGE('',*,*,#4413,.T.);
#5458 = ORIENTED_EDGE('',*,*,#4613,.F.);
#5459 = ORIENTED_EDGE('',*,*,#4588,.F.);
#5460 = ORIENTED_EDGE('',*,*,#4372,.F.);
#5461 = ORIENTED_EDGE('',*,*,#4297,.F.);
#5462 = FACE_BOUND('',#5463,.T.);
#5463 = EDGE_LOOP('',(#5464));
#5464 = ORIENTED_EDGE('',*,*,#5433,.T.);
#5465 = PLANE('',#5466);
#5466 = AXIS2_PLACEMENT_3D('',#5467,#5468,#5469);
#5467 = CARTESIAN_POINT('',(21.,23.661048984988,0.));
#5468 = DIRECTION('',(-0.,-0.,-1.));
#5469 = DIRECTION('',(-1.,0.,0.));
#5470 = MANIFOLD_SOLID_BREP('',#5471);
#5471 = CLOSED_SHELL('',(#5472,#5514,#5545,#5576,#5609,#5642,#5673,#5704
    ,#5728,#5744));
#5472 = ADVANCED_FACE('',(#5473),#5509,.T.);
#5473 = FACE_BOUND('',#5474,.T.);
#5474 = EDGE_LOOP('',(#5475,#5486,#5494,#5503));
#5475 = ORIENTED_EDGE('',*,*,#5476,.F.);
#5476 = EDGE_CURVE('',#5477,#5479,#5481,.T.);
#5477 = VERTEX_POINT('',#5478);
#5478 = CARTESIAN_POINT('',(7.2,7.,9.2));
#5479 = VERTEX_POINT('',#5480);
#5480 = CARTESIAN_POINT('',(9.,5.2,9.2));
#5481 = CIRCLE('',#5482,1.8);
#5482 = AXIS2_PLACEMENT_3D('',#5483,#5484,#5485);
#5483 = CARTESIAN_POINT('',(9.,7.,9.2));
#5484 = DIRECTION('',(0.,0.,1.));
#5485 = DIRECTION('',(1.,0.,0.));
#5486 = ORIENTED_EDGE('',*,*,#5487,.F.);
#5487 = EDGE_CURVE('',#5488,#5477,#5490,.T.);
#5488 = VERTEX_POINT('',#5489);
#5489 = CARTESIAN_POINT('',(7.2,7.,8.));
#5490 = LINE('',#5491,#5492);
#5491 = CARTESIAN_POINT('',(7.2,7.,8.));
#5492 = VECTOR('',#5493,1.);
#5493 = DIRECTION('',(0.,0.,1.));
#5494 = ORIENTED_EDGE('',*,*,#5495,.T.);
#5495 = EDGE_CURVE('',#5488,#5496,#5498,.T.);
#5496 = VERTEX_POINT('',#5497);
#5497 = CARTESIAN_POINT('',(9.,5.2,8.));
#5498 = CIRCLE('',#5499,1.8);
#5499 = AXIS2_PLACEMENT_3D('',#5500,#5501,#5502);
#5500 = CARTESIAN_POINT('',(9.,7.,8.));
#5501 = DIRECTION('',(0.,0.,1.));
#5502 = DIRECTION('',(1.,0.,0.));
#5503 = ORIENTED_EDGE('',*,*,#5504,.T.);
#5504 = EDGE_CURVE('',#5496,#5479,#5505,.T.);
#5505 = LINE('',#5506,#5507);
#5506 = CARTESIAN_POINT('',(9.,5.2,8.));
#5507 = VECTOR('',#5508,1.);
#5508 = DIRECTION('',(0.,0.,1.));
#5509 = CYLINDRICAL_SURFACE('',#5510,1.8);
#5510 = AXIS2_PLACEMENT_3D('',#5511,#5512,#5513);
#5511 = CARTESIAN_POINT('',(9.,7.,8.));
#5512 = DIRECTION('',(0.,0.,1.));
#5513 = DIRECTION('',(1.,0.,0.));
#5514 = ADVANCED_FACE('',(#5515),#5540,.F.);
#5515 = FACE_BOUND('',#5516,.F.);
#5516 = EDGE_LOOP('',(#5517,#5525,#5526,#5534));
#5517 = ORIENTED_EDGE('',*,*,#5518,.F.);
#5518 = EDGE_CURVE('',#5496,#5519,#5521,.T.);
#5519 = VERTEX_POINT('',#5520);
#5520 = CARTESIAN_POINT('',(33.,5.2,8.));
#5521 = LINE('',#5522,#5523);
#5522 = CARTESIAN_POINT('',(9.,5.2,8.));
#5523 = VECTOR('',#5524,1.);
#5524 = DIRECTION('',(1.,0.,0.));
#5525 = ORIENTED_EDGE('',*,*,#5504,.T.);
#5526 = ORIENTED_EDGE('',*,*,#5527,.T.);
#5527 = EDGE_CURVE('',#5479,#5528,#5530,.T.);
#5528 = VERTEX_POINT('',#5529);
#5529 = CARTESIAN_POINT('',(33.,5.2,9.2));
#5530 = LINE('',#5531,#5532);
#5531 = CARTESIAN_POINT('',(9.,5.2,9.2));
#5532 = VECTOR('',#5533,1.);
#5533 = DIRECTION('',(1.,0.,0.));
#5534 = ORIENTED_EDGE('',*,*,#5535,.F.);
#5535 = EDGE_CURVE('',#5519,#5528,#5536,.T.);
#5536 = LINE('',#5537,#5538);
#5537 = CARTESIAN_POINT('',(33.,5.2,8.));
#5538 = VECTOR('',#5539,1.);
#5539 = DIRECTION('',(0.,0.,1.));
#5540 = PLANE('',#5541);
#5541 = AXIS2_PLACEMENT_3D('',#5542,#5543,#5544);
#5542 = CARTESIAN_POINT('',(9.,5.2,8.));
#5543 = DIRECTION('',(0.,1.,0.));
#5544 = DIRECTION('',(0.,0.,1.));
#5545 = ADVANCED_FACE('',(#5546),#5571,.F.);
#5546 = FACE_BOUND('',#5547,.F.);
#5547 = EDGE_LOOP('',(#5548,#5549,#5557,#5565));
#5548 = ORIENTED_EDGE('',*,*,#5487,.F.);
#5549 = ORIENTED_EDGE('',*,*,#5550,.T.);
#5550 = EDGE_CURVE('',#5488,#5551,#5553,.T.);
#5551 = VERTEX_POINT('',#5552);
#5552 = CARTESIAN_POINT('',(7.2,37.,8.));
#5553 = LINE('',#5554,#5555);
#5554 = CARTESIAN_POINT('',(7.2,7.,8.));
#5555 = VECTOR('',#5556,1.);
#5556 = DIRECTION('',(0.,1.,0.));
#5557 = ORIENTED_EDGE('',*,*,#5558,.T.);
#5558 = EDGE_CURVE('',#5551,#5559,#5561,.T.);
#5559 = VERTEX_POINT('',#5560);
#5560 = CARTESIAN_POINT('',(7.2,37.,9.2));
#5561 = LINE('',#5562,#5563);
#5562 = CARTESIAN_POINT('',(7.2,37.,8.));
#5563 = VECTOR('',#5564,1.);
#5564 = DIRECTION('',(0.,0.,1.));
#5565 = ORIENTED_EDGE('',*,*,#5566,.F.);
#5566 = EDGE_CURVE('',#5477,#5559,#5567,.T.);
#5567 = LINE('',#5568,#5569);
#5568 = CARTESIAN_POINT('',(7.2,7.,9.2));
#5569 = VECTOR('',#5570,1.);
#5570 = DIRECTION('',(0.,1.,0.));
#5571 = PLANE('',#5572);
#5572 = AXIS2_PLACEMENT_3D('',#5573,#5574,#5575);
#5573 = CARTESIAN_POINT('',(7.2,7.,8.));
#5574 = DIRECTION('',(1.,0.,0.));
#5575 = DIRECTION('',(0.,0.,1.));
#5576 = ADVANCED_FACE('',(#5577),#5604,.T.);
#5577 = FACE_BOUND('',#5578,.T.);
#5578 = EDGE_LOOP('',(#5579,#5588,#5589,#5598));
#5579 = ORIENTED_EDGE('',*,*,#5580,.F.);
#5580 = EDGE_CURVE('',#5528,#5581,#5583,.T.);
#5581 = VERTEX_POINT('',#5582);
#5582 = CARTESIAN_POINT('',(34.8,7.,9.2));
#5583 = CIRCLE('',#5584,1.8);
#5584 = AXIS2_PLACEMENT_3D('',#5585,#5586,#5587);
#5585 = CARTESIAN_POINT('',(33.,7.,9.2));
#5586 = DIRECTION('',(0.,0.,1.));
#5587 = DIRECTION('',(1.,0.,0.));
#5588 = ORIENTED_EDGE('',*,*,#5535,.F.);
#5589 = ORIENTED_EDGE('',*,*,#5590,.T.);
#5590 = EDGE_CURVE('',#5519,#5591,#5593,.T.);
#5591 = VERTEX_POINT('',#5592);
#5592 = CARTESIAN_POINT('',(34.8,7.,8.));
#5593 = CIRCLE('',#5594,1.8);
#5594 = AXIS2_PLACEMENT_3D('',#5595,#5596,#5597);
#5595 = CARTESIAN_POINT('',(33.,7.,8.));
#5596 = DIRECTION('',(0.,0.,1.));
#5597 = DIRECTION('',(1.,0.,0.));
#5598 = ORIENTED_EDGE('',*,*,#5599,.T.);
#5599 = EDGE_CURVE('',#5591,#5581,#5600,.T.);
#5600 = LINE('',#5601,#5602);
#5601 = CARTESIAN_POINT('',(34.8,7.,8.));
#5602 = VECTOR('',#5603,1.);
#5603 = DIRECTION('',(0.,0.,1.));
#5604 = CYLINDRICAL_SURFACE('',#5605,1.8);
#5605 = AXIS2_PLACEMENT_3D('',#5606,#5607,#5608);
#5606 = CARTESIAN_POINT('',(33.,7.,8.));
#5607 = DIRECTION('',(0.,0.,1.));
#5608 = DIRECTION('',(1.,0.,0.));
#5609 = ADVANCED_FACE('',(#5610),#5637,.T.);
#5610 = FACE_BOUND('',#5611,.T.);
#5611 = EDGE_LOOP('',(#5612,#5621,#5629,#5636));
#5612 = ORIENTED_EDGE('',*,*,#5613,.F.);
#5613 = EDGE_CURVE('',#5614,#5559,#5616,.T.);
#5614 = VERTEX_POINT('',#5615);
#5615 = CARTESIAN_POINT('',(9.,38.8,9.2));
#5616 = CIRCLE('',#5617,1.8);
#5617 = AXIS2_PLACEMENT_3D('',#5618,#5619,#5620);
#5618 = CARTESIAN_POINT('',(9.,37.,9.2));
#5619 = DIRECTION('',(0.,0.,1.));
#5620 = DIRECTION('',(1.,0.,0.));
#5621 = ORIENTED_EDGE('',*,*,#5622,.F.);
#5622 = EDGE_CURVE('',#5623,#5614,#5625,.T.);
#5623 = VERTEX_POINT('',#5624);
#5624 = CARTESIAN_POINT('',(9.,38.8,8.));
#5625 = LINE('',#5626,#5627);
#5626 = CARTESIAN_POINT('',(9.,38.8,8.));
#5627 = VECTOR('',#5628,1.);
#5628 = DIRECTION('',(0.,0.,1.));
#5629 = ORIENTED_EDGE('',*,*,#5630,.T.);
#5630 = EDGE_CURVE('',#5623,#5551,#5631,.T.);
#5631 = CIRCLE('',#5632,1.8);
#5632 = AXIS2_PLACEMENT_3D('',#5633,#5634,#5635);
#5633 = CARTESIAN_POINT('',(9.,37.,8.));
#5634 = DIRECTION('',(0.,0.,1.));
#5635 = DIRECTION('',(1.,0.,0.));
#5636 = ORIENTED_EDGE('',*,*,#5558,.T.);
#5637 = CYLINDRICAL_SURFACE('',#5638,1.8);
#5638 = AXIS2_PLACEMENT_3D('',#5639,#5640,#5641);
#5639 = CARTESIAN_POINT('',(9.,37.,8.));
#5640 = DIRECTION('',(0.,0.,1.));
#5641 = DIRECTION('',(1.,0.,0.));
#5642 = ADVANCED_FACE('',(#5643),#5668,.T.);
#5643 = FACE_BOUND('',#5644,.T.);
#5644 = EDGE_LOOP('',(#5645,#5653,#5654,#5662));
#5645 = ORIENTED_EDGE('',*,*,#5646,.F.);
#5646 = EDGE_CURVE('',#5623,#5647,#5649,.T.);
#5647 = VERTEX_POINT('',#5648);
#5648 = CARTESIAN_POINT('',(33.,38.8,8.));
#5649 = LINE('',#5650,#5651);
#5650 = CARTESIAN_POINT('',(9.,38.8,8.));
#5651 = VECTOR('',#5652,1.);
#5652 = DIRECTION('',(1.,0.,0.));
#5653 = ORIENTED_EDGE('',*,*,#5622,.T.);
#5654 = ORIENTED_EDGE('',*,*,#5655,.T.);
#5655 = EDGE_CURVE('',#5614,#5656,#5658,.T.);
#5656 = VERTEX_POINT('',#5657);
#5657 = CARTESIAN_POINT('',(33.,38.8,9.2));
#5658 = LINE('',#5659,#5660);
#5659 = CARTESIAN_POINT('',(9.,38.8,9.2));
#5660 = VECTOR('',#5661,1.);
#5661 = DIRECTION('',(1.,0.,0.));
#5662 = ORIENTED_EDGE('',*,*,#5663,.F.);
#5663 = EDGE_CURVE('',#5647,#5656,#5664,.T.);
#5664 = LINE('',#5665,#5666);
#5665 = CARTESIAN_POINT('',(33.,38.8,8.));
#5666 = VECTOR('',#5667,1.);
#5667 = DIRECTION('',(0.,0.,1.));
#5668 = PLANE('',#5669);
#5669 = AXIS2_PLACEMENT_3D('',#5670,#5671,#5672);
#5670 = CARTESIAN_POINT('',(9.,38.8,8.));
#5671 = DIRECTION('',(0.,1.,0.));
#5672 = DIRECTION('',(0.,0.,1.));
#5673 = ADVANCED_FACE('',(#5674),#5699,.T.);
#5674 = FACE_BOUND('',#5675,.T.);
#5675 = EDGE_LOOP('',(#5676,#5677,#5685,#5693));
#5676 = ORIENTED_EDGE('',*,*,#5599,.F.);
#5677 = ORIENTED_EDGE('',*,*,#5678,.T.);
#5678 = EDGE_CURVE('',#5591,#5679,#5681,.T.);
#5679 = VERTEX_POINT('',#5680);
#5680 = CARTESIAN_POINT('',(34.8,37.,8.));
#5681 = LINE('',#5682,#5683);
#5682 = CARTESIAN_POINT('',(34.8,7.,8.));
#5683 = VECTOR('',#5684,1.);
#5684 = DIRECTION('',(0.,1.,0.));
#5685 = ORIENTED_EDGE('',*,*,#5686,.T.);
#5686 = EDGE_CURVE('',#5679,#5687,#5689,.T.);
#5687 = VERTEX_POINT('',#5688);
#5688 = CARTESIAN_POINT('',(34.8,37.,9.2));
#5689 = LINE('',#5690,#5691);
#5690 = CARTESIAN_POINT('',(34.8,37.,8.));
#5691 = VECTOR('',#5692,1.);
#5692 = DIRECTION('',(0.,0.,1.));
#5693 = ORIENTED_EDGE('',*,*,#5694,.F.);
#5694 = EDGE_CURVE('',#5581,#5687,#5695,.T.);
#5695 = LINE('',#5696,#5697);
#5696 = CARTESIAN_POINT('',(34.8,7.,9.2));
#5697 = VECTOR('',#5698,1.);
#5698 = DIRECTION('',(0.,1.,0.));
#5699 = PLANE('',#5700);
#5700 = AXIS2_PLACEMENT_3D('',#5701,#5702,#5703);
#5701 = CARTESIAN_POINT('',(34.8,7.,8.));
#5702 = DIRECTION('',(1.,0.,0.));
#5703 = DIRECTION('',(0.,0.,1.));
#5704 = ADVANCED_FACE('',(#5705),#5723,.T.);
#5705 = FACE_BOUND('',#5706,.T.);
#5706 = EDGE_LOOP('',(#5707,#5714,#5715,#5722));
#5707 = ORIENTED_EDGE('',*,*,#5708,.F.);
#5708 = EDGE_CURVE('',#5687,#5656,#5709,.T.);
#5709 = CIRCLE('',#5710,1.8);
#5710 = AXIS2_PLACEMENT_3D('',#5711,#5712,#5713);
#5711 = CARTESIAN_POINT('',(33.,37.,9.2));
#5712 = DIRECTION('',(0.,0.,1.));
#5713 = DIRECTION('',(1.,0.,0.));
#5714 = ORIENTED_EDGE('',*,*,#5686,.F.);
#5715 = ORIENTED_EDGE('',*,*,#5716,.T.);
#5716 = EDGE_CURVE('',#5679,#5647,#5717,.T.);
#5717 = CIRCLE('',#5718,1.8);
#5718 = AXIS2_PLACEMENT_3D('',#5719,#5720,#5721);
#5719 = CARTESIAN_POINT('',(33.,37.,8.));
#5720 = DIRECTION('',(0.,0.,1.));
#5721 = DIRECTION('',(1.,0.,0.));
#5722 = ORIENTED_EDGE('',*,*,#5663,.T.);
#5723 = CYLINDRICAL_SURFACE('',#5724,1.8);
#5724 = AXIS2_PLACEMENT_3D('',#5725,#5726,#5727);
#5725 = CARTESIAN_POINT('',(33.,37.,8.));
#5726 = DIRECTION('',(0.,0.,1.));
#5727 = DIRECTION('',(1.,0.,0.));
#5728 = ADVANCED_FACE('',(#5729),#5739,.T.);
#5729 = FACE_BOUND('',#5730,.T.);
#5730 = EDGE_LOOP('',(#5731,#5732,#5733,#5734,#5735,#5736,#5737,#5738));
#5731 = ORIENTED_EDGE('',*,*,#5476,.T.);
#5732 = ORIENTED_EDGE('',*,*,#5527,.T.);
#5733 = ORIENTED_EDGE('',*,*,#5580,.T.);
#5734 = ORIENTED_EDGE('',*,*,#5694,.T.);
#5735 = ORIENTED_EDGE('',*,*,#5708,.T.);
#5736 = ORIENTED_EDGE('',*,*,#5655,.F.);
#5737 = ORIENTED_EDGE('',*,*,#5613,.T.);
#5738 = ORIENTED_EDGE('',*,*,#5566,.F.);
#5739 = PLANE('',#5740);
#5740 = AXIS2_PLACEMENT_3D('',#5741,#5742,#5743);
#5741 = CARTESIAN_POINT('',(21.,22.,9.2));
#5742 = DIRECTION('',(0.,0.,1.));
#5743 = DIRECTION('',(1.,0.,0.));
#5744 = ADVANCED_FACE('',(#5745),#5755,.T.);
#5745 = FACE_BOUND('',#5746,.T.);
#5746 = EDGE_LOOP('',(#5747,#5748,#5749,#5750,#5751,#5752,#5753,#5754));
#5747 = ORIENTED_EDGE('',*,*,#5495,.F.);
#5748 = ORIENTED_EDGE('',*,*,#5550,.T.);
#5749 = ORIENTED_EDGE('',*,*,#5630,.F.);
#5750 = ORIENTED_EDGE('',*,*,#5646,.T.);
#5751 = ORIENTED_EDGE('',*,*,#5716,.F.);
#5752 = ORIENTED_EDGE('',*,*,#5678,.F.);
#5753 = ORIENTED_EDGE('',*,*,#5590,.F.);
#5754 = ORIENTED_EDGE('',*,*,#5518,.F.);
#5755 = PLANE('',#5756);
#5756 = AXIS2_PLACEMENT_3D('',#5757,#5758,#5759);
#5757 = CARTESIAN_POINT('',(21.,22.,8.));
#5758 = DIRECTION('',(-0.,-0.,-1.));
#5759 = DIRECTION('',(-1.,0.,0.));
#5760 = MANIFOLD_SOLID_BREP('',#5761);
#5761 = CLOSED_SHELL('',(#5762,#5804,#5835,#5866,#5899,#5932,#5963,#5994
    ,#6018,#6034));
#5762 = ADVANCED_FACE('',(#5763),#5799,.T.);
#5763 = FACE_BOUND('',#5764,.T.);
#5764 = EDGE_LOOP('',(#5765,#5776,#5784,#5793));
#5765 = ORIENTED_EDGE('',*,*,#5766,.F.);
#5766 = EDGE_CURVE('',#5767,#5769,#5771,.T.);
#5767 = VERTEX_POINT('',#5768);
#5768 = CARTESIAN_POINT('',(10.,9.,6.8));
#5769 = VERTEX_POINT('',#5770);
#5770 = CARTESIAN_POINT('',(11.,8.,6.8));
#5771 = CIRCLE('',#5772,1.);
#5772 = AXIS2_PLACEMENT_3D('',#5773,#5774,#5775);
#5773 = CARTESIAN_POINT('',(11.,9.,6.8));
#5774 = DIRECTION('',(0.,0.,1.));
#5775 = DIRECTION('',(1.,0.,0.));
#5776 = ORIENTED_EDGE('',*,*,#5777,.F.);
#5777 = EDGE_CURVE('',#5778,#5767,#5780,.T.);
#5778 = VERTEX_POINT('',#5779);
#5779 = CARTESIAN_POINT('',(10.,9.,1.8));
#5780 = LINE('',#5781,#5782);
#5781 = CARTESIAN_POINT('',(10.,9.,1.8));
#5782 = VECTOR('',#5783,1.);
#5783 = DIRECTION('',(0.,0.,1.));
#5784 = ORIENTED_EDGE('',*,*,#5785,.T.);
#5785 = EDGE_CURVE('',#5778,#5786,#5788,.T.);
#5786 = VERTEX_POINT('',#5787);
#5787 = CARTESIAN_POINT('',(11.,8.,1.8));
#5788 = CIRCLE('',#5789,1.);
#5789 = AXIS2_PLACEMENT_3D('',#5790,#5791,#5792);
#5790 = CARTESIAN_POINT('',(11.,9.,1.8));
#5791 = DIRECTION('',(0.,0.,1.));
#5792 = DIRECTION('',(1.,0.,0.));
#5793 = ORIENTED_EDGE('',*,*,#5794,.T.);
#5794 = EDGE_CURVE('',#5786,#5769,#5795,.T.);
#5795 = LINE('',#5796,#5797);
#5796 = CARTESIAN_POINT('',(11.,8.,1.8));
#5797 = VECTOR('',#5798,1.);
#5798 = DIRECTION('',(0.,0.,1.));
#5799 = CYLINDRICAL_SURFACE('',#5800,1.);
#5800 = AXIS2_PLACEMENT_3D('',#5801,#5802,#5803);
#5801 = CARTESIAN_POINT('',(11.,9.,1.8));
#5802 = DIRECTION('',(0.,0.,1.));
#5803 = DIRECTION('',(1.,0.,0.));
#5804 = ADVANCED_FACE('',(#5805),#5830,.F.);
#5805 = FACE_BOUND('',#5806,.F.);
#5806 = EDGE_LOOP('',(#5807,#5815,#5816,#5824));
#5807 = ORIENTED_EDGE('',*,*,#5808,.F.);
#5808 = EDGE_CURVE('',#5786,#5809,#5811,.T.);
#5809 = VERTEX_POINT('',#5810);
#5810 = CARTESIAN_POINT('',(31.,8.,1.8));
#5811 = LINE('',#5812,#5813);
#5812 = CARTESIAN_POINT('',(11.,8.,1.8));
#5813 = VECTOR('',#5814,1.);
#5814 = DIRECTION('',(1.,0.,0.));
#5815 = ORIENTED_EDGE('',*,*,#5794,.T.);
#5816 = ORIENTED_EDGE('',*,*,#5817,.T.);
#5817 = EDGE_CURVE('',#5769,#5818,#5820,.T.);
#5818 = VERTEX_POINT('',#5819);
#5819 = CARTESIAN_POINT('',(31.,8.,6.8));
#5820 = LINE('',#5821,#5822);
#5821 = CARTESIAN_POINT('',(11.,8.,6.8));
#5822 = VECTOR('',#5823,1.);
#5823 = DIRECTION('',(1.,0.,0.));
#5824 = ORIENTED_EDGE('',*,*,#5825,.F.);
#5825 = EDGE_CURVE('',#5809,#5818,#5826,.T.);
#5826 = LINE('',#5827,#5828);
#5827 = CARTESIAN_POINT('',(31.,8.,1.8));
#5828 = VECTOR('',#5829,1.);
#5829 = DIRECTION('',(0.,0.,1.));
#5830 = PLANE('',#5831);
#5831 = AXIS2_PLACEMENT_3D('',#5832,#5833,#5834);
#5832 = CARTESIAN_POINT('',(11.,8.,1.8));
#5833 = DIRECTION('',(0.,1.,0.));
#5834 = DIRECTION('',(0.,0.,1.));
#5835 = ADVANCED_FACE('',(#5836),#5861,.F.);
#5836 = FACE_BOUND('',#5837,.F.);
#5837 = EDGE_LOOP('',(#5838,#5839,#5847,#5855));
#5838 = ORIENTED_EDGE('',*,*,#5777,.F.);
#5839 = ORIENTED_EDGE('',*,*,#5840,.T.);
#5840 = EDGE_CURVE('',#5778,#5841,#5843,.T.);
#5841 = VERTEX_POINT('',#5842);
#5842 = CARTESIAN_POINT('',(10.,30.,1.8));
#5843 = LINE('',#5844,#5845);
#5844 = CARTESIAN_POINT('',(10.,9.,1.8));
#5845 = VECTOR('',#5846,1.);
#5846 = DIRECTION('',(0.,1.,0.));
#5847 = ORIENTED_EDGE('',*,*,#5848,.T.);
#5848 = EDGE_CURVE('',#5841,#5849,#5851,.T.);
#5849 = VERTEX_POINT('',#5850);
#5850 = CARTESIAN_POINT('',(10.,30.,6.8));
#5851 = LINE('',#5852,#5853);
#5852 = CARTESIAN_POINT('',(10.,30.,1.8));
#5853 = VECTOR('',#5854,1.);
#5854 = DIRECTION('',(0.,0.,1.));
#5855 = ORIENTED_EDGE('',*,*,#5856,.F.);
#5856 = EDGE_CURVE('',#5767,#5849,#5857,.T.);
#5857 = LINE('',#5858,#5859);
#5858 = CARTESIAN_POINT('',(10.,9.,6.8));
#5859 = VECTOR('',#5860,1.);
#5860 = DIRECTION('',(0.,1.,0.));
#5861 = PLANE('',#5862);
#5862 = AXIS2_PLACEMENT_3D('',#5863,#5864,#5865);
#5863 = CARTESIAN_POINT('',(10.,9.,1.8));
#5864 = DIRECTION('',(1.,0.,0.));
#5865 = DIRECTION('',(0.,0.,1.));
#5866 = ADVANCED_FACE('',(#5867),#5894,.T.);
#5867 = FACE_BOUND('',#5868,.T.);
#5868 = EDGE_LOOP('',(#5869,#5878,#5879,#5888));
#5869 = ORIENTED_EDGE('',*,*,#5870,.F.);
#5870 = EDGE_CURVE('',#5818,#5871,#5873,.T.);
#5871 = VERTEX_POINT('',#5872);
#5872 = CARTESIAN_POINT('',(32.,9.,6.8));
#5873 = CIRCLE('',#5874,1.);
#5874 = AXIS2_PLACEMENT_3D('',#5875,#5876,#5877);
#5875 = CARTESIAN_POINT('',(31.,9.,6.8));
#5876 = DIRECTION('',(0.,0.,1.));
#5877 = DIRECTION('',(1.,0.,0.));
#5878 = ORIENTED_EDGE('',*,*,#5825,.F.);
#5879 = ORIENTED_EDGE('',*,*,#5880,.T.);
#5880 = EDGE_CURVE('',#5809,#5881,#5883,.T.);
#5881 = VERTEX_POINT('',#5882);
#5882 = CARTESIAN_POINT('',(32.,9.,1.8));
#5883 = CIRCLE('',#5884,1.);
#5884 = AXIS2_PLACEMENT_3D('',#5885,#5886,#5887);
#5885 = CARTESIAN_POINT('',(31.,9.,1.8));
#5886 = DIRECTION('',(0.,0.,1.));
#5887 = DIRECTION('',(1.,0.,0.));
#5888 = ORIENTED_EDGE('',*,*,#5889,.T.);
#5889 = EDGE_CURVE('',#5881,#5871,#5890,.T.);
#5890 = LINE('',#5891,#5892);
#5891 = CARTESIAN_POINT('',(32.,9.,1.8));
#5892 = VECTOR('',#5893,1.);
#5893 = DIRECTION('',(0.,0.,1.));
#5894 = CYLINDRICAL_SURFACE('',#5895,1.);
#5895 = AXIS2_PLACEMENT_3D('',#5896,#5897,#5898);
#5896 = CARTESIAN_POINT('',(31.,9.,1.8));
#5897 = DIRECTION('',(0.,0.,1.));
#5898 = DIRECTION('',(1.,0.,0.));
#5899 = ADVANCED_FACE('',(#5900),#5927,.T.);
#5900 = FACE_BOUND('',#5901,.T.);
#5901 = EDGE_LOOP('',(#5902,#5911,#5919,#5926));
#5902 = ORIENTED_EDGE('',*,*,#5903,.F.);
#5903 = EDGE_CURVE('',#5904,#5849,#5906,.T.);
#5904 = VERTEX_POINT('',#5905);
#5905 = CARTESIAN_POINT('',(11.,31.,6.8));
#5906 = CIRCLE('',#5907,1.);
#5907 = AXIS2_PLACEMENT_3D('',#5908,#5909,#5910);
#5908 = CARTESIAN_POINT('',(11.,30.,6.8));
#5909 = DIRECTION('',(0.,0.,1.));
#5910 = DIRECTION('',(1.,0.,0.));
#5911 = ORIENTED_EDGE('',*,*,#5912,.F.);
#5912 = EDGE_CURVE('',#5913,#5904,#5915,.T.);
#5913 = VERTEX_POINT('',#5914);
#5914 = CARTESIAN_POINT('',(11.,31.,1.8));
#5915 = LINE('',#5916,#5917);
#5916 = CARTESIAN_POINT('',(11.,31.,1.8));
#5917 = VECTOR('',#5918,1.);
#5918 = DIRECTION('',(0.,0.,1.));
#5919 = ORIENTED_EDGE('',*,*,#5920,.T.);
#5920 = EDGE_CURVE('',#5913,#5841,#5921,.T.);
#5921 = CIRCLE('',#5922,1.);
#5922 = AXIS2_PLACEMENT_3D('',#5923,#5924,#5925);
#5923 = CARTESIAN_POINT('',(11.,30.,1.8));
#5924 = DIRECTION('',(0.,0.,1.));
#5925 = DIRECTION('',(1.,0.,0.));
#5926 = ORIENTED_EDGE('',*,*,#5848,.T.);
#5927 = CYLINDRICAL_SURFACE('',#5928,1.);
#5928 = AXIS2_PLACEMENT_3D('',#5929,#5930,#5931);
#5929 = CARTESIAN_POINT('',(11.,30.,1.8));
#5930 = DIRECTION('',(0.,0.,1.));
#5931 = DIRECTION('',(1.,0.,0.));
#5932 = ADVANCED_FACE('',(#5933),#5958,.T.);
#5933 = FACE_BOUND('',#5934,.T.);
#5934 = EDGE_LOOP('',(#5935,#5943,#5944,#5952));
#5935 = ORIENTED_EDGE('',*,*,#5936,.F.);
#5936 = EDGE_CURVE('',#5913,#5937,#5939,.T.);
#5937 = VERTEX_POINT('',#5938);
#5938 = CARTESIAN_POINT('',(31.,31.,1.8));
#5939 = LINE('',#5940,#5941);
#5940 = CARTESIAN_POINT('',(11.,31.,1.8));
#5941 = VECTOR('',#5942,1.);
#5942 = DIRECTION('',(1.,0.,0.));
#5943 = ORIENTED_EDGE('',*,*,#5912,.T.);
#5944 = ORIENTED_EDGE('',*,*,#5945,.T.);
#5945 = EDGE_CURVE('',#5904,#5946,#5948,.T.);
#5946 = VERTEX_POINT('',#5947);
#5947 = CARTESIAN_POINT('',(31.,31.,6.8));
#5948 = LINE('',#5949,#5950);
#5949 = CARTESIAN_POINT('',(11.,31.,6.8));
#5950 = VECTOR('',#5951,1.);
#5951 = DIRECTION('',(1.,0.,0.));
#5952 = ORIENTED_EDGE('',*,*,#5953,.F.);
#5953 = EDGE_CURVE('',#5937,#5946,#5954,.T.);
#5954 = LINE('',#5955,#5956);
#5955 = CARTESIAN_POINT('',(31.,31.,1.8));
#5956 = VECTOR('',#5957,1.);
#5957 = DIRECTION('',(0.,0.,1.));
#5958 = PLANE('',#5959);
#5959 = AXIS2_PLACEMENT_3D('',#5960,#5961,#5962);
#5960 = CARTESIAN_POINT('',(11.,31.,1.8));
#5961 = DIRECTION('',(0.,1.,0.));
#5962 = DIRECTION('',(0.,0.,1.));
#5963 = ADVANCED_FACE('',(#5964),#5989,.T.);
#5964 = FACE_BOUND('',#5965,.T.);
#5965 = EDGE_LOOP('',(#5966,#5967,#5975,#5983));
#5966 = ORIENTED_EDGE('',*,*,#5889,.F.);
#5967 = ORIENTED_EDGE('',*,*,#5968,.T.);
#5968 = EDGE_CURVE('',#5881,#5969,#5971,.T.);
#5969 = VERTEX_POINT('',#5970);
#5970 = CARTESIAN_POINT('',(32.,30.,1.8));
#5971 = LINE('',#5972,#5973);
#5972 = CARTESIAN_POINT('',(32.,9.,1.8));
#5973 = VECTOR('',#5974,1.);
#5974 = DIRECTION('',(0.,1.,0.));
#5975 = ORIENTED_EDGE('',*,*,#5976,.T.);
#5976 = EDGE_CURVE('',#5969,#5977,#5979,.T.);
#5977 = VERTEX_POINT('',#5978);
#5978 = CARTESIAN_POINT('',(32.,30.,6.8));
#5979 = LINE('',#5980,#5981);
#5980 = CARTESIAN_POINT('',(32.,30.,1.8));
#5981 = VECTOR('',#5982,1.);
#5982 = DIRECTION('',(0.,0.,1.));
#5983 = ORIENTED_EDGE('',*,*,#5984,.F.);
#5984 = EDGE_CURVE('',#5871,#5977,#5985,.T.);
#5985 = LINE('',#5986,#5987);
#5986 = CARTESIAN_POINT('',(32.,9.,6.8));
#5987 = VECTOR('',#5988,1.);
#5988 = DIRECTION('',(0.,1.,0.));
#5989 = PLANE('',#5990);
#5990 = AXIS2_PLACEMENT_3D('',#5991,#5992,#5993);
#5991 = CARTESIAN_POINT('',(32.,9.,1.8));
#5992 = DIRECTION('',(1.,0.,0.));
#5993 = DIRECTION('',(0.,0.,1.));
#5994 = ADVANCED_FACE('',(#5995),#6013,.T.);
#5995 = FACE_BOUND('',#5996,.T.);
#5996 = EDGE_LOOP('',(#5997,#6004,#6005,#6012));
#5997 = ORIENTED_EDGE('',*,*,#5998,.F.);
#5998 = EDGE_CURVE('',#5977,#5946,#5999,.T.);
#5999 = CIRCLE('',#6000,1.);
#6000 = AXIS2_PLACEMENT_3D('',#6001,#6002,#6003);
#6001 = CARTESIAN_POINT('',(31.,30.,6.8));
#6002 = DIRECTION('',(0.,0.,1.));
#6003 = DIRECTION('',(1.,0.,0.));
#6004 = ORIENTED_EDGE('',*,*,#5976,.F.);
#6005 = ORIENTED_EDGE('',*,*,#6006,.T.);
#6006 = EDGE_CURVE('',#5969,#5937,#6007,.T.);
#6007 = CIRCLE('',#6008,1.);
#6008 = AXIS2_PLACEMENT_3D('',#6009,#6010,#6011);
#6009 = CARTESIAN_POINT('',(31.,30.,1.8));
#6010 = DIRECTION('',(0.,0.,1.));
#6011 = DIRECTION('',(1.,0.,0.));
#6012 = ORIENTED_EDGE('',*,*,#5953,.T.);
#6013 = CYLINDRICAL_SURFACE('',#6014,1.);
#6014 = AXIS2_PLACEMENT_3D('',#6015,#6016,#6017);
#6015 = CARTESIAN_POINT('',(31.,30.,1.8));
#6016 = DIRECTION('',(0.,0.,1.));
#6017 = DIRECTION('',(1.,0.,0.));
#6018 = ADVANCED_FACE('',(#6019),#6029,.T.);
#6019 = FACE_BOUND('',#6020,.T.);
#6020 = EDGE_LOOP('',(#6021,#6022,#6023,#6024,#6025,#6026,#6027,#6028));
#6021 = ORIENTED_EDGE('',*,*,#5766,.T.);
#6022 = ORIENTED_EDGE('',*,*,#5817,.T.);
#6023 = ORIENTED_EDGE('',*,*,#5870,.T.);
#6024 = ORIENTED_EDGE('',*,*,#5984,.T.);
#6025 = ORIENTED_EDGE('',*,*,#5998,.T.);
#6026 = ORIENTED_EDGE('',*,*,#5945,.F.);
#6027 = ORIENTED_EDGE('',*,*,#5903,.T.);
#6028 = ORIENTED_EDGE('',*,*,#5856,.F.);
#6029 = PLANE('',#6030);
#6030 = AXIS2_PLACEMENT_3D('',#6031,#6032,#6033);
#6031 = CARTESIAN_POINT('',(21.,19.5,6.8));
#6032 = DIRECTION('',(0.,0.,1.));
#6033 = DIRECTION('',(1.,0.,0.));
#6034 = ADVANCED_FACE('',(#6035),#6045,.T.);
#6035 = FACE_BOUND('',#6036,.T.);
#6036 = EDGE_LOOP('',(#6037,#6038,#6039,#6040,#6041,#6042,#6043,#6044));
#6037 = ORIENTED_EDGE('',*,*,#5785,.F.);
#6038 = ORIENTED_EDGE('',*,*,#5840,.T.);
#6039 = ORIENTED_EDGE('',*,*,#5920,.F.);
#6040 = ORIENTED_EDGE('',*,*,#5936,.T.);
#6041 = ORIENTED_EDGE('',*,*,#6006,.F.);
#6042 = ORIENTED_EDGE('',*,*,#5968,.F.);
#6043 = ORIENTED_EDGE('',*,*,#5880,.F.);
#6044 = ORIENTED_EDGE('',*,*,#5808,.F.);
#6045 = PLANE('',#6046);
#6046 = AXIS2_PLACEMENT_3D('',#6047,#6048,#6049);
#6047 = CARTESIAN_POINT('',(21.,19.5,1.8));
#6048 = DIRECTION('',(-0.,-0.,-1.));
#6049 = DIRECTION('',(-1.,0.,0.));
#6050 = MANIFOLD_SOLID_BREP('',#6051);
#6051 = CLOSED_SHELL('',(#6052,#6092,#6125,#6167,#6189,#6220,#6251,#6282
    ,#6315,#6346,#6379,#6410,#6441,#6474,#6505,#6538,#6569,#6600,#6633,
    #6666,#6688,#6924,#6956,#6980,#7005,#7029,#7054,#7078,#7103,#7120,
    #7152,#7176,#7201,#7225,#7250,#7274,#7299,#7316,#7347,#7371,#7395,
    #7412,#7424,#7455,#7479,#7503,#7520,#7532));
#6052 = ADVANCED_FACE('',(#6053),#6087,.T.);
#6053 = FACE_BOUND('',#6054,.T.);
#6054 = EDGE_LOOP('',(#6055,#6065,#6073,#6081));
#6055 = ORIENTED_EDGE('',*,*,#6056,.F.);
#6056 = EDGE_CURVE('',#6057,#6059,#6061,.T.);
#6057 = VERTEX_POINT('',#6058);
#6058 = CARTESIAN_POINT('',(44.5,8.,-5.));
#6059 = VERTEX_POINT('',#6060);
#6060 = CARTESIAN_POINT('',(44.5,8.,-2.));
#6061 = LINE('',#6062,#6063);
#6062 = CARTESIAN_POINT('',(44.5,8.,-5.));
#6063 = VECTOR('',#6064,1.);
#6064 = DIRECTION('',(0.,0.,1.));
#6065 = ORIENTED_EDGE('',*,*,#6066,.T.);
#6066 = EDGE_CURVE('',#6057,#6067,#6069,.T.);
#6067 = VERTEX_POINT('',#6068);
#6068 = CARTESIAN_POINT('',(44.5,11.,-5.));
#6069 = LINE('',#6070,#6071);
#6070 = CARTESIAN_POINT('',(44.5,8.,-5.));
#6071 = VECTOR('',#6072,1.);
#6072 = DIRECTION('',(0.,1.,0.));
#6073 = ORIENTED_EDGE('',*,*,#6074,.T.);
#6074 = EDGE_CURVE('',#6067,#6075,#6077,.T.);
#6075 = VERTEX_POINT('',#6076);
#6076 = CARTESIAN_POINT('',(44.5,11.,-2.));
#6077 = LINE('',#6078,#6079);
#6078 = CARTESIAN_POINT('',(44.5,11.,-5.));
#6079 = VECTOR('',#6080,1.);
#6080 = DIRECTION('',(0.,0.,1.));
#6081 = ORIENTED_EDGE('',*,*,#6082,.F.);
#6082 = EDGE_CURVE('',#6059,#6075,#6083,.T.);
#6083 = LINE('',#6084,#6085);
#6084 = CARTESIAN_POINT('',(44.5,8.,-2.));
#6085 = VECTOR('',#6086,1.);
#6086 = DIRECTION('',(0.,1.,0.));
#6087 = PLANE('',#6088);
#6088 = AXIS2_PLACEMENT_3D('',#6089,#6090,#6091);
#6089 = CARTESIAN_POINT('',(44.5,8.,-5.));
#6090 = DIRECTION('',(1.,0.,0.));
#6091 = DIRECTION('',(0.,0.,1.));
#6092 = ADVANCED_FACE('',(#6093),#6120,.T.);
#6093 = FACE_BOUND('',#6094,.T.);
#6094 = EDGE_LOOP('',(#6095,#6104,#6112,#6119));
#6095 = ORIENTED_EDGE('',*,*,#6096,.F.);
#6096 = EDGE_CURVE('',#6097,#6059,#6099,.T.);
#6097 = VERTEX_POINT('',#6098);
#6098 = CARTESIAN_POINT('',(38.5,2.,-2.));
#6099 = CIRCLE('',#6100,6.);
#6100 = AXIS2_PLACEMENT_3D('',#6101,#6102,#6103);
#6101 = CARTESIAN_POINT('',(38.5,8.,-2.));
#6102 = DIRECTION('',(0.,0.,1.));
#6103 = DIRECTION('',(1.,0.,0.));
#6104 = ORIENTED_EDGE('',*,*,#6105,.F.);
#6105 = EDGE_CURVE('',#6106,#6097,#6108,.T.);
#6106 = VERTEX_POINT('',#6107);
#6107 = CARTESIAN_POINT('',(38.5,2.,-5.));
#6108 = LINE('',#6109,#6110);
#6109 = CARTESIAN_POINT('',(38.5,2.,-5.));
#6110 = VECTOR('',#6111,1.);
#6111 = DIRECTION('',(0.,0.,1.));
#6112 = ORIENTED_EDGE('',*,*,#6113,.T.);
#6113 = EDGE_CURVE('',#6106,#6057,#6114,.T.);
#6114 = CIRCLE('',#6115,6.);
#6115 = AXIS2_PLACEMENT_3D('',#6116,#6117,#6118);
#6116 = CARTESIAN_POINT('',(38.5,8.,-5.));
#6117 = DIRECTION('',(0.,0.,1.));
#6118 = DIRECTION('',(1.,0.,0.));
#6119 = ORIENTED_EDGE('',*,*,#6056,.T.);
#6120 = CYLINDRICAL_SURFACE('',#6121,6.);
#6121 = AXIS2_PLACEMENT_3D('',#6122,#6123,#6124);
#6122 = CARTESIAN_POINT('',(38.5,8.,-5.));
#6123 = DIRECTION('',(0.,0.,1.));
#6124 = DIRECTION('',(1.,0.,0.));
#6125 = ADVANCED_FACE('',(#6126),#6162,.T.);
#6126 = FACE_BOUND('',#6127,.T.);
#6127 = EDGE_LOOP('',(#6128,#6139,#6147,#6156));
#6128 = ORIENTED_EDGE('',*,*,#6129,.F.);
#6129 = EDGE_CURVE('',#6130,#6132,#6134,.T.);
#6130 = VERTEX_POINT('',#6131);
#6131 = CARTESIAN_POINT('',(-2.5,8.,-2.));
#6132 = VERTEX_POINT('',#6133);
#6133 = CARTESIAN_POINT('',(3.5,2.,-2.));
#6134 = CIRCLE('',#6135,6.);
#6135 = AXIS2_PLACEMENT_3D('',#6136,#6137,#6138);
#6136 = CARTESIAN_POINT('',(3.5,8.,-2.));
#6137 = DIRECTION('',(0.,0.,1.));
#6138 = DIRECTION('',(1.,0.,0.));
#6139 = ORIENTED_EDGE('',*,*,#6140,.F.);
#6140 = EDGE_CURVE('',#6141,#6130,#6143,.T.);
#6141 = VERTEX_POINT('',#6142);
#6142 = CARTESIAN_POINT('',(-2.5,8.,-5.));
#6143 = LINE('',#6144,#6145);
#6144 = CARTESIAN_POINT('',(-2.5,8.,-5.));
#6145 = VECTOR('',#6146,1.);
#6146 = DIRECTION('',(0.,0.,1.));
#6147 = ORIENTED_EDGE('',*,*,#6148,.T.);
#6148 = EDGE_CURVE('',#6141,#6149,#6151,.T.);
#6149 = VERTEX_POINT('',#6150);
#6150 = CARTESIAN_POINT('',(3.5,2.,-5.));
#6151 = CIRCLE('',#6152,6.);
#6152 = AXIS2_PLACEMENT_3D('',#6153,#6154,#6155);
#6153 = CARTESIAN_POINT('',(3.5,8.,-5.));
#6154 = DIRECTION('',(0.,0.,1.));
#6155 = DIRECTION('',(1.,0.,0.));
#6156 = ORIENTED_EDGE('',*,*,#6157,.T.);
#6157 = EDGE_CURVE('',#6149,#6132,#6158,.T.);
#6158 = LINE('',#6159,#6160);
#6159 = CARTESIAN_POINT('',(3.5,2.,-5.));
#6160 = VECTOR('',#6161,1.);
#6161 = DIRECTION('',(0.,0.,1.));
#6162 = CYLINDRICAL_SURFACE('',#6163,6.);
#6163 = AXIS2_PLACEMENT_3D('',#6164,#6165,#6166);
#6164 = CARTESIAN_POINT('',(3.5,8.,-5.));
#6165 = DIRECTION('',(0.,0.,1.));
#6166 = DIRECTION('',(1.,0.,0.));
#6167 = ADVANCED_FACE('',(#6168),#6184,.F.);
#6168 = FACE_BOUND('',#6169,.F.);
#6169 = EDGE_LOOP('',(#6170,#6176,#6177,#6183));
#6170 = ORIENTED_EDGE('',*,*,#6171,.F.);
#6171 = EDGE_CURVE('',#6149,#6106,#6172,.T.);
#6172 = LINE('',#6173,#6174);
#6173 = CARTESIAN_POINT('',(3.5,2.,-5.));
#6174 = VECTOR('',#6175,1.);
#6175 = DIRECTION('',(1.,0.,0.));
#6176 = ORIENTED_EDGE('',*,*,#6157,.T.);
#6177 = ORIENTED_EDGE('',*,*,#6178,.T.);
#6178 = EDGE_CURVE('',#6132,#6097,#6179,.T.);
#6179 = LINE('',#6180,#6181);
#6180 = CARTESIAN_POINT('',(3.5,2.,-2.));
#6181 = VECTOR('',#6182,1.);
#6182 = DIRECTION('',(1.,0.,0.));
#6183 = ORIENTED_EDGE('',*,*,#6105,.F.);
#6184 = PLANE('',#6185);
#6185 = AXIS2_PLACEMENT_3D('',#6186,#6187,#6188);
#6186 = CARTESIAN_POINT('',(3.5,2.,-5.));
#6187 = DIRECTION('',(0.,1.,0.));
#6188 = DIRECTION('',(0.,0.,1.));
#6189 = ADVANCED_FACE('',(#6190),#6215,.F.);
#6190 = FACE_BOUND('',#6191,.F.);
#6191 = EDGE_LOOP('',(#6192,#6193,#6201,#6209));
#6192 = ORIENTED_EDGE('',*,*,#6140,.F.);
#6193 = ORIENTED_EDGE('',*,*,#6194,.T.);
#6194 = EDGE_CURVE('',#6141,#6195,#6197,.T.);
#6195 = VERTEX_POINT('',#6196);
#6196 = CARTESIAN_POINT('',(-2.5,11.,-5.));
#6197 = LINE('',#6198,#6199);
#6198 = CARTESIAN_POINT('',(-2.5,8.,-5.));
#6199 = VECTOR('',#6200,1.);
#6200 = DIRECTION('',(0.,1.,0.));
#6201 = ORIENTED_EDGE('',*,*,#6202,.T.);
#6202 = EDGE_CURVE('',#6195,#6203,#6205,.T.);
#6203 = VERTEX_POINT('',#6204);
#6204 = CARTESIAN_POINT('',(-2.5,11.,-2.));
#6205 = LINE('',#6206,#6207);
#6206 = CARTESIAN_POINT('',(-2.5,11.,-5.));
#6207 = VECTOR('',#6208,1.);
#6208 = DIRECTION('',(0.,0.,1.));
#6209 = ORIENTED_EDGE('',*,*,#6210,.F.);
#6210 = EDGE_CURVE('',#6130,#6203,#6211,.T.);
#6211 = LINE('',#6212,#6213);
#6212 = CARTESIAN_POINT('',(-2.5,8.,-2.));
#6213 = VECTOR('',#6214,1.);
#6214 = DIRECTION('',(0.,1.,0.));
#6215 = PLANE('',#6216);
#6216 = AXIS2_PLACEMENT_3D('',#6217,#6218,#6219);
#6217 = CARTESIAN_POINT('',(-2.5,8.,-5.));
#6218 = DIRECTION('',(1.,0.,0.));
#6219 = DIRECTION('',(0.,0.,1.));
#6220 = ADVANCED_FACE('',(#6221),#6246,.F.);
#6221 = FACE_BOUND('',#6222,.F.);
#6222 = EDGE_LOOP('',(#6223,#6231,#6239,#6245));
#6223 = ORIENTED_EDGE('',*,*,#6224,.F.);
#6224 = EDGE_CURVE('',#6225,#6195,#6227,.T.);
#6225 = VERTEX_POINT('',#6226);
#6226 = CARTESIAN_POINT('',(-6.5,11.,-5.));
#6227 = LINE('',#6228,#6229);
#6228 = CARTESIAN_POINT('',(-6.5,11.,-5.));
#6229 = VECTOR('',#6230,1.);
#6230 = DIRECTION('',(1.,0.,0.));
#6231 = ORIENTED_EDGE('',*,*,#6232,.T.);
#6232 = EDGE_CURVE('',#6225,#6233,#6235,.T.);
#6233 = VERTEX_POINT('',#6234);
#6234 = CARTESIAN_POINT('',(-6.5,11.,-2.));
#6235 = LINE('',#6236,#6237);
#6236 = CARTESIAN_POINT('',(-6.5,11.,-5.));
#6237 = VECTOR('',#6238,1.);
#6238 = DIRECTION('',(0.,0.,1.));
#6239 = ORIENTED_EDGE('',*,*,#6240,.T.);
#6240 = EDGE_CURVE('',#6233,#6203,#6241,.T.);
#6241 = LINE('',#6242,#6243);
#6242 = CARTESIAN_POINT('',(-6.5,11.,-2.));
#6243 = VECTOR('',#6244,1.);
#6244 = DIRECTION('',(1.,0.,0.));
#6245 = ORIENTED_EDGE('',*,*,#6202,.F.);
#6246 = PLANE('',#6247);
#6247 = AXIS2_PLACEMENT_3D('',#6248,#6249,#6250);
#6248 = CARTESIAN_POINT('',(-6.5,11.,-5.));
#6249 = DIRECTION('',(0.,1.,0.));
#6250 = DIRECTION('',(0.,0.,1.));
#6251 = ADVANCED_FACE('',(#6252),#6277,.F.);
#6252 = FACE_BOUND('',#6253,.F.);
#6253 = EDGE_LOOP('',(#6254,#6262,#6263,#6271));
#6254 = ORIENTED_EDGE('',*,*,#6255,.F.);
#6255 = EDGE_CURVE('',#6067,#6256,#6258,.T.);
#6256 = VERTEX_POINT('',#6257);
#6257 = CARTESIAN_POINT('',(48.5,11.,-5.));
#6258 = LINE('',#6259,#6260);
#6259 = CARTESIAN_POINT('',(-6.5,11.,-5.));
#6260 = VECTOR('',#6261,1.);
#6261 = DIRECTION('',(1.,0.,0.));
#6262 = ORIENTED_EDGE('',*,*,#6074,.T.);
#6263 = ORIENTED_EDGE('',*,*,#6264,.T.);
#6264 = EDGE_CURVE('',#6075,#6265,#6267,.T.);
#6265 = VERTEX_POINT('',#6266);
#6266 = CARTESIAN_POINT('',(48.5,11.,-2.));
#6267 = LINE('',#6268,#6269);
#6268 = CARTESIAN_POINT('',(-6.5,11.,-2.));
#6269 = VECTOR('',#6270,1.);
#6270 = DIRECTION('',(1.,0.,0.));
#6271 = ORIENTED_EDGE('',*,*,#6272,.F.);
#6272 = EDGE_CURVE('',#6256,#6265,#6273,.T.);
#6273 = LINE('',#6274,#6275);
#6274 = CARTESIAN_POINT('',(48.5,11.,-5.));
#6275 = VECTOR('',#6276,1.);
#6276 = DIRECTION('',(0.,0.,1.));
#6277 = PLANE('',#6278);
#6278 = AXIS2_PLACEMENT_3D('',#6279,#6280,#6281);
#6279 = CARTESIAN_POINT('',(-6.5,11.,-5.));
#6280 = DIRECTION('',(0.,1.,0.));
#6281 = DIRECTION('',(0.,0.,1.));
#6282 = ADVANCED_FACE('',(#6283),#6310,.T.);
#6283 = FACE_BOUND('',#6284,.T.);
#6284 = EDGE_LOOP('',(#6285,#6294,#6302,#6309));
#6285 = ORIENTED_EDGE('',*,*,#6286,.F.);
#6286 = EDGE_CURVE('',#6287,#6233,#6289,.T.);
#6287 = VERTEX_POINT('',#6288);
#6288 = CARTESIAN_POINT('',(-10.5,15.,-2.));
#6289 = CIRCLE('',#6290,4.);
#6290 = AXIS2_PLACEMENT_3D('',#6291,#6292,#6293);
#6291 = CARTESIAN_POINT('',(-6.5,15.,-2.));
#6292 = DIRECTION('',(0.,0.,1.));
#6293 = DIRECTION('',(1.,0.,0.));
#6294 = ORIENTED_EDGE('',*,*,#6295,.F.);
#6295 = EDGE_CURVE('',#6296,#6287,#6298,.T.);
#6296 = VERTEX_POINT('',#6297);
#6297 = CARTESIAN_POINT('',(-10.5,15.,-5.));
#6298 = LINE('',#6299,#6300);
#6299 = CARTESIAN_POINT('',(-10.5,15.,-5.));
#6300 = VECTOR('',#6301,1.);
#6301 = DIRECTION('',(0.,0.,1.));
#6302 = ORIENTED_EDGE('',*,*,#6303,.T.);
#6303 = EDGE_CURVE('',#6296,#6225,#6304,.T.);
#6304 = CIRCLE('',#6305,4.);
#6305 = AXIS2_PLACEMENT_3D('',#6306,#6307,#6308);
#6306 = CARTESIAN_POINT('',(-6.5,15.,-5.));
#6307 = DIRECTION('',(0.,0.,1.));
#6308 = DIRECTION('',(1.,0.,0.));
#6309 = ORIENTED_EDGE('',*,*,#6232,.T.);
#6310 = CYLINDRICAL_SURFACE('',#6311,4.);
#6311 = AXIS2_PLACEMENT_3D('',#6312,#6313,#6314);
#6312 = CARTESIAN_POINT('',(-6.5,15.,-5.));
#6313 = DIRECTION('',(0.,0.,1.));
#6314 = DIRECTION('',(1.,0.,0.));
#6315 = ADVANCED_FACE('',(#6316),#6341,.F.);
#6316 = FACE_BOUND('',#6317,.F.);
#6317 = EDGE_LOOP('',(#6318,#6319,#6327,#6335));
#6318 = ORIENTED_EDGE('',*,*,#6295,.F.);
#6319 = ORIENTED_EDGE('',*,*,#6320,.T.);
#6320 = EDGE_CURVE('',#6296,#6321,#6323,.T.);
#6321 = VERTEX_POINT('',#6322);
#6322 = CARTESIAN_POINT('',(-10.5,46.,-5.));
#6323 = LINE('',#6324,#6325);
#6324 = CARTESIAN_POINT('',(-10.5,15.,-5.));
#6325 = VECTOR('',#6326,1.);
#6326 = DIRECTION('',(0.,1.,0.));
#6327 = ORIENTED_EDGE('',*,*,#6328,.T.);
#6328 = EDGE_CURVE('',#6321,#6329,#6331,.T.);
#6329 = VERTEX_POINT('',#6330);
#6330 = CARTESIAN_POINT('',(-10.5,46.,-2.));
#6331 = LINE('',#6332,#6333);
#6332 = CARTESIAN_POINT('',(-10.5,46.,-5.));
#6333 = VECTOR('',#6334,1.);
#6334 = DIRECTION('',(0.,0.,1.));
#6335 = ORIENTED_EDGE('',*,*,#6336,.F.);
#6336 = EDGE_CURVE('',#6287,#6329,#6337,.T.);
#6337 = LINE('',#6338,#6339);
#6338 = CARTESIAN_POINT('',(-10.5,15.,-2.));
#6339 = VECTOR('',#6340,1.);
#6340 = DIRECTION('',(0.,1.,0.));
#6341 = PLANE('',#6342);
#6342 = AXIS2_PLACEMENT_3D('',#6343,#6344,#6345);
#6343 = CARTESIAN_POINT('',(-10.5,15.,-5.));
#6344 = DIRECTION('',(1.,0.,0.));
#6345 = DIRECTION('',(0.,0.,1.));
#6346 = ADVANCED_FACE('',(#6347),#6374,.T.);
#6347 = FACE_BOUND('',#6348,.T.);
#6348 = EDGE_LOOP('',(#6349,#6358,#6366,#6373));
#6349 = ORIENTED_EDGE('',*,*,#6350,.F.);
#6350 = EDGE_CURVE('',#6351,#6329,#6353,.T.);
#6351 = VERTEX_POINT('',#6352);
#6352 = CARTESIAN_POINT('',(-6.5,50.,-2.));
#6353 = CIRCLE('',#6354,4.);
#6354 = AXIS2_PLACEMENT_3D('',#6355,#6356,#6357);
#6355 = CARTESIAN_POINT('',(-6.5,46.,-2.));
#6356 = DIRECTION('',(0.,0.,1.));
#6357 = DIRECTION('',(1.,0.,0.));
#6358 = ORIENTED_EDGE('',*,*,#6359,.F.);
#6359 = EDGE_CURVE('',#6360,#6351,#6362,.T.);
#6360 = VERTEX_POINT('',#6361);
#6361 = CARTESIAN_POINT('',(-6.5,50.,-5.));
#6362 = LINE('',#6363,#6364);
#6363 = CARTESIAN_POINT('',(-6.5,50.,-5.));
#6364 = VECTOR('',#6365,1.);
#6365 = DIRECTION('',(0.,0.,1.));
#6366 = ORIENTED_EDGE('',*,*,#6367,.T.);
#6367 = EDGE_CURVE('',#6360,#6321,#6368,.T.);
#6368 = CIRCLE('',#6369,4.);
#6369 = AXIS2_PLACEMENT_3D('',#6370,#6371,#6372);
#6370 = CARTESIAN_POINT('',(-6.5,46.,-5.));
#6371 = DIRECTION('',(0.,0.,1.));
#6372 = DIRECTION('',(1.,0.,0.));
#6373 = ORIENTED_EDGE('',*,*,#6328,.T.);
#6374 = CYLINDRICAL_SURFACE('',#6375,4.);
#6375 = AXIS2_PLACEMENT_3D('',#6376,#6377,#6378);
#6376 = CARTESIAN_POINT('',(-6.5,46.,-5.));
#6377 = DIRECTION('',(0.,0.,1.));
#6378 = DIRECTION('',(1.,0.,0.));
#6379 = ADVANCED_FACE('',(#6380),#6405,.T.);
#6380 = FACE_BOUND('',#6381,.T.);
#6381 = EDGE_LOOP('',(#6382,#6390,#6391,#6399));
#6382 = ORIENTED_EDGE('',*,*,#6383,.F.);
#6383 = EDGE_CURVE('',#6360,#6384,#6386,.T.);
#6384 = VERTEX_POINT('',#6385);
#6385 = CARTESIAN_POINT('',(-2.5,50.,-5.));
#6386 = LINE('',#6387,#6388);
#6387 = CARTESIAN_POINT('',(-6.5,50.,-5.));
#6388 = VECTOR('',#6389,1.);
#6389 = DIRECTION('',(1.,0.,0.));
#6390 = ORIENTED_EDGE('',*,*,#6359,.T.);
#6391 = ORIENTED_EDGE('',*,*,#6392,.T.);
#6392 = EDGE_CURVE('',#6351,#6393,#6395,.T.);
#6393 = VERTEX_POINT('',#6394);
#6394 = CARTESIAN_POINT('',(-2.5,50.,-2.));
#6395 = LINE('',#6396,#6397);
#6396 = CARTESIAN_POINT('',(-6.5,50.,-2.));
#6397 = VECTOR('',#6398,1.);
#6398 = DIRECTION('',(1.,0.,0.));
#6399 = ORIENTED_EDGE('',*,*,#6400,.F.);
#6400 = EDGE_CURVE('',#6384,#6393,#6401,.T.);
#6401 = LINE('',#6402,#6403);
#6402 = CARTESIAN_POINT('',(-2.5,50.,-5.));
#6403 = VECTOR('',#6404,1.);
#6404 = DIRECTION('',(0.,0.,1.));
#6405 = PLANE('',#6406);
#6406 = AXIS2_PLACEMENT_3D('',#6407,#6408,#6409);
#6407 = CARTESIAN_POINT('',(-6.5,50.,-5.));
#6408 = DIRECTION('',(0.,1.,0.));
#6409 = DIRECTION('',(0.,0.,1.));
#6410 = ADVANCED_FACE('',(#6411),#6436,.F.);
#6411 = FACE_BOUND('',#6412,.F.);
#6412 = EDGE_LOOP('',(#6413,#6414,#6422,#6430));
#6413 = ORIENTED_EDGE('',*,*,#6400,.F.);
#6414 = ORIENTED_EDGE('',*,*,#6415,.T.);
#6415 = EDGE_CURVE('',#6384,#6416,#6418,.T.);
#6416 = VERTEX_POINT('',#6417);
#6417 = CARTESIAN_POINT('',(-2.5,52.,-5.));
#6418 = LINE('',#6419,#6420);
#6419 = CARTESIAN_POINT('',(-2.5,8.,-5.));
#6420 = VECTOR('',#6421,1.);
#6421 = DIRECTION('',(0.,1.,0.));
#6422 = ORIENTED_EDGE('',*,*,#6423,.T.);
#6423 = EDGE_CURVE('',#6416,#6424,#6426,.T.);
#6424 = VERTEX_POINT('',#6425);
#6425 = CARTESIAN_POINT('',(-2.5,52.,-2.));
#6426 = LINE('',#6427,#6428);
#6427 = CARTESIAN_POINT('',(-2.5,52.,-5.));
#6428 = VECTOR('',#6429,1.);
#6429 = DIRECTION('',(0.,0.,1.));
#6430 = ORIENTED_EDGE('',*,*,#6431,.F.);
#6431 = EDGE_CURVE('',#6393,#6424,#6432,.T.);
#6432 = LINE('',#6433,#6434);
#6433 = CARTESIAN_POINT('',(-2.5,8.,-2.));
#6434 = VECTOR('',#6435,1.);
#6435 = DIRECTION('',(0.,1.,0.));
#6436 = PLANE('',#6437);
#6437 = AXIS2_PLACEMENT_3D('',#6438,#6439,#6440);
#6438 = CARTESIAN_POINT('',(-2.5,8.,-5.));
#6439 = DIRECTION('',(1.,0.,0.));
#6440 = DIRECTION('',(0.,0.,1.));
#6441 = ADVANCED_FACE('',(#6442),#6469,.T.);
#6442 = FACE_BOUND('',#6443,.T.);
#6443 = EDGE_LOOP('',(#6444,#6453,#6461,#6468));
#6444 = ORIENTED_EDGE('',*,*,#6445,.F.);
#6445 = EDGE_CURVE('',#6446,#6424,#6448,.T.);
#6446 = VERTEX_POINT('',#6447);
#6447 = CARTESIAN_POINT('',(3.5,58.,-2.));
#6448 = CIRCLE('',#6449,6.);
#6449 = AXIS2_PLACEMENT_3D('',#6450,#6451,#6452);
#6450 = CARTESIAN_POINT('',(3.5,52.,-2.));
#6451 = DIRECTION('',(0.,0.,1.));
#6452 = DIRECTION('',(1.,0.,0.));
#6453 = ORIENTED_EDGE('',*,*,#6454,.F.);
#6454 = EDGE_CURVE('',#6455,#6446,#6457,.T.);
#6455 = VERTEX_POINT('',#6456);
#6456 = CARTESIAN_POINT('',(3.5,58.,-5.));
#6457 = LINE('',#6458,#6459);
#6458 = CARTESIAN_POINT('',(3.5,58.,-5.));
#6459 = VECTOR('',#6460,1.);
#6460 = DIRECTION('',(0.,0.,1.));
#6461 = ORIENTED_EDGE('',*,*,#6462,.T.);
#6462 = EDGE_CURVE('',#6455,#6416,#6463,.T.);
#6463 = CIRCLE('',#6464,6.);
#6464 = AXIS2_PLACEMENT_3D('',#6465,#6466,#6467);
#6465 = CARTESIAN_POINT('',(3.5,52.,-5.));
#6466 = DIRECTION('',(0.,0.,1.));
#6467 = DIRECTION('',(1.,0.,0.));
#6468 = ORIENTED_EDGE('',*,*,#6423,.T.);
#6469 = CYLINDRICAL_SURFACE('',#6470,6.);
#6470 = AXIS2_PLACEMENT_3D('',#6471,#6472,#6473);
#6471 = CARTESIAN_POINT('',(3.5,52.,-5.));
#6472 = DIRECTION('',(0.,0.,1.));
#6473 = DIRECTION('',(1.,0.,0.));
#6474 = ADVANCED_FACE('',(#6475),#6500,.T.);
#6475 = FACE_BOUND('',#6476,.T.);
#6476 = EDGE_LOOP('',(#6477,#6485,#6486,#6494));
#6477 = ORIENTED_EDGE('',*,*,#6478,.F.);
#6478 = EDGE_CURVE('',#6455,#6479,#6481,.T.);
#6479 = VERTEX_POINT('',#6480);
#6480 = CARTESIAN_POINT('',(38.5,58.,-5.));
#6481 = LINE('',#6482,#6483);
#6482 = CARTESIAN_POINT('',(3.5,58.,-5.));
#6483 = VECTOR('',#6484,1.);
#6484 = DIRECTION('',(1.,0.,0.));
#6485 = ORIENTED_EDGE('',*,*,#6454,.T.);
#6486 = ORIENTED_EDGE('',*,*,#6487,.T.);
#6487 = EDGE_CURVE('',#6446,#6488,#6490,.T.);
#6488 = VERTEX_POINT('',#6489);
#6489 = CARTESIAN_POINT('',(38.5,58.,-2.));
#6490 = LINE('',#6491,#6492);
#6491 = CARTESIAN_POINT('',(3.5,58.,-2.));
#6492 = VECTOR('',#6493,1.);
#6493 = DIRECTION('',(1.,0.,0.));
#6494 = ORIENTED_EDGE('',*,*,#6495,.F.);
#6495 = EDGE_CURVE('',#6479,#6488,#6496,.T.);
#6496 = LINE('',#6497,#6498);
#6497 = CARTESIAN_POINT('',(38.5,58.,-5.));
#6498 = VECTOR('',#6499,1.);
#6499 = DIRECTION('',(0.,0.,1.));
#6500 = PLANE('',#6501);
#6501 = AXIS2_PLACEMENT_3D('',#6502,#6503,#6504);
#6502 = CARTESIAN_POINT('',(3.5,58.,-5.));
#6503 = DIRECTION('',(0.,1.,0.));
#6504 = DIRECTION('',(0.,0.,1.));
#6505 = ADVANCED_FACE('',(#6506),#6533,.T.);
#6506 = FACE_BOUND('',#6507,.T.);
#6507 = EDGE_LOOP('',(#6508,#6517,#6525,#6532));
#6508 = ORIENTED_EDGE('',*,*,#6509,.F.);
#6509 = EDGE_CURVE('',#6510,#6488,#6512,.T.);
#6510 = VERTEX_POINT('',#6511);
#6511 = CARTESIAN_POINT('',(44.5,52.,-2.));
#6512 = CIRCLE('',#6513,6.);
#6513 = AXIS2_PLACEMENT_3D('',#6514,#6515,#6516);
#6514 = CARTESIAN_POINT('',(38.5,52.,-2.));
#6515 = DIRECTION('',(0.,0.,1.));
#6516 = DIRECTION('',(1.,0.,0.));
#6517 = ORIENTED_EDGE('',*,*,#6518,.F.);
#6518 = EDGE_CURVE('',#6519,#6510,#6521,.T.);
#6519 = VERTEX_POINT('',#6520);
#6520 = CARTESIAN_POINT('',(44.5,52.,-5.));
#6521 = LINE('',#6522,#6523);
#6522 = CARTESIAN_POINT('',(44.5,52.,-5.));
#6523 = VECTOR('',#6524,1.);
#6524 = DIRECTION('',(0.,0.,1.));
#6525 = ORIENTED_EDGE('',*,*,#6526,.T.);
#6526 = EDGE_CURVE('',#6519,#6479,#6527,.T.);
#6527 = CIRCLE('',#6528,6.);
#6528 = AXIS2_PLACEMENT_3D('',#6529,#6530,#6531);
#6529 = CARTESIAN_POINT('',(38.5,52.,-5.));
#6530 = DIRECTION('',(0.,0.,1.));
#6531 = DIRECTION('',(1.,0.,0.));
#6532 = ORIENTED_EDGE('',*,*,#6495,.T.);
#6533 = CYLINDRICAL_SURFACE('',#6534,6.);
#6534 = AXIS2_PLACEMENT_3D('',#6535,#6536,#6537);
#6535 = CARTESIAN_POINT('',(38.5,52.,-5.));
#6536 = DIRECTION('',(0.,0.,1.));
#6537 = DIRECTION('',(1.,0.,0.));
#6538 = ADVANCED_FACE('',(#6539),#6564,.T.);
#6539 = FACE_BOUND('',#6540,.T.);
#6540 = EDGE_LOOP('',(#6541,#6551,#6557,#6558));
#6541 = ORIENTED_EDGE('',*,*,#6542,.F.);
#6542 = EDGE_CURVE('',#6543,#6545,#6547,.T.);
#6543 = VERTEX_POINT('',#6544);
#6544 = CARTESIAN_POINT('',(44.5,50.,-5.));
#6545 = VERTEX_POINT('',#6546);
#6546 = CARTESIAN_POINT('',(44.5,50.,-2.));
#6547 = LINE('',#6548,#6549);
#6548 = CARTESIAN_POINT('',(44.5,50.,-5.));
#6549 = VECTOR('',#6550,1.);
#6550 = DIRECTION('',(0.,0.,1.));
#6551 = ORIENTED_EDGE('',*,*,#6552,.T.);
#6552 = EDGE_CURVE('',#6543,#6519,#6553,.T.);
#6553 = LINE('',#6554,#6555);
#6554 = CARTESIAN_POINT('',(44.5,8.,-5.));
#6555 = VECTOR('',#6556,1.);
#6556 = DIRECTION('',(0.,1.,0.));
#6557 = ORIENTED_EDGE('',*,*,#6518,.T.);
#6558 = ORIENTED_EDGE('',*,*,#6559,.F.);
#6559 = EDGE_CURVE('',#6545,#6510,#6560,.T.);
#6560 = LINE('',#6561,#6562);
#6561 = CARTESIAN_POINT('',(44.5,8.,-2.));
#6562 = VECTOR('',#6563,1.);
#6563 = DIRECTION('',(0.,1.,0.));
#6564 = PLANE('',#6565);
#6565 = AXIS2_PLACEMENT_3D('',#6566,#6567,#6568);
#6566 = CARTESIAN_POINT('',(44.5,8.,-5.));
#6567 = DIRECTION('',(1.,0.,0.));
#6568 = DIRECTION('',(0.,0.,1.));
#6569 = ADVANCED_FACE('',(#6570),#6595,.T.);
#6570 = FACE_BOUND('',#6571,.T.);
#6571 = EDGE_LOOP('',(#6572,#6580,#6581,#6589));
#6572 = ORIENTED_EDGE('',*,*,#6573,.F.);
#6573 = EDGE_CURVE('',#6543,#6574,#6576,.T.);
#6574 = VERTEX_POINT('',#6575);
#6575 = CARTESIAN_POINT('',(48.5,50.,-5.));
#6576 = LINE('',#6577,#6578);
#6577 = CARTESIAN_POINT('',(-6.5,50.,-5.));
#6578 = VECTOR('',#6579,1.);
#6579 = DIRECTION('',(1.,0.,0.));
#6580 = ORIENTED_EDGE('',*,*,#6542,.T.);
#6581 = ORIENTED_EDGE('',*,*,#6582,.T.);
#6582 = EDGE_CURVE('',#6545,#6583,#6585,.T.);
#6583 = VERTEX_POINT('',#6584);
#6584 = CARTESIAN_POINT('',(48.5,50.,-2.));
#6585 = LINE('',#6586,#6587);
#6586 = CARTESIAN_POINT('',(-6.5,50.,-2.));
#6587 = VECTOR('',#6588,1.);
#6588 = DIRECTION('',(1.,0.,0.));
#6589 = ORIENTED_EDGE('',*,*,#6590,.F.);
#6590 = EDGE_CURVE('',#6574,#6583,#6591,.T.);
#6591 = LINE('',#6592,#6593);
#6592 = CARTESIAN_POINT('',(48.5,50.,-5.));
#6593 = VECTOR('',#6594,1.);
#6594 = DIRECTION('',(0.,0.,1.));
#6595 = PLANE('',#6596);
#6596 = AXIS2_PLACEMENT_3D('',#6597,#6598,#6599);
#6597 = CARTESIAN_POINT('',(-6.5,50.,-5.));
#6598 = DIRECTION('',(0.,1.,0.));
#6599 = DIRECTION('',(0.,0.,1.));
#6600 = ADVANCED_FACE('',(#6601),#6628,.T.);
#6601 = FACE_BOUND('',#6602,.T.);
#6602 = EDGE_LOOP('',(#6603,#6612,#6613,#6622));
#6603 = ORIENTED_EDGE('',*,*,#6604,.F.);
#6604 = EDGE_CURVE('',#6265,#6605,#6607,.T.);
#6605 = VERTEX_POINT('',#6606);
#6606 = CARTESIAN_POINT('',(52.5,15.,-2.));
#6607 = CIRCLE('',#6608,4.);
#6608 = AXIS2_PLACEMENT_3D('',#6609,#6610,#6611);
#6609 = CARTESIAN_POINT('',(48.5,15.,-2.));
#6610 = DIRECTION('',(0.,0.,1.));
#6611 = DIRECTION('',(1.,0.,0.));
#6612 = ORIENTED_EDGE('',*,*,#6272,.F.);
#6613 = ORIENTED_EDGE('',*,*,#6614,.T.);
#6614 = EDGE_CURVE('',#6256,#6615,#6617,.T.);
#6615 = VERTEX_POINT('',#6616);
#6616 = CARTESIAN_POINT('',(52.5,15.,-5.));
#6617 = CIRCLE('',#6618,4.);
#6618 = AXIS2_PLACEMENT_3D('',#6619,#6620,#6621);
#6619 = CARTESIAN_POINT('',(48.5,15.,-5.));
#6620 = DIRECTION('',(0.,0.,1.));
#6621 = DIRECTION('',(1.,0.,0.));
#6622 = ORIENTED_EDGE('',*,*,#6623,.T.);
#6623 = EDGE_CURVE('',#6615,#6605,#6624,.T.);
#6624 = LINE('',#6625,#6626);
#6625 = CARTESIAN_POINT('',(52.5,15.,-5.));
#6626 = VECTOR('',#6627,1.);
#6627 = DIRECTION('',(0.,0.,1.));
#6628 = CYLINDRICAL_SURFACE('',#6629,4.);
#6629 = AXIS2_PLACEMENT_3D('',#6630,#6631,#6632);
#6630 = CARTESIAN_POINT('',(48.5,15.,-5.));
#6631 = DIRECTION('',(0.,0.,1.));
#6632 = DIRECTION('',(1.,0.,0.));
#6633 = ADVANCED_FACE('',(#6634),#6661,.T.);
#6634 = FACE_BOUND('',#6635,.T.);
#6635 = EDGE_LOOP('',(#6636,#6645,#6653,#6660));
#6636 = ORIENTED_EDGE('',*,*,#6637,.F.);
#6637 = EDGE_CURVE('',#6638,#6583,#6640,.T.);
#6638 = VERTEX_POINT('',#6639);
#6639 = CARTESIAN_POINT('',(52.5,46.,-2.));
#6640 = CIRCLE('',#6641,4.);
#6641 = AXIS2_PLACEMENT_3D('',#6642,#6643,#6644);
#6642 = CARTESIAN_POINT('',(48.5,46.,-2.));
#6643 = DIRECTION('',(0.,0.,1.));
#6644 = DIRECTION('',(1.,0.,0.));
#6645 = ORIENTED_EDGE('',*,*,#6646,.F.);
#6646 = EDGE_CURVE('',#6647,#6638,#6649,.T.);
#6647 = VERTEX_POINT('',#6648);
#6648 = CARTESIAN_POINT('',(52.5,46.,-5.));
#6649 = LINE('',#6650,#6651);
#6650 = CARTESIAN_POINT('',(52.5,46.,-5.));
#6651 = VECTOR('',#6652,1.);
#6652 = DIRECTION('',(0.,0.,1.));
#6653 = ORIENTED_EDGE('',*,*,#6654,.T.);
#6654 = EDGE_CURVE('',#6647,#6574,#6655,.T.);
#6655 = CIRCLE('',#6656,4.);
#6656 = AXIS2_PLACEMENT_3D('',#6657,#6658,#6659);
#6657 = CARTESIAN_POINT('',(48.5,46.,-5.));
#6658 = DIRECTION('',(0.,0.,1.));
#6659 = DIRECTION('',(1.,0.,0.));
#6660 = ORIENTED_EDGE('',*,*,#6590,.T.);
#6661 = CYLINDRICAL_SURFACE('',#6662,4.);
#6662 = AXIS2_PLACEMENT_3D('',#6663,#6664,#6665);
#6663 = CARTESIAN_POINT('',(48.5,46.,-5.));
#6664 = DIRECTION('',(0.,0.,1.));
#6665 = DIRECTION('',(1.,0.,0.));
#6666 = ADVANCED_FACE('',(#6667),#6683,.T.);
#6667 = FACE_BOUND('',#6668,.T.);
#6668 = EDGE_LOOP('',(#6669,#6670,#6676,#6677));
#6669 = ORIENTED_EDGE('',*,*,#6623,.F.);
#6670 = ORIENTED_EDGE('',*,*,#6671,.T.);
#6671 = EDGE_CURVE('',#6615,#6647,#6672,.T.);
#6672 = LINE('',#6673,#6674);
#6673 = CARTESIAN_POINT('',(52.5,15.,-5.));
#6674 = VECTOR('',#6675,1.);
#6675 = DIRECTION('',(0.,1.,0.));
#6676 = ORIENTED_EDGE('',*,*,#6646,.T.);
#6677 = ORIENTED_EDGE('',*,*,#6678,.F.);
#6678 = EDGE_CURVE('',#6605,#6638,#6679,.T.);
#6679 = LINE('',#6680,#6681);
#6680 = CARTESIAN_POINT('',(52.5,15.,-2.));
#6681 = VECTOR('',#6682,1.);
#6682 = DIRECTION('',(0.,1.,0.));
#6683 = PLANE('',#6684);
#6684 = AXIS2_PLACEMENT_3D('',#6685,#6686,#6687);
#6685 = CARTESIAN_POINT('',(52.5,15.,-5.));
#6686 = DIRECTION('',(1.,0.,0.));
#6687 = DIRECTION('',(0.,0.,1.));
#6688 = ADVANCED_FACE('',(#6689,#6711,#6781,#6851,#6885),#6919,.T.);
#6689 = FACE_BOUND('',#6690,.T.);
#6690 = EDGE_LOOP('',(#6691,#6692,#6693,#6694,#6695,#6696,#6697,#6698,
    #6699,#6700,#6701,#6702,#6703,#6704,#6705,#6706,#6707,#6708,#6709,
    #6710));
#6691 = ORIENTED_EDGE('',*,*,#6210,.F.);
#6692 = ORIENTED_EDGE('',*,*,#6129,.T.);
#6693 = ORIENTED_EDGE('',*,*,#6178,.T.);
#6694 = ORIENTED_EDGE('',*,*,#6096,.T.);
#6695 = ORIENTED_EDGE('',*,*,#6082,.T.);
#6696 = ORIENTED_EDGE('',*,*,#6264,.T.);
#6697 = ORIENTED_EDGE('',*,*,#6604,.T.);
#6698 = ORIENTED_EDGE('',*,*,#6678,.T.);
#6699 = ORIENTED_EDGE('',*,*,#6637,.T.);
#6700 = ORIENTED_EDGE('',*,*,#6582,.F.);
#6701 = ORIENTED_EDGE('',*,*,#6559,.T.);
#6702 = ORIENTED_EDGE('',*,*,#6509,.T.);
#6703 = ORIENTED_EDGE('',*,*,#6487,.F.);
#6704 = ORIENTED_EDGE('',*,*,#6445,.T.);
#6705 = ORIENTED_EDGE('',*,*,#6431,.F.);
#6706 = ORIENTED_EDGE('',*,*,#6392,.F.);
#6707 = ORIENTED_EDGE('',*,*,#6350,.T.);
#6708 = ORIENTED_EDGE('',*,*,#6336,.F.);
#6709 = ORIENTED_EDGE('',*,*,#6286,.T.);
#6710 = ORIENTED_EDGE('',*,*,#6240,.T.);
#6711 = FACE_BOUND('',#6712,.T.);
#6712 = EDGE_LOOP('',(#6713,#6724,#6732,#6741,#6749,#6758,#6766,#6775));
#6713 = ORIENTED_EDGE('',*,*,#6714,.F.);
#6714 = EDGE_CURVE('',#6715,#6717,#6719,.T.);
#6715 = VERTEX_POINT('',#6716);
#6716 = CARTESIAN_POINT('',(-7.8,13.75,-2.));
#6717 = VERTEX_POINT('',#6718);
#6718 = CARTESIAN_POINT('',(-6.8,12.75,-2.));
#6719 = CIRCLE('',#6720,1.);
#6720 = AXIS2_PLACEMENT_3D('',#6721,#6722,#6723);
#6721 = CARTESIAN_POINT('',(-6.8,13.75,-2.));
#6722 = DIRECTION('',(0.,0.,1.));
#6723 = DIRECTION('',(1.,0.,0.));
#6724 = ORIENTED_EDGE('',*,*,#6725,.T.);
#6725 = EDGE_CURVE('',#6715,#6726,#6728,.T.);
#6726 = VERTEX_POINT('',#6727);
#6727 = CARTESIAN_POINT('',(-7.8,47.25,-2.));
#6728 = LINE('',#6729,#6730);
#6729 = CARTESIAN_POINT('',(-7.8,22.125,-2.));
#6730 = VECTOR('',#6731,1.);
#6731 = DIRECTION('',(0.,1.,0.));
#6732 = ORIENTED_EDGE('',*,*,#6733,.F.);
#6733 = EDGE_CURVE('',#6734,#6726,#6736,.T.);
#6734 = VERTEX_POINT('',#6735);
#6735 = CARTESIAN_POINT('',(-6.8,48.25,-2.));
#6736 = CIRCLE('',#6737,1.);
#6737 = AXIS2_PLACEMENT_3D('',#6738,#6739,#6740);
#6738 = CARTESIAN_POINT('',(-6.8,47.25,-2.));
#6739 = DIRECTION('',(0.,0.,1.));
#6740 = DIRECTION('',(1.,0.,0.));
#6741 = ORIENTED_EDGE('',*,*,#6742,.F.);
#6742 = EDGE_CURVE('',#6743,#6734,#6745,.T.);
#6743 = VERTEX_POINT('',#6744);
#6744 = CARTESIAN_POINT('',(-4.8,48.25,-2.));
#6745 = LINE('',#6746,#6747);
#6746 = CARTESIAN_POINT('',(7.1,48.25,-2.));
#6747 = VECTOR('',#6748,1.);
#6748 = DIRECTION('',(-1.,0.,0.));
#6749 = ORIENTED_EDGE('',*,*,#6750,.F.);
#6750 = EDGE_CURVE('',#6751,#6743,#6753,.T.);
#6751 = VERTEX_POINT('',#6752);
#6752 = CARTESIAN_POINT('',(-3.8,47.25,-2.));
#6753 = CIRCLE('',#6754,1.);
#6754 = AXIS2_PLACEMENT_3D('',#6755,#6756,#6757);
#6755 = CARTESIAN_POINT('',(-4.8,47.25,-2.));
#6756 = DIRECTION('',(0.,0.,1.));
#6757 = DIRECTION('',(1.,0.,0.));
#6758 = ORIENTED_EDGE('',*,*,#6759,.F.);
#6759 = EDGE_CURVE('',#6760,#6751,#6762,.T.);
#6760 = VERTEX_POINT('',#6761);
#6761 = CARTESIAN_POINT('',(-3.8,13.75,-2.));
#6762 = LINE('',#6763,#6764);
#6763 = CARTESIAN_POINT('',(-3.8,22.125,-2.));
#6764 = VECTOR('',#6765,1.);
#6765 = DIRECTION('',(0.,1.,0.));
#6766 = ORIENTED_EDGE('',*,*,#6767,.F.);
#6767 = EDGE_CURVE('',#6768,#6760,#6770,.T.);
#6768 = VERTEX_POINT('',#6769);
#6769 = CARTESIAN_POINT('',(-4.8,12.75,-2.));
#6770 = CIRCLE('',#6771,1.);
#6771 = AXIS2_PLACEMENT_3D('',#6772,#6773,#6774);
#6772 = CARTESIAN_POINT('',(-4.8,13.75,-2.));
#6773 = DIRECTION('',(0.,0.,1.));
#6774 = DIRECTION('',(1.,0.,0.));
#6775 = ORIENTED_EDGE('',*,*,#6776,.T.);
#6776 = EDGE_CURVE('',#6768,#6717,#6777,.T.);
#6777 = LINE('',#6778,#6779);
#6778 = CARTESIAN_POINT('',(7.1,12.75,-2.));
#6779 = VECTOR('',#6780,1.);
#6780 = DIRECTION('',(-1.,0.,0.));
#6781 = FACE_BOUND('',#6782,.T.);
#6782 = EDGE_LOOP('',(#6783,#6794,#6802,#6811,#6819,#6828,#6836,#6845));
#6783 = ORIENTED_EDGE('',*,*,#6784,.F.);
#6784 = EDGE_CURVE('',#6785,#6787,#6789,.T.);
#6785 = VERTEX_POINT('',#6786);
#6786 = CARTESIAN_POINT('',(45.,13.75,-2.));
#6787 = VERTEX_POINT('',#6788);
#6788 = CARTESIAN_POINT('',(46.,12.75,-2.));
#6789 = CIRCLE('',#6790,1.);
#6790 = AXIS2_PLACEMENT_3D('',#6791,#6792,#6793);
#6791 = CARTESIAN_POINT('',(46.,13.75,-2.));
#6792 = DIRECTION('',(0.,0.,1.));
#6793 = DIRECTION('',(1.,0.,0.));
#6794 = ORIENTED_EDGE('',*,*,#6795,.T.);
#6795 = EDGE_CURVE('',#6785,#6796,#6798,.T.);
#6796 = VERTEX_POINT('',#6797);
#6797 = CARTESIAN_POINT('',(45.,47.25,-2.));
#6798 = LINE('',#6799,#6800);
#6799 = CARTESIAN_POINT('',(45.,22.125,-2.));
#6800 = VECTOR('',#6801,1.);
#6801 = DIRECTION('',(0.,1.,0.));
#6802 = ORIENTED_EDGE('',*,*,#6803,.F.);
#6803 = EDGE_CURVE('',#6804,#6796,#6806,.T.);
#6804 = VERTEX_POINT('',#6805);
#6805 = CARTESIAN_POINT('',(46.,48.25,-2.));
#6806 = CIRCLE('',#6807,1.);
#6807 = AXIS2_PLACEMENT_3D('',#6808,#6809,#6810);
#6808 = CARTESIAN_POINT('',(46.,47.25,-2.));
#6809 = DIRECTION('',(0.,0.,1.));
#6810 = DIRECTION('',(1.,0.,0.));
#6811 = ORIENTED_EDGE('',*,*,#6812,.F.);
#6812 = EDGE_CURVE('',#6813,#6804,#6815,.T.);
#6813 = VERTEX_POINT('',#6814);
#6814 = CARTESIAN_POINT('',(48.,48.25,-2.));
#6815 = LINE('',#6816,#6817);
#6816 = CARTESIAN_POINT('',(33.5,48.25,-2.));
#6817 = VECTOR('',#6818,1.);
#6818 = DIRECTION('',(-1.,0.,0.));
#6819 = ORIENTED_EDGE('',*,*,#6820,.F.);
#6820 = EDGE_CURVE('',#6821,#6813,#6823,.T.);
#6821 = VERTEX_POINT('',#6822);
#6822 = CARTESIAN_POINT('',(49.,47.25,-2.));
#6823 = CIRCLE('',#6824,1.);
#6824 = AXIS2_PLACEMENT_3D('',#6825,#6826,#6827);
#6825 = CARTESIAN_POINT('',(48.,47.25,-2.));
#6826 = DIRECTION('',(0.,0.,1.));
#6827 = DIRECTION('',(1.,0.,0.));
#6828 = ORIENTED_EDGE('',*,*,#6829,.F.);
#6829 = EDGE_CURVE('',#6830,#6821,#6832,.T.);
#6830 = VERTEX_POINT('',#6831);
#6831 = CARTESIAN_POINT('',(49.,13.75,-2.));
#6832 = LINE('',#6833,#6834);
#6833 = CARTESIAN_POINT('',(49.,22.125,-2.));
#6834 = VECTOR('',#6835,1.);
#6835 = DIRECTION('',(0.,1.,0.));
#6836 = ORIENTED_EDGE('',*,*,#6837,.F.);
#6837 = EDGE_CURVE('',#6838,#6830,#6840,.T.);
#6838 = VERTEX_POINT('',#6839);
#6839 = CARTESIAN_POINT('',(48.,12.75,-2.));
#6840 = CIRCLE('',#6841,1.);
#6841 = AXIS2_PLACEMENT_3D('',#6842,#6843,#6844);
#6842 = CARTESIAN_POINT('',(48.,13.75,-2.));
#6843 = DIRECTION('',(0.,0.,1.));
#6844 = DIRECTION('',(1.,0.,0.));
#6845 = ORIENTED_EDGE('',*,*,#6846,.T.);
#6846 = EDGE_CURVE('',#6838,#6787,#6847,.T.);
#6847 = LINE('',#6848,#6849);
#6848 = CARTESIAN_POINT('',(33.5,12.75,-2.));
#6849 = VECTOR('',#6850,1.);
#6850 = DIRECTION('',(-1.,0.,0.));
#6851 = FACE_BOUND('',#6852,.T.);
#6852 = EDGE_LOOP('',(#6853,#6863,#6871,#6879));
#6853 = ORIENTED_EDGE('',*,*,#6854,.F.);
#6854 = EDGE_CURVE('',#6855,#6857,#6859,.T.);
#6855 = VERTEX_POINT('',#6856);
#6856 = CARTESIAN_POINT('',(-2.5,13.,-2.));
#6857 = VERTEX_POINT('',#6858);
#6858 = CARTESIAN_POINT('',(-0.4,13.,-2.));
#6859 = LINE('',#6860,#6861);
#6860 = CARTESIAN_POINT('',(-2.5,13.,-2.));
#6861 = VECTOR('',#6862,1.);
#6862 = DIRECTION('',(1.,0.,0.));
#6863 = ORIENTED_EDGE('',*,*,#6864,.T.);
#6864 = EDGE_CURVE('',#6855,#6865,#6867,.T.);
#6865 = VERTEX_POINT('',#6866);
#6866 = CARTESIAN_POINT('',(-2.5,48.,-2.));
#6867 = LINE('',#6868,#6869);
#6868 = CARTESIAN_POINT('',(-2.5,8.,-2.));
#6869 = VECTOR('',#6870,1.);
#6870 = DIRECTION('',(0.,1.,0.));
#6871 = ORIENTED_EDGE('',*,*,#6872,.T.);
#6872 = EDGE_CURVE('',#6865,#6873,#6875,.T.);
#6873 = VERTEX_POINT('',#6874);
#6874 = CARTESIAN_POINT('',(-0.4,48.,-2.));
#6875 = LINE('',#6876,#6877);
#6876 = CARTESIAN_POINT('',(-2.5,48.,-2.));
#6877 = VECTOR('',#6878,1.);
#6878 = DIRECTION('',(1.,0.,0.));
#6879 = ORIENTED_EDGE('',*,*,#6880,.F.);
#6880 = EDGE_CURVE('',#6857,#6873,#6881,.T.);
#6881 = LINE('',#6882,#6883);
#6882 = CARTESIAN_POINT('',(-0.4,13.,-2.));
#6883 = VECTOR('',#6884,1.);
#6884 = DIRECTION('',(0.,1.,0.));
#6885 = FACE_BOUND('',#6886,.T.);
#6886 = EDGE_LOOP('',(#6887,#6897,#6905,#6913));
#6887 = ORIENTED_EDGE('',*,*,#6888,.T.);
#6888 = EDGE_CURVE('',#6889,#6891,#6893,.T.);
#6889 = VERTEX_POINT('',#6890);
#6890 = CARTESIAN_POINT('',(42.4,48.,-2.));
#6891 = VERTEX_POINT('',#6892);
#6892 = CARTESIAN_POINT('',(44.5,48.,-2.));
#6893 = LINE('',#6894,#6895);
#6894 = CARTESIAN_POINT('',(42.4,48.,-2.));
#6895 = VECTOR('',#6896,1.);
#6896 = DIRECTION('',(1.,0.,0.));
#6897 = ORIENTED_EDGE('',*,*,#6898,.F.);
#6898 = EDGE_CURVE('',#6899,#6891,#6901,.T.);
#6899 = VERTEX_POINT('',#6900);
#6900 = CARTESIAN_POINT('',(44.5,13.,-2.));
#6901 = LINE('',#6902,#6903);
#6902 = CARTESIAN_POINT('',(44.5,8.,-2.));
#6903 = VECTOR('',#6904,1.);
#6904 = DIRECTION('',(0.,1.,0.));
#6905 = ORIENTED_EDGE('',*,*,#6906,.F.);
#6906 = EDGE_CURVE('',#6907,#6899,#6909,.T.);
#6907 = VERTEX_POINT('',#6908);
#6908 = CARTESIAN_POINT('',(42.4,13.,-2.));
#6909 = LINE('',#6910,#6911);
#6910 = CARTESIAN_POINT('',(42.4,13.,-2.));
#6911 = VECTOR('',#6912,1.);
#6912 = DIRECTION('',(1.,0.,0.));
#6913 = ORIENTED_EDGE('',*,*,#6914,.T.);
#6914 = EDGE_CURVE('',#6907,#6889,#6915,.T.);
#6915 = LINE('',#6916,#6917);
#6916 = CARTESIAN_POINT('',(42.4,13.,-2.));
#6917 = VECTOR('',#6918,1.);
#6918 = DIRECTION('',(0.,1.,0.));
#6919 = PLANE('',#6920);
#6920 = AXIS2_PLACEMENT_3D('',#6921,#6922,#6923);
#6921 = CARTESIAN_POINT('',(21.,30.056439704282,-2.));
#6922 = DIRECTION('',(0.,0.,1.));
#6923 = DIRECTION('',(1.,0.,0.));
#6924 = ADVANCED_FACE('',(#6925),#6951,.F.);
#6925 = FACE_BOUND('',#6926,.F.);
#6926 = EDGE_LOOP('',(#6927,#6928,#6936,#6945));
#6927 = ORIENTED_EDGE('',*,*,#6714,.F.);
#6928 = ORIENTED_EDGE('',*,*,#6929,.F.);
#6929 = EDGE_CURVE('',#6930,#6715,#6932,.T.);
#6930 = VERTEX_POINT('',#6931);
#6931 = CARTESIAN_POINT('',(-7.8,13.75,-5.));
#6932 = LINE('',#6933,#6934);
#6933 = CARTESIAN_POINT('',(-7.8,13.75,-6.));
#6934 = VECTOR('',#6935,1.);
#6935 = DIRECTION('',(0.,0.,1.));
#6936 = ORIENTED_EDGE('',*,*,#6937,.T.);
#6937 = EDGE_CURVE('',#6930,#6938,#6940,.T.);
#6938 = VERTEX_POINT('',#6939);
#6939 = CARTESIAN_POINT('',(-6.8,12.75,-5.));
#6940 = CIRCLE('',#6941,1.);
#6941 = AXIS2_PLACEMENT_3D('',#6942,#6943,#6944);
#6942 = CARTESIAN_POINT('',(-6.8,13.75,-5.));
#6943 = DIRECTION('',(0.,0.,1.));
#6944 = DIRECTION('',(1.,0.,0.));
#6945 = ORIENTED_EDGE('',*,*,#6946,.T.);
#6946 = EDGE_CURVE('',#6938,#6717,#6947,.T.);
#6947 = LINE('',#6948,#6949);
#6948 = CARTESIAN_POINT('',(-6.8,12.75,-6.));
#6949 = VECTOR('',#6950,1.);
#6950 = DIRECTION('',(0.,0.,1.));
#6951 = CYLINDRICAL_SURFACE('',#6952,1.);
#6952 = AXIS2_PLACEMENT_3D('',#6953,#6954,#6955);
#6953 = CARTESIAN_POINT('',(-6.8,13.75,-6.));
#6954 = DIRECTION('',(0.,0.,1.));
#6955 = DIRECTION('',(1.,0.,0.));
#6956 = ADVANCED_FACE('',(#6957),#6975,.T.);
#6957 = FACE_BOUND('',#6958,.T.);
#6958 = EDGE_LOOP('',(#6959,#6967,#6968,#6969));
#6959 = ORIENTED_EDGE('',*,*,#6960,.F.);
#6960 = EDGE_CURVE('',#6938,#6961,#6963,.T.);
#6961 = VERTEX_POINT('',#6962);
#6962 = CARTESIAN_POINT('',(-4.8,12.75,-5.));
#6963 = LINE('',#6964,#6965);
#6964 = CARTESIAN_POINT('',(7.1,12.75,-5.));
#6965 = VECTOR('',#6966,1.);
#6966 = DIRECTION('',(1.,0.,0.));
#6967 = ORIENTED_EDGE('',*,*,#6946,.T.);
#6968 = ORIENTED_EDGE('',*,*,#6776,.F.);
#6969 = ORIENTED_EDGE('',*,*,#6970,.F.);
#6970 = EDGE_CURVE('',#6961,#6768,#6971,.T.);
#6971 = LINE('',#6972,#6973);
#6972 = CARTESIAN_POINT('',(-4.8,12.75,-6.));
#6973 = VECTOR('',#6974,1.);
#6974 = DIRECTION('',(0.,0.,1.));
#6975 = PLANE('',#6976);
#6976 = AXIS2_PLACEMENT_3D('',#6977,#6978,#6979);
#6977 = CARTESIAN_POINT('',(-6.8,12.75,-6.));
#6978 = DIRECTION('',(0.,1.,0.));
#6979 = DIRECTION('',(0.,0.,1.));
#6980 = ADVANCED_FACE('',(#6981),#7000,.F.);
#6981 = FACE_BOUND('',#6982,.F.);
#6982 = EDGE_LOOP('',(#6983,#6984,#6985,#6994));
#6983 = ORIENTED_EDGE('',*,*,#6767,.F.);
#6984 = ORIENTED_EDGE('',*,*,#6970,.F.);
#6985 = ORIENTED_EDGE('',*,*,#6986,.T.);
#6986 = EDGE_CURVE('',#6961,#6987,#6989,.T.);
#6987 = VERTEX_POINT('',#6988);
#6988 = CARTESIAN_POINT('',(-3.8,13.75,-5.));
#6989 = CIRCLE('',#6990,1.);
#6990 = AXIS2_PLACEMENT_3D('',#6991,#6992,#6993);
#6991 = CARTESIAN_POINT('',(-4.8,13.75,-5.));
#6992 = DIRECTION('',(0.,0.,1.));
#6993 = DIRECTION('',(1.,0.,0.));
#6994 = ORIENTED_EDGE('',*,*,#6995,.T.);
#6995 = EDGE_CURVE('',#6987,#6760,#6996,.T.);
#6996 = LINE('',#6997,#6998);
#6997 = CARTESIAN_POINT('',(-3.8,13.75,-6.));
#6998 = VECTOR('',#6999,1.);
#6999 = DIRECTION('',(0.,0.,1.));
#7000 = CYLINDRICAL_SURFACE('',#7001,1.);
#7001 = AXIS2_PLACEMENT_3D('',#7002,#7003,#7004);
#7002 = CARTESIAN_POINT('',(-4.8,13.75,-6.));
#7003 = DIRECTION('',(0.,0.,1.));
#7004 = DIRECTION('',(1.,0.,0.));
#7005 = ADVANCED_FACE('',(#7006),#7024,.F.);
#7006 = FACE_BOUND('',#7007,.F.);
#7007 = EDGE_LOOP('',(#7008,#7009,#7017,#7023));
#7008 = ORIENTED_EDGE('',*,*,#6995,.F.);
#7009 = ORIENTED_EDGE('',*,*,#7010,.F.);
#7010 = EDGE_CURVE('',#7011,#6987,#7013,.T.);
#7011 = VERTEX_POINT('',#7012);
#7012 = CARTESIAN_POINT('',(-3.8,47.25,-5.));
#7013 = LINE('',#7014,#7015);
#7014 = CARTESIAN_POINT('',(-3.8,22.125,-5.));
#7015 = VECTOR('',#7016,1.);
#7016 = DIRECTION('',(0.,-1.,0.));
#7017 = ORIENTED_EDGE('',*,*,#7018,.T.);
#7018 = EDGE_CURVE('',#7011,#6751,#7019,.T.);
#7019 = LINE('',#7020,#7021);
#7020 = CARTESIAN_POINT('',(-3.8,47.25,-6.));
#7021 = VECTOR('',#7022,1.);
#7022 = DIRECTION('',(0.,0.,1.));
#7023 = ORIENTED_EDGE('',*,*,#6759,.F.);
#7024 = PLANE('',#7025);
#7025 = AXIS2_PLACEMENT_3D('',#7026,#7027,#7028);
#7026 = CARTESIAN_POINT('',(-3.8,13.75,-6.));
#7027 = DIRECTION('',(1.,0.,0.));
#7028 = DIRECTION('',(0.,0.,1.));
#7029 = ADVANCED_FACE('',(#7030),#7049,.F.);
#7030 = FACE_BOUND('',#7031,.F.);
#7031 = EDGE_LOOP('',(#7032,#7033,#7034,#7043));
#7032 = ORIENTED_EDGE('',*,*,#6750,.F.);
#7033 = ORIENTED_EDGE('',*,*,#7018,.F.);
#7034 = ORIENTED_EDGE('',*,*,#7035,.T.);
#7035 = EDGE_CURVE('',#7011,#7036,#7038,.T.);
#7036 = VERTEX_POINT('',#7037);
#7037 = CARTESIAN_POINT('',(-4.8,48.25,-5.));
#7038 = CIRCLE('',#7039,1.);
#7039 = AXIS2_PLACEMENT_3D('',#7040,#7041,#7042);
#7040 = CARTESIAN_POINT('',(-4.8,47.25,-5.));
#7041 = DIRECTION('',(0.,0.,1.));
#7042 = DIRECTION('',(1.,0.,0.));
#7043 = ORIENTED_EDGE('',*,*,#7044,.T.);
#7044 = EDGE_CURVE('',#7036,#6743,#7045,.T.);
#7045 = LINE('',#7046,#7047);
#7046 = CARTESIAN_POINT('',(-4.8,48.25,-6.));
#7047 = VECTOR('',#7048,1.);
#7048 = DIRECTION('',(0.,0.,1.));
#7049 = CYLINDRICAL_SURFACE('',#7050,1.);
#7050 = AXIS2_PLACEMENT_3D('',#7051,#7052,#7053);
#7051 = CARTESIAN_POINT('',(-4.8,47.25,-6.));
#7052 = DIRECTION('',(0.,0.,1.));
#7053 = DIRECTION('',(1.,0.,0.));
#7054 = ADVANCED_FACE('',(#7055),#7073,.F.);
#7055 = FACE_BOUND('',#7056,.F.);
#7056 = EDGE_LOOP('',(#7057,#7065,#7071,#7072));
#7057 = ORIENTED_EDGE('',*,*,#7058,.F.);
#7058 = EDGE_CURVE('',#7059,#7036,#7061,.T.);
#7059 = VERTEX_POINT('',#7060);
#7060 = CARTESIAN_POINT('',(-6.8,48.25,-5.));
#7061 = LINE('',#7062,#7063);
#7062 = CARTESIAN_POINT('',(7.1,48.25,-5.));
#7063 = VECTOR('',#7064,1.);
#7064 = DIRECTION('',(1.,0.,0.));
#7065 = ORIENTED_EDGE('',*,*,#7066,.T.);
#7066 = EDGE_CURVE('',#7059,#6734,#7067,.T.);
#7067 = LINE('',#7068,#7069);
#7068 = CARTESIAN_POINT('',(-6.8,48.25,-6.));
#7069 = VECTOR('',#7070,1.);
#7070 = DIRECTION('',(0.,0.,1.));
#7071 = ORIENTED_EDGE('',*,*,#6742,.F.);
#7072 = ORIENTED_EDGE('',*,*,#7044,.F.);
#7073 = PLANE('',#7074);
#7074 = AXIS2_PLACEMENT_3D('',#7075,#7076,#7077);
#7075 = CARTESIAN_POINT('',(-6.8,48.25,-6.));
#7076 = DIRECTION('',(0.,1.,0.));
#7077 = DIRECTION('',(0.,0.,1.));
#7078 = ADVANCED_FACE('',(#7079),#7098,.F.);
#7079 = FACE_BOUND('',#7080,.F.);
#7080 = EDGE_LOOP('',(#7081,#7082,#7083,#7092));
#7081 = ORIENTED_EDGE('',*,*,#6733,.F.);
#7082 = ORIENTED_EDGE('',*,*,#7066,.F.);
#7083 = ORIENTED_EDGE('',*,*,#7084,.T.);
#7084 = EDGE_CURVE('',#7059,#7085,#7087,.T.);
#7085 = VERTEX_POINT('',#7086);
#7086 = CARTESIAN_POINT('',(-7.8,47.25,-5.));
#7087 = CIRCLE('',#7088,1.);
#7088 = AXIS2_PLACEMENT_3D('',#7089,#7090,#7091);
#7089 = CARTESIAN_POINT('',(-6.8,47.25,-5.));
#7090 = DIRECTION('',(0.,0.,1.));
#7091 = DIRECTION('',(1.,0.,0.));
#7092 = ORIENTED_EDGE('',*,*,#7093,.T.);
#7093 = EDGE_CURVE('',#7085,#6726,#7094,.T.);
#7094 = LINE('',#7095,#7096);
#7095 = CARTESIAN_POINT('',(-7.8,47.25,-6.));
#7096 = VECTOR('',#7097,1.);
#7097 = DIRECTION('',(0.,0.,1.));
#7098 = CYLINDRICAL_SURFACE('',#7099,1.);
#7099 = AXIS2_PLACEMENT_3D('',#7100,#7101,#7102);
#7100 = CARTESIAN_POINT('',(-6.8,47.25,-6.));
#7101 = DIRECTION('',(0.,0.,1.));
#7102 = DIRECTION('',(1.,0.,0.));
#7103 = ADVANCED_FACE('',(#7104),#7115,.T.);
#7104 = FACE_BOUND('',#7105,.T.);
#7105 = EDGE_LOOP('',(#7106,#7107,#7113,#7114));
#7106 = ORIENTED_EDGE('',*,*,#6929,.F.);
#7107 = ORIENTED_EDGE('',*,*,#7108,.F.);
#7108 = EDGE_CURVE('',#7085,#6930,#7109,.T.);
#7109 = LINE('',#7110,#7111);
#7110 = CARTESIAN_POINT('',(-7.8,22.125,-5.));
#7111 = VECTOR('',#7112,1.);
#7112 = DIRECTION('',(0.,-1.,0.));
#7113 = ORIENTED_EDGE('',*,*,#7093,.T.);
#7114 = ORIENTED_EDGE('',*,*,#6725,.F.);
#7115 = PLANE('',#7116);
#7116 = AXIS2_PLACEMENT_3D('',#7117,#7118,#7119);
#7117 = CARTESIAN_POINT('',(-7.8,13.75,-6.));
#7118 = DIRECTION('',(1.,0.,0.));
#7119 = DIRECTION('',(0.,0.,1.));
#7120 = ADVANCED_FACE('',(#7121),#7147,.F.);
#7121 = FACE_BOUND('',#7122,.F.);
#7122 = EDGE_LOOP('',(#7123,#7124,#7132,#7141));
#7123 = ORIENTED_EDGE('',*,*,#6784,.F.);
#7124 = ORIENTED_EDGE('',*,*,#7125,.F.);
#7125 = EDGE_CURVE('',#7126,#6785,#7128,.T.);
#7126 = VERTEX_POINT('',#7127);
#7127 = CARTESIAN_POINT('',(45.,13.75,-5.));
#7128 = LINE('',#7129,#7130);
#7129 = CARTESIAN_POINT('',(45.,13.75,-6.));
#7130 = VECTOR('',#7131,1.);
#7131 = DIRECTION('',(0.,0.,1.));
#7132 = ORIENTED_EDGE('',*,*,#7133,.T.);
#7133 = EDGE_CURVE('',#7126,#7134,#7136,.T.);
#7134 = VERTEX_POINT('',#7135);
#7135 = CARTESIAN_POINT('',(46.,12.75,-5.));
#7136 = CIRCLE('',#7137,1.);
#7137 = AXIS2_PLACEMENT_3D('',#7138,#7139,#7140);
#7138 = CARTESIAN_POINT('',(46.,13.75,-5.));
#7139 = DIRECTION('',(0.,0.,1.));
#7140 = DIRECTION('',(1.,0.,0.));
#7141 = ORIENTED_EDGE('',*,*,#7142,.T.);
#7142 = EDGE_CURVE('',#7134,#6787,#7143,.T.);
#7143 = LINE('',#7144,#7145);
#7144 = CARTESIAN_POINT('',(46.,12.75,-6.));
#7145 = VECTOR('',#7146,1.);
#7146 = DIRECTION('',(0.,0.,1.));
#7147 = CYLINDRICAL_SURFACE('',#7148,1.);
#7148 = AXIS2_PLACEMENT_3D('',#7149,#7150,#7151);
#7149 = CARTESIAN_POINT('',(46.,13.75,-6.));
#7150 = DIRECTION('',(0.,0.,1.));
#7151 = DIRECTION('',(1.,0.,0.));
#7152 = ADVANCED_FACE('',(#7153),#7171,.T.);
#7153 = FACE_BOUND('',#7154,.T.);
#7154 = EDGE_LOOP('',(#7155,#7163,#7164,#7165));
#7155 = ORIENTED_EDGE('',*,*,#7156,.F.);
#7156 = EDGE_CURVE('',#7134,#7157,#7159,.T.);
#7157 = VERTEX_POINT('',#7158);
#7158 = CARTESIAN_POINT('',(48.,12.75,-5.));
#7159 = LINE('',#7160,#7161);
#7160 = CARTESIAN_POINT('',(33.5,12.75,-5.));
#7161 = VECTOR('',#7162,1.);
#7162 = DIRECTION('',(1.,0.,0.));
#7163 = ORIENTED_EDGE('',*,*,#7142,.T.);
#7164 = ORIENTED_EDGE('',*,*,#6846,.F.);
#7165 = ORIENTED_EDGE('',*,*,#7166,.F.);
#7166 = EDGE_CURVE('',#7157,#6838,#7167,.T.);
#7167 = LINE('',#7168,#7169);
#7168 = CARTESIAN_POINT('',(48.,12.75,-6.));
#7169 = VECTOR('',#7170,1.);
#7170 = DIRECTION('',(0.,0.,1.));
#7171 = PLANE('',#7172);
#7172 = AXIS2_PLACEMENT_3D('',#7173,#7174,#7175);
#7173 = CARTESIAN_POINT('',(46.,12.75,-6.));
#7174 = DIRECTION('',(0.,1.,0.));
#7175 = DIRECTION('',(0.,0.,1.));
#7176 = ADVANCED_FACE('',(#7177),#7196,.F.);
#7177 = FACE_BOUND('',#7178,.F.);
#7178 = EDGE_LOOP('',(#7179,#7180,#7181,#7190));
#7179 = ORIENTED_EDGE('',*,*,#6837,.F.);
#7180 = ORIENTED_EDGE('',*,*,#7166,.F.);
#7181 = ORIENTED_EDGE('',*,*,#7182,.T.);
#7182 = EDGE_CURVE('',#7157,#7183,#7185,.T.);
#7183 = VERTEX_POINT('',#7184);
#7184 = CARTESIAN_POINT('',(49.,13.75,-5.));
#7185 = CIRCLE('',#7186,1.);
#7186 = AXIS2_PLACEMENT_3D('',#7187,#7188,#7189);
#7187 = CARTESIAN_POINT('',(48.,13.75,-5.));
#7188 = DIRECTION('',(0.,0.,1.));
#7189 = DIRECTION('',(1.,0.,0.));
#7190 = ORIENTED_EDGE('',*,*,#7191,.T.);
#7191 = EDGE_CURVE('',#7183,#6830,#7192,.T.);
#7192 = LINE('',#7193,#7194);
#7193 = CARTESIAN_POINT('',(49.,13.75,-6.));
#7194 = VECTOR('',#7195,1.);
#7195 = DIRECTION('',(0.,0.,1.));
#7196 = CYLINDRICAL_SURFACE('',#7197,1.);
#7197 = AXIS2_PLACEMENT_3D('',#7198,#7199,#7200);
#7198 = CARTESIAN_POINT('',(48.,13.75,-6.));
#7199 = DIRECTION('',(0.,0.,1.));
#7200 = DIRECTION('',(1.,0.,0.));
#7201 = ADVANCED_FACE('',(#7202),#7220,.F.);
#7202 = FACE_BOUND('',#7203,.F.);
#7203 = EDGE_LOOP('',(#7204,#7205,#7213,#7219));
#7204 = ORIENTED_EDGE('',*,*,#7191,.F.);
#7205 = ORIENTED_EDGE('',*,*,#7206,.F.);
#7206 = EDGE_CURVE('',#7207,#7183,#7209,.T.);
#7207 = VERTEX_POINT('',#7208);
#7208 = CARTESIAN_POINT('',(49.,47.25,-5.));
#7209 = LINE('',#7210,#7211);
#7210 = CARTESIAN_POINT('',(49.,22.125,-5.));
#7211 = VECTOR('',#7212,1.);
#7212 = DIRECTION('',(0.,-1.,0.));
#7213 = ORIENTED_EDGE('',*,*,#7214,.T.);
#7214 = EDGE_CURVE('',#7207,#6821,#7215,.T.);
#7215 = LINE('',#7216,#7217);
#7216 = CARTESIAN_POINT('',(49.,47.25,-6.));
#7217 = VECTOR('',#7218,1.);
#7218 = DIRECTION('',(0.,0.,1.));
#7219 = ORIENTED_EDGE('',*,*,#6829,.F.);
#7220 = PLANE('',#7221);
#7221 = AXIS2_PLACEMENT_3D('',#7222,#7223,#7224);
#7222 = CARTESIAN_POINT('',(49.,13.75,-6.));
#7223 = DIRECTION('',(1.,0.,0.));
#7224 = DIRECTION('',(0.,0.,1.));
#7225 = ADVANCED_FACE('',(#7226),#7245,.F.);
#7226 = FACE_BOUND('',#7227,.F.);
#7227 = EDGE_LOOP('',(#7228,#7229,#7230,#7239));
#7228 = ORIENTED_EDGE('',*,*,#6820,.F.);
#7229 = ORIENTED_EDGE('',*,*,#7214,.F.);
#7230 = ORIENTED_EDGE('',*,*,#7231,.T.);
#7231 = EDGE_CURVE('',#7207,#7232,#7234,.T.);
#7232 = VERTEX_POINT('',#7233);
#7233 = CARTESIAN_POINT('',(48.,48.25,-5.));
#7234 = CIRCLE('',#7235,1.);
#7235 = AXIS2_PLACEMENT_3D('',#7236,#7237,#7238);
#7236 = CARTESIAN_POINT('',(48.,47.25,-5.));
#7237 = DIRECTION('',(0.,0.,1.));
#7238 = DIRECTION('',(1.,0.,0.));
#7239 = ORIENTED_EDGE('',*,*,#7240,.T.);
#7240 = EDGE_CURVE('',#7232,#6813,#7241,.T.);
#7241 = LINE('',#7242,#7243);
#7242 = CARTESIAN_POINT('',(48.,48.25,-6.));
#7243 = VECTOR('',#7244,1.);
#7244 = DIRECTION('',(0.,0.,1.));
#7245 = CYLINDRICAL_SURFACE('',#7246,1.);
#7246 = AXIS2_PLACEMENT_3D('',#7247,#7248,#7249);
#7247 = CARTESIAN_POINT('',(48.,47.25,-6.));
#7248 = DIRECTION('',(0.,0.,1.));
#7249 = DIRECTION('',(1.,0.,0.));
#7250 = ADVANCED_FACE('',(#7251),#7269,.F.);
#7251 = FACE_BOUND('',#7252,.F.);
#7252 = EDGE_LOOP('',(#7253,#7261,#7267,#7268));
#7253 = ORIENTED_EDGE('',*,*,#7254,.F.);
#7254 = EDGE_CURVE('',#7255,#7232,#7257,.T.);
#7255 = VERTEX_POINT('',#7256);
#7256 = CARTESIAN_POINT('',(46.,48.25,-5.));
#7257 = LINE('',#7258,#7259);
#7258 = CARTESIAN_POINT('',(33.5,48.25,-5.));
#7259 = VECTOR('',#7260,1.);
#7260 = DIRECTION('',(1.,0.,0.));
#7261 = ORIENTED_EDGE('',*,*,#7262,.T.);
#7262 = EDGE_CURVE('',#7255,#6804,#7263,.T.);
#7263 = LINE('',#7264,#7265);
#7264 = CARTESIAN_POINT('',(46.,48.25,-6.));
#7265 = VECTOR('',#7266,1.);
#7266 = DIRECTION('',(0.,0.,1.));
#7267 = ORIENTED_EDGE('',*,*,#6812,.F.);
#7268 = ORIENTED_EDGE('',*,*,#7240,.F.);
#7269 = PLANE('',#7270);
#7270 = AXIS2_PLACEMENT_3D('',#7271,#7272,#7273);
#7271 = CARTESIAN_POINT('',(46.,48.25,-6.));
#7272 = DIRECTION('',(0.,1.,0.));
#7273 = DIRECTION('',(0.,0.,1.));
#7274 = ADVANCED_FACE('',(#7275),#7294,.F.);
#7275 = FACE_BOUND('',#7276,.F.);
#7276 = EDGE_LOOP('',(#7277,#7278,#7279,#7288));
#7277 = ORIENTED_EDGE('',*,*,#6803,.F.);
#7278 = ORIENTED_EDGE('',*,*,#7262,.F.);
#7279 = ORIENTED_EDGE('',*,*,#7280,.T.);
#7280 = EDGE_CURVE('',#7255,#7281,#7283,.T.);
#7281 = VERTEX_POINT('',#7282);
#7282 = CARTESIAN_POINT('',(45.,47.25,-5.));
#7283 = CIRCLE('',#7284,1.);
#7284 = AXIS2_PLACEMENT_3D('',#7285,#7286,#7287);
#7285 = CARTESIAN_POINT('',(46.,47.25,-5.));
#7286 = DIRECTION('',(0.,0.,1.));
#7287 = DIRECTION('',(1.,0.,0.));
#7288 = ORIENTED_EDGE('',*,*,#7289,.T.);
#7289 = EDGE_CURVE('',#7281,#6796,#7290,.T.);
#7290 = LINE('',#7291,#7292);
#7291 = CARTESIAN_POINT('',(45.,47.25,-6.));
#7292 = VECTOR('',#7293,1.);
#7293 = DIRECTION('',(0.,0.,1.));
#7294 = CYLINDRICAL_SURFACE('',#7295,1.);
#7295 = AXIS2_PLACEMENT_3D('',#7296,#7297,#7298);
#7296 = CARTESIAN_POINT('',(46.,47.25,-6.));
#7297 = DIRECTION('',(0.,0.,1.));
#7298 = DIRECTION('',(1.,0.,0.));
#7299 = ADVANCED_FACE('',(#7300),#7311,.T.);
#7300 = FACE_BOUND('',#7301,.T.);
#7301 = EDGE_LOOP('',(#7302,#7303,#7309,#7310));
#7302 = ORIENTED_EDGE('',*,*,#7125,.F.);
#7303 = ORIENTED_EDGE('',*,*,#7304,.F.);
#7304 = EDGE_CURVE('',#7281,#7126,#7305,.T.);
#7305 = LINE('',#7306,#7307);
#7306 = CARTESIAN_POINT('',(45.,22.125,-5.));
#7307 = VECTOR('',#7308,1.);
#7308 = DIRECTION('',(0.,-1.,0.));
#7309 = ORIENTED_EDGE('',*,*,#7289,.T.);
#7310 = ORIENTED_EDGE('',*,*,#6795,.F.);
#7311 = PLANE('',#7312);
#7312 = AXIS2_PLACEMENT_3D('',#7313,#7314,#7315);
#7313 = CARTESIAN_POINT('',(45.,13.75,-6.));
#7314 = DIRECTION('',(1.,0.,0.));
#7315 = DIRECTION('',(0.,0.,1.));
#7316 = ADVANCED_FACE('',(#7317),#7342,.F.);
#7317 = FACE_BOUND('',#7318,.F.);
#7318 = EDGE_LOOP('',(#7319,#7320,#7328,#7336));
#7319 = ORIENTED_EDGE('',*,*,#6854,.F.);
#7320 = ORIENTED_EDGE('',*,*,#7321,.T.);
#7321 = EDGE_CURVE('',#6855,#7322,#7324,.T.);
#7322 = VERTEX_POINT('',#7323);
#7323 = CARTESIAN_POINT('',(-2.5,13.,5.));
#7324 = LINE('',#7325,#7326);
#7325 = CARTESIAN_POINT('',(-2.5,13.,-2.));
#7326 = VECTOR('',#7327,1.);
#7327 = DIRECTION('',(0.,0.,1.));
#7328 = ORIENTED_EDGE('',*,*,#7329,.T.);
#7329 = EDGE_CURVE('',#7322,#7330,#7332,.T.);
#7330 = VERTEX_POINT('',#7331);
#7331 = CARTESIAN_POINT('',(-0.4,13.,5.));
#7332 = LINE('',#7333,#7334);
#7333 = CARTESIAN_POINT('',(-2.5,13.,5.));
#7334 = VECTOR('',#7335,1.);
#7335 = DIRECTION('',(1.,0.,0.));
#7336 = ORIENTED_EDGE('',*,*,#7337,.F.);
#7337 = EDGE_CURVE('',#6857,#7330,#7338,.T.);
#7338 = LINE('',#7339,#7340);
#7339 = CARTESIAN_POINT('',(-0.4,13.,-2.));
#7340 = VECTOR('',#7341,1.);
#7341 = DIRECTION('',(0.,0.,1.));
#7342 = PLANE('',#7343);
#7343 = AXIS2_PLACEMENT_3D('',#7344,#7345,#7346);
#7344 = CARTESIAN_POINT('',(-2.5,13.,-2.));
#7345 = DIRECTION('',(0.,1.,0.));
#7346 = DIRECTION('',(0.,0.,1.));
#7347 = ADVANCED_FACE('',(#7348),#7366,.T.);
#7348 = FACE_BOUND('',#7349,.T.);
#7349 = EDGE_LOOP('',(#7350,#7351,#7352,#7360));
#7350 = ORIENTED_EDGE('',*,*,#7337,.F.);
#7351 = ORIENTED_EDGE('',*,*,#6880,.T.);
#7352 = ORIENTED_EDGE('',*,*,#7353,.T.);
#7353 = EDGE_CURVE('',#6873,#7354,#7356,.T.);
#7354 = VERTEX_POINT('',#7355);
#7355 = CARTESIAN_POINT('',(-0.4,48.,5.));
#7356 = LINE('',#7357,#7358);
#7357 = CARTESIAN_POINT('',(-0.4,48.,-2.));
#7358 = VECTOR('',#7359,1.);
#7359 = DIRECTION('',(0.,0.,1.));
#7360 = ORIENTED_EDGE('',*,*,#7361,.F.);
#7361 = EDGE_CURVE('',#7330,#7354,#7362,.T.);
#7362 = LINE('',#7363,#7364);
#7363 = CARTESIAN_POINT('',(-0.4,13.,5.));
#7364 = VECTOR('',#7365,1.);
#7365 = DIRECTION('',(0.,1.,0.));
#7366 = PLANE('',#7367);
#7367 = AXIS2_PLACEMENT_3D('',#7368,#7369,#7370);
#7368 = CARTESIAN_POINT('',(-0.4,13.,-2.));
#7369 = DIRECTION('',(1.,0.,0.));
#7370 = DIRECTION('',(0.,0.,1.));
#7371 = ADVANCED_FACE('',(#7372),#7390,.T.);
#7372 = FACE_BOUND('',#7373,.T.);
#7373 = EDGE_LOOP('',(#7374,#7375,#7383,#7389));
#7374 = ORIENTED_EDGE('',*,*,#6872,.F.);
#7375 = ORIENTED_EDGE('',*,*,#7376,.T.);
#7376 = EDGE_CURVE('',#6865,#7377,#7379,.T.);
#7377 = VERTEX_POINT('',#7378);
#7378 = CARTESIAN_POINT('',(-2.5,48.,5.));
#7379 = LINE('',#7380,#7381);
#7380 = CARTESIAN_POINT('',(-2.5,48.,-2.));
#7381 = VECTOR('',#7382,1.);
#7382 = DIRECTION('',(0.,0.,1.));
#7383 = ORIENTED_EDGE('',*,*,#7384,.T.);
#7384 = EDGE_CURVE('',#7377,#7354,#7385,.T.);
#7385 = LINE('',#7386,#7387);
#7386 = CARTESIAN_POINT('',(-2.5,48.,5.));
#7387 = VECTOR('',#7388,1.);
#7388 = DIRECTION('',(1.,0.,0.));
#7389 = ORIENTED_EDGE('',*,*,#7353,.F.);
#7390 = PLANE('',#7391);
#7391 = AXIS2_PLACEMENT_3D('',#7392,#7393,#7394);
#7392 = CARTESIAN_POINT('',(-2.5,48.,-2.));
#7393 = DIRECTION('',(0.,1.,0.));
#7394 = DIRECTION('',(0.,0.,1.));
#7395 = ADVANCED_FACE('',(#7396),#7407,.F.);
#7396 = FACE_BOUND('',#7397,.F.);
#7397 = EDGE_LOOP('',(#7398,#7399,#7400,#7401));
#7398 = ORIENTED_EDGE('',*,*,#7321,.F.);
#7399 = ORIENTED_EDGE('',*,*,#6864,.T.);
#7400 = ORIENTED_EDGE('',*,*,#7376,.T.);
#7401 = ORIENTED_EDGE('',*,*,#7402,.F.);
#7402 = EDGE_CURVE('',#7322,#7377,#7403,.T.);
#7403 = LINE('',#7404,#7405);
#7404 = CARTESIAN_POINT('',(-2.5,13.,5.));
#7405 = VECTOR('',#7406,1.);
#7406 = DIRECTION('',(0.,1.,0.));
#7407 = PLANE('',#7408);
#7408 = AXIS2_PLACEMENT_3D('',#7409,#7410,#7411);
#7409 = CARTESIAN_POINT('',(-2.5,13.,-2.));
#7410 = DIRECTION('',(1.,0.,0.));
#7411 = DIRECTION('',(0.,0.,1.));
#7412 = ADVANCED_FACE('',(#7413),#7419,.T.);
#7413 = FACE_BOUND('',#7414,.T.);
#7414 = EDGE_LOOP('',(#7415,#7416,#7417,#7418));
#7415 = ORIENTED_EDGE('',*,*,#7402,.F.);
#7416 = ORIENTED_EDGE('',*,*,#7329,.T.);
#7417 = ORIENTED_EDGE('',*,*,#7361,.T.);
#7418 = ORIENTED_EDGE('',*,*,#7384,.F.);
#7419 = PLANE('',#7420);
#7420 = AXIS2_PLACEMENT_3D('',#7421,#7422,#7423);
#7421 = CARTESIAN_POINT('',(-2.5,13.,5.));
#7422 = DIRECTION('',(0.,0.,1.));
#7423 = DIRECTION('',(1.,0.,0.));
#7424 = ADVANCED_FACE('',(#7425),#7450,.T.);
#7425 = FACE_BOUND('',#7426,.T.);
#7426 = EDGE_LOOP('',(#7427,#7428,#7436,#7444));
#7427 = ORIENTED_EDGE('',*,*,#6888,.F.);
#7428 = ORIENTED_EDGE('',*,*,#7429,.T.);
#7429 = EDGE_CURVE('',#6889,#7430,#7432,.T.);
#7430 = VERTEX_POINT('',#7431);
#7431 = CARTESIAN_POINT('',(42.4,48.,5.));
#7432 = LINE('',#7433,#7434);
#7433 = CARTESIAN_POINT('',(42.4,48.,-2.));
#7434 = VECTOR('',#7435,1.);
#7435 = DIRECTION('',(0.,0.,1.));
#7436 = ORIENTED_EDGE('',*,*,#7437,.T.);
#7437 = EDGE_CURVE('',#7430,#7438,#7440,.T.);
#7438 = VERTEX_POINT('',#7439);
#7439 = CARTESIAN_POINT('',(44.5,48.,5.));
#7440 = LINE('',#7441,#7442);
#7441 = CARTESIAN_POINT('',(42.4,48.,5.));
#7442 = VECTOR('',#7443,1.);
#7443 = DIRECTION('',(1.,0.,0.));
#7444 = ORIENTED_EDGE('',*,*,#7445,.F.);
#7445 = EDGE_CURVE('',#6891,#7438,#7446,.T.);
#7446 = LINE('',#7447,#7448);
#7447 = CARTESIAN_POINT('',(44.5,48.,-2.));
#7448 = VECTOR('',#7449,1.);
#7449 = DIRECTION('',(0.,0.,1.));
#7450 = PLANE('',#7451);
#7451 = AXIS2_PLACEMENT_3D('',#7452,#7453,#7454);
#7452 = CARTESIAN_POINT('',(42.4,48.,-2.));
#7453 = DIRECTION('',(0.,1.,0.));
#7454 = DIRECTION('',(0.,0.,1.));
#7455 = ADVANCED_FACE('',(#7456),#7474,.F.);
#7456 = FACE_BOUND('',#7457,.F.);
#7457 = EDGE_LOOP('',(#7458,#7466,#7467,#7468));
#7458 = ORIENTED_EDGE('',*,*,#7459,.F.);
#7459 = EDGE_CURVE('',#6907,#7460,#7462,.T.);
#7460 = VERTEX_POINT('',#7461);
#7461 = CARTESIAN_POINT('',(42.4,13.,5.));
#7462 = LINE('',#7463,#7464);
#7463 = CARTESIAN_POINT('',(42.4,13.,-2.));
#7464 = VECTOR('',#7465,1.);
#7465 = DIRECTION('',(0.,0.,1.));
#7466 = ORIENTED_EDGE('',*,*,#6914,.T.);
#7467 = ORIENTED_EDGE('',*,*,#7429,.T.);
#7468 = ORIENTED_EDGE('',*,*,#7469,.F.);
#7469 = EDGE_CURVE('',#7460,#7430,#7470,.T.);
#7470 = LINE('',#7471,#7472);
#7471 = CARTESIAN_POINT('',(42.4,13.,5.));
#7472 = VECTOR('',#7473,1.);
#7473 = DIRECTION('',(0.,1.,0.));
#7474 = PLANE('',#7475);
#7475 = AXIS2_PLACEMENT_3D('',#7476,#7477,#7478);
#7476 = CARTESIAN_POINT('',(42.4,13.,-2.));
#7477 = DIRECTION('',(1.,0.,0.));
#7478 = DIRECTION('',(0.,0.,1.));
#7479 = ADVANCED_FACE('',(#7480),#7498,.F.);
#7480 = FACE_BOUND('',#7481,.F.);
#7481 = EDGE_LOOP('',(#7482,#7483,#7484,#7492));
#7482 = ORIENTED_EDGE('',*,*,#6906,.F.);
#7483 = ORIENTED_EDGE('',*,*,#7459,.T.);
#7484 = ORIENTED_EDGE('',*,*,#7485,.T.);
#7485 = EDGE_CURVE('',#7460,#7486,#7488,.T.);
#7486 = VERTEX_POINT('',#7487);
#7487 = CARTESIAN_POINT('',(44.5,13.,5.));
#7488 = LINE('',#7489,#7490);
#7489 = CARTESIAN_POINT('',(42.4,13.,5.));
#7490 = VECTOR('',#7491,1.);
#7491 = DIRECTION('',(1.,0.,0.));
#7492 = ORIENTED_EDGE('',*,*,#7493,.F.);
#7493 = EDGE_CURVE('',#6899,#7486,#7494,.T.);
#7494 = LINE('',#7495,#7496);
#7495 = CARTESIAN_POINT('',(44.5,13.,-2.));
#7496 = VECTOR('',#7497,1.);
#7497 = DIRECTION('',(0.,0.,1.));
#7498 = PLANE('',#7499);
#7499 = AXIS2_PLACEMENT_3D('',#7500,#7501,#7502);
#7500 = CARTESIAN_POINT('',(42.4,13.,-2.));
#7501 = DIRECTION('',(0.,1.,0.));
#7502 = DIRECTION('',(0.,0.,1.));
#7503 = ADVANCED_FACE('',(#7504),#7515,.T.);
#7504 = FACE_BOUND('',#7505,.T.);
#7505 = EDGE_LOOP('',(#7506,#7507,#7508,#7509));
#7506 = ORIENTED_EDGE('',*,*,#7493,.F.);
#7507 = ORIENTED_EDGE('',*,*,#6898,.T.);
#7508 = ORIENTED_EDGE('',*,*,#7445,.T.);
#7509 = ORIENTED_EDGE('',*,*,#7510,.F.);
#7510 = EDGE_CURVE('',#7486,#7438,#7511,.T.);
#7511 = LINE('',#7512,#7513);
#7512 = CARTESIAN_POINT('',(44.5,13.,5.));
#7513 = VECTOR('',#7514,1.);
#7514 = DIRECTION('',(0.,1.,0.));
#7515 = PLANE('',#7516);
#7516 = AXIS2_PLACEMENT_3D('',#7517,#7518,#7519);
#7517 = CARTESIAN_POINT('',(44.5,13.,-2.));
#7518 = DIRECTION('',(1.,0.,0.));
#7519 = DIRECTION('',(0.,0.,1.));
#7520 = ADVANCED_FACE('',(#7521),#7527,.T.);
#7521 = FACE_BOUND('',#7522,.T.);
#7522 = EDGE_LOOP('',(#7523,#7524,#7525,#7526));
#7523 = ORIENTED_EDGE('',*,*,#7469,.F.);
#7524 = ORIENTED_EDGE('',*,*,#7485,.T.);
#7525 = ORIENTED_EDGE('',*,*,#7510,.T.);
#7526 = ORIENTED_EDGE('',*,*,#7437,.F.);
#7527 = PLANE('',#7528);
#7528 = AXIS2_PLACEMENT_3D('',#7529,#7530,#7531);
#7529 = CARTESIAN_POINT('',(42.4,13.,5.));
#7530 = DIRECTION('',(0.,0.,1.));
#7531 = DIRECTION('',(1.,0.,0.));
#7532 = ADVANCED_FACE('',(#7533,#7555,#7565),#7575,.T.);
#7533 = FACE_BOUND('',#7534,.T.);
#7534 = EDGE_LOOP('',(#7535,#7536,#7537,#7538,#7539,#7540,#7541,#7542,
    #7543,#7544,#7545,#7546,#7547,#7548,#7549,#7550,#7551,#7552,#7553,
    #7554));
#7535 = ORIENTED_EDGE('',*,*,#6148,.F.);
#7536 = ORIENTED_EDGE('',*,*,#6194,.T.);
#7537 = ORIENTED_EDGE('',*,*,#6224,.F.);
#7538 = ORIENTED_EDGE('',*,*,#6303,.F.);
#7539 = ORIENTED_EDGE('',*,*,#6320,.T.);
#7540 = ORIENTED_EDGE('',*,*,#6367,.F.);
#7541 = ORIENTED_EDGE('',*,*,#6383,.T.);
#7542 = ORIENTED_EDGE('',*,*,#6415,.T.);
#7543 = ORIENTED_EDGE('',*,*,#6462,.F.);
#7544 = ORIENTED_EDGE('',*,*,#6478,.T.);
#7545 = ORIENTED_EDGE('',*,*,#6526,.F.);
#7546 = ORIENTED_EDGE('',*,*,#6552,.F.);
#7547 = ORIENTED_EDGE('',*,*,#6573,.T.);
#7548 = ORIENTED_EDGE('',*,*,#6654,.F.);
#7549 = ORIENTED_EDGE('',*,*,#6671,.F.);
#7550 = ORIENTED_EDGE('',*,*,#6614,.F.);
#7551 = ORIENTED_EDGE('',*,*,#6255,.F.);
#7552 = ORIENTED_EDGE('',*,*,#6066,.F.);
#7553 = ORIENTED_EDGE('',*,*,#6113,.F.);
#7554 = ORIENTED_EDGE('',*,*,#6171,.F.);
#7555 = FACE_BOUND('',#7556,.T.);
#7556 = EDGE_LOOP('',(#7557,#7558,#7559,#7560,#7561,#7562,#7563,#7564));
#7557 = ORIENTED_EDGE('',*,*,#7304,.T.);
#7558 = ORIENTED_EDGE('',*,*,#7133,.T.);
#7559 = ORIENTED_EDGE('',*,*,#7156,.T.);
#7560 = ORIENTED_EDGE('',*,*,#7182,.T.);
#7561 = ORIENTED_EDGE('',*,*,#7206,.F.);
#7562 = ORIENTED_EDGE('',*,*,#7231,.T.);
#7563 = ORIENTED_EDGE('',*,*,#7254,.F.);
#7564 = ORIENTED_EDGE('',*,*,#7280,.T.);
#7565 = FACE_BOUND('',#7566,.T.);
#7566 = EDGE_LOOP('',(#7567,#7568,#7569,#7570,#7571,#7572,#7573,#7574));
#7567 = ORIENTED_EDGE('',*,*,#7108,.T.);
#7568 = ORIENTED_EDGE('',*,*,#6937,.T.);
#7569 = ORIENTED_EDGE('',*,*,#6960,.T.);
#7570 = ORIENTED_EDGE('',*,*,#6986,.T.);
#7571 = ORIENTED_EDGE('',*,*,#7010,.F.);
#7572 = ORIENTED_EDGE('',*,*,#7035,.T.);
#7573 = ORIENTED_EDGE('',*,*,#7058,.F.);
#7574 = ORIENTED_EDGE('',*,*,#7084,.T.);
#7575 = PLANE('',#7576);
#7576 = AXIS2_PLACEMENT_3D('',#7577,#7578,#7579);
#7577 = CARTESIAN_POINT('',(21.,30.056439704282,-5.));
#7578 = DIRECTION('',(-0.,-0.,-1.));
#7579 = DIRECTION('',(-1.,0.,0.));
#7580 = MANIFOLD_SOLID_BREP('',#7581);
#7581 = CLOSED_SHELL('',(#7582,#7624,#7655,#7686,#7719,#7752,#7783,#7814
    ,#7838,#7854));
#7582 = ADVANCED_FACE('',(#7583),#7619,.T.);
#7583 = FACE_BOUND('',#7584,.T.);
#7584 = EDGE_LOOP('',(#7585,#7596,#7604,#7613));
#7585 = ORIENTED_EDGE('',*,*,#7586,.F.);
#7586 = EDGE_CURVE('',#7587,#7589,#7591,.T.);
#7587 = VERTEX_POINT('',#7588);
#7588 = CARTESIAN_POINT('',(-1.,9.,-5.));
#7589 = VERTEX_POINT('',#7590);
#7590 = CARTESIAN_POINT('',(4.,4.,-5.));
#7591 = CIRCLE('',#7592,5.);
#7592 = AXIS2_PLACEMENT_3D('',#7593,#7594,#7595);
#7593 = CARTESIAN_POINT('',(4.,9.,-5.));
#7594 = DIRECTION('',(0.,0.,1.));
#7595 = DIRECTION('',(1.,0.,0.));
#7596 = ORIENTED_EDGE('',*,*,#7597,.F.);
#7597 = EDGE_CURVE('',#7598,#7587,#7600,.T.);
#7598 = VERTEX_POINT('',#7599);
#7599 = CARTESIAN_POINT('',(-1.,9.,-7.));
#7600 = LINE('',#7601,#7602);
#7601 = CARTESIAN_POINT('',(-1.,9.,-7.));
#7602 = VECTOR('',#7603,1.);
#7603 = DIRECTION('',(0.,0.,1.));
#7604 = ORIENTED_EDGE('',*,*,#7605,.T.);
#7605 = EDGE_CURVE('',#7598,#7606,#7608,.T.);
#7606 = VERTEX_POINT('',#7607);
#7607 = CARTESIAN_POINT('',(4.,4.,-7.));
#7608 = CIRCLE('',#7609,5.);
#7609 = AXIS2_PLACEMENT_3D('',#7610,#7611,#7612);
#7610 = CARTESIAN_POINT('',(4.,9.,-7.));
#7611 = DIRECTION('',(0.,0.,1.));
#7612 = DIRECTION('',(1.,0.,0.));
#7613 = ORIENTED_EDGE('',*,*,#7614,.T.);
#7614 = EDGE_CURVE('',#7606,#7589,#7615,.T.);
#7615 = LINE('',#7616,#7617);
#7616 = CARTESIAN_POINT('',(4.,4.,-7.));
#7617 = VECTOR('',#7618,1.);
#7618 = DIRECTION('',(0.,0.,1.));
#7619 = CYLINDRICAL_SURFACE('',#7620,5.);
#7620 = AXIS2_PLACEMENT_3D('',#7621,#7622,#7623);
#7621 = CARTESIAN_POINT('',(4.,9.,-7.));
#7622 = DIRECTION('',(0.,0.,1.));
#7623 = DIRECTION('',(1.,0.,0.));
#7624 = ADVANCED_FACE('',(#7625),#7650,.F.);
#7625 = FACE_BOUND('',#7626,.F.);
#7626 = EDGE_LOOP('',(#7627,#7635,#7636,#7644));
#7627 = ORIENTED_EDGE('',*,*,#7628,.F.);
#7628 = EDGE_CURVE('',#7606,#7629,#7631,.T.);
#7629 = VERTEX_POINT('',#7630);
#7630 = CARTESIAN_POINT('',(38.,4.,-7.));
#7631 = LINE('',#7632,#7633);
#7632 = CARTESIAN_POINT('',(4.,4.,-7.));
#7633 = VECTOR('',#7634,1.);
#7634 = DIRECTION('',(1.,0.,0.));
#7635 = ORIENTED_EDGE('',*,*,#7614,.T.);
#7636 = ORIENTED_EDGE('',*,*,#7637,.T.);
#7637 = EDGE_CURVE('',#7589,#7638,#7640,.T.);
#7638 = VERTEX_POINT('',#7639);
#7639 = CARTESIAN_POINT('',(38.,4.,-5.));
#7640 = LINE('',#7641,#7642);
#7641 = CARTESIAN_POINT('',(4.,4.,-5.));
#7642 = VECTOR('',#7643,1.);
#7643 = DIRECTION('',(1.,0.,0.));
#7644 = ORIENTED_EDGE('',*,*,#7645,.F.);
#7645 = EDGE_CURVE('',#7629,#7638,#7646,.T.);
#7646 = LINE('',#7647,#7648);
#7647 = CARTESIAN_POINT('',(38.,4.,-7.));
#7648 = VECTOR('',#7649,1.);
#7649 = DIRECTION('',(0.,0.,1.));
#7650 = PLANE('',#7651);
#7651 = AXIS2_PLACEMENT_3D('',#7652,#7653,#7654);
#7652 = CARTESIAN_POINT('',(4.,4.,-7.));
#7653 = DIRECTION('',(0.,1.,0.));
#7654 = DIRECTION('',(0.,0.,1.));
#7655 = ADVANCED_FACE('',(#7656),#7681,.F.);
#7656 = FACE_BOUND('',#7657,.F.);
#7657 = EDGE_LOOP('',(#7658,#7659,#7667,#7675));
#7658 = ORIENTED_EDGE('',*,*,#7597,.F.);
#7659 = ORIENTED_EDGE('',*,*,#7660,.T.);
#7660 = EDGE_CURVE('',#7598,#7661,#7663,.T.);
#7661 = VERTEX_POINT('',#7662);
#7662 = CARTESIAN_POINT('',(-1.,51.,-7.));
#7663 = LINE('',#7664,#7665);
#7664 = CARTESIAN_POINT('',(-1.,9.,-7.));
#7665 = VECTOR('',#7666,1.);
#7666 = DIRECTION('',(0.,1.,0.));
#7667 = ORIENTED_EDGE('',*,*,#7668,.T.);
#7668 = EDGE_CURVE('',#7661,#7669,#7671,.T.);
#7669 = VERTEX_POINT('',#7670);
#7670 = CARTESIAN_POINT('',(-1.,51.,-5.));
#7671 = LINE('',#7672,#7673);
#7672 = CARTESIAN_POINT('',(-1.,51.,-7.));
#7673 = VECTOR('',#7674,1.);
#7674 = DIRECTION('',(0.,0.,1.));
#7675 = ORIENTED_EDGE('',*,*,#7676,.F.);
#7676 = EDGE_CURVE('',#7587,#7669,#7677,.T.);
#7677 = LINE('',#7678,#7679);
#7678 = CARTESIAN_POINT('',(-1.,9.,-5.));
#7679 = VECTOR('',#7680,1.);
#7680 = DIRECTION('',(0.,1.,0.));
#7681 = PLANE('',#7682);
#7682 = AXIS2_PLACEMENT_3D('',#7683,#7684,#7685);
#7683 = CARTESIAN_POINT('',(-1.,9.,-7.));
#7684 = DIRECTION('',(1.,0.,0.));
#7685 = DIRECTION('',(0.,0.,1.));
#7686 = ADVANCED_FACE('',(#7687),#7714,.T.);
#7687 = FACE_BOUND('',#7688,.T.);
#7688 = EDGE_LOOP('',(#7689,#7698,#7699,#7708));
#7689 = ORIENTED_EDGE('',*,*,#7690,.F.);
#7690 = EDGE_CURVE('',#7638,#7691,#7693,.T.);
#7691 = VERTEX_POINT('',#7692);
#7692 = CARTESIAN_POINT('',(43.,9.,-5.));
#7693 = CIRCLE('',#7694,5.);
#7694 = AXIS2_PLACEMENT_3D('',#7695,#7696,#7697);
#7695 = CARTESIAN_POINT('',(38.,9.,-5.));
#7696 = DIRECTION('',(0.,0.,1.));
#7697 = DIRECTION('',(1.,0.,0.));
#7698 = ORIENTED_EDGE('',*,*,#7645,.F.);
#7699 = ORIENTED_EDGE('',*,*,#7700,.T.);
#7700 = EDGE_CURVE('',#7629,#7701,#7703,.T.);
#7701 = VERTEX_POINT('',#7702);
#7702 = CARTESIAN_POINT('',(43.,9.,-7.));
#7703 = CIRCLE('',#7704,5.);
#7704 = AXIS2_PLACEMENT_3D('',#7705,#7706,#7707);
#7705 = CARTESIAN_POINT('',(38.,9.,-7.));
#7706 = DIRECTION('',(0.,0.,1.));
#7707 = DIRECTION('',(1.,0.,0.));
#7708 = ORIENTED_EDGE('',*,*,#7709,.T.);
#7709 = EDGE_CURVE('',#7701,#7691,#7710,.T.);
#7710 = LINE('',#7711,#7712);
#7711 = CARTESIAN_POINT('',(43.,9.,-7.));
#7712 = VECTOR('',#7713,1.);
#7713 = DIRECTION('',(0.,0.,1.));
#7714 = CYLINDRICAL_SURFACE('',#7715,5.);
#7715 = AXIS2_PLACEMENT_3D('',#7716,#7717,#7718);
#7716 = CARTESIAN_POINT('',(38.,9.,-7.));
#7717 = DIRECTION('',(0.,0.,1.));
#7718 = DIRECTION('',(1.,0.,0.));
#7719 = ADVANCED_FACE('',(#7720),#7747,.T.);
#7720 = FACE_BOUND('',#7721,.T.);
#7721 = EDGE_LOOP('',(#7722,#7731,#7739,#7746));
#7722 = ORIENTED_EDGE('',*,*,#7723,.F.);
#7723 = EDGE_CURVE('',#7724,#7669,#7726,.T.);
#7724 = VERTEX_POINT('',#7725);
#7725 = CARTESIAN_POINT('',(4.,56.,-5.));
#7726 = CIRCLE('',#7727,5.);
#7727 = AXIS2_PLACEMENT_3D('',#7728,#7729,#7730);
#7728 = CARTESIAN_POINT('',(4.,51.,-5.));
#7729 = DIRECTION('',(0.,0.,1.));
#7730 = DIRECTION('',(1.,0.,0.));
#7731 = ORIENTED_EDGE('',*,*,#7732,.F.);
#7732 = EDGE_CURVE('',#7733,#7724,#7735,.T.);
#7733 = VERTEX_POINT('',#7734);
#7734 = CARTESIAN_POINT('',(4.,56.,-7.));
#7735 = LINE('',#7736,#7737);
#7736 = CARTESIAN_POINT('',(4.,56.,-7.));
#7737 = VECTOR('',#7738,1.);
#7738 = DIRECTION('',(0.,0.,1.));
#7739 = ORIENTED_EDGE('',*,*,#7740,.T.);
#7740 = EDGE_CURVE('',#7733,#7661,#7741,.T.);
#7741 = CIRCLE('',#7742,5.);
#7742 = AXIS2_PLACEMENT_3D('',#7743,#7744,#7745);
#7743 = CARTESIAN_POINT('',(4.,51.,-7.));
#7744 = DIRECTION('',(0.,0.,1.));
#7745 = DIRECTION('',(1.,0.,0.));
#7746 = ORIENTED_EDGE('',*,*,#7668,.T.);
#7747 = CYLINDRICAL_SURFACE('',#7748,5.);
#7748 = AXIS2_PLACEMENT_3D('',#7749,#7750,#7751);
#7749 = CARTESIAN_POINT('',(4.,51.,-7.));
#7750 = DIRECTION('',(0.,0.,1.));
#7751 = DIRECTION('',(1.,0.,0.));
#7752 = ADVANCED_FACE('',(#7753),#7778,.T.);
#7753 = FACE_BOUND('',#7754,.T.);
#7754 = EDGE_LOOP('',(#7755,#7763,#7764,#7772));
#7755 = ORIENTED_EDGE('',*,*,#7756,.F.);
#7756 = EDGE_CURVE('',#7733,#7757,#7759,.T.);
#7757 = VERTEX_POINT('',#7758);
#7758 = CARTESIAN_POINT('',(38.,56.,-7.));
#7759 = LINE('',#7760,#7761);
#7760 = CARTESIAN_POINT('',(4.,56.,-7.));
#7761 = VECTOR('',#7762,1.);
#7762 = DIRECTION('',(1.,0.,0.));
#7763 = ORIENTED_EDGE('',*,*,#7732,.T.);
#7764 = ORIENTED_EDGE('',*,*,#7765,.T.);
#7765 = EDGE_CURVE('',#7724,#7766,#7768,.T.);
#7766 = VERTEX_POINT('',#7767);
#7767 = CARTESIAN_POINT('',(38.,56.,-5.));
#7768 = LINE('',#7769,#7770);
#7769 = CARTESIAN_POINT('',(4.,56.,-5.));
#7770 = VECTOR('',#7771,1.);
#7771 = DIRECTION('',(1.,0.,0.));
#7772 = ORIENTED_EDGE('',*,*,#7773,.F.);
#7773 = EDGE_CURVE('',#7757,#7766,#7774,.T.);
#7774 = LINE('',#7775,#7776);
#7775 = CARTESIAN_POINT('',(38.,56.,-7.));
#7776 = VECTOR('',#7777,1.);
#7777 = DIRECTION('',(0.,0.,1.));
#7778 = PLANE('',#7779);
#7779 = AXIS2_PLACEMENT_3D('',#7780,#7781,#7782);
#7780 = CARTESIAN_POINT('',(4.,56.,-7.));
#7781 = DIRECTION('',(0.,1.,0.));
#7782 = DIRECTION('',(0.,0.,1.));
#7783 = ADVANCED_FACE('',(#7784),#7809,.T.);
#7784 = FACE_BOUND('',#7785,.T.);
#7785 = EDGE_LOOP('',(#7786,#7787,#7795,#7803));
#7786 = ORIENTED_EDGE('',*,*,#7709,.F.);
#7787 = ORIENTED_EDGE('',*,*,#7788,.T.);
#7788 = EDGE_CURVE('',#7701,#7789,#7791,.T.);
#7789 = VERTEX_POINT('',#7790);
#7790 = CARTESIAN_POINT('',(43.,51.,-7.));
#7791 = LINE('',#7792,#7793);
#7792 = CARTESIAN_POINT('',(43.,9.,-7.));
#7793 = VECTOR('',#7794,1.);
#7794 = DIRECTION('',(0.,1.,0.));
#7795 = ORIENTED_EDGE('',*,*,#7796,.T.);
#7796 = EDGE_CURVE('',#7789,#7797,#7799,.T.);
#7797 = VERTEX_POINT('',#7798);
#7798 = CARTESIAN_POINT('',(43.,51.,-5.));
#7799 = LINE('',#7800,#7801);
#7800 = CARTESIAN_POINT('',(43.,51.,-7.));
#7801 = VECTOR('',#7802,1.);
#7802 = DIRECTION('',(0.,0.,1.));
#7803 = ORIENTED_EDGE('',*,*,#7804,.F.);
#7804 = EDGE_CURVE('',#7691,#7797,#7805,.T.);
#7805 = LINE('',#7806,#7807);
#7806 = CARTESIAN_POINT('',(43.,9.,-5.));
#7807 = VECTOR('',#7808,1.);
#7808 = DIRECTION('',(0.,1.,0.));
#7809 = PLANE('',#7810);
#7810 = AXIS2_PLACEMENT_3D('',#7811,#7812,#7813);
#7811 = CARTESIAN_POINT('',(43.,9.,-7.));
#7812 = DIRECTION('',(1.,0.,0.));
#7813 = DIRECTION('',(0.,0.,1.));
#7814 = ADVANCED_FACE('',(#7815),#7833,.T.);
#7815 = FACE_BOUND('',#7816,.T.);
#7816 = EDGE_LOOP('',(#7817,#7824,#7825,#7832));
#7817 = ORIENTED_EDGE('',*,*,#7818,.F.);
#7818 = EDGE_CURVE('',#7797,#7766,#7819,.T.);
#7819 = CIRCLE('',#7820,5.);
#7820 = AXIS2_PLACEMENT_3D('',#7821,#7822,#7823);
#7821 = CARTESIAN_POINT('',(38.,51.,-5.));
#7822 = DIRECTION('',(0.,0.,1.));
#7823 = DIRECTION('',(1.,0.,0.));
#7824 = ORIENTED_EDGE('',*,*,#7796,.F.);
#7825 = ORIENTED_EDGE('',*,*,#7826,.T.);
#7826 = EDGE_CURVE('',#7789,#7757,#7827,.T.);
#7827 = CIRCLE('',#7828,5.);
#7828 = AXIS2_PLACEMENT_3D('',#7829,#7830,#7831);
#7829 = CARTESIAN_POINT('',(38.,51.,-7.));
#7830 = DIRECTION('',(0.,0.,1.));
#7831 = DIRECTION('',(1.,0.,0.));
#7832 = ORIENTED_EDGE('',*,*,#7773,.T.);
#7833 = CYLINDRICAL_SURFACE('',#7834,5.);
#7834 = AXIS2_PLACEMENT_3D('',#7835,#7836,#7837);
#7835 = CARTESIAN_POINT('',(38.,51.,-7.));
#7836 = DIRECTION('',(0.,0.,1.));
#7837 = DIRECTION('',(1.,0.,0.));
#7838 = ADVANCED_FACE('',(#7839),#7849,.T.);
#7839 = FACE_BOUND('',#7840,.T.);
#7840 = EDGE_LOOP('',(#7841,#7842,#7843,#7844,#7845,#7846,#7847,#7848));
#7841 = ORIENTED_EDGE('',*,*,#7586,.T.);
#7842 = ORIENTED_EDGE('',*,*,#7637,.T.);
#7843 = ORIENTED_EDGE('',*,*,#7690,.T.);
#7844 = ORIENTED_EDGE('',*,*,#7804,.T.);
#7845 = ORIENTED_EDGE('',*,*,#7818,.T.);
#7846 = ORIENTED_EDGE('',*,*,#7765,.F.);
#7847 = ORIENTED_EDGE('',*,*,#7723,.T.);
#7848 = ORIENTED_EDGE('',*,*,#7676,.F.);
#7849 = PLANE('',#7850);
#7850 = AXIS2_PLACEMENT_3D('',#7851,#7852,#7853);
#7851 = CARTESIAN_POINT('',(21.,30.,-5.));
#7852 = DIRECTION('',(0.,0.,1.));
#7853 = DIRECTION('',(1.,0.,0.));
#7854 = ADVANCED_FACE('',(#7855),#7865,.T.);
#7855 = FACE_BOUND('',#7856,.T.);
#7856 = EDGE_LOOP('',(#7857,#7858,#7859,#7860,#7861,#7862,#7863,#7864));
#7857 = ORIENTED_EDGE('',*,*,#7605,.F.);
#7858 = ORIENTED_EDGE('',*,*,#7660,.T.);
#7859 = ORIENTED_EDGE('',*,*,#7740,.F.);
#7860 = ORIENTED_EDGE('',*,*,#7756,.T.);
#7861 = ORIENTED_EDGE('',*,*,#7826,.F.);
#7862 = ORIENTED_EDGE('',*,*,#7788,.F.);
#7863 = ORIENTED_EDGE('',*,*,#7700,.F.);
#7864 = ORIENTED_EDGE('',*,*,#7628,.F.);
#7865 = PLANE('',#7866);
#7866 = AXIS2_PLACEMENT_3D('',#7867,#7868,#7869);
#7867 = CARTESIAN_POINT('',(21.,30.,-7.));
#7868 = DIRECTION('',(-0.,-0.,-1.));
#7869 = DIRECTION('',(-1.,0.,0.));
#7870 = MANIFOLD_SOLID_BREP('',#7871);
#7871 = CLOSED_SHELL('',(#7872,#7905,#7925,#7945,#7970,#7995,#8004));
#7872 = ADVANCED_FACE('',(#7873),#7900,.T.);
#7873 = FACE_BOUND('',#7874,.T.);
#7874 = EDGE_LOOP('',(#7875,#7884,#7892,#7899));
#7875 = ORIENTED_EDGE('',*,*,#7876,.F.);
#7876 = EDGE_CURVE('',#7877,#7877,#7879,.T.);
#7877 = VERTEX_POINT('',#7878);
#7878 = CARTESIAN_POINT('',(27.5,22.,18.2));
#7879 = CIRCLE('',#7880,6.5);
#7880 = AXIS2_PLACEMENT_3D('',#7881,#7882,#7883);
#7881 = CARTESIAN_POINT('',(21.,22.,18.2));
#7882 = DIRECTION('',(0.,0.,1.));
#7883 = DIRECTION('',(1.,0.,0.));
#7884 = ORIENTED_EDGE('',*,*,#7885,.F.);
#7885 = EDGE_CURVE('',#7886,#7877,#7888,.T.);
#7886 = VERTEX_POINT('',#7887);
#7887 = CARTESIAN_POINT('',(27.5,22.,17.2));
#7888 = LINE('',#7889,#7890);
#7889 = CARTESIAN_POINT('',(27.5,22.,17.2));
#7890 = VECTOR('',#7891,1.);
#7891 = DIRECTION('',(0.,0.,1.));
#7892 = ORIENTED_EDGE('',*,*,#7893,.T.);
#7893 = EDGE_CURVE('',#7886,#7886,#7894,.T.);
#7894 = CIRCLE('',#7895,6.5);
#7895 = AXIS2_PLACEMENT_3D('',#7896,#7897,#7898);
#7896 = CARTESIAN_POINT('',(21.,22.,17.2));
#7897 = DIRECTION('',(0.,0.,1.));
#7898 = DIRECTION('',(1.,0.,0.));
#7899 = ORIENTED_EDGE('',*,*,#7885,.T.);
#7900 = CYLINDRICAL_SURFACE('',#7901,6.5);
#7901 = AXIS2_PLACEMENT_3D('',#7902,#7903,#7904);
#7902 = CARTESIAN_POINT('',(21.,22.,17.2));
#7903 = DIRECTION('',(0.,0.,1.));
#7904 = DIRECTION('',(1.,0.,0.));
#7905 = ADVANCED_FACE('',(#7906,#7909),#7920,.T.);
#7906 = FACE_BOUND('',#7907,.T.);
#7907 = EDGE_LOOP('',(#7908));
#7908 = ORIENTED_EDGE('',*,*,#7876,.T.);
#7909 = FACE_BOUND('',#7910,.T.);
#7910 = EDGE_LOOP('',(#7911));
#7911 = ORIENTED_EDGE('',*,*,#7912,.F.);
#7912 = EDGE_CURVE('',#7913,#7913,#7915,.T.);
#7913 = VERTEX_POINT('',#7914);
#7914 = CARTESIAN_POINT('',(25.95,22.,18.2));
#7915 = CIRCLE('',#7916,4.95);
#7916 = AXIS2_PLACEMENT_3D('',#7917,#7918,#7919);
#7917 = CARTESIAN_POINT('',(21.,22.,18.2));
#7918 = DIRECTION('',(0.,0.,1.));
#7919 = DIRECTION('',(1.,0.,0.));
#7920 = PLANE('',#7921);
#7921 = AXIS2_PLACEMENT_3D('',#7922,#7923,#7924);
#7922 = CARTESIAN_POINT('',(21.,22.,18.2));
#7923 = DIRECTION('',(0.,0.,1.));
#7924 = DIRECTION('',(1.,0.,0.));
#7925 = ADVANCED_FACE('',(#7926,#7929),#7940,.F.);
#7926 = FACE_BOUND('',#7927,.F.);
#7927 = EDGE_LOOP('',(#7928));
#7928 = ORIENTED_EDGE('',*,*,#7893,.T.);
#7929 = FACE_BOUND('',#7930,.F.);
#7930 = EDGE_LOOP('',(#7931));
#7931 = ORIENTED_EDGE('',*,*,#7932,.F.);
#7932 = EDGE_CURVE('',#7933,#7933,#7935,.T.);
#7933 = VERTEX_POINT('',#7934);
#7934 = CARTESIAN_POINT('',(22.2,22.,17.2));
#7935 = CIRCLE('',#7936,1.2);
#7936 = AXIS2_PLACEMENT_3D('',#7937,#7938,#7939);
#7937 = CARTESIAN_POINT('',(21.,22.,17.2));
#7938 = DIRECTION('',(0.,0.,1.));
#7939 = DIRECTION('',(1.,0.,0.));
#7940 = PLANE('',#7941);
#7941 = AXIS2_PLACEMENT_3D('',#7942,#7943,#7944);
#7942 = CARTESIAN_POINT('',(21.,22.,17.2));
#7943 = DIRECTION('',(0.,0.,1.));
#7944 = DIRECTION('',(1.,0.,0.));
#7945 = ADVANCED_FACE('',(#7946),#7965,.T.);
#7946 = FACE_BOUND('',#7947,.T.);
#7947 = EDGE_LOOP('',(#7948,#7957,#7963,#7964));
#7948 = ORIENTED_EDGE('',*,*,#7949,.F.);
#7949 = EDGE_CURVE('',#7950,#7950,#7952,.T.);
#7950 = VERTEX_POINT('',#7951);
#7951 = CARTESIAN_POINT('',(25.95,22.,20.2));
#7952 = CIRCLE('',#7953,4.95);
#7953 = AXIS2_PLACEMENT_3D('',#7954,#7955,#7956);
#7954 = CARTESIAN_POINT('',(21.,22.,20.2));
#7955 = DIRECTION('',(0.,0.,1.));
#7956 = DIRECTION('',(1.,0.,0.));
#7957 = ORIENTED_EDGE('',*,*,#7958,.F.);
#7958 = EDGE_CURVE('',#7913,#7950,#7959,.T.);
#7959 = LINE('',#7960,#7961);
#7960 = CARTESIAN_POINT('',(25.95,22.,18.2));
#7961 = VECTOR('',#7962,1.);
#7962 = DIRECTION('',(0.,0.,1.));
#7963 = ORIENTED_EDGE('',*,*,#7912,.T.);
#7964 = ORIENTED_EDGE('',*,*,#7958,.T.);
#7965 = CYLINDRICAL_SURFACE('',#7966,4.95);
#7966 = AXIS2_PLACEMENT_3D('',#7967,#7968,#7969);
#7967 = CARTESIAN_POINT('',(21.,22.,18.2));
#7968 = DIRECTION('',(0.,0.,1.));
#7969 = DIRECTION('',(1.,0.,0.));
#7970 = ADVANCED_FACE('',(#7971),#7990,.T.);
#7971 = FACE_BOUND('',#7972,.T.);
#7972 = EDGE_LOOP('',(#7973,#7974,#7982,#7989));
#7973 = ORIENTED_EDGE('',*,*,#7932,.F.);
#7974 = ORIENTED_EDGE('',*,*,#7975,.F.);
#7975 = EDGE_CURVE('',#7976,#7933,#7978,.T.);
#7976 = VERTEX_POINT('',#7977);
#7977 = CARTESIAN_POINT('',(22.2,22.,15.8));
#7978 = LINE('',#7979,#7980);
#7979 = CARTESIAN_POINT('',(22.2,22.,15.8));
#7980 = VECTOR('',#7981,1.);
#7981 = DIRECTION('',(0.,0.,1.));
#7982 = ORIENTED_EDGE('',*,*,#7983,.T.);
#7983 = EDGE_CURVE('',#7976,#7976,#7984,.T.);
#7984 = CIRCLE('',#7985,1.2);
#7985 = AXIS2_PLACEMENT_3D('',#7986,#7987,#7988);
#7986 = CARTESIAN_POINT('',(21.,22.,15.8));
#7987 = DIRECTION('',(0.,0.,1.));
#7988 = DIRECTION('',(1.,0.,0.));
#7989 = ORIENTED_EDGE('',*,*,#7975,.T.);
#7990 = CYLINDRICAL_SURFACE('',#7991,1.2);
#7991 = AXIS2_PLACEMENT_3D('',#7992,#7993,#7994);
#7992 = CARTESIAN_POINT('',(21.,22.,15.8));
#7993 = DIRECTION('',(0.,0.,1.));
#7994 = DIRECTION('',(1.,0.,0.));
#7995 = ADVANCED_FACE('',(#7996),#7999,.T.);
#7996 = FACE_BOUND('',#7997,.T.);
#7997 = EDGE_LOOP('',(#7998));
#7998 = ORIENTED_EDGE('',*,*,#7949,.T.);
#7999 = PLANE('',#8000);
#8000 = AXIS2_PLACEMENT_3D('',#8001,#8002,#8003);
#8001 = CARTESIAN_POINT('',(21.,22.,20.2));
#8002 = DIRECTION('',(0.,0.,1.));
#8003 = DIRECTION('',(1.,0.,0.));
#8004 = ADVANCED_FACE('',(#8005),#8008,.F.);
#8005 = FACE_BOUND('',#8006,.T.);
#8006 = EDGE_LOOP('',(#8007));
#8007 = ORIENTED_EDGE('',*,*,#7983,.F.);
#8008 = PLANE('',#8009);
#8009 = AXIS2_PLACEMENT_3D('',#8010,#8011,#8012);
#8010 = CARTESIAN_POINT('',(21.,22.,15.8));
#8011 = DIRECTION('',(0.,0.,1.));
#8012 = DIRECTION('',(1.,0.,0.));
#8013 = MANIFOLD_SOLID_BREP('',#8014);
#8014 = CLOSED_SHELL('',(#8015,#8057,#8088,#8119,#8152,#8185,#8216,#8247
    ,#8271,#8287));
#8015 = ADVANCED_FACE('',(#8016),#8052,.T.);
#8016 = FACE_BOUND('',#8017,.T.);
#8017 = EDGE_LOOP('',(#8018,#8029,#8037,#8046));
#8018 = ORIENTED_EDGE('',*,*,#8019,.F.);
#8019 = EDGE_CURVE('',#8020,#8022,#8024,.T.);
#8020 = VERTEX_POINT('',#8021);
#8021 = CARTESIAN_POINT('',(17.,34.9,20.4));
#8022 = VERTEX_POINT('',#8023);
#8023 = CARTESIAN_POINT('',(18.,33.9,20.4));
#8024 = CIRCLE('',#8025,1.);
#8025 = AXIS2_PLACEMENT_3D('',#8026,#8027,#8028);
#8026 = CARTESIAN_POINT('',(18.,34.9,20.4));
#8027 = DIRECTION('',(0.,0.,1.));
#8028 = DIRECTION('',(1.,0.,0.));
#8029 = ORIENTED_EDGE('',*,*,#8030,.F.);
#8030 = EDGE_CURVE('',#8031,#8020,#8033,.T.);
#8031 = VERTEX_POINT('',#8032);
#8032 = CARTESIAN_POINT('',(17.,34.9,17.8));
#8033 = LINE('',#8034,#8035);
#8034 = CARTESIAN_POINT('',(17.,34.9,17.8));
#8035 = VECTOR('',#8036,1.);
#8036 = DIRECTION('',(0.,0.,1.));
#8037 = ORIENTED_EDGE('',*,*,#8038,.T.);
#8038 = EDGE_CURVE('',#8031,#8039,#8041,.T.);
#8039 = VERTEX_POINT('',#8040);
#8040 = CARTESIAN_POINT('',(18.,33.9,17.8));
#8041 = CIRCLE('',#8042,1.);
#8042 = AXIS2_PLACEMENT_3D('',#8043,#8044,#8045);
#8043 = CARTESIAN_POINT('',(18.,34.9,17.8));
#8044 = DIRECTION('',(0.,0.,1.));
#8045 = DIRECTION('',(1.,0.,0.));
#8046 = ORIENTED_EDGE('',*,*,#8047,.T.);
#8047 = EDGE_CURVE('',#8039,#8022,#8048,.T.);
#8048 = LINE('',#8049,#8050);
#8049 = CARTESIAN_POINT('',(18.,33.9,17.8));
#8050 = VECTOR('',#8051,1.);
#8051 = DIRECTION('',(0.,0.,1.));
#8052 = CYLINDRICAL_SURFACE('',#8053,1.);
#8053 = AXIS2_PLACEMENT_3D('',#8054,#8055,#8056);
#8054 = CARTESIAN_POINT('',(18.,34.9,17.8));
#8055 = DIRECTION('',(0.,0.,1.));
#8056 = DIRECTION('',(1.,0.,0.));
#8057 = ADVANCED_FACE('',(#8058),#8083,.F.);
#8058 = FACE_BOUND('',#8059,.F.);
#8059 = EDGE_LOOP('',(#8060,#8068,#8069,#8077));
#8060 = ORIENTED_EDGE('',*,*,#8061,.F.);
#8061 = EDGE_CURVE('',#8039,#8062,#8064,.T.);
#8062 = VERTEX_POINT('',#8063);
#8063 = CARTESIAN_POINT('',(24.,33.9,17.8));
#8064 = LINE('',#8065,#8066);
#8065 = CARTESIAN_POINT('',(18.,33.9,17.8));
#8066 = VECTOR('',#8067,1.);
#8067 = DIRECTION('',(1.,0.,0.));
#8068 = ORIENTED_EDGE('',*,*,#8047,.T.);
#8069 = ORIENTED_EDGE('',*,*,#8070,.T.);
#8070 = EDGE_CURVE('',#8022,#8071,#8073,.T.);
#8071 = VERTEX_POINT('',#8072);
#8072 = CARTESIAN_POINT('',(24.,33.9,20.4));
#8073 = LINE('',#8074,#8075);
#8074 = CARTESIAN_POINT('',(18.,33.9,20.4));
#8075 = VECTOR('',#8076,1.);
#8076 = DIRECTION('',(1.,0.,0.));
#8077 = ORIENTED_EDGE('',*,*,#8078,.F.);
#8078 = EDGE_CURVE('',#8062,#8071,#8079,.T.);
#8079 = LINE('',#8080,#8081);
#8080 = CARTESIAN_POINT('',(24.,33.9,17.8));
#8081 = VECTOR('',#8082,1.);
#8082 = DIRECTION('',(0.,0.,1.));
#8083 = PLANE('',#8084);
#8084 = AXIS2_PLACEMENT_3D('',#8085,#8086,#8087);
#8085 = CARTESIAN_POINT('',(18.,33.9,17.8));
#8086 = DIRECTION('',(0.,1.,0.));
#8087 = DIRECTION('',(0.,0.,1.));
#8088 = ADVANCED_FACE('',(#8089),#8114,.F.);
#8089 = FACE_BOUND('',#8090,.F.);
#8090 = EDGE_LOOP('',(#8091,#8092,#8100,#8108));
#8091 = ORIENTED_EDGE('',*,*,#8030,.F.);
#8092 = ORIENTED_EDGE('',*,*,#8093,.T.);
#8093 = EDGE_CURVE('',#8031,#8094,#8096,.T.);
#8094 = VERTEX_POINT('',#8095);
#8095 = CARTESIAN_POINT('',(17.,35.1,17.8));
#8096 = LINE('',#8097,#8098);
#8097 = CARTESIAN_POINT('',(17.,34.9,17.8));
#8098 = VECTOR('',#8099,1.);
#8099 = DIRECTION('',(0.,1.,0.));
#8100 = ORIENTED_EDGE('',*,*,#8101,.T.);
#8101 = EDGE_CURVE('',#8094,#8102,#8104,.T.);
#8102 = VERTEX_POINT('',#8103);
#8103 = CARTESIAN_POINT('',(17.,35.1,20.4));
#8104 = LINE('',#8105,#8106);
#8105 = CARTESIAN_POINT('',(17.,35.1,17.8));
#8106 = VECTOR('',#8107,1.);
#8107 = DIRECTION('',(0.,0.,1.));
#8108 = ORIENTED_EDGE('',*,*,#8109,.F.);
#8109 = EDGE_CURVE('',#8020,#8102,#8110,.T.);
#8110 = LINE('',#8111,#8112);
#8111 = CARTESIAN_POINT('',(17.,34.9,20.4));
#8112 = VECTOR('',#8113,1.);
#8113 = DIRECTION('',(0.,1.,0.));
#8114 = PLANE('',#8115);
#8115 = AXIS2_PLACEMENT_3D('',#8116,#8117,#8118);
#8116 = CARTESIAN_POINT('',(17.,34.9,17.8));
#8117 = DIRECTION('',(1.,0.,0.));
#8118 = DIRECTION('',(0.,0.,1.));
#8119 = ADVANCED_FACE('',(#8120),#8147,.T.);
#8120 = FACE_BOUND('',#8121,.T.);
#8121 = EDGE_LOOP('',(#8122,#8131,#8132,#8141));
#8122 = ORIENTED_EDGE('',*,*,#8123,.F.);
#8123 = EDGE_CURVE('',#8071,#8124,#8126,.T.);
#8124 = VERTEX_POINT('',#8125);
#8125 = CARTESIAN_POINT('',(25.,34.9,20.4));
#8126 = CIRCLE('',#8127,1.);
#8127 = AXIS2_PLACEMENT_3D('',#8128,#8129,#8130);
#8128 = CARTESIAN_POINT('',(24.,34.9,20.4));
#8129 = DIRECTION('',(0.,0.,1.));
#8130 = DIRECTION('',(1.,0.,0.));
#8131 = ORIENTED_EDGE('',*,*,#8078,.F.);
#8132 = ORIENTED_EDGE('',*,*,#8133,.T.);
#8133 = EDGE_CURVE('',#8062,#8134,#8136,.T.);
#8134 = VERTEX_POINT('',#8135);
#8135 = CARTESIAN_POINT('',(25.,34.9,17.8));
#8136 = CIRCLE('',#8137,1.);
#8137 = AXIS2_PLACEMENT_3D('',#8138,#8139,#8140);
#8138 = CARTESIAN_POINT('',(24.,34.9,17.8));
#8139 = DIRECTION('',(0.,0.,1.));
#8140 = DIRECTION('',(1.,0.,0.));
#8141 = ORIENTED_EDGE('',*,*,#8142,.T.);
#8142 = EDGE_CURVE('',#8134,#8124,#8143,.T.);
#8143 = LINE('',#8144,#8145);
#8144 = CARTESIAN_POINT('',(25.,34.9,17.8));
#8145 = VECTOR('',#8146,1.);
#8146 = DIRECTION('',(0.,0.,1.));
#8147 = CYLINDRICAL_SURFACE('',#8148,1.);
#8148 = AXIS2_PLACEMENT_3D('',#8149,#8150,#8151);
#8149 = CARTESIAN_POINT('',(24.,34.9,17.8));
#8150 = DIRECTION('',(0.,0.,1.));
#8151 = DIRECTION('',(1.,0.,0.));
#8152 = ADVANCED_FACE('',(#8153),#8180,.T.);
#8153 = FACE_BOUND('',#8154,.T.);
#8154 = EDGE_LOOP('',(#8155,#8164,#8172,#8179));
#8155 = ORIENTED_EDGE('',*,*,#8156,.F.);
#8156 = EDGE_CURVE('',#8157,#8102,#8159,.T.);
#8157 = VERTEX_POINT('',#8158);
#8158 = CARTESIAN_POINT('',(18.,36.1,20.4));
#8159 = CIRCLE('',#8160,1.);
#8160 = AXIS2_PLACEMENT_3D('',#8161,#8162,#8163);
#8161 = CARTESIAN_POINT('',(18.,35.1,20.4));
#8162 = DIRECTION('',(0.,0.,1.));
#8163 = DIRECTION('',(1.,0.,0.));
#8164 = ORIENTED_EDGE('',*,*,#8165,.F.);
#8165 = EDGE_CURVE('',#8166,#8157,#8168,.T.);
#8166 = VERTEX_POINT('',#8167);
#8167 = CARTESIAN_POINT('',(18.,36.1,17.8));
#8168 = LINE('',#8169,#8170);
#8169 = CARTESIAN_POINT('',(18.,36.1,17.8));
#8170 = VECTOR('',#8171,1.);
#8171 = DIRECTION('',(0.,0.,1.));
#8172 = ORIENTED_EDGE('',*,*,#8173,.T.);
#8173 = EDGE_CURVE('',#8166,#8094,#8174,.T.);
#8174 = CIRCLE('',#8175,1.);
#8175 = AXIS2_PLACEMENT_3D('',#8176,#8177,#8178);
#8176 = CARTESIAN_POINT('',(18.,35.1,17.8));
#8177 = DIRECTION('',(0.,0.,1.));
#8178 = DIRECTION('',(1.,0.,0.));
#8179 = ORIENTED_EDGE('',*,*,#8101,.T.);
#8180 = CYLINDRICAL_SURFACE('',#8181,1.);
#8181 = AXIS2_PLACEMENT_3D('',#8182,#8183,#8184);
#8182 = CARTESIAN_POINT('',(18.,35.1,17.8));
#8183 = DIRECTION('',(0.,0.,1.));
#8184 = DIRECTION('',(1.,0.,0.));
#8185 = ADVANCED_FACE('',(#8186),#8211,.T.);
#8186 = FACE_BOUND('',#8187,.T.);
#8187 = EDGE_LOOP('',(#8188,#8196,#8197,#8205));
#8188 = ORIENTED_EDGE('',*,*,#8189,.F.);
#8189 = EDGE_CURVE('',#8166,#8190,#8192,.T.);
#8190 = VERTEX_POINT('',#8191);
#8191 = CARTESIAN_POINT('',(24.,36.1,17.8));
#8192 = LINE('',#8193,#8194);
#8193 = CARTESIAN_POINT('',(18.,36.1,17.8));
#8194 = VECTOR('',#8195,1.);
#8195 = DIRECTION('',(1.,0.,0.));
#8196 = ORIENTED_EDGE('',*,*,#8165,.T.);
#8197 = ORIENTED_EDGE('',*,*,#8198,.T.);
#8198 = EDGE_CURVE('',#8157,#8199,#8201,.T.);
#8199 = VERTEX_POINT('',#8200);
#8200 = CARTESIAN_POINT('',(24.,36.1,20.4));
#8201 = LINE('',#8202,#8203);
#8202 = CARTESIAN_POINT('',(18.,36.1,20.4));
#8203 = VECTOR('',#8204,1.);
#8204 = DIRECTION('',(1.,0.,0.));
#8205 = ORIENTED_EDGE('',*,*,#8206,.F.);
#8206 = EDGE_CURVE('',#8190,#8199,#8207,.T.);
#8207 = LINE('',#8208,#8209);
#8208 = CARTESIAN_POINT('',(24.,36.1,17.8));
#8209 = VECTOR('',#8210,1.);
#8210 = DIRECTION('',(0.,0.,1.));
#8211 = PLANE('',#8212);
#8212 = AXIS2_PLACEMENT_3D('',#8213,#8214,#8215);
#8213 = CARTESIAN_POINT('',(18.,36.1,17.8));
#8214 = DIRECTION('',(0.,1.,0.));
#8215 = DIRECTION('',(0.,0.,1.));
#8216 = ADVANCED_FACE('',(#8217),#8242,.T.);
#8217 = FACE_BOUND('',#8218,.T.);
#8218 = EDGE_LOOP('',(#8219,#8220,#8228,#8236));
#8219 = ORIENTED_EDGE('',*,*,#8142,.F.);
#8220 = ORIENTED_EDGE('',*,*,#8221,.T.);
#8221 = EDGE_CURVE('',#8134,#8222,#8224,.T.);
#8222 = VERTEX_POINT('',#8223);
#8223 = CARTESIAN_POINT('',(25.,35.1,17.8));
#8224 = LINE('',#8225,#8226);
#8225 = CARTESIAN_POINT('',(25.,34.9,17.8));
#8226 = VECTOR('',#8227,1.);
#8227 = DIRECTION('',(0.,1.,0.));
#8228 = ORIENTED_EDGE('',*,*,#8229,.T.);
#8229 = EDGE_CURVE('',#8222,#8230,#8232,.T.);
#8230 = VERTEX_POINT('',#8231);
#8231 = CARTESIAN_POINT('',(25.,35.1,20.4));
#8232 = LINE('',#8233,#8234);
#8233 = CARTESIAN_POINT('',(25.,35.1,17.8));
#8234 = VECTOR('',#8235,1.);
#8235 = DIRECTION('',(0.,0.,1.));
#8236 = ORIENTED_EDGE('',*,*,#8237,.F.);
#8237 = EDGE_CURVE('',#8124,#8230,#8238,.T.);
#8238 = LINE('',#8239,#8240);
#8239 = CARTESIAN_POINT('',(25.,34.9,20.4));
#8240 = VECTOR('',#8241,1.);
#8241 = DIRECTION('',(0.,1.,0.));
#8242 = PLANE('',#8243);
#8243 = AXIS2_PLACEMENT_3D('',#8244,#8245,#8246);
#8244 = CARTESIAN_POINT('',(25.,34.9,17.8));
#8245 = DIRECTION('',(1.,0.,0.));
#8246 = DIRECTION('',(0.,0.,1.));
#8247 = ADVANCED_FACE('',(#8248),#8266,.T.);
#8248 = FACE_BOUND('',#8249,.T.);
#8249 = EDGE_LOOP('',(#8250,#8257,#8258,#8265));
#8250 = ORIENTED_EDGE('',*,*,#8251,.F.);
#8251 = EDGE_CURVE('',#8230,#8199,#8252,.T.);
#8252 = CIRCLE('',#8253,1.);
#8253 = AXIS2_PLACEMENT_3D('',#8254,#8255,#8256);
#8254 = CARTESIAN_POINT('',(24.,35.1,20.4));
#8255 = DIRECTION('',(0.,0.,1.));
#8256 = DIRECTION('',(1.,0.,0.));
#8257 = ORIENTED_EDGE('',*,*,#8229,.F.);
#8258 = ORIENTED_EDGE('',*,*,#8259,.T.);
#8259 = EDGE_CURVE('',#8222,#8190,#8260,.T.);
#8260 = CIRCLE('',#8261,1.);
#8261 = AXIS2_PLACEMENT_3D('',#8262,#8263,#8264);
#8262 = CARTESIAN_POINT('',(24.,35.1,17.8));
#8263 = DIRECTION('',(0.,0.,1.));
#8264 = DIRECTION('',(1.,0.,0.));
#8265 = ORIENTED_EDGE('',*,*,#8206,.T.);
#8266 = CYLINDRICAL_SURFACE('',#8267,1.);
#8267 = AXIS2_PLACEMENT_3D('',#8268,#8269,#8270);
#8268 = CARTESIAN_POINT('',(24.,35.1,17.8));
#8269 = DIRECTION('',(0.,0.,1.));
#8270 = DIRECTION('',(1.,0.,0.));
#8271 = ADVANCED_FACE('',(#8272),#8282,.T.);
#8272 = FACE_BOUND('',#8273,.T.);
#8273 = EDGE_LOOP('',(#8274,#8275,#8276,#8277,#8278,#8279,#8280,#8281));
#8274 = ORIENTED_EDGE('',*,*,#8019,.T.);
#8275 = ORIENTED_EDGE('',*,*,#8070,.T.);
#8276 = ORIENTED_EDGE('',*,*,#8123,.T.);
#8277 = ORIENTED_EDGE('',*,*,#8237,.T.);
#8278 = ORIENTED_EDGE('',*,*,#8251,.T.);
#8279 = ORIENTED_EDGE('',*,*,#8198,.F.);
#8280 = ORIENTED_EDGE('',*,*,#8156,.T.);
#8281 = ORIENTED_EDGE('',*,*,#8109,.F.);
#8282 = PLANE('',#8283);
#8283 = AXIS2_PLACEMENT_3D('',#8284,#8285,#8286);
#8284 = CARTESIAN_POINT('',(21.,35.,20.4));
#8285 = DIRECTION('',(0.,0.,1.));
#8286 = DIRECTION('',(1.,0.,0.));
#8287 = ADVANCED_FACE('',(#8288),#8298,.T.);
#8288 = FACE_BOUND('',#8289,.T.);
#8289 = EDGE_LOOP('',(#8290,#8291,#8292,#8293,#8294,#8295,#8296,#8297));
#8290 = ORIENTED_EDGE('',*,*,#8038,.F.);
#8291 = ORIENTED_EDGE('',*,*,#8093,.T.);
#8292 = ORIENTED_EDGE('',*,*,#8173,.F.);
#8293 = ORIENTED_EDGE('',*,*,#8189,.T.);
#8294 = ORIENTED_EDGE('',*,*,#8259,.F.);
#8295 = ORIENTED_EDGE('',*,*,#8221,.F.);
#8296 = ORIENTED_EDGE('',*,*,#8133,.F.);
#8297 = ORIENTED_EDGE('',*,*,#8061,.F.);
#8298 = PLANE('',#8299);
#8299 = AXIS2_PLACEMENT_3D('',#8300,#8301,#8302);
#8300 = CARTESIAN_POINT('',(21.,35.,17.8));
#8301 = DIRECTION('',(-0.,-0.,-1.));
#8302 = DIRECTION('',(-1.,0.,0.));
#8303 = MANIFOLD_SOLID_BREP('',#8304);
#8304 = CLOSED_SHELL('',(#8305,#8347,#8483,#8507,#8636,#8653,#8670,#8687
    ,#8704,#8721,#8733,#8755,#8772,#8789,#8806,#8823,#8840,#8857));
#8305 = ADVANCED_FACE('',(#8306),#8342,.T.);
#8306 = FACE_BOUND('',#8307,.T.);
#8307 = EDGE_LOOP('',(#8308,#8319,#8327,#8336));
#8308 = ORIENTED_EDGE('',*,*,#8309,.F.);
#8309 = EDGE_CURVE('',#8310,#8312,#8314,.T.);
#8310 = VERTEX_POINT('',#8311);
#8311 = CARTESIAN_POINT('',(1.,8.,14.3));
#8312 = VERTEX_POINT('',#8313);
#8313 = CARTESIAN_POINT('',(8.,1.,14.3));
#8314 = CIRCLE('',#8315,7.);
#8315 = AXIS2_PLACEMENT_3D('',#8316,#8317,#8318);
#8316 = CARTESIAN_POINT('',(8.,8.,14.3));
#8317 = DIRECTION('',(0.,0.,1.));
#8318 = DIRECTION('',(1.,0.,0.));
#8319 = ORIENTED_EDGE('',*,*,#8320,.F.);
#8320 = EDGE_CURVE('',#8321,#8310,#8323,.T.);
#8321 = VERTEX_POINT('',#8322);
#8322 = CARTESIAN_POINT('',(1.,8.,13.8));
#8323 = LINE('',#8324,#8325);
#8324 = CARTESIAN_POINT('',(1.,8.,13.8));
#8325 = VECTOR('',#8326,1.);
#8326 = DIRECTION('',(0.,0.,1.));
#8327 = ORIENTED_EDGE('',*,*,#8328,.T.);
#8328 = EDGE_CURVE('',#8321,#8329,#8331,.T.);
#8329 = VERTEX_POINT('',#8330);
#8330 = CARTESIAN_POINT('',(8.,1.,13.8));
#8331 = CIRCLE('',#8332,7.);
#8332 = AXIS2_PLACEMENT_3D('',#8333,#8334,#8335);
#8333 = CARTESIAN_POINT('',(8.,8.,13.8));
#8334 = DIRECTION('',(0.,0.,1.));
#8335 = DIRECTION('',(1.,0.,0.));
#8336 = ORIENTED_EDGE('',*,*,#8337,.T.);
#8337 = EDGE_CURVE('',#8329,#8312,#8338,.T.);
#8338 = LINE('',#8339,#8340);
#8339 = CARTESIAN_POINT('',(8.,1.,13.8));
#8340 = VECTOR('',#8341,1.);
#8341 = DIRECTION('',(0.,0.,1.));
#8342 = CYLINDRICAL_SURFACE('',#8343,7.);
#8343 = AXIS2_PLACEMENT_3D('',#8344,#8345,#8346);
#8344 = CARTESIAN_POINT('',(8.,8.,13.8));
#8345 = DIRECTION('',(0.,0.,1.));
#8346 = DIRECTION('',(1.,0.,0.));
#8347 = ADVANCED_FACE('',(#8348,#8408),#8478,.T.);
#8348 = FACE_BOUND('',#8349,.T.);
#8349 = EDGE_LOOP('',(#8350,#8351,#8359,#8368,#8376,#8385,#8393,#8402));
#8350 = ORIENTED_EDGE('',*,*,#8309,.T.);
#8351 = ORIENTED_EDGE('',*,*,#8352,.T.);
#8352 = EDGE_CURVE('',#8312,#8353,#8355,.T.);
#8353 = VERTEX_POINT('',#8354);
#8354 = CARTESIAN_POINT('',(34.,1.,14.3));
#8355 = LINE('',#8356,#8357);
#8356 = CARTESIAN_POINT('',(8.,1.,14.3));
#8357 = VECTOR('',#8358,1.);
#8358 = DIRECTION('',(1.,0.,0.));
#8359 = ORIENTED_EDGE('',*,*,#8360,.T.);
#8360 = EDGE_CURVE('',#8353,#8361,#8363,.T.);
#8361 = VERTEX_POINT('',#8362);
#8362 = CARTESIAN_POINT('',(41.,8.,14.3));
#8363 = CIRCLE('',#8364,7.);
#8364 = AXIS2_PLACEMENT_3D('',#8365,#8366,#8367);
#8365 = CARTESIAN_POINT('',(34.,8.,14.3));
#8366 = DIRECTION('',(0.,0.,1.));
#8367 = DIRECTION('',(1.,0.,0.));
#8368 = ORIENTED_EDGE('',*,*,#8369,.T.);
#8369 = EDGE_CURVE('',#8361,#8370,#8372,.T.);
#8370 = VERTEX_POINT('',#8371);
#8371 = CARTESIAN_POINT('',(41.,52.,14.3));
#8372 = LINE('',#8373,#8374);
#8373 = CARTESIAN_POINT('',(41.,8.,14.3));
#8374 = VECTOR('',#8375,1.);
#8375 = DIRECTION('',(0.,1.,0.));
#8376 = ORIENTED_EDGE('',*,*,#8377,.T.);
#8377 = EDGE_CURVE('',#8370,#8378,#8380,.T.);
#8378 = VERTEX_POINT('',#8379);
#8379 = CARTESIAN_POINT('',(34.,59.,14.3));
#8380 = CIRCLE('',#8381,7.);
#8381 = AXIS2_PLACEMENT_3D('',#8382,#8383,#8384);
#8382 = CARTESIAN_POINT('',(34.,52.,14.3));
#8383 = DIRECTION('',(0.,0.,1.));
#8384 = DIRECTION('',(1.,0.,0.));
#8385 = ORIENTED_EDGE('',*,*,#8386,.F.);
#8386 = EDGE_CURVE('',#8387,#8378,#8389,.T.);
#8387 = VERTEX_POINT('',#8388);
#8388 = CARTESIAN_POINT('',(8.,59.,14.3));
#8389 = LINE('',#8390,#8391);
#8390 = CARTESIAN_POINT('',(8.,59.,14.3));
#8391 = VECTOR('',#8392,1.);
#8392 = DIRECTION('',(1.,0.,0.));
#8393 = ORIENTED_EDGE('',*,*,#8394,.T.);
#8394 = EDGE_CURVE('',#8387,#8395,#8397,.T.);
#8395 = VERTEX_POINT('',#8396);
#8396 = CARTESIAN_POINT('',(1.,52.,14.3));
#8397 = CIRCLE('',#8398,7.);
#8398 = AXIS2_PLACEMENT_3D('',#8399,#8400,#8401);
#8399 = CARTESIAN_POINT('',(8.,52.,14.3));
#8400 = DIRECTION('',(0.,0.,1.));
#8401 = DIRECTION('',(1.,0.,0.));
#8402 = ORIENTED_EDGE('',*,*,#8403,.F.);
#8403 = EDGE_CURVE('',#8310,#8395,#8404,.T.);
#8404 = LINE('',#8405,#8406);
#8405 = CARTESIAN_POINT('',(1.,8.,14.3));
#8406 = VECTOR('',#8407,1.);
#8407 = DIRECTION('',(0.,1.,0.));
#8408 = FACE_BOUND('',#8409,.T.);
#8409 = EDGE_LOOP('',(#8410,#8421,#8429,#8438,#8446,#8455,#8463,#8472));
#8410 = ORIENTED_EDGE('',*,*,#8411,.F.);
#8411 = EDGE_CURVE('',#8412,#8414,#8416,.T.);
#8412 = VERTEX_POINT('',#8413);
#8413 = CARTESIAN_POINT('',(2.5,8.,14.3));
#8414 = VERTEX_POINT('',#8415);
#8415 = CARTESIAN_POINT('',(8.,2.5,14.3));
#8416 = CIRCLE('',#8417,5.5);
#8417 = AXIS2_PLACEMENT_3D('',#8418,#8419,#8420);
#8418 = CARTESIAN_POINT('',(8.,8.,14.3));
#8419 = DIRECTION('',(0.,0.,1.));
#8420 = DIRECTION('',(1.,0.,0.));
#8421 = ORIENTED_EDGE('',*,*,#8422,.T.);
#8422 = EDGE_CURVE('',#8412,#8423,#8425,.T.);
#8423 = VERTEX_POINT('',#8424);
#8424 = CARTESIAN_POINT('',(2.5,52.,14.3));
#8425 = LINE('',#8426,#8427);
#8426 = CARTESIAN_POINT('',(2.5,19.,14.3));
#8427 = VECTOR('',#8428,1.);
#8428 = DIRECTION('',(0.,1.,0.));
#8429 = ORIENTED_EDGE('',*,*,#8430,.F.);
#8430 = EDGE_CURVE('',#8431,#8423,#8433,.T.);
#8431 = VERTEX_POINT('',#8432);
#8432 = CARTESIAN_POINT('',(8.,57.5,14.3));
#8433 = CIRCLE('',#8434,5.5);
#8434 = AXIS2_PLACEMENT_3D('',#8435,#8436,#8437);
#8435 = CARTESIAN_POINT('',(8.,52.,14.3));
#8436 = DIRECTION('',(0.,0.,1.));
#8437 = DIRECTION('',(1.,0.,0.));
#8438 = ORIENTED_EDGE('',*,*,#8439,.F.);
#8439 = EDGE_CURVE('',#8440,#8431,#8442,.T.);
#8440 = VERTEX_POINT('',#8441);
#8441 = CARTESIAN_POINT('',(34.,57.5,14.3));
#8442 = LINE('',#8443,#8444);
#8443 = CARTESIAN_POINT('',(14.5,57.5,14.3));
#8444 = VECTOR('',#8445,1.);
#8445 = DIRECTION('',(-1.,0.,0.));
#8446 = ORIENTED_EDGE('',*,*,#8447,.F.);
#8447 = EDGE_CURVE('',#8448,#8440,#8450,.T.);
#8448 = VERTEX_POINT('',#8449);
#8449 = CARTESIAN_POINT('',(39.5,52.,14.3));
#8450 = CIRCLE('',#8451,5.5);
#8451 = AXIS2_PLACEMENT_3D('',#8452,#8453,#8454);
#8452 = CARTESIAN_POINT('',(34.,52.,14.3));
#8453 = DIRECTION('',(0.,0.,1.));
#8454 = DIRECTION('',(1.,0.,0.));
#8455 = ORIENTED_EDGE('',*,*,#8456,.F.);
#8456 = EDGE_CURVE('',#8457,#8448,#8459,.T.);
#8457 = VERTEX_POINT('',#8458);
#8458 = CARTESIAN_POINT('',(39.5,8.,14.3));
#8459 = LINE('',#8460,#8461);
#8460 = CARTESIAN_POINT('',(39.5,19.,14.3));
#8461 = VECTOR('',#8462,1.);
#8462 = DIRECTION('',(0.,1.,0.));
#8463 = ORIENTED_EDGE('',*,*,#8464,.F.);
#8464 = EDGE_CURVE('',#8465,#8457,#8467,.T.);
#8465 = VERTEX_POINT('',#8466);
#8466 = CARTESIAN_POINT('',(34.,2.5,14.3));
#8467 = CIRCLE('',#8468,5.5);
#8468 = AXIS2_PLACEMENT_3D('',#8469,#8470,#8471);
#8469 = CARTESIAN_POINT('',(34.,8.,14.3));
#8470 = DIRECTION('',(0.,0.,1.));
#8471 = DIRECTION('',(1.,0.,0.));
#8472 = ORIENTED_EDGE('',*,*,#8473,.T.);
#8473 = EDGE_CURVE('',#8465,#8414,#8474,.T.);
#8474 = LINE('',#8475,#8476);
#8475 = CARTESIAN_POINT('',(14.5,2.5,14.3));
#8476 = VECTOR('',#8477,1.);
#8477 = DIRECTION('',(-1.,0.,0.));
#8478 = PLANE('',#8479);
#8479 = AXIS2_PLACEMENT_3D('',#8480,#8481,#8482);
#8480 = CARTESIAN_POINT('',(21.,30.,14.3));
#8481 = DIRECTION('',(0.,0.,1.));
#8482 = DIRECTION('',(1.,0.,0.));
#8483 = ADVANCED_FACE('',(#8484),#8502,.F.);
#8484 = FACE_BOUND('',#8485,.F.);
#8485 = EDGE_LOOP('',(#8486,#8494,#8495,#8496));
#8486 = ORIENTED_EDGE('',*,*,#8487,.F.);
#8487 = EDGE_CURVE('',#8329,#8488,#8490,.T.);
#8488 = VERTEX_POINT('',#8489);
#8489 = CARTESIAN_POINT('',(34.,1.,13.8));
#8490 = LINE('',#8491,#8492);
#8491 = CARTESIAN_POINT('',(8.,1.,13.8));
#8492 = VECTOR('',#8493,1.);
#8493 = DIRECTION('',(1.,0.,0.));
#8494 = ORIENTED_EDGE('',*,*,#8337,.T.);
#8495 = ORIENTED_EDGE('',*,*,#8352,.T.);
#8496 = ORIENTED_EDGE('',*,*,#8497,.F.);
#8497 = EDGE_CURVE('',#8488,#8353,#8498,.T.);
#8498 = LINE('',#8499,#8500);
#8499 = CARTESIAN_POINT('',(34.,1.,13.8));
#8500 = VECTOR('',#8501,1.);
#8501 = DIRECTION('',(0.,0.,1.));
#8502 = PLANE('',#8503);
#8503 = AXIS2_PLACEMENT_3D('',#8504,#8505,#8506);
#8504 = CARTESIAN_POINT('',(8.,1.,13.8));
#8505 = DIRECTION('',(0.,1.,0.));
#8506 = DIRECTION('',(0.,0.,1.));
#8507 = ADVANCED_FACE('',(#8508,#8561),#8631,.T.);
#8508 = FACE_BOUND('',#8509,.T.);
#8509 = EDGE_LOOP('',(#8510,#8511,#8519,#8528,#8536,#8545,#8553,#8560));
#8510 = ORIENTED_EDGE('',*,*,#8328,.F.);
#8511 = ORIENTED_EDGE('',*,*,#8512,.T.);
#8512 = EDGE_CURVE('',#8321,#8513,#8515,.T.);
#8513 = VERTEX_POINT('',#8514);
#8514 = CARTESIAN_POINT('',(1.,52.,13.8));
#8515 = LINE('',#8516,#8517);
#8516 = CARTESIAN_POINT('',(1.,8.,13.8));
#8517 = VECTOR('',#8518,1.);
#8518 = DIRECTION('',(0.,1.,0.));
#8519 = ORIENTED_EDGE('',*,*,#8520,.F.);
#8520 = EDGE_CURVE('',#8521,#8513,#8523,.T.);
#8521 = VERTEX_POINT('',#8522);
#8522 = CARTESIAN_POINT('',(8.,59.,13.8));
#8523 = CIRCLE('',#8524,7.);
#8524 = AXIS2_PLACEMENT_3D('',#8525,#8526,#8527);
#8525 = CARTESIAN_POINT('',(8.,52.,13.8));
#8526 = DIRECTION('',(0.,0.,1.));
#8527 = DIRECTION('',(1.,0.,0.));
#8528 = ORIENTED_EDGE('',*,*,#8529,.T.);
#8529 = EDGE_CURVE('',#8521,#8530,#8532,.T.);
#8530 = VERTEX_POINT('',#8531);
#8531 = CARTESIAN_POINT('',(34.,59.,13.8));
#8532 = LINE('',#8533,#8534);
#8533 = CARTESIAN_POINT('',(8.,59.,13.8));
#8534 = VECTOR('',#8535,1.);
#8535 = DIRECTION('',(1.,0.,0.));
#8536 = ORIENTED_EDGE('',*,*,#8537,.F.);
#8537 = EDGE_CURVE('',#8538,#8530,#8540,.T.);
#8538 = VERTEX_POINT('',#8539);
#8539 = CARTESIAN_POINT('',(41.,52.,13.8));
#8540 = CIRCLE('',#8541,7.);
#8541 = AXIS2_PLACEMENT_3D('',#8542,#8543,#8544);
#8542 = CARTESIAN_POINT('',(34.,52.,13.8));
#8543 = DIRECTION('',(0.,0.,1.));
#8544 = DIRECTION('',(1.,0.,0.));
#8545 = ORIENTED_EDGE('',*,*,#8546,.F.);
#8546 = EDGE_CURVE('',#8547,#8538,#8549,.T.);
#8547 = VERTEX_POINT('',#8548);
#8548 = CARTESIAN_POINT('',(41.,8.,13.8));
#8549 = LINE('',#8550,#8551);
#8550 = CARTESIAN_POINT('',(41.,8.,13.8));
#8551 = VECTOR('',#8552,1.);
#8552 = DIRECTION('',(0.,1.,0.));
#8553 = ORIENTED_EDGE('',*,*,#8554,.F.);
#8554 = EDGE_CURVE('',#8488,#8547,#8555,.T.);
#8555 = CIRCLE('',#8556,7.);
#8556 = AXIS2_PLACEMENT_3D('',#8557,#8558,#8559);
#8557 = CARTESIAN_POINT('',(34.,8.,13.8));
#8558 = DIRECTION('',(0.,0.,1.));
#8559 = DIRECTION('',(1.,0.,0.));
#8560 = ORIENTED_EDGE('',*,*,#8487,.F.);
#8561 = FACE_BOUND('',#8562,.T.);
#8562 = EDGE_LOOP('',(#8563,#8573,#8582,#8590,#8599,#8607,#8616,#8624));
#8563 = ORIENTED_EDGE('',*,*,#8564,.T.);
#8564 = EDGE_CURVE('',#8565,#8567,#8569,.T.);
#8565 = VERTEX_POINT('',#8566);
#8566 = CARTESIAN_POINT('',(2.5,52.,13.8));
#8567 = VERTEX_POINT('',#8568);
#8568 = CARTESIAN_POINT('',(2.5,8.,13.8));
#8569 = LINE('',#8570,#8571);
#8570 = CARTESIAN_POINT('',(2.5,19.,13.8));
#8571 = VECTOR('',#8572,1.);
#8572 = DIRECTION('',(0.,-1.,0.));
#8573 = ORIENTED_EDGE('',*,*,#8574,.T.);
#8574 = EDGE_CURVE('',#8567,#8575,#8577,.T.);
#8575 = VERTEX_POINT('',#8576);
#8576 = CARTESIAN_POINT('',(8.,2.5,13.8));
#8577 = CIRCLE('',#8578,5.5);
#8578 = AXIS2_PLACEMENT_3D('',#8579,#8580,#8581);
#8579 = CARTESIAN_POINT('',(8.,8.,13.8));
#8580 = DIRECTION('',(0.,0.,1.));
#8581 = DIRECTION('',(1.,0.,0.));
#8582 = ORIENTED_EDGE('',*,*,#8583,.T.);
#8583 = EDGE_CURVE('',#8575,#8584,#8586,.T.);
#8584 = VERTEX_POINT('',#8585);
#8585 = CARTESIAN_POINT('',(34.,2.5,13.8));
#8586 = LINE('',#8587,#8588);
#8587 = CARTESIAN_POINT('',(14.5,2.5,13.8));
#8588 = VECTOR('',#8589,1.);
#8589 = DIRECTION('',(1.,0.,0.));
#8590 = ORIENTED_EDGE('',*,*,#8591,.T.);
#8591 = EDGE_CURVE('',#8584,#8592,#8594,.T.);
#8592 = VERTEX_POINT('',#8593);
#8593 = CARTESIAN_POINT('',(39.5,8.,13.8));
#8594 = CIRCLE('',#8595,5.5);
#8595 = AXIS2_PLACEMENT_3D('',#8596,#8597,#8598);
#8596 = CARTESIAN_POINT('',(34.,8.,13.8));
#8597 = DIRECTION('',(0.,0.,1.));
#8598 = DIRECTION('',(1.,0.,0.));
#8599 = ORIENTED_EDGE('',*,*,#8600,.F.);
#8600 = EDGE_CURVE('',#8601,#8592,#8603,.T.);
#8601 = VERTEX_POINT('',#8602);
#8602 = CARTESIAN_POINT('',(39.5,52.,13.8));
#8603 = LINE('',#8604,#8605);
#8604 = CARTESIAN_POINT('',(39.5,19.,13.8));
#8605 = VECTOR('',#8606,1.);
#8606 = DIRECTION('',(0.,-1.,0.));
#8607 = ORIENTED_EDGE('',*,*,#8608,.T.);
#8608 = EDGE_CURVE('',#8601,#8609,#8611,.T.);
#8609 = VERTEX_POINT('',#8610);
#8610 = CARTESIAN_POINT('',(34.,57.5,13.8));
#8611 = CIRCLE('',#8612,5.5);
#8612 = AXIS2_PLACEMENT_3D('',#8613,#8614,#8615);
#8613 = CARTESIAN_POINT('',(34.,52.,13.8));
#8614 = DIRECTION('',(0.,0.,1.));
#8615 = DIRECTION('',(1.,0.,0.));
#8616 = ORIENTED_EDGE('',*,*,#8617,.F.);
#8617 = EDGE_CURVE('',#8618,#8609,#8620,.T.);
#8618 = VERTEX_POINT('',#8619);
#8619 = CARTESIAN_POINT('',(8.,57.5,13.8));
#8620 = LINE('',#8621,#8622);
#8621 = CARTESIAN_POINT('',(14.5,57.5,13.8));
#8622 = VECTOR('',#8623,1.);
#8623 = DIRECTION('',(1.,0.,0.));
#8624 = ORIENTED_EDGE('',*,*,#8625,.T.);
#8625 = EDGE_CURVE('',#8618,#8565,#8626,.T.);
#8626 = CIRCLE('',#8627,5.5);
#8627 = AXIS2_PLACEMENT_3D('',#8628,#8629,#8630);
#8628 = CARTESIAN_POINT('',(8.,52.,13.8));
#8629 = DIRECTION('',(0.,0.,1.));
#8630 = DIRECTION('',(1.,0.,0.));
#8631 = PLANE('',#8632);
#8632 = AXIS2_PLACEMENT_3D('',#8633,#8634,#8635);
#8633 = CARTESIAN_POINT('',(21.,30.,13.8));
#8634 = DIRECTION('',(-0.,-0.,-1.));
#8635 = DIRECTION('',(-1.,0.,0.));
#8636 = ADVANCED_FACE('',(#8637),#8648,.F.);
#8637 = FACE_BOUND('',#8638,.F.);
#8638 = EDGE_LOOP('',(#8639,#8640,#8641,#8647));
#8639 = ORIENTED_EDGE('',*,*,#8320,.F.);
#8640 = ORIENTED_EDGE('',*,*,#8512,.T.);
#8641 = ORIENTED_EDGE('',*,*,#8642,.T.);
#8642 = EDGE_CURVE('',#8513,#8395,#8643,.T.);
#8643 = LINE('',#8644,#8645);
#8644 = CARTESIAN_POINT('',(1.,52.,13.8));
#8645 = VECTOR('',#8646,1.);
#8646 = DIRECTION('',(0.,0.,1.));
#8647 = ORIENTED_EDGE('',*,*,#8403,.F.);
#8648 = PLANE('',#8649);
#8649 = AXIS2_PLACEMENT_3D('',#8650,#8651,#8652);
#8650 = CARTESIAN_POINT('',(1.,8.,13.8));
#8651 = DIRECTION('',(1.,0.,0.));
#8652 = DIRECTION('',(0.,0.,1.));
#8653 = ADVANCED_FACE('',(#8654),#8665,.T.);
#8654 = FACE_BOUND('',#8655,.T.);
#8655 = EDGE_LOOP('',(#8656,#8657,#8663,#8664));
#8656 = ORIENTED_EDGE('',*,*,#8394,.F.);
#8657 = ORIENTED_EDGE('',*,*,#8658,.F.);
#8658 = EDGE_CURVE('',#8521,#8387,#8659,.T.);
#8659 = LINE('',#8660,#8661);
#8660 = CARTESIAN_POINT('',(8.,59.,13.8));
#8661 = VECTOR('',#8662,1.);
#8662 = DIRECTION('',(0.,0.,1.));
#8663 = ORIENTED_EDGE('',*,*,#8520,.T.);
#8664 = ORIENTED_EDGE('',*,*,#8642,.T.);
#8665 = CYLINDRICAL_SURFACE('',#8666,7.);
#8666 = AXIS2_PLACEMENT_3D('',#8667,#8668,#8669);
#8667 = CARTESIAN_POINT('',(8.,52.,13.8));
#8668 = DIRECTION('',(0.,0.,1.));
#8669 = DIRECTION('',(1.,0.,0.));
#8670 = ADVANCED_FACE('',(#8671),#8682,.T.);
#8671 = FACE_BOUND('',#8672,.T.);
#8672 = EDGE_LOOP('',(#8673,#8674,#8675,#8676));
#8673 = ORIENTED_EDGE('',*,*,#8360,.F.);
#8674 = ORIENTED_EDGE('',*,*,#8497,.F.);
#8675 = ORIENTED_EDGE('',*,*,#8554,.T.);
#8676 = ORIENTED_EDGE('',*,*,#8677,.T.);
#8677 = EDGE_CURVE('',#8547,#8361,#8678,.T.);
#8678 = LINE('',#8679,#8680);
#8679 = CARTESIAN_POINT('',(41.,8.,13.8));
#8680 = VECTOR('',#8681,1.);
#8681 = DIRECTION('',(0.,0.,1.));
#8682 = CYLINDRICAL_SURFACE('',#8683,7.);
#8683 = AXIS2_PLACEMENT_3D('',#8684,#8685,#8686);
#8684 = CARTESIAN_POINT('',(34.,8.,13.8));
#8685 = DIRECTION('',(0.,0.,1.));
#8686 = DIRECTION('',(1.,0.,0.));
#8687 = ADVANCED_FACE('',(#8688),#8699,.T.);
#8688 = FACE_BOUND('',#8689,.T.);
#8689 = EDGE_LOOP('',(#8690,#8691,#8692,#8693));
#8690 = ORIENTED_EDGE('',*,*,#8529,.F.);
#8691 = ORIENTED_EDGE('',*,*,#8658,.T.);
#8692 = ORIENTED_EDGE('',*,*,#8386,.T.);
#8693 = ORIENTED_EDGE('',*,*,#8694,.F.);
#8694 = EDGE_CURVE('',#8530,#8378,#8695,.T.);
#8695 = LINE('',#8696,#8697);
#8696 = CARTESIAN_POINT('',(34.,59.,13.8));
#8697 = VECTOR('',#8698,1.);
#8698 = DIRECTION('',(0.,0.,1.));
#8699 = PLANE('',#8700);
#8700 = AXIS2_PLACEMENT_3D('',#8701,#8702,#8703);
#8701 = CARTESIAN_POINT('',(8.,59.,13.8));
#8702 = DIRECTION('',(0.,1.,0.));
#8703 = DIRECTION('',(0.,0.,1.));
#8704 = ADVANCED_FACE('',(#8705),#8716,.T.);
#8705 = FACE_BOUND('',#8706,.T.);
#8706 = EDGE_LOOP('',(#8707,#8708,#8709,#8715));
#8707 = ORIENTED_EDGE('',*,*,#8677,.F.);
#8708 = ORIENTED_EDGE('',*,*,#8546,.T.);
#8709 = ORIENTED_EDGE('',*,*,#8710,.T.);
#8710 = EDGE_CURVE('',#8538,#8370,#8711,.T.);
#8711 = LINE('',#8712,#8713);
#8712 = CARTESIAN_POINT('',(41.,52.,13.8));
#8713 = VECTOR('',#8714,1.);
#8714 = DIRECTION('',(0.,0.,1.));
#8715 = ORIENTED_EDGE('',*,*,#8369,.F.);
#8716 = PLANE('',#8717);
#8717 = AXIS2_PLACEMENT_3D('',#8718,#8719,#8720);
#8718 = CARTESIAN_POINT('',(41.,8.,13.8));
#8719 = DIRECTION('',(1.,0.,0.));
#8720 = DIRECTION('',(0.,0.,1.));
#8721 = ADVANCED_FACE('',(#8722),#8728,.T.);
#8722 = FACE_BOUND('',#8723,.T.);
#8723 = EDGE_LOOP('',(#8724,#8725,#8726,#8727));
#8724 = ORIENTED_EDGE('',*,*,#8377,.F.);
#8725 = ORIENTED_EDGE('',*,*,#8710,.F.);
#8726 = ORIENTED_EDGE('',*,*,#8537,.T.);
#8727 = ORIENTED_EDGE('',*,*,#8694,.T.);
#8728 = CYLINDRICAL_SURFACE('',#8729,7.);
#8729 = AXIS2_PLACEMENT_3D('',#8730,#8731,#8732);
#8730 = CARTESIAN_POINT('',(34.,52.,13.8));
#8731 = DIRECTION('',(0.,0.,1.));
#8732 = DIRECTION('',(1.,0.,0.));
#8733 = ADVANCED_FACE('',(#8734),#8750,.F.);
#8734 = FACE_BOUND('',#8735,.F.);
#8735 = EDGE_LOOP('',(#8736,#8737,#8743,#8744));
#8736 = ORIENTED_EDGE('',*,*,#8411,.F.);
#8737 = ORIENTED_EDGE('',*,*,#8738,.F.);
#8738 = EDGE_CURVE('',#8567,#8412,#8739,.T.);
#8739 = LINE('',#8740,#8741);
#8740 = CARTESIAN_POINT('',(2.5,8.,13.7));
#8741 = VECTOR('',#8742,1.);
#8742 = DIRECTION('',(0.,0.,1.));
#8743 = ORIENTED_EDGE('',*,*,#8574,.T.);
#8744 = ORIENTED_EDGE('',*,*,#8745,.T.);
#8745 = EDGE_CURVE('',#8575,#8414,#8746,.T.);
#8746 = LINE('',#8747,#8748);
#8747 = CARTESIAN_POINT('',(8.,2.5,13.7));
#8748 = VECTOR('',#8749,1.);
#8749 = DIRECTION('',(0.,0.,1.));
#8750 = CYLINDRICAL_SURFACE('',#8751,5.5);
#8751 = AXIS2_PLACEMENT_3D('',#8752,#8753,#8754);
#8752 = CARTESIAN_POINT('',(8.,8.,13.7));
#8753 = DIRECTION('',(0.,0.,1.));
#8754 = DIRECTION('',(1.,0.,0.));
#8755 = ADVANCED_FACE('',(#8756),#8767,.T.);
#8756 = FACE_BOUND('',#8757,.T.);
#8757 = EDGE_LOOP('',(#8758,#8759,#8760,#8761));
#8758 = ORIENTED_EDGE('',*,*,#8583,.F.);
#8759 = ORIENTED_EDGE('',*,*,#8745,.T.);
#8760 = ORIENTED_EDGE('',*,*,#8473,.F.);
#8761 = ORIENTED_EDGE('',*,*,#8762,.F.);
#8762 = EDGE_CURVE('',#8584,#8465,#8763,.T.);
#8763 = LINE('',#8764,#8765);
#8764 = CARTESIAN_POINT('',(34.,2.5,13.7));
#8765 = VECTOR('',#8766,1.);
#8766 = DIRECTION('',(0.,0.,1.));
#8767 = PLANE('',#8768);
#8768 = AXIS2_PLACEMENT_3D('',#8769,#8770,#8771);
#8769 = CARTESIAN_POINT('',(8.,2.5,13.7));
#8770 = DIRECTION('',(0.,1.,0.));
#8771 = DIRECTION('',(0.,0.,1.));
#8772 = ADVANCED_FACE('',(#8773),#8784,.F.);
#8773 = FACE_BOUND('',#8774,.F.);
#8774 = EDGE_LOOP('',(#8775,#8776,#8777,#8778));
#8775 = ORIENTED_EDGE('',*,*,#8464,.F.);
#8776 = ORIENTED_EDGE('',*,*,#8762,.F.);
#8777 = ORIENTED_EDGE('',*,*,#8591,.T.);
#8778 = ORIENTED_EDGE('',*,*,#8779,.T.);
#8779 = EDGE_CURVE('',#8592,#8457,#8780,.T.);
#8780 = LINE('',#8781,#8782);
#8781 = CARTESIAN_POINT('',(39.5,8.,13.7));
#8782 = VECTOR('',#8783,1.);
#8783 = DIRECTION('',(0.,0.,1.));
#8784 = CYLINDRICAL_SURFACE('',#8785,5.5);
#8785 = AXIS2_PLACEMENT_3D('',#8786,#8787,#8788);
#8786 = CARTESIAN_POINT('',(34.,8.,13.7));
#8787 = DIRECTION('',(0.,0.,1.));
#8788 = DIRECTION('',(1.,0.,0.));
#8789 = ADVANCED_FACE('',(#8790),#8801,.F.);
#8790 = FACE_BOUND('',#8791,.F.);
#8791 = EDGE_LOOP('',(#8792,#8793,#8794,#8800));
#8792 = ORIENTED_EDGE('',*,*,#8779,.F.);
#8793 = ORIENTED_EDGE('',*,*,#8600,.F.);
#8794 = ORIENTED_EDGE('',*,*,#8795,.T.);
#8795 = EDGE_CURVE('',#8601,#8448,#8796,.T.);
#8796 = LINE('',#8797,#8798);
#8797 = CARTESIAN_POINT('',(39.5,52.,13.7));
#8798 = VECTOR('',#8799,1.);
#8799 = DIRECTION('',(0.,0.,1.));
#8800 = ORIENTED_EDGE('',*,*,#8456,.F.);
#8801 = PLANE('',#8802);
#8802 = AXIS2_PLACEMENT_3D('',#8803,#8804,#8805);
#8803 = CARTESIAN_POINT('',(39.5,8.,13.7));
#8804 = DIRECTION('',(1.,0.,0.));
#8805 = DIRECTION('',(0.,0.,1.));
#8806 = ADVANCED_FACE('',(#8807),#8818,.F.);
#8807 = FACE_BOUND('',#8808,.F.);
#8808 = EDGE_LOOP('',(#8809,#8810,#8811,#8812));
#8809 = ORIENTED_EDGE('',*,*,#8447,.F.);
#8810 = ORIENTED_EDGE('',*,*,#8795,.F.);
#8811 = ORIENTED_EDGE('',*,*,#8608,.T.);
#8812 = ORIENTED_EDGE('',*,*,#8813,.T.);
#8813 = EDGE_CURVE('',#8609,#8440,#8814,.T.);
#8814 = LINE('',#8815,#8816);
#8815 = CARTESIAN_POINT('',(34.,57.5,13.7));
#8816 = VECTOR('',#8817,1.);
#8817 = DIRECTION('',(0.,0.,1.));
#8818 = CYLINDRICAL_SURFACE('',#8819,5.5);
#8819 = AXIS2_PLACEMENT_3D('',#8820,#8821,#8822);
#8820 = CARTESIAN_POINT('',(34.,52.,13.7));
#8821 = DIRECTION('',(0.,0.,1.));
#8822 = DIRECTION('',(1.,0.,0.));
#8823 = ADVANCED_FACE('',(#8824),#8835,.F.);
#8824 = FACE_BOUND('',#8825,.F.);
#8825 = EDGE_LOOP('',(#8826,#8827,#8833,#8834));
#8826 = ORIENTED_EDGE('',*,*,#8617,.F.);
#8827 = ORIENTED_EDGE('',*,*,#8828,.T.);
#8828 = EDGE_CURVE('',#8618,#8431,#8829,.T.);
#8829 = LINE('',#8830,#8831);
#8830 = CARTESIAN_POINT('',(8.,57.5,13.7));
#8831 = VECTOR('',#8832,1.);
#8832 = DIRECTION('',(0.,0.,1.));
#8833 = ORIENTED_EDGE('',*,*,#8439,.F.);
#8834 = ORIENTED_EDGE('',*,*,#8813,.F.);
#8835 = PLANE('',#8836);
#8836 = AXIS2_PLACEMENT_3D('',#8837,#8838,#8839);
#8837 = CARTESIAN_POINT('',(8.,57.5,13.7));
#8838 = DIRECTION('',(0.,1.,0.));
#8839 = DIRECTION('',(0.,0.,1.));
#8840 = ADVANCED_FACE('',(#8841),#8852,.F.);
#8841 = FACE_BOUND('',#8842,.F.);
#8842 = EDGE_LOOP('',(#8843,#8844,#8845,#8846));
#8843 = ORIENTED_EDGE('',*,*,#8430,.F.);
#8844 = ORIENTED_EDGE('',*,*,#8828,.F.);
#8845 = ORIENTED_EDGE('',*,*,#8625,.T.);
#8846 = ORIENTED_EDGE('',*,*,#8847,.T.);
#8847 = EDGE_CURVE('',#8565,#8423,#8848,.T.);
#8848 = LINE('',#8849,#8850);
#8849 = CARTESIAN_POINT('',(2.5,52.,13.7));
#8850 = VECTOR('',#8851,1.);
#8851 = DIRECTION('',(0.,0.,1.));
#8852 = CYLINDRICAL_SURFACE('',#8853,5.5);
#8853 = AXIS2_PLACEMENT_3D('',#8854,#8855,#8856);
#8854 = CARTESIAN_POINT('',(8.,52.,13.7));
#8855 = DIRECTION('',(0.,0.,1.));
#8856 = DIRECTION('',(1.,0.,0.));
#8857 = ADVANCED_FACE('',(#8858),#8864,.T.);
#8858 = FACE_BOUND('',#8859,.T.);
#8859 = EDGE_LOOP('',(#8860,#8861,#8862,#8863));
#8860 = ORIENTED_EDGE('',*,*,#8738,.F.);
#8861 = ORIENTED_EDGE('',*,*,#8564,.F.);
#8862 = ORIENTED_EDGE('',*,*,#8847,.T.);
#8863 = ORIENTED_EDGE('',*,*,#8422,.F.);
#8864 = PLANE('',#8865);
#8865 = AXIS2_PLACEMENT_3D('',#8866,#8867,#8868);
#8866 = CARTESIAN_POINT('',(2.5,8.,13.7));
#8867 = DIRECTION('',(1.,0.,0.));
#8868 = DIRECTION('',(0.,0.,1.));
#8869 = MANIFOLD_SOLID_BREP('',#8870);
#8870 = CLOSED_SHELL('',(#8871,#8913,#9023,#9047,#9150,#9167,#9184,#9201
    ,#9218,#9235,#9247,#9264,#9281,#9298));
#8871 = ADVANCED_FACE('',(#8872),#8908,.T.);
#8872 = FACE_BOUND('',#8873,.T.);
#8873 = EDGE_LOOP('',(#8874,#8885,#8893,#8902));
#8874 = ORIENTED_EDGE('',*,*,#8875,.F.);
#8875 = EDGE_CURVE('',#8876,#8878,#8880,.T.);
#8876 = VERTEX_POINT('',#8877);
#8877 = CARTESIAN_POINT('',(4.,9.,12.8));
#8878 = VERTEX_POINT('',#8879);
#8879 = CARTESIAN_POINT('',(7.,6.,12.8));
#8880 = CIRCLE('',#8881,3.);
#8881 = AXIS2_PLACEMENT_3D('',#8882,#8883,#8884);
#8882 = CARTESIAN_POINT('',(7.,9.,12.8));
#8883 = DIRECTION('',(0.,0.,1.));
#8884 = DIRECTION('',(1.,0.,0.));
#8885 = ORIENTED_EDGE('',*,*,#8886,.F.);
#8886 = EDGE_CURVE('',#8887,#8876,#8889,.T.);
#8887 = VERTEX_POINT('',#8888);
#8888 = CARTESIAN_POINT('',(4.,9.,11.8));
#8889 = LINE('',#8890,#8891);
#8890 = CARTESIAN_POINT('',(4.,9.,11.8));
#8891 = VECTOR('',#8892,1.);
#8892 = DIRECTION('',(0.,0.,1.));
#8893 = ORIENTED_EDGE('',*,*,#8894,.T.);
#8894 = EDGE_CURVE('',#8887,#8895,#8897,.T.);
#8895 = VERTEX_POINT('',#8896);
#8896 = CARTESIAN_POINT('',(7.,6.,11.8));
#8897 = CIRCLE('',#8898,3.);
#8898 = AXIS2_PLACEMENT_3D('',#8899,#8900,#8901);
#8899 = CARTESIAN_POINT('',(7.,9.,11.8));
#8900 = DIRECTION('',(0.,0.,1.));
#8901 = DIRECTION('',(1.,0.,0.));
#8902 = ORIENTED_EDGE('',*,*,#8903,.T.);
#8903 = EDGE_CURVE('',#8895,#8878,#8904,.T.);
#8904 = LINE('',#8905,#8906);
#8905 = CARTESIAN_POINT('',(7.,6.,11.8));
#8906 = VECTOR('',#8907,1.);
#8907 = DIRECTION('',(0.,0.,1.));
#8908 = CYLINDRICAL_SURFACE('',#8909,3.);
#8909 = AXIS2_PLACEMENT_3D('',#8910,#8911,#8912);
#8910 = CARTESIAN_POINT('',(7.,9.,11.8));
#8911 = DIRECTION('',(0.,0.,1.));
#8912 = DIRECTION('',(1.,0.,0.));
#8913 = ADVANCED_FACE('',(#8914,#8974,#8985,#8996,#9007),#9018,.T.);
#8914 = FACE_BOUND('',#8915,.T.);
#8915 = EDGE_LOOP('',(#8916,#8917,#8925,#8934,#8942,#8951,#8959,#8968));
#8916 = ORIENTED_EDGE('',*,*,#8875,.T.);
#8917 = ORIENTED_EDGE('',*,*,#8918,.T.);
#8918 = EDGE_CURVE('',#8878,#8919,#8921,.T.);
#8919 = VERTEX_POINT('',#8920);
#8920 = CARTESIAN_POINT('',(35.,6.,12.8));
#8921 = LINE('',#8922,#8923);
#8922 = CARTESIAN_POINT('',(7.,6.,12.8));
#8923 = VECTOR('',#8924,1.);
#8924 = DIRECTION('',(1.,0.,0.));
#8925 = ORIENTED_EDGE('',*,*,#8926,.T.);
#8926 = EDGE_CURVE('',#8919,#8927,#8929,.T.);
#8927 = VERTEX_POINT('',#8928);
#8928 = CARTESIAN_POINT('',(38.,9.,12.8));
#8929 = CIRCLE('',#8930,3.);
#8930 = AXIS2_PLACEMENT_3D('',#8931,#8932,#8933);
#8931 = CARTESIAN_POINT('',(35.,9.,12.8));
#8932 = DIRECTION('',(0.,0.,1.));
#8933 = DIRECTION('',(1.,0.,0.));
#8934 = ORIENTED_EDGE('',*,*,#8935,.T.);
#8935 = EDGE_CURVE('',#8927,#8936,#8938,.T.);
#8936 = VERTEX_POINT('',#8937);
#8937 = CARTESIAN_POINT('',(38.,51.,12.8));
#8938 = LINE('',#8939,#8940);
#8939 = CARTESIAN_POINT('',(38.,9.,12.8));
#8940 = VECTOR('',#8941,1.);
#8941 = DIRECTION('',(0.,1.,0.));
#8942 = ORIENTED_EDGE('',*,*,#8943,.T.);
#8943 = EDGE_CURVE('',#8936,#8944,#8946,.T.);
#8944 = VERTEX_POINT('',#8945);
#8945 = CARTESIAN_POINT('',(35.,54.,12.8));
#8946 = CIRCLE('',#8947,3.);
#8947 = AXIS2_PLACEMENT_3D('',#8948,#8949,#8950);
#8948 = CARTESIAN_POINT('',(35.,51.,12.8));
#8949 = DIRECTION('',(0.,0.,1.));
#8950 = DIRECTION('',(1.,0.,0.));
#8951 = ORIENTED_EDGE('',*,*,#8952,.F.);
#8952 = EDGE_CURVE('',#8953,#8944,#8955,.T.);
#8953 = VERTEX_POINT('',#8954);
#8954 = CARTESIAN_POINT('',(7.,54.,12.8));
#8955 = LINE('',#8956,#8957);
#8956 = CARTESIAN_POINT('',(7.,54.,12.8));
#8957 = VECTOR('',#8958,1.);
#8958 = DIRECTION('',(1.,0.,0.));
#8959 = ORIENTED_EDGE('',*,*,#8960,.T.);
#8960 = EDGE_CURVE('',#8953,#8961,#8963,.T.);
#8961 = VERTEX_POINT('',#8962);
#8962 = CARTESIAN_POINT('',(4.,51.,12.8));
#8963 = CIRCLE('',#8964,3.);
#8964 = AXIS2_PLACEMENT_3D('',#8965,#8966,#8967);
#8965 = CARTESIAN_POINT('',(7.,51.,12.8));
#8966 = DIRECTION('',(0.,0.,1.));
#8967 = DIRECTION('',(1.,0.,0.));
#8968 = ORIENTED_EDGE('',*,*,#8969,.F.);
#8969 = EDGE_CURVE('',#8876,#8961,#8970,.T.);
#8970 = LINE('',#8971,#8972);
#8971 = CARTESIAN_POINT('',(4.,9.,12.8));
#8972 = VECTOR('',#8973,1.);
#8973 = DIRECTION('',(0.,1.,0.));
#8974 = FACE_BOUND('',#8975,.T.);
#8975 = EDGE_LOOP('',(#8976));
#8976 = ORIENTED_EDGE('',*,*,#8977,.F.);
#8977 = EDGE_CURVE('',#8978,#8978,#8980,.T.);
#8978 = VERTEX_POINT('',#8979);
#8979 = CARTESIAN_POINT('',(8.1,10.,12.8));
#8980 = CIRCLE('',#8981,1.1);
#8981 = AXIS2_PLACEMENT_3D('',#8982,#8983,#8984);
#8982 = CARTESIAN_POINT('',(7.,10.,12.8));
#8983 = DIRECTION('',(0.,0.,1.));
#8984 = DIRECTION('',(1.,0.,0.));
#8985 = FACE_BOUND('',#8986,.T.);
#8986 = EDGE_LOOP('',(#8987));
#8987 = ORIENTED_EDGE('',*,*,#8988,.F.);
#8988 = EDGE_CURVE('',#8989,#8989,#8991,.T.);
#8989 = VERTEX_POINT('',#8990);
#8990 = CARTESIAN_POINT('',(36.1,10.,12.8));
#8991 = CIRCLE('',#8992,1.1);
#8992 = AXIS2_PLACEMENT_3D('',#8993,#8994,#8995);
#8993 = CARTESIAN_POINT('',(35.,10.,12.8));
#8994 = DIRECTION('',(0.,0.,1.));
#8995 = DIRECTION('',(1.,0.,0.));
#8996 = FACE_BOUND('',#8997,.T.);
#8997 = EDGE_LOOP('',(#8998));
#8998 = ORIENTED_EDGE('',*,*,#8999,.F.);
#8999 = EDGE_CURVE('',#9000,#9000,#9002,.T.);
#9000 = VERTEX_POINT('',#9001);
#9001 = CARTESIAN_POINT('',(8.1,50.,12.8));
#9002 = CIRCLE('',#9003,1.1);
#9003 = AXIS2_PLACEMENT_3D('',#9004,#9005,#9006);
#9004 = CARTESIAN_POINT('',(7.,50.,12.8));
#9005 = DIRECTION('',(0.,0.,1.));
#9006 = DIRECTION('',(1.,0.,0.));
#9007 = FACE_BOUND('',#9008,.T.);
#9008 = EDGE_LOOP('',(#9009));
#9009 = ORIENTED_EDGE('',*,*,#9010,.F.);
#9010 = EDGE_CURVE('',#9011,#9011,#9013,.T.);
#9011 = VERTEX_POINT('',#9012);
#9012 = CARTESIAN_POINT('',(36.1,50.,12.8));
#9013 = CIRCLE('',#9014,1.1);
#9014 = AXIS2_PLACEMENT_3D('',#9015,#9016,#9017);
#9015 = CARTESIAN_POINT('',(35.,50.,12.8));
#9016 = DIRECTION('',(0.,0.,1.));
#9017 = DIRECTION('',(1.,0.,0.));
#9018 = PLANE('',#9019);
#9019 = AXIS2_PLACEMENT_3D('',#9020,#9021,#9022);
#9020 = CARTESIAN_POINT('',(21.,30.,12.8));
#9021 = DIRECTION('',(0.,0.,1.));
#9022 = DIRECTION('',(1.,0.,0.));
#9023 = ADVANCED_FACE('',(#9024),#9042,.F.);
#9024 = FACE_BOUND('',#9025,.F.);
#9025 = EDGE_LOOP('',(#9026,#9034,#9035,#9036));
#9026 = ORIENTED_EDGE('',*,*,#9027,.F.);
#9027 = EDGE_CURVE('',#8895,#9028,#9030,.T.);
#9028 = VERTEX_POINT('',#9029);
#9029 = CARTESIAN_POINT('',(35.,6.,11.8));
#9030 = LINE('',#9031,#9032);
#9031 = CARTESIAN_POINT('',(7.,6.,11.8));
#9032 = VECTOR('',#9033,1.);
#9033 = DIRECTION('',(1.,0.,0.));
#9034 = ORIENTED_EDGE('',*,*,#8903,.T.);
#9035 = ORIENTED_EDGE('',*,*,#8918,.T.);
#9036 = ORIENTED_EDGE('',*,*,#9037,.F.);
#9037 = EDGE_CURVE('',#9028,#8919,#9038,.T.);
#9038 = LINE('',#9039,#9040);
#9039 = CARTESIAN_POINT('',(35.,6.,11.8));
#9040 = VECTOR('',#9041,1.);
#9041 = DIRECTION('',(0.,0.,1.));
#9042 = PLANE('',#9043);
#9043 = AXIS2_PLACEMENT_3D('',#9044,#9045,#9046);
#9044 = CARTESIAN_POINT('',(7.,6.,11.8));
#9045 = DIRECTION('',(0.,1.,0.));
#9046 = DIRECTION('',(0.,0.,1.));
#9047 = ADVANCED_FACE('',(#9048,#9101,#9112,#9123,#9134),#9145,.T.);
#9048 = FACE_BOUND('',#9049,.T.);
#9049 = EDGE_LOOP('',(#9050,#9051,#9059,#9068,#9076,#9085,#9093,#9100));
#9050 = ORIENTED_EDGE('',*,*,#8894,.F.);
#9051 = ORIENTED_EDGE('',*,*,#9052,.T.);
#9052 = EDGE_CURVE('',#8887,#9053,#9055,.T.);
#9053 = VERTEX_POINT('',#9054);
#9054 = CARTESIAN_POINT('',(4.,51.,11.8));
#9055 = LINE('',#9056,#9057);
#9056 = CARTESIAN_POINT('',(4.,9.,11.8));
#9057 = VECTOR('',#9058,1.);
#9058 = DIRECTION('',(0.,1.,0.));
#9059 = ORIENTED_EDGE('',*,*,#9060,.F.);
#9060 = EDGE_CURVE('',#9061,#9053,#9063,.T.);
#9061 = VERTEX_POINT('',#9062);
#9062 = CARTESIAN_POINT('',(7.,54.,11.8));
#9063 = CIRCLE('',#9064,3.);
#9064 = AXIS2_PLACEMENT_3D('',#9065,#9066,#9067);
#9065 = CARTESIAN_POINT('',(7.,51.,11.8));
#9066 = DIRECTION('',(0.,0.,1.));
#9067 = DIRECTION('',(1.,0.,0.));
#9068 = ORIENTED_EDGE('',*,*,#9069,.T.);
#9069 = EDGE_CURVE('',#9061,#9070,#9072,.T.);
#9070 = VERTEX_POINT('',#9071);
#9071 = CARTESIAN_POINT('',(35.,54.,11.8));
#9072 = LINE('',#9073,#9074);
#9073 = CARTESIAN_POINT('',(7.,54.,11.8));
#9074 = VECTOR('',#9075,1.);
#9075 = DIRECTION('',(1.,0.,0.));
#9076 = ORIENTED_EDGE('',*,*,#9077,.F.);
#9077 = EDGE_CURVE('',#9078,#9070,#9080,.T.);
#9078 = VERTEX_POINT('',#9079);
#9079 = CARTESIAN_POINT('',(38.,51.,11.8));
#9080 = CIRCLE('',#9081,3.);
#9081 = AXIS2_PLACEMENT_3D('',#9082,#9083,#9084);
#9082 = CARTESIAN_POINT('',(35.,51.,11.8));
#9083 = DIRECTION('',(0.,0.,1.));
#9084 = DIRECTION('',(1.,0.,0.));
#9085 = ORIENTED_EDGE('',*,*,#9086,.F.);
#9086 = EDGE_CURVE('',#9087,#9078,#9089,.T.);
#9087 = VERTEX_POINT('',#9088);
#9088 = CARTESIAN_POINT('',(38.,9.,11.8));
#9089 = LINE('',#9090,#9091);
#9090 = CARTESIAN_POINT('',(38.,9.,11.8));
#9091 = VECTOR('',#9092,1.);
#9092 = DIRECTION('',(0.,1.,0.));
#9093 = ORIENTED_EDGE('',*,*,#9094,.F.);
#9094 = EDGE_CURVE('',#9028,#9087,#9095,.T.);
#9095 = CIRCLE('',#9096,3.);
#9096 = AXIS2_PLACEMENT_3D('',#9097,#9098,#9099);
#9097 = CARTESIAN_POINT('',(35.,9.,11.8));
#9098 = DIRECTION('',(0.,0.,1.));
#9099 = DIRECTION('',(1.,0.,0.));
#9100 = ORIENTED_EDGE('',*,*,#9027,.F.);
#9101 = FACE_BOUND('',#9102,.T.);
#9102 = EDGE_LOOP('',(#9103));
#9103 = ORIENTED_EDGE('',*,*,#9104,.T.);
#9104 = EDGE_CURVE('',#9105,#9105,#9107,.T.);
#9105 = VERTEX_POINT('',#9106);
#9106 = CARTESIAN_POINT('',(36.1,10.,11.8));
#9107 = CIRCLE('',#9108,1.1);
#9108 = AXIS2_PLACEMENT_3D('',#9109,#9110,#9111);
#9109 = CARTESIAN_POINT('',(35.,10.,11.8));
#9110 = DIRECTION('',(0.,0.,1.));
#9111 = DIRECTION('',(1.,0.,0.));
#9112 = FACE_BOUND('',#9113,.T.);
#9113 = EDGE_LOOP('',(#9114));
#9114 = ORIENTED_EDGE('',*,*,#9115,.T.);
#9115 = EDGE_CURVE('',#9116,#9116,#9118,.T.);
#9116 = VERTEX_POINT('',#9117);
#9117 = CARTESIAN_POINT('',(8.1,10.,11.8));
#9118 = CIRCLE('',#9119,1.1);
#9119 = AXIS2_PLACEMENT_3D('',#9120,#9121,#9122);
#9120 = CARTESIAN_POINT('',(7.,10.,11.8));
#9121 = DIRECTION('',(0.,0.,1.));
#9122 = DIRECTION('',(1.,0.,0.));
#9123 = FACE_BOUND('',#9124,.T.);
#9124 = EDGE_LOOP('',(#9125));
#9125 = ORIENTED_EDGE('',*,*,#9126,.T.);
#9126 = EDGE_CURVE('',#9127,#9127,#9129,.T.);
#9127 = VERTEX_POINT('',#9128);
#9128 = CARTESIAN_POINT('',(36.1,50.,11.8));
#9129 = CIRCLE('',#9130,1.1);
#9130 = AXIS2_PLACEMENT_3D('',#9131,#9132,#9133);
#9131 = CARTESIAN_POINT('',(35.,50.,11.8));
#9132 = DIRECTION('',(0.,0.,1.));
#9133 = DIRECTION('',(1.,0.,0.));
#9134 = FACE_BOUND('',#9135,.T.);
#9135 = EDGE_LOOP('',(#9136));
#9136 = ORIENTED_EDGE('',*,*,#9137,.T.);
#9137 = EDGE_CURVE('',#9138,#9138,#9140,.T.);
#9138 = VERTEX_POINT('',#9139);
#9139 = CARTESIAN_POINT('',(8.1,50.,11.8));
#9140 = CIRCLE('',#9141,1.1);
#9141 = AXIS2_PLACEMENT_3D('',#9142,#9143,#9144);
#9142 = CARTESIAN_POINT('',(7.,50.,11.8));
#9143 = DIRECTION('',(0.,0.,1.));
#9144 = DIRECTION('',(1.,0.,0.));
#9145 = PLANE('',#9146);
#9146 = AXIS2_PLACEMENT_3D('',#9147,#9148,#9149);
#9147 = CARTESIAN_POINT('',(21.,30.,11.8));
#9148 = DIRECTION('',(-0.,-0.,-1.));
#9149 = DIRECTION('',(-1.,0.,0.));
#9150 = ADVANCED_FACE('',(#9151),#9162,.F.);
#9151 = FACE_BOUND('',#9152,.F.);
#9152 = EDGE_LOOP('',(#9153,#9154,#9155,#9161));
#9153 = ORIENTED_EDGE('',*,*,#8886,.F.);
#9154 = ORIENTED_EDGE('',*,*,#9052,.T.);
#9155 = ORIENTED_EDGE('',*,*,#9156,.T.);
#9156 = EDGE_CURVE('',#9053,#8961,#9157,.T.);
#9157 = LINE('',#9158,#9159);
#9158 = CARTESIAN_POINT('',(4.,51.,11.8));
#9159 = VECTOR('',#9160,1.);
#9160 = DIRECTION('',(0.,0.,1.));
#9161 = ORIENTED_EDGE('',*,*,#8969,.F.);
#9162 = PLANE('',#9163);
#9163 = AXIS2_PLACEMENT_3D('',#9164,#9165,#9166);
#9164 = CARTESIAN_POINT('',(4.,9.,11.8));
#9165 = DIRECTION('',(1.,0.,0.));
#9166 = DIRECTION('',(0.,0.,1.));
#9167 = ADVANCED_FACE('',(#9168),#9179,.T.);
#9168 = FACE_BOUND('',#9169,.T.);
#9169 = EDGE_LOOP('',(#9170,#9171,#9177,#9178));
#9170 = ORIENTED_EDGE('',*,*,#8960,.F.);
#9171 = ORIENTED_EDGE('',*,*,#9172,.F.);
#9172 = EDGE_CURVE('',#9061,#8953,#9173,.T.);
#9173 = LINE('',#9174,#9175);
#9174 = CARTESIAN_POINT('',(7.,54.,11.8));
#9175 = VECTOR('',#9176,1.);
#9176 = DIRECTION('',(0.,0.,1.));
#9177 = ORIENTED_EDGE('',*,*,#9060,.T.);
#9178 = ORIENTED_EDGE('',*,*,#9156,.T.);
#9179 = CYLINDRICAL_SURFACE('',#9180,3.);
#9180 = AXIS2_PLACEMENT_3D('',#9181,#9182,#9183);
#9181 = CARTESIAN_POINT('',(7.,51.,11.8));
#9182 = DIRECTION('',(0.,0.,1.));
#9183 = DIRECTION('',(1.,0.,0.));
#9184 = ADVANCED_FACE('',(#9185),#9196,.T.);
#9185 = FACE_BOUND('',#9186,.T.);
#9186 = EDGE_LOOP('',(#9187,#9188,#9189,#9190));
#9187 = ORIENTED_EDGE('',*,*,#8926,.F.);
#9188 = ORIENTED_EDGE('',*,*,#9037,.F.);
#9189 = ORIENTED_EDGE('',*,*,#9094,.T.);
#9190 = ORIENTED_EDGE('',*,*,#9191,.T.);
#9191 = EDGE_CURVE('',#9087,#8927,#9192,.T.);
#9192 = LINE('',#9193,#9194);
#9193 = CARTESIAN_POINT('',(38.,9.,11.8));
#9194 = VECTOR('',#9195,1.);
#9195 = DIRECTION('',(0.,0.,1.));
#9196 = CYLINDRICAL_SURFACE('',#9197,3.);
#9197 = AXIS2_PLACEMENT_3D('',#9198,#9199,#9200);
#9198 = CARTESIAN_POINT('',(35.,9.,11.8));
#9199 = DIRECTION('',(0.,0.,1.));
#9200 = DIRECTION('',(1.,0.,0.));
#9201 = ADVANCED_FACE('',(#9202),#9213,.T.);
#9202 = FACE_BOUND('',#9203,.T.);
#9203 = EDGE_LOOP('',(#9204,#9205,#9206,#9207));
#9204 = ORIENTED_EDGE('',*,*,#9069,.F.);
#9205 = ORIENTED_EDGE('',*,*,#9172,.T.);
#9206 = ORIENTED_EDGE('',*,*,#8952,.T.);
#9207 = ORIENTED_EDGE('',*,*,#9208,.F.);
#9208 = EDGE_CURVE('',#9070,#8944,#9209,.T.);
#9209 = LINE('',#9210,#9211);
#9210 = CARTESIAN_POINT('',(35.,54.,11.8));
#9211 = VECTOR('',#9212,1.);
#9212 = DIRECTION('',(0.,0.,1.));
#9213 = PLANE('',#9214);
#9214 = AXIS2_PLACEMENT_3D('',#9215,#9216,#9217);
#9215 = CARTESIAN_POINT('',(7.,54.,11.8));
#9216 = DIRECTION('',(0.,1.,0.));
#9217 = DIRECTION('',(0.,0.,1.));
#9218 = ADVANCED_FACE('',(#9219),#9230,.T.);
#9219 = FACE_BOUND('',#9220,.T.);
#9220 = EDGE_LOOP('',(#9221,#9222,#9223,#9229));
#9221 = ORIENTED_EDGE('',*,*,#9191,.F.);
#9222 = ORIENTED_EDGE('',*,*,#9086,.T.);
#9223 = ORIENTED_EDGE('',*,*,#9224,.T.);
#9224 = EDGE_CURVE('',#9078,#8936,#9225,.T.);
#9225 = LINE('',#9226,#9227);
#9226 = CARTESIAN_POINT('',(38.,51.,11.8));
#9227 = VECTOR('',#9228,1.);
#9228 = DIRECTION('',(0.,0.,1.));
#9229 = ORIENTED_EDGE('',*,*,#8935,.F.);
#9230 = PLANE('',#9231);
#9231 = AXIS2_PLACEMENT_3D('',#9232,#9233,#9234);
#9232 = CARTESIAN_POINT('',(38.,9.,11.8));
#9233 = DIRECTION('',(1.,0.,0.));
#9234 = DIRECTION('',(0.,0.,1.));
#9235 = ADVANCED_FACE('',(#9236),#9242,.T.);
#9236 = FACE_BOUND('',#9237,.T.);
#9237 = EDGE_LOOP('',(#9238,#9239,#9240,#9241));
#9238 = ORIENTED_EDGE('',*,*,#8943,.F.);
#9239 = ORIENTED_EDGE('',*,*,#9224,.F.);
#9240 = ORIENTED_EDGE('',*,*,#9077,.T.);
#9241 = ORIENTED_EDGE('',*,*,#9208,.T.);
#9242 = CYLINDRICAL_SURFACE('',#9243,3.);
#9243 = AXIS2_PLACEMENT_3D('',#9244,#9245,#9246);
#9244 = CARTESIAN_POINT('',(35.,51.,11.8));
#9245 = DIRECTION('',(0.,0.,1.));
#9246 = DIRECTION('',(1.,0.,0.));
#9247 = ADVANCED_FACE('',(#9248),#9259,.F.);
#9248 = FACE_BOUND('',#9249,.F.);
#9249 = EDGE_LOOP('',(#9250,#9251,#9257,#9258));
#9250 = ORIENTED_EDGE('',*,*,#8977,.F.);
#9251 = ORIENTED_EDGE('',*,*,#9252,.F.);
#9252 = EDGE_CURVE('',#9116,#8978,#9253,.T.);
#9253 = LINE('',#9254,#9255);
#9254 = CARTESIAN_POINT('',(8.1,10.,11.));
#9255 = VECTOR('',#9256,1.);
#9256 = DIRECTION('',(0.,0.,1.));
#9257 = ORIENTED_EDGE('',*,*,#9115,.T.);
#9258 = ORIENTED_EDGE('',*,*,#9252,.T.);
#9259 = CYLINDRICAL_SURFACE('',#9260,1.1);
#9260 = AXIS2_PLACEMENT_3D('',#9261,#9262,#9263);
#9261 = CARTESIAN_POINT('',(7.,10.,11.));
#9262 = DIRECTION('',(0.,0.,1.));
#9263 = DIRECTION('',(1.,0.,0.));
#9264 = ADVANCED_FACE('',(#9265),#9276,.F.);
#9265 = FACE_BOUND('',#9266,.F.);
#9266 = EDGE_LOOP('',(#9267,#9268,#9274,#9275));
#9267 = ORIENTED_EDGE('',*,*,#8988,.F.);
#9268 = ORIENTED_EDGE('',*,*,#9269,.F.);
#9269 = EDGE_CURVE('',#9105,#8989,#9270,.T.);
#9270 = LINE('',#9271,#9272);
#9271 = CARTESIAN_POINT('',(36.1,10.,11.));
#9272 = VECTOR('',#9273,1.);
#9273 = DIRECTION('',(0.,0.,1.));
#9274 = ORIENTED_EDGE('',*,*,#9104,.T.);
#9275 = ORIENTED_EDGE('',*,*,#9269,.T.);
#9276 = CYLINDRICAL_SURFACE('',#9277,1.1);
#9277 = AXIS2_PLACEMENT_3D('',#9278,#9279,#9280);
#9278 = CARTESIAN_POINT('',(35.,10.,11.));
#9279 = DIRECTION('',(0.,0.,1.));
#9280 = DIRECTION('',(1.,0.,0.));
#9281 = ADVANCED_FACE('',(#9282),#9293,.F.);
#9282 = FACE_BOUND('',#9283,.F.);
#9283 = EDGE_LOOP('',(#9284,#9285,#9291,#9292));
#9284 = ORIENTED_EDGE('',*,*,#8999,.F.);
#9285 = ORIENTED_EDGE('',*,*,#9286,.F.);
#9286 = EDGE_CURVE('',#9138,#9000,#9287,.T.);
#9287 = LINE('',#9288,#9289);
#9288 = CARTESIAN_POINT('',(8.1,50.,11.));
#9289 = VECTOR('',#9290,1.);
#9290 = DIRECTION('',(0.,0.,1.));
#9291 = ORIENTED_EDGE('',*,*,#9137,.T.);
#9292 = ORIENTED_EDGE('',*,*,#9286,.T.);
#9293 = CYLINDRICAL_SURFACE('',#9294,1.1);
#9294 = AXIS2_PLACEMENT_3D('',#9295,#9296,#9297);
#9295 = CARTESIAN_POINT('',(7.,50.,11.));
#9296 = DIRECTION('',(0.,0.,1.));
#9297 = DIRECTION('',(1.,0.,0.));
#9298 = ADVANCED_FACE('',(#9299),#9310,.F.);
#9299 = FACE_BOUND('',#9300,.F.);
#9300 = EDGE_LOOP('',(#9301,#9302,#9308,#9309));
#9301 = ORIENTED_EDGE('',*,*,#9010,.F.);
#9302 = ORIENTED_EDGE('',*,*,#9303,.F.);
#9303 = EDGE_CURVE('',#9127,#9011,#9304,.T.);
#9304 = LINE('',#9305,#9306);
#9305 = CARTESIAN_POINT('',(36.1,50.,11.));
#9306 = VECTOR('',#9307,1.);
#9307 = DIRECTION('',(0.,0.,1.));
#9308 = ORIENTED_EDGE('',*,*,#9126,.T.);
#9309 = ORIENTED_EDGE('',*,*,#9303,.T.);
#9310 = CYLINDRICAL_SURFACE('',#9311,1.1);
#9311 = AXIS2_PLACEMENT_3D('',#9312,#9313,#9314);
#9312 = CARTESIAN_POINT('',(35.,50.,11.));
#9313 = DIRECTION('',(0.,0.,1.));
#9314 = DIRECTION('',(1.,0.,0.));
#9315 = MANIFOLD_SOLID_BREP('',#9316);
#9316 = CLOSED_SHELL('',(#9317,#9357,#9397,#9419,#9441,#9453));
#9317 = ADVANCED_FACE('',(#9318),#9352,.F.);
#9318 = FACE_BOUND('',#9319,.F.);
#9319 = EDGE_LOOP('',(#9320,#9330,#9338,#9346));
#9320 = ORIENTED_EDGE('',*,*,#9321,.F.);
#9321 = EDGE_CURVE('',#9322,#9324,#9326,.T.);
#9322 = VERTEX_POINT('',#9323);
#9323 = CARTESIAN_POINT('',(12.,38.,12.8));
#9324 = VERTEX_POINT('',#9325);
#9325 = CARTESIAN_POINT('',(12.,38.,15.2));
#9326 = LINE('',#9327,#9328);
#9327 = CARTESIAN_POINT('',(12.,38.,12.8));
#9328 = VECTOR('',#9329,1.);
#9329 = DIRECTION('',(0.,0.,1.));
#9330 = ORIENTED_EDGE('',*,*,#9331,.T.);
#9331 = EDGE_CURVE('',#9322,#9332,#9334,.T.);
#9332 = VERTEX_POINT('',#9333);
#9333 = CARTESIAN_POINT('',(12.,54.6,12.8));
#9334 = LINE('',#9335,#9336);
#9335 = CARTESIAN_POINT('',(12.,38.,12.8));
#9336 = VECTOR('',#9337,1.);
#9337 = DIRECTION('',(0.,1.,0.));
#9338 = ORIENTED_EDGE('',*,*,#9339,.T.);
#9339 = EDGE_CURVE('',#9332,#9340,#9342,.T.);
#9340 = VERTEX_POINT('',#9341);
#9341 = CARTESIAN_POINT('',(12.,54.6,15.2));
#9342 = LINE('',#9343,#9344);
#9343 = CARTESIAN_POINT('',(12.,54.6,12.8));
#9344 = VECTOR('',#9345,1.);
#9345 = DIRECTION('',(0.,0.,1.));
#9346 = ORIENTED_EDGE('',*,*,#9347,.F.);
#9347 = EDGE_CURVE('',#9324,#9340,#9348,.T.);
#9348 = LINE('',#9349,#9350);
#9349 = CARTESIAN_POINT('',(12.,38.,15.2));
#9350 = VECTOR('',#9351,1.);
#9351 = DIRECTION('',(0.,1.,0.));
#9352 = PLANE('',#9353);
#9353 = AXIS2_PLACEMENT_3D('',#9354,#9355,#9356);
#9354 = CARTESIAN_POINT('',(12.,38.,12.8));
#9355 = DIRECTION('',(1.,0.,0.));
#9356 = DIRECTION('',(0.,0.,1.));
#9357 = ADVANCED_FACE('',(#9358),#9392,.T.);
#9358 = FACE_BOUND('',#9359,.T.);
#9359 = EDGE_LOOP('',(#9360,#9370,#9378,#9386));
#9360 = ORIENTED_EDGE('',*,*,#9361,.F.);
#9361 = EDGE_CURVE('',#9362,#9364,#9366,.T.);
#9362 = VERTEX_POINT('',#9363);
#9363 = CARTESIAN_POINT('',(25.2,38.,12.8));
#9364 = VERTEX_POINT('',#9365);
#9365 = CARTESIAN_POINT('',(25.2,38.,15.2));
#9366 = LINE('',#9367,#9368);
#9367 = CARTESIAN_POINT('',(25.2,38.,12.8));
#9368 = VECTOR('',#9369,1.);
#9369 = DIRECTION('',(0.,0.,1.));
#9370 = ORIENTED_EDGE('',*,*,#9371,.T.);
#9371 = EDGE_CURVE('',#9362,#9372,#9374,.T.);
#9372 = VERTEX_POINT('',#9373);
#9373 = CARTESIAN_POINT('',(25.2,54.6,12.8));
#9374 = LINE('',#9375,#9376);
#9375 = CARTESIAN_POINT('',(25.2,38.,12.8));
#9376 = VECTOR('',#9377,1.);
#9377 = DIRECTION('',(0.,1.,0.));
#9378 = ORIENTED_EDGE('',*,*,#9379,.T.);
#9379 = EDGE_CURVE('',#9372,#9380,#9382,.T.);
#9380 = VERTEX_POINT('',#9381);
#9381 = CARTESIAN_POINT('',(25.2,54.6,15.2));
#9382 = LINE('',#9383,#9384);
#9383 = CARTESIAN_POINT('',(25.2,54.6,12.8));
#9384 = VECTOR('',#9385,1.);
#9385 = DIRECTION('',(0.,0.,1.));
#9386 = ORIENTED_EDGE('',*,*,#9387,.F.);
#9387 = EDGE_CURVE('',#9364,#9380,#9388,.T.);
#9388 = LINE('',#9389,#9390);
#9389 = CARTESIAN_POINT('',(25.2,38.,15.2));
#9390 = VECTOR('',#9391,1.);
#9391 = DIRECTION('',(0.,1.,0.));
#9392 = PLANE('',#9393);
#9393 = AXIS2_PLACEMENT_3D('',#9394,#9395,#9396);
#9394 = CARTESIAN_POINT('',(25.2,38.,12.8));
#9395 = DIRECTION('',(1.,0.,0.));
#9396 = DIRECTION('',(0.,0.,1.));
#9397 = ADVANCED_FACE('',(#9398),#9414,.F.);
#9398 = FACE_BOUND('',#9399,.F.);
#9399 = EDGE_LOOP('',(#9400,#9406,#9407,#9413));
#9400 = ORIENTED_EDGE('',*,*,#9401,.F.);
#9401 = EDGE_CURVE('',#9322,#9362,#9402,.T.);
#9402 = LINE('',#9403,#9404);
#9403 = CARTESIAN_POINT('',(12.,38.,12.8));
#9404 = VECTOR('',#9405,1.);
#9405 = DIRECTION('',(1.,0.,0.));
#9406 = ORIENTED_EDGE('',*,*,#9321,.T.);
#9407 = ORIENTED_EDGE('',*,*,#9408,.T.);
#9408 = EDGE_CURVE('',#9324,#9364,#9409,.T.);
#9409 = LINE('',#9410,#9411);
#9410 = CARTESIAN_POINT('',(12.,38.,15.2));
#9411 = VECTOR('',#9412,1.);
#9412 = DIRECTION('',(1.,0.,0.));
#9413 = ORIENTED_EDGE('',*,*,#9361,.F.);
#9414 = PLANE('',#9415);
#9415 = AXIS2_PLACEMENT_3D('',#9416,#9417,#9418);
#9416 = CARTESIAN_POINT('',(12.,38.,12.8));
#9417 = DIRECTION('',(0.,1.,0.));
#9418 = DIRECTION('',(0.,0.,1.));
#9419 = ADVANCED_FACE('',(#9420),#9436,.T.);
#9420 = FACE_BOUND('',#9421,.T.);
#9421 = EDGE_LOOP('',(#9422,#9428,#9429,#9435));
#9422 = ORIENTED_EDGE('',*,*,#9423,.F.);
#9423 = EDGE_CURVE('',#9332,#9372,#9424,.T.);
#9424 = LINE('',#9425,#9426);
#9425 = CARTESIAN_POINT('',(12.,54.6,12.8));
#9426 = VECTOR('',#9427,1.);
#9427 = DIRECTION('',(1.,0.,0.));
#9428 = ORIENTED_EDGE('',*,*,#9339,.T.);
#9429 = ORIENTED_EDGE('',*,*,#9430,.T.);
#9430 = EDGE_CURVE('',#9340,#9380,#9431,.T.);
#9431 = LINE('',#9432,#9433);
#9432 = CARTESIAN_POINT('',(12.,54.6,15.2));
#9433 = VECTOR('',#9434,1.);
#9434 = DIRECTION('',(1.,0.,0.));
#9435 = ORIENTED_EDGE('',*,*,#9379,.F.);
#9436 = PLANE('',#9437);
#9437 = AXIS2_PLACEMENT_3D('',#9438,#9439,#9440);
#9438 = CARTESIAN_POINT('',(12.,54.6,12.8));
#9439 = DIRECTION('',(0.,1.,0.));
#9440 = DIRECTION('',(0.,0.,1.));
#9441 = ADVANCED_FACE('',(#9442),#9448,.F.);
#9442 = FACE_BOUND('',#9443,.F.);
#9443 = EDGE_LOOP('',(#9444,#9445,#9446,#9447));
#9444 = ORIENTED_EDGE('',*,*,#9331,.F.);
#9445 = ORIENTED_EDGE('',*,*,#9401,.T.);
#9446 = ORIENTED_EDGE('',*,*,#9371,.T.);
#9447 = ORIENTED_EDGE('',*,*,#9423,.F.);
#9448 = PLANE('',#9449);
#9449 = AXIS2_PLACEMENT_3D('',#9450,#9451,#9452);
#9450 = CARTESIAN_POINT('',(12.,38.,12.8));
#9451 = DIRECTION('',(0.,0.,1.));
#9452 = DIRECTION('',(1.,0.,0.));
#9453 = ADVANCED_FACE('',(#9454),#9460,.T.);
#9454 = FACE_BOUND('',#9455,.T.);
#9455 = EDGE_LOOP('',(#9456,#9457,#9458,#9459));
#9456 = ORIENTED_EDGE('',*,*,#9347,.F.);
#9457 = ORIENTED_EDGE('',*,*,#9408,.T.);
#9458 = ORIENTED_EDGE('',*,*,#9387,.T.);
#9459 = ORIENTED_EDGE('',*,*,#9430,.F.);
#9460 = PLANE('',#9461);
#9461 = AXIS2_PLACEMENT_3D('',#9462,#9463,#9464);
#9462 = CARTESIAN_POINT('',(12.,38.,15.2));
#9463 = DIRECTION('',(0.,0.,1.));
#9464 = DIRECTION('',(1.,0.,0.));
#9465 = MANIFOLD_SOLID_BREP('',#9466);
#9466 = CLOSED_SHELL('',(#9467,#9507,#9547,#9569,#9591,#9603));
#9467 = ADVANCED_FACE('',(#9468),#9502,.F.);
#9468 = FACE_BOUND('',#9469,.F.);
#9469 = EDGE_LOOP('',(#9470,#9480,#9488,#9496));
#9470 = ORIENTED_EDGE('',*,*,#9471,.F.);
#9471 = EDGE_CURVE('',#9472,#9474,#9476,.T.);
#9472 = VERTEX_POINT('',#9473);
#9473 = CARTESIAN_POINT('',(25.,21.,12.8));
#9474 = VERTEX_POINT('',#9475);
#9475 = CARTESIAN_POINT('',(25.,21.,14.55));
#9476 = LINE('',#9477,#9478);
#9477 = CARTESIAN_POINT('',(25.,21.,12.8));
#9478 = VECTOR('',#9479,1.);
#9479 = DIRECTION('',(0.,0.,1.));
#9480 = ORIENTED_EDGE('',*,*,#9481,.T.);
#9481 = EDGE_CURVE('',#9472,#9482,#9484,.T.);
#9482 = VERTEX_POINT('',#9483);
#9483 = CARTESIAN_POINT('',(25.,31.,12.8));
#9484 = LINE('',#9485,#9486);
#9485 = CARTESIAN_POINT('',(25.,21.,12.8));
#9486 = VECTOR('',#9487,1.);
#9487 = DIRECTION('',(0.,1.,0.));
#9488 = ORIENTED_EDGE('',*,*,#9489,.T.);
#9489 = EDGE_CURVE('',#9482,#9490,#9492,.T.);
#9490 = VERTEX_POINT('',#9491);
#9491 = CARTESIAN_POINT('',(25.,31.,14.55));
#9492 = LINE('',#9493,#9494);
#9493 = CARTESIAN_POINT('',(25.,31.,12.8));
#9494 = VECTOR('',#9495,1.);
#9495 = DIRECTION('',(0.,0.,1.));
#9496 = ORIENTED_EDGE('',*,*,#9497,.F.);
#9497 = EDGE_CURVE('',#9474,#9490,#9498,.T.);
#9498 = LINE('',#9499,#9500);
#9499 = CARTESIAN_POINT('',(25.,21.,14.55));
#9500 = VECTOR('',#9501,1.);
#9501 = DIRECTION('',(0.,1.,0.));
#9502 = PLANE('',#9503);
#9503 = AXIS2_PLACEMENT_3D('',#9504,#9505,#9506);
#9504 = CARTESIAN_POINT('',(25.,21.,12.8));
#9505 = DIRECTION('',(1.,0.,0.));
#9506 = DIRECTION('',(0.,0.,1.));
#9507 = ADVANCED_FACE('',(#9508),#9542,.T.);
#9508 = FACE_BOUND('',#9509,.T.);
#9509 = EDGE_LOOP('',(#9510,#9520,#9528,#9536));
#9510 = ORIENTED_EDGE('',*,*,#9511,.F.);
#9511 = EDGE_CURVE('',#9512,#9514,#9516,.T.);
#9512 = VERTEX_POINT('',#9513);
#9513 = CARTESIAN_POINT('',(31.5,21.,12.8));
#9514 = VERTEX_POINT('',#9515);
#9515 = CARTESIAN_POINT('',(31.5,21.,14.55));
#9516 = LINE('',#9517,#9518);
#9517 = CARTESIAN_POINT('',(31.5,21.,12.8));
#9518 = VECTOR('',#9519,1.);
#9519 = DIRECTION('',(0.,0.,1.));
#9520 = ORIENTED_EDGE('',*,*,#9521,.T.);
#9521 = EDGE_CURVE('',#9512,#9522,#9524,.T.);
#9522 = VERTEX_POINT('',#9523);
#9523 = CARTESIAN_POINT('',(31.5,31.,12.8));
#9524 = LINE('',#9525,#9526);
#9525 = CARTESIAN_POINT('',(31.5,21.,12.8));
#9526 = VECTOR('',#9527,1.);
#9527 = DIRECTION('',(0.,1.,0.));
#9528 = ORIENTED_EDGE('',*,*,#9529,.T.);
#9529 = EDGE_CURVE('',#9522,#9530,#9532,.T.);
#9530 = VERTEX_POINT('',#9531);
#9531 = CARTESIAN_POINT('',(31.5,31.,14.55));
#9532 = LINE('',#9533,#9534);
#9533 = CARTESIAN_POINT('',(31.5,31.,12.8));
#9534 = VECTOR('',#9535,1.);
#9535 = DIRECTION('',(0.,0.,1.));
#9536 = ORIENTED_EDGE('',*,*,#9537,.F.);
#9537 = EDGE_CURVE('',#9514,#9530,#9538,.T.);
#9538 = LINE('',#9539,#9540);
#9539 = CARTESIAN_POINT('',(31.5,21.,14.55));
#9540 = VECTOR('',#9541,1.);
#9541 = DIRECTION('',(0.,1.,0.));
#9542 = PLANE('',#9543);
#9543 = AXIS2_PLACEMENT_3D('',#9544,#9545,#9546);
#9544 = CARTESIAN_POINT('',(31.5,21.,12.8));
#9545 = DIRECTION('',(1.,0.,0.));
#9546 = DIRECTION('',(0.,0.,1.));
#9547 = ADVANCED_FACE('',(#9548),#9564,.F.);
#9548 = FACE_BOUND('',#9549,.F.);
#9549 = EDGE_LOOP('',(#9550,#9556,#9557,#9563));
#9550 = ORIENTED_EDGE('',*,*,#9551,.F.);
#9551 = EDGE_CURVE('',#9472,#9512,#9552,.T.);
#9552 = LINE('',#9553,#9554);
#9553 = CARTESIAN_POINT('',(25.,21.,12.8));
#9554 = VECTOR('',#9555,1.);
#9555 = DIRECTION('',(1.,0.,0.));
#9556 = ORIENTED_EDGE('',*,*,#9471,.T.);
#9557 = ORIENTED_EDGE('',*,*,#9558,.T.);
#9558 = EDGE_CURVE('',#9474,#9514,#9559,.T.);
#9559 = LINE('',#9560,#9561);
#9560 = CARTESIAN_POINT('',(25.,21.,14.55));
#9561 = VECTOR('',#9562,1.);
#9562 = DIRECTION('',(1.,0.,0.));
#9563 = ORIENTED_EDGE('',*,*,#9511,.F.);
#9564 = PLANE('',#9565);
#9565 = AXIS2_PLACEMENT_3D('',#9566,#9567,#9568);
#9566 = CARTESIAN_POINT('',(25.,21.,12.8));
#9567 = DIRECTION('',(0.,1.,0.));
#9568 = DIRECTION('',(0.,0.,1.));
#9569 = ADVANCED_FACE('',(#9570),#9586,.T.);
#9570 = FACE_BOUND('',#9571,.T.);
#9571 = EDGE_LOOP('',(#9572,#9578,#9579,#9585));
#9572 = ORIENTED_EDGE('',*,*,#9573,.F.);
#9573 = EDGE_CURVE('',#9482,#9522,#9574,.T.);
#9574 = LINE('',#9575,#9576);
#9575 = CARTESIAN_POINT('',(25.,31.,12.8));
#9576 = VECTOR('',#9577,1.);
#9577 = DIRECTION('',(1.,0.,0.));
#9578 = ORIENTED_EDGE('',*,*,#9489,.T.);
#9579 = ORIENTED_EDGE('',*,*,#9580,.T.);
#9580 = EDGE_CURVE('',#9490,#9530,#9581,.T.);
#9581 = LINE('',#9582,#9583);
#9582 = CARTESIAN_POINT('',(25.,31.,14.55));
#9583 = VECTOR('',#9584,1.);
#9584 = DIRECTION('',(1.,0.,0.));
#9585 = ORIENTED_EDGE('',*,*,#9529,.F.);
#9586 = PLANE('',#9587);
#9587 = AXIS2_PLACEMENT_3D('',#9588,#9589,#9590);
#9588 = CARTESIAN_POINT('',(25.,31.,12.8));
#9589 = DIRECTION('',(0.,1.,0.));
#9590 = DIRECTION('',(0.,0.,1.));
#9591 = ADVANCED_FACE('',(#9592),#9598,.F.);
#9592 = FACE_BOUND('',#9593,.F.);
#9593 = EDGE_LOOP('',(#9594,#9595,#9596,#9597));
#9594 = ORIENTED_EDGE('',*,*,#9481,.F.);
#9595 = ORIENTED_EDGE('',*,*,#9551,.T.);
#9596 = ORIENTED_EDGE('',*,*,#9521,.T.);
#9597 = ORIENTED_EDGE('',*,*,#9573,.F.);
#9598 = PLANE('',#9599);
#9599 = AXIS2_PLACEMENT_3D('',#9600,#9601,#9602);
#9600 = CARTESIAN_POINT('',(25.,21.,12.8));
#9601 = DIRECTION('',(0.,0.,1.));
#9602 = DIRECTION('',(1.,0.,0.));
#9603 = ADVANCED_FACE('',(#9604),#9610,.T.);
#9604 = FACE_BOUND('',#9605,.T.);
#9605 = EDGE_LOOP('',(#9606,#9607,#9608,#9609));
#9606 = ORIENTED_EDGE('',*,*,#9497,.F.);
#9607 = ORIENTED_EDGE('',*,*,#9558,.T.);
#9608 = ORIENTED_EDGE('',*,*,#9537,.T.);
#9609 = ORIENTED_EDGE('',*,*,#9580,.F.);
#9610 = PLANE('',#9611);
#9611 = AXIS2_PLACEMENT_3D('',#9612,#9613,#9614);
#9612 = CARTESIAN_POINT('',(25.,21.,14.55));
#9613 = DIRECTION('',(0.,0.,1.));
#9614 = DIRECTION('',(1.,0.,0.));
#9615 = MANIFOLD_SOLID_BREP('',#9616);
#9616 = CLOSED_SHELL('',(#9617,#9657,#9697,#9719,#9741,#9753));
#9617 = ADVANCED_FACE('',(#9618),#9652,.F.);
#9618 = FACE_BOUND('',#9619,.F.);
#9619 = EDGE_LOOP('',(#9620,#9630,#9638,#9646));
#9620 = ORIENTED_EDGE('',*,*,#9621,.F.);
#9621 = EDGE_CURVE('',#9622,#9624,#9626,.T.);
#9622 = VERTEX_POINT('',#9623);
#9623 = CARTESIAN_POINT('',(8.,29.,12.8));
#9624 = VERTEX_POINT('',#9625);
#9625 = CARTESIAN_POINT('',(8.,29.,13.7));
#9626 = LINE('',#9627,#9628);
#9627 = CARTESIAN_POINT('',(8.,29.,12.8));
#9628 = VECTOR('',#9629,1.);
#9629 = DIRECTION('',(0.,0.,1.));
#9630 = ORIENTED_EDGE('',*,*,#9631,.T.);
#9631 = EDGE_CURVE('',#9622,#9632,#9634,.T.);
#9632 = VERTEX_POINT('',#9633);
#9633 = CARTESIAN_POINT('',(8.,32.,12.8));
#9634 = LINE('',#9635,#9636);
#9635 = CARTESIAN_POINT('',(8.,29.,12.8));
#9636 = VECTOR('',#9637,1.);
#9637 = DIRECTION('',(0.,1.,0.));
#9638 = ORIENTED_EDGE('',*,*,#9639,.T.);
#9639 = EDGE_CURVE('',#9632,#9640,#9642,.T.);
#9640 = VERTEX_POINT('',#9641);
#9641 = CARTESIAN_POINT('',(8.,32.,13.7));
#9642 = LINE('',#9643,#9644);
#9643 = CARTESIAN_POINT('',(8.,32.,12.8));
#9644 = VECTOR('',#9645,1.);
#9645 = DIRECTION('',(0.,0.,1.));
#9646 = ORIENTED_EDGE('',*,*,#9647,.F.);
#9647 = EDGE_CURVE('',#9624,#9640,#9648,.T.);
#9648 = LINE('',#9649,#9650);
#9649 = CARTESIAN_POINT('',(8.,29.,13.7));
#9650 = VECTOR('',#9651,1.);
#9651 = DIRECTION('',(0.,1.,0.));
#9652 = PLANE('',#9653);
#9653 = AXIS2_PLACEMENT_3D('',#9654,#9655,#9656);
#9654 = CARTESIAN_POINT('',(8.,29.,12.8));
#9655 = DIRECTION('',(1.,0.,0.));
#9656 = DIRECTION('',(0.,0.,1.));
#9657 = ADVANCED_FACE('',(#9658),#9692,.T.);
#9658 = FACE_BOUND('',#9659,.T.);
#9659 = EDGE_LOOP('',(#9660,#9670,#9678,#9686));
#9660 = ORIENTED_EDGE('',*,*,#9661,.F.);
#9661 = EDGE_CURVE('',#9662,#9664,#9666,.T.);
#9662 = VERTEX_POINT('',#9663);
#9663 = CARTESIAN_POINT('',(10.5,29.,12.8));
#9664 = VERTEX_POINT('',#9665);
#9665 = CARTESIAN_POINT('',(10.5,29.,13.7));
#9666 = LINE('',#9667,#9668);
#9667 = CARTESIAN_POINT('',(10.5,29.,12.8));
#9668 = VECTOR('',#9669,1.);
#9669 = DIRECTION('',(0.,0.,1.));
#9670 = ORIENTED_EDGE('',*,*,#9671,.T.);
#9671 = EDGE_CURVE('',#9662,#9672,#9674,.T.);
#9672 = VERTEX_POINT('',#9673);
#9673 = CARTESIAN_POINT('',(10.5,32.,12.8));
#9674 = LINE('',#9675,#9676);
#9675 = CARTESIAN_POINT('',(10.5,29.,12.8));
#9676 = VECTOR('',#9677,1.);
#9677 = DIRECTION('',(0.,1.,0.));
#9678 = ORIENTED_EDGE('',*,*,#9679,.T.);
#9679 = EDGE_CURVE('',#9672,#9680,#9682,.T.);
#9680 = VERTEX_POINT('',#9681);
#9681 = CARTESIAN_POINT('',(10.5,32.,13.7));
#9682 = LINE('',#9683,#9684);
#9683 = CARTESIAN_POINT('',(10.5,32.,12.8));
#9684 = VECTOR('',#9685,1.);
#9685 = DIRECTION('',(0.,0.,1.));
#9686 = ORIENTED_EDGE('',*,*,#9687,.F.);
#9687 = EDGE_CURVE('',#9664,#9680,#9688,.T.);
#9688 = LINE('',#9689,#9690);
#9689 = CARTESIAN_POINT('',(10.5,29.,13.7));
#9690 = VECTOR('',#9691,1.);
#9691 = DIRECTION('',(0.,1.,0.));
#9692 = PLANE('',#9693);
#9693 = AXIS2_PLACEMENT_3D('',#9694,#9695,#9696);
#9694 = CARTESIAN_POINT('',(10.5,29.,12.8));
#9695 = DIRECTION('',(1.,0.,0.));
#9696 = DIRECTION('',(0.,0.,1.));
#9697 = ADVANCED_FACE('',(#9698),#9714,.F.);
#9698 = FACE_BOUND('',#9699,.F.);
#9699 = EDGE_LOOP('',(#9700,#9706,#9707,#9713));
#9700 = ORIENTED_EDGE('',*,*,#9701,.F.);
#9701 = EDGE_CURVE('',#9622,#9662,#9702,.T.);
#9702 = LINE('',#9703,#9704);
#9703 = CARTESIAN_POINT('',(8.,29.,12.8));
#9704 = VECTOR('',#9705,1.);
#9705 = DIRECTION('',(1.,0.,0.));
#9706 = ORIENTED_EDGE('',*,*,#9621,.T.);
#9707 = ORIENTED_EDGE('',*,*,#9708,.T.);
#9708 = EDGE_CURVE('',#9624,#9664,#9709,.T.);
#9709 = LINE('',#9710,#9711);
#9710 = CARTESIAN_POINT('',(8.,29.,13.7));
#9711 = VECTOR('',#9712,1.);
#9712 = DIRECTION('',(1.,0.,0.));
#9713 = ORIENTED_EDGE('',*,*,#9661,.F.);
#9714 = PLANE('',#9715);
#9715 = AXIS2_PLACEMENT_3D('',#9716,#9717,#9718);
#9716 = CARTESIAN_POINT('',(8.,29.,12.8));
#9717 = DIRECTION('',(0.,1.,0.));
#9718 = DIRECTION('',(0.,0.,1.));
#9719 = ADVANCED_FACE('',(#9720),#9736,.T.);
#9720 = FACE_BOUND('',#9721,.T.);
#9721 = EDGE_LOOP('',(#9722,#9728,#9729,#9735));
#9722 = ORIENTED_EDGE('',*,*,#9723,.F.);
#9723 = EDGE_CURVE('',#9632,#9672,#9724,.T.);
#9724 = LINE('',#9725,#9726);
#9725 = CARTESIAN_POINT('',(8.,32.,12.8));
#9726 = VECTOR('',#9727,1.);
#9727 = DIRECTION('',(1.,0.,0.));
#9728 = ORIENTED_EDGE('',*,*,#9639,.T.);
#9729 = ORIENTED_EDGE('',*,*,#9730,.T.);
#9730 = EDGE_CURVE('',#9640,#9680,#9731,.T.);
#9731 = LINE('',#9732,#9733);
#9732 = CARTESIAN_POINT('',(8.,32.,13.7));
#9733 = VECTOR('',#9734,1.);
#9734 = DIRECTION('',(1.,0.,0.));
#9735 = ORIENTED_EDGE('',*,*,#9679,.F.);
#9736 = PLANE('',#9737);
#9737 = AXIS2_PLACEMENT_3D('',#9738,#9739,#9740);
#9738 = CARTESIAN_POINT('',(8.,32.,12.8));
#9739 = DIRECTION('',(0.,1.,0.));
#9740 = DIRECTION('',(0.,0.,1.));
#9741 = ADVANCED_FACE('',(#9742),#9748,.F.);
#9742 = FACE_BOUND('',#9743,.F.);
#9743 = EDGE_LOOP('',(#9744,#9745,#9746,#9747));
#9744 = ORIENTED_EDGE('',*,*,#9631,.F.);
#9745 = ORIENTED_EDGE('',*,*,#9701,.T.);
#9746 = ORIENTED_EDGE('',*,*,#9671,.T.);
#9747 = ORIENTED_EDGE('',*,*,#9723,.F.);
#9748 = PLANE('',#9749);
#9749 = AXIS2_PLACEMENT_3D('',#9750,#9751,#9752);
#9750 = CARTESIAN_POINT('',(8.,29.,12.8));
#9751 = DIRECTION('',(0.,0.,1.));
#9752 = DIRECTION('',(1.,0.,0.));
#9753 = ADVANCED_FACE('',(#9754),#9760,.T.);
#9754 = FACE_BOUND('',#9755,.T.);
#9755 = EDGE_LOOP('',(#9756,#9757,#9758,#9759));
#9756 = ORIENTED_EDGE('',*,*,#9647,.F.);
#9757 = ORIENTED_EDGE('',*,*,#9708,.T.);
#9758 = ORIENTED_EDGE('',*,*,#9687,.T.);
#9759 = ORIENTED_EDGE('',*,*,#9730,.F.);
#9760 = PLANE('',#9761);
#9761 = AXIS2_PLACEMENT_3D('',#9762,#9763,#9764);
#9762 = CARTESIAN_POINT('',(8.,29.,13.7));
#9763 = DIRECTION('',(0.,0.,1.));
#9764 = DIRECTION('',(1.,0.,0.));
#9765 = MANIFOLD_SOLID_BREP('',#9766);
#9766 = CLOSED_SHELL('',(#9767,#9807,#9847,#9869,#9891,#9903));
#9767 = ADVANCED_FACE('',(#9768),#9802,.F.);
#9768 = FACE_BOUND('',#9769,.F.);
#9769 = EDGE_LOOP('',(#9770,#9780,#9788,#9796));
#9770 = ORIENTED_EDGE('',*,*,#9771,.F.);
#9771 = EDGE_CURVE('',#9772,#9774,#9776,.T.);
#9772 = VERTEX_POINT('',#9773);
#9773 = CARTESIAN_POINT('',(11.,15.,12.8));
#9774 = VERTEX_POINT('',#9775);
#9775 = CARTESIAN_POINT('',(11.,15.,13.9));
#9776 = LINE('',#9777,#9778);
#9777 = CARTESIAN_POINT('',(11.,15.,12.8));
#9778 = VECTOR('',#9779,1.);
#9779 = DIRECTION('',(0.,0.,1.));
#9780 = ORIENTED_EDGE('',*,*,#9781,.T.);
#9781 = EDGE_CURVE('',#9772,#9782,#9784,.T.);
#9782 = VERTEX_POINT('',#9783);
#9783 = CARTESIAN_POINT('',(11.,18.,12.8));
#9784 = LINE('',#9785,#9786);
#9785 = CARTESIAN_POINT('',(11.,15.,12.8));
#9786 = VECTOR('',#9787,1.);
#9787 = DIRECTION('',(0.,1.,0.));
#9788 = ORIENTED_EDGE('',*,*,#9789,.T.);
#9789 = EDGE_CURVE('',#9782,#9790,#9792,.T.);
#9790 = VERTEX_POINT('',#9791);
#9791 = CARTESIAN_POINT('',(11.,18.,13.9));
#9792 = LINE('',#9793,#9794);
#9793 = CARTESIAN_POINT('',(11.,18.,12.8));
#9794 = VECTOR('',#9795,1.);
#9795 = DIRECTION('',(0.,0.,1.));
#9796 = ORIENTED_EDGE('',*,*,#9797,.F.);
#9797 = EDGE_CURVE('',#9774,#9790,#9798,.T.);
#9798 = LINE('',#9799,#9800);
#9799 = CARTESIAN_POINT('',(11.,15.,13.9));
#9800 = VECTOR('',#9801,1.);
#9801 = DIRECTION('',(0.,1.,0.));
#9802 = PLANE('',#9803);
#9803 = AXIS2_PLACEMENT_3D('',#9804,#9805,#9806);
#9804 = CARTESIAN_POINT('',(11.,15.,12.8));
#9805 = DIRECTION('',(1.,0.,0.));
#9806 = DIRECTION('',(0.,0.,1.));
#9807 = ADVANCED_FACE('',(#9808),#9842,.T.);
#9808 = FACE_BOUND('',#9809,.T.);
#9809 = EDGE_LOOP('',(#9810,#9820,#9828,#9836));
#9810 = ORIENTED_EDGE('',*,*,#9811,.F.);
#9811 = EDGE_CURVE('',#9812,#9814,#9816,.T.);
#9812 = VERTEX_POINT('',#9813);
#9813 = CARTESIAN_POINT('',(14.,15.,12.8));
#9814 = VERTEX_POINT('',#9815);
#9815 = CARTESIAN_POINT('',(14.,15.,13.9));
#9816 = LINE('',#9817,#9818);
#9817 = CARTESIAN_POINT('',(14.,15.,12.8));
#9818 = VECTOR('',#9819,1.);
#9819 = DIRECTION('',(0.,0.,1.));
#9820 = ORIENTED_EDGE('',*,*,#9821,.T.);
#9821 = EDGE_CURVE('',#9812,#9822,#9824,.T.);
#9822 = VERTEX_POINT('',#9823);
#9823 = CARTESIAN_POINT('',(14.,18.,12.8));
#9824 = LINE('',#9825,#9826);
#9825 = CARTESIAN_POINT('',(14.,15.,12.8));
#9826 = VECTOR('',#9827,1.);
#9827 = DIRECTION('',(0.,1.,0.));
#9828 = ORIENTED_EDGE('',*,*,#9829,.T.);
#9829 = EDGE_CURVE('',#9822,#9830,#9832,.T.);
#9830 = VERTEX_POINT('',#9831);
#9831 = CARTESIAN_POINT('',(14.,18.,13.9));
#9832 = LINE('',#9833,#9834);
#9833 = CARTESIAN_POINT('',(14.,18.,12.8));
#9834 = VECTOR('',#9835,1.);
#9835 = DIRECTION('',(0.,0.,1.));
#9836 = ORIENTED_EDGE('',*,*,#9837,.F.);
#9837 = EDGE_CURVE('',#9814,#9830,#9838,.T.);
#9838 = LINE('',#9839,#9840);
#9839 = CARTESIAN_POINT('',(14.,15.,13.9));
#9840 = VECTOR('',#9841,1.);
#9841 = DIRECTION('',(0.,1.,0.));
#9842 = PLANE('',#9843);
#9843 = AXIS2_PLACEMENT_3D('',#9844,#9845,#9846);
#9844 = CARTESIAN_POINT('',(14.,15.,12.8));
#9845 = DIRECTION('',(1.,0.,0.));
#9846 = DIRECTION('',(0.,0.,1.));
#9847 = ADVANCED_FACE('',(#9848),#9864,.F.);
#9848 = FACE_BOUND('',#9849,.F.);
#9849 = EDGE_LOOP('',(#9850,#9856,#9857,#9863));
#9850 = ORIENTED_EDGE('',*,*,#9851,.F.);
#9851 = EDGE_CURVE('',#9772,#9812,#9852,.T.);
#9852 = LINE('',#9853,#9854);
#9853 = CARTESIAN_POINT('',(11.,15.,12.8));
#9854 = VECTOR('',#9855,1.);
#9855 = DIRECTION('',(1.,0.,0.));
#9856 = ORIENTED_EDGE('',*,*,#9771,.T.);
#9857 = ORIENTED_EDGE('',*,*,#9858,.T.);
#9858 = EDGE_CURVE('',#9774,#9814,#9859,.T.);
#9859 = LINE('',#9860,#9861);
#9860 = CARTESIAN_POINT('',(11.,15.,13.9));
#9861 = VECTOR('',#9862,1.);
#9862 = DIRECTION('',(1.,0.,0.));
#9863 = ORIENTED_EDGE('',*,*,#9811,.F.);
#9864 = PLANE('',#9865);
#9865 = AXIS2_PLACEMENT_3D('',#9866,#9867,#9868);
#9866 = CARTESIAN_POINT('',(11.,15.,12.8));
#9867 = DIRECTION('',(0.,1.,0.));
#9868 = DIRECTION('',(0.,0.,1.));
#9869 = ADVANCED_FACE('',(#9870),#9886,.T.);
#9870 = FACE_BOUND('',#9871,.T.);
#9871 = EDGE_LOOP('',(#9872,#9878,#9879,#9885));
#9872 = ORIENTED_EDGE('',*,*,#9873,.F.);
#9873 = EDGE_CURVE('',#9782,#9822,#9874,.T.);
#9874 = LINE('',#9875,#9876);
#9875 = CARTESIAN_POINT('',(11.,18.,12.8));
#9876 = VECTOR('',#9877,1.);
#9877 = DIRECTION('',(1.,0.,0.));
#9878 = ORIENTED_EDGE('',*,*,#9789,.T.);
#9879 = ORIENTED_EDGE('',*,*,#9880,.T.);
#9880 = EDGE_CURVE('',#9790,#9830,#9881,.T.);
#9881 = LINE('',#9882,#9883);
#9882 = CARTESIAN_POINT('',(11.,18.,13.9));
#9883 = VECTOR('',#9884,1.);
#9884 = DIRECTION('',(1.,0.,0.));
#9885 = ORIENTED_EDGE('',*,*,#9829,.F.);
#9886 = PLANE('',#9887);
#9887 = AXIS2_PLACEMENT_3D('',#9888,#9889,#9890);
#9888 = CARTESIAN_POINT('',(11.,18.,12.8));
#9889 = DIRECTION('',(0.,1.,0.));
#9890 = DIRECTION('',(0.,0.,1.));
#9891 = ADVANCED_FACE('',(#9892),#9898,.F.);
#9892 = FACE_BOUND('',#9893,.F.);
#9893 = EDGE_LOOP('',(#9894,#9895,#9896,#9897));
#9894 = ORIENTED_EDGE('',*,*,#9781,.F.);
#9895 = ORIENTED_EDGE('',*,*,#9851,.T.);
#9896 = ORIENTED_EDGE('',*,*,#9821,.T.);
#9897 = ORIENTED_EDGE('',*,*,#9873,.F.);
#9898 = PLANE('',#9899);
#9899 = AXIS2_PLACEMENT_3D('',#9900,#9901,#9902);
#9900 = CARTESIAN_POINT('',(11.,15.,12.8));
#9901 = DIRECTION('',(0.,0.,1.));
#9902 = DIRECTION('',(1.,0.,0.));
#9903 = ADVANCED_FACE('',(#9904),#9910,.T.);
#9904 = FACE_BOUND('',#9905,.T.);
#9905 = EDGE_LOOP('',(#9906,#9907,#9908,#9909));
#9906 = ORIENTED_EDGE('',*,*,#9797,.F.);
#9907 = ORIENTED_EDGE('',*,*,#9858,.T.);
#9908 = ORIENTED_EDGE('',*,*,#9837,.T.);
#9909 = ORIENTED_EDGE('',*,*,#9880,.F.);
#9910 = PLANE('',#9911);
#9911 = AXIS2_PLACEMENT_3D('',#9912,#9913,#9914);
#9912 = CARTESIAN_POINT('',(11.,15.,13.9));
#9913 = DIRECTION('',(0.,0.,1.));
#9914 = DIRECTION('',(1.,0.,0.));
#9915 = MANIFOLD_SOLID_BREP('',#9916);
#9916 = CLOSED_SHELL('',(#9917,#9957,#9997,#10019,#10041,#10053));
#9917 = ADVANCED_FACE('',(#9918),#9952,.F.);
#9918 = FACE_BOUND('',#9919,.F.);
#9919 = EDGE_LOOP('',(#9920,#9930,#9938,#9946));
#9920 = ORIENTED_EDGE('',*,*,#9921,.F.);
#9921 = EDGE_CURVE('',#9922,#9924,#9926,.T.);
#9922 = VERTEX_POINT('',#9923);
#9923 = CARTESIAN_POINT('',(8.,22.,12.8));
#9924 = VERTEX_POINT('',#9925);
#9925 = CARTESIAN_POINT('',(8.,22.,13.9));
#9926 = LINE('',#9927,#9928);
#9927 = CARTESIAN_POINT('',(8.,22.,12.8));
#9928 = VECTOR('',#9929,1.);
#9929 = DIRECTION('',(0.,0.,1.));
#9930 = ORIENTED_EDGE('',*,*,#9931,.T.);
#9931 = EDGE_CURVE('',#9922,#9932,#9934,.T.);
#9932 = VERTEX_POINT('',#9933);
#9933 = CARTESIAN_POINT('',(8.,24.8,12.8));
#9934 = LINE('',#9935,#9936);
#9935 = CARTESIAN_POINT('',(8.,22.,12.8));
#9936 = VECTOR('',#9937,1.);
#9937 = DIRECTION('',(0.,1.,0.));
#9938 = ORIENTED_EDGE('',*,*,#9939,.T.);
#9939 = EDGE_CURVE('',#9932,#9940,#9942,.T.);
#9940 = VERTEX_POINT('',#9941);
#9941 = CARTESIAN_POINT('',(8.,24.8,13.9));
#9942 = LINE('',#9943,#9944);
#9943 = CARTESIAN_POINT('',(8.,24.8,12.8));
#9944 = VECTOR('',#9945,1.);
#9945 = DIRECTION('',(0.,0.,1.));
#9946 = ORIENTED_EDGE('',*,*,#9947,.F.);
#9947 = EDGE_CURVE('',#9924,#9940,#9948,.T.);
#9948 = LINE('',#9949,#9950);
#9949 = CARTESIAN_POINT('',(8.,22.,13.9));
#9950 = VECTOR('',#9951,1.);
#9951 = DIRECTION('',(0.,1.,0.));
#9952 = PLANE('',#9953);
#9953 = AXIS2_PLACEMENT_3D('',#9954,#9955,#9956);
#9954 = CARTESIAN_POINT('',(8.,22.,12.8));
#9955 = DIRECTION('',(1.,0.,0.));
#9956 = DIRECTION('',(0.,0.,1.));
#9957 = ADVANCED_FACE('',(#9958),#9992,.T.);
#9958 = FACE_BOUND('',#9959,.T.);
#9959 = EDGE_LOOP('',(#9960,#9970,#9978,#9986));
#9960 = ORIENTED_EDGE('',*,*,#9961,.F.);
#9961 = EDGE_CURVE('',#9962,#9964,#9966,.T.);
#9962 = VERTEX_POINT('',#9963);
#9963 = CARTESIAN_POINT('',(10.9,22.,12.8));
#9964 = VERTEX_POINT('',#9965);
#9965 = CARTESIAN_POINT('',(10.9,22.,13.9));
#9966 = LINE('',#9967,#9968);
#9967 = CARTESIAN_POINT('',(10.9,22.,12.8));
#9968 = VECTOR('',#9969,1.);
#9969 = DIRECTION('',(0.,0.,1.));
#9970 = ORIENTED_EDGE('',*,*,#9971,.T.);
#9971 = EDGE_CURVE('',#9962,#9972,#9974,.T.);
#9972 = VERTEX_POINT('',#9973);
#9973 = CARTESIAN_POINT('',(10.9,24.8,12.8));
#9974 = LINE('',#9975,#9976);
#9975 = CARTESIAN_POINT('',(10.9,22.,12.8));
#9976 = VECTOR('',#9977,1.);
#9977 = DIRECTION('',(0.,1.,0.));
#9978 = ORIENTED_EDGE('',*,*,#9979,.T.);
#9979 = EDGE_CURVE('',#9972,#9980,#9982,.T.);
#9980 = VERTEX_POINT('',#9981);
#9981 = CARTESIAN_POINT('',(10.9,24.8,13.9));
#9982 = LINE('',#9983,#9984);
#9983 = CARTESIAN_POINT('',(10.9,24.8,12.8));
#9984 = VECTOR('',#9985,1.);
#9985 = DIRECTION('',(0.,0.,1.));
#9986 = ORIENTED_EDGE('',*,*,#9987,.F.);
#9987 = EDGE_CURVE('',#9964,#9980,#9988,.T.);
#9988 = LINE('',#9989,#9990);
#9989 = CARTESIAN_POINT('',(10.9,22.,13.9));
#9990 = VECTOR('',#9991,1.);
#9991 = DIRECTION('',(0.,1.,0.));
#9992 = PLANE('',#9993);
#9993 = AXIS2_PLACEMENT_3D('',#9994,#9995,#9996);
#9994 = CARTESIAN_POINT('',(10.9,22.,12.8));
#9995 = DIRECTION('',(1.,0.,0.));
#9996 = DIRECTION('',(0.,0.,1.));
#9997 = ADVANCED_FACE('',(#9998),#10014,.F.);
#9998 = FACE_BOUND('',#9999,.F.);
#9999 = EDGE_LOOP('',(#10000,#10006,#10007,#10013));
#10000 = ORIENTED_EDGE('',*,*,#10001,.F.);
#10001 = EDGE_CURVE('',#9922,#9962,#10002,.T.);
#10002 = LINE('',#10003,#10004);
#10003 = CARTESIAN_POINT('',(8.,22.,12.8));
#10004 = VECTOR('',#10005,1.);
#10005 = DIRECTION('',(1.,0.,0.));
#10006 = ORIENTED_EDGE('',*,*,#9921,.T.);
#10007 = ORIENTED_EDGE('',*,*,#10008,.T.);
#10008 = EDGE_CURVE('',#9924,#9964,#10009,.T.);
#10009 = LINE('',#10010,#10011);
#10010 = CARTESIAN_POINT('',(8.,22.,13.9));
#10011 = VECTOR('',#10012,1.);
#10012 = DIRECTION('',(1.,0.,0.));
#10013 = ORIENTED_EDGE('',*,*,#9961,.F.);
#10014 = PLANE('',#10015);
#10015 = AXIS2_PLACEMENT_3D('',#10016,#10017,#10018);
#10016 = CARTESIAN_POINT('',(8.,22.,12.8));
#10017 = DIRECTION('',(0.,1.,0.));
#10018 = DIRECTION('',(0.,0.,1.));
#10019 = ADVANCED_FACE('',(#10020),#10036,.T.);
#10020 = FACE_BOUND('',#10021,.T.);
#10021 = EDGE_LOOP('',(#10022,#10028,#10029,#10035));
#10022 = ORIENTED_EDGE('',*,*,#10023,.F.);
#10023 = EDGE_CURVE('',#9932,#9972,#10024,.T.);
#10024 = LINE('',#10025,#10026);
#10025 = CARTESIAN_POINT('',(8.,24.8,12.8));
#10026 = VECTOR('',#10027,1.);
#10027 = DIRECTION('',(1.,0.,0.));
#10028 = ORIENTED_EDGE('',*,*,#9939,.T.);
#10029 = ORIENTED_EDGE('',*,*,#10030,.T.);
#10030 = EDGE_CURVE('',#9940,#9980,#10031,.T.);
#10031 = LINE('',#10032,#10033);
#10032 = CARTESIAN_POINT('',(8.,24.8,13.9));
#10033 = VECTOR('',#10034,1.);
#10034 = DIRECTION('',(1.,0.,0.));
#10035 = ORIENTED_EDGE('',*,*,#9979,.F.);
#10036 = PLANE('',#10037);
#10037 = AXIS2_PLACEMENT_3D('',#10038,#10039,#10040);
#10038 = CARTESIAN_POINT('',(8.,24.8,12.8));
#10039 = DIRECTION('',(0.,1.,0.));
#10040 = DIRECTION('',(0.,0.,1.));
#10041 = ADVANCED_FACE('',(#10042),#10048,.F.);
#10042 = FACE_BOUND('',#10043,.F.);
#10043 = EDGE_LOOP('',(#10044,#10045,#10046,#10047));
#10044 = ORIENTED_EDGE('',*,*,#9931,.F.);
#10045 = ORIENTED_EDGE('',*,*,#10001,.T.);
#10046 = ORIENTED_EDGE('',*,*,#9971,.T.);
#10047 = ORIENTED_EDGE('',*,*,#10023,.F.);
#10048 = PLANE('',#10049);
#10049 = AXIS2_PLACEMENT_3D('',#10050,#10051,#10052);
#10050 = CARTESIAN_POINT('',(8.,22.,12.8));
#10051 = DIRECTION('',(0.,0.,1.));
#10052 = DIRECTION('',(1.,0.,0.));
#10053 = ADVANCED_FACE('',(#10054),#10060,.T.);
#10054 = FACE_BOUND('',#10055,.T.);
#10055 = EDGE_LOOP('',(#10056,#10057,#10058,#10059));
#10056 = ORIENTED_EDGE('',*,*,#9947,.F.);
#10057 = ORIENTED_EDGE('',*,*,#10008,.T.);
#10058 = ORIENTED_EDGE('',*,*,#9987,.T.);
#10059 = ORIENTED_EDGE('',*,*,#10030,.F.);
#10060 = PLANE('',#10061);
#10061 = AXIS2_PLACEMENT_3D('',#10062,#10063,#10064);
#10062 = CARTESIAN_POINT('',(8.,22.,13.9));
#10063 = DIRECTION('',(0.,0.,1.));
#10064 = DIRECTION('',(1.,0.,0.));
#10065 = MANIFOLD_SOLID_BREP('',#10066);
#10066 = CLOSED_SHELL('',(#10067,#10107,#10147,#10169,#10191,#10203));
#10067 = ADVANCED_FACE('',(#10068),#10102,.F.);
#10068 = FACE_BOUND('',#10069,.F.);
#10069 = EDGE_LOOP('',(#10070,#10080,#10088,#10096));
#10070 = ORIENTED_EDGE('',*,*,#10071,.F.);
#10071 = EDGE_CURVE('',#10072,#10074,#10076,.T.);
#10072 = VERTEX_POINT('',#10073);
#10073 = CARTESIAN_POINT('',(28.,14.,12.8));
#10074 = VERTEX_POINT('',#10075);
#10075 = CARTESIAN_POINT('',(28.,14.,13.6));
#10076 = LINE('',#10077,#10078);
#10077 = CARTESIAN_POINT('',(28.,14.,12.8));
#10078 = VECTOR('',#10079,1.);
#10079 = DIRECTION('',(0.,0.,1.));
#10080 = ORIENTED_EDGE('',*,*,#10081,.T.);
#10081 = EDGE_CURVE('',#10072,#10082,#10084,.T.);
#10082 = VERTEX_POINT('',#10083);
#10083 = CARTESIAN_POINT('',(28.,17.,12.8));
#10084 = LINE('',#10085,#10086);
#10085 = CARTESIAN_POINT('',(28.,14.,12.8));
#10086 = VECTOR('',#10087,1.);
#10087 = DIRECTION('',(0.,1.,0.));
#10088 = ORIENTED_EDGE('',*,*,#10089,.T.);
#10089 = EDGE_CURVE('',#10082,#10090,#10092,.T.);
#10090 = VERTEX_POINT('',#10091);
#10091 = CARTESIAN_POINT('',(28.,17.,13.6));
#10092 = LINE('',#10093,#10094);
#10093 = CARTESIAN_POINT('',(28.,17.,12.8));
#10094 = VECTOR('',#10095,1.);
#10095 = DIRECTION('',(0.,0.,1.));
#10096 = ORIENTED_EDGE('',*,*,#10097,.F.);
#10097 = EDGE_CURVE('',#10074,#10090,#10098,.T.);
#10098 = LINE('',#10099,#10100);
#10099 = CARTESIAN_POINT('',(28.,14.,13.6));
#10100 = VECTOR('',#10101,1.);
#10101 = DIRECTION('',(0.,1.,0.));
#10102 = PLANE('',#10103);
#10103 = AXIS2_PLACEMENT_3D('',#10104,#10105,#10106);
#10104 = CARTESIAN_POINT('',(28.,14.,12.8));
#10105 = DIRECTION('',(1.,0.,0.));
#10106 = DIRECTION('',(0.,0.,1.));
#10107 = ADVANCED_FACE('',(#10108),#10142,.T.);
#10108 = FACE_BOUND('',#10109,.T.);
#10109 = EDGE_LOOP('',(#10110,#10120,#10128,#10136));
#10110 = ORIENTED_EDGE('',*,*,#10111,.F.);
#10111 = EDGE_CURVE('',#10112,#10114,#10116,.T.);
#10112 = VERTEX_POINT('',#10113);
#10113 = CARTESIAN_POINT('',(31.,14.,12.8));
#10114 = VERTEX_POINT('',#10115);
#10115 = CARTESIAN_POINT('',(31.,14.,13.6));
#10116 = LINE('',#10117,#10118);
#10117 = CARTESIAN_POINT('',(31.,14.,12.8));
#10118 = VECTOR('',#10119,1.);
#10119 = DIRECTION('',(0.,0.,1.));
#10120 = ORIENTED_EDGE('',*,*,#10121,.T.);
#10121 = EDGE_CURVE('',#10112,#10122,#10124,.T.);
#10122 = VERTEX_POINT('',#10123);
#10123 = CARTESIAN_POINT('',(31.,17.,12.8));
#10124 = LINE('',#10125,#10126);
#10125 = CARTESIAN_POINT('',(31.,14.,12.8));
#10126 = VECTOR('',#10127,1.);
#10127 = DIRECTION('',(0.,1.,0.));
#10128 = ORIENTED_EDGE('',*,*,#10129,.T.);
#10129 = EDGE_CURVE('',#10122,#10130,#10132,.T.);
#10130 = VERTEX_POINT('',#10131);
#10131 = CARTESIAN_POINT('',(31.,17.,13.6));
#10132 = LINE('',#10133,#10134);
#10133 = CARTESIAN_POINT('',(31.,17.,12.8));
#10134 = VECTOR('',#10135,1.);
#10135 = DIRECTION('',(0.,0.,1.));
#10136 = ORIENTED_EDGE('',*,*,#10137,.F.);
#10137 = EDGE_CURVE('',#10114,#10130,#10138,.T.);
#10138 = LINE('',#10139,#10140);
#10139 = CARTESIAN_POINT('',(31.,14.,13.6));
#10140 = VECTOR('',#10141,1.);
#10141 = DIRECTION('',(0.,1.,0.));
#10142 = PLANE('',#10143);
#10143 = AXIS2_PLACEMENT_3D('',#10144,#10145,#10146);
#10144 = CARTESIAN_POINT('',(31.,14.,12.8));
#10145 = DIRECTION('',(1.,0.,0.));
#10146 = DIRECTION('',(0.,0.,1.));
#10147 = ADVANCED_FACE('',(#10148),#10164,.F.);
#10148 = FACE_BOUND('',#10149,.F.);
#10149 = EDGE_LOOP('',(#10150,#10156,#10157,#10163));
#10150 = ORIENTED_EDGE('',*,*,#10151,.F.);
#10151 = EDGE_CURVE('',#10072,#10112,#10152,.T.);
#10152 = LINE('',#10153,#10154);
#10153 = CARTESIAN_POINT('',(28.,14.,12.8));
#10154 = VECTOR('',#10155,1.);
#10155 = DIRECTION('',(1.,0.,0.));
#10156 = ORIENTED_EDGE('',*,*,#10071,.T.);
#10157 = ORIENTED_EDGE('',*,*,#10158,.T.);
#10158 = EDGE_CURVE('',#10074,#10114,#10159,.T.);
#10159 = LINE('',#10160,#10161);
#10160 = CARTESIAN_POINT('',(28.,14.,13.6));
#10161 = VECTOR('',#10162,1.);
#10162 = DIRECTION('',(1.,0.,0.));
#10163 = ORIENTED_EDGE('',*,*,#10111,.F.);
#10164 = PLANE('',#10165);
#10165 = AXIS2_PLACEMENT_3D('',#10166,#10167,#10168);
#10166 = CARTESIAN_POINT('',(28.,14.,12.8));
#10167 = DIRECTION('',(0.,1.,0.));
#10168 = DIRECTION('',(0.,0.,1.));
#10169 = ADVANCED_FACE('',(#10170),#10186,.T.);
#10170 = FACE_BOUND('',#10171,.T.);
#10171 = EDGE_LOOP('',(#10172,#10178,#10179,#10185));
#10172 = ORIENTED_EDGE('',*,*,#10173,.F.);
#10173 = EDGE_CURVE('',#10082,#10122,#10174,.T.);
#10174 = LINE('',#10175,#10176);
#10175 = CARTESIAN_POINT('',(28.,17.,12.8));
#10176 = VECTOR('',#10177,1.);
#10177 = DIRECTION('',(1.,0.,0.));
#10178 = ORIENTED_EDGE('',*,*,#10089,.T.);
#10179 = ORIENTED_EDGE('',*,*,#10180,.T.);
#10180 = EDGE_CURVE('',#10090,#10130,#10181,.T.);
#10181 = LINE('',#10182,#10183);
#10182 = CARTESIAN_POINT('',(28.,17.,13.6));
#10183 = VECTOR('',#10184,1.);
#10184 = DIRECTION('',(1.,0.,0.));
#10185 = ORIENTED_EDGE('',*,*,#10129,.F.);
#10186 = PLANE('',#10187);
#10187 = AXIS2_PLACEMENT_3D('',#10188,#10189,#10190);
#10188 = CARTESIAN_POINT('',(28.,17.,12.8));
#10189 = DIRECTION('',(0.,1.,0.));
#10190 = DIRECTION('',(0.,0.,1.));
#10191 = ADVANCED_FACE('',(#10192),#10198,.F.);
#10192 = FACE_BOUND('',#10193,.F.);
#10193 = EDGE_LOOP('',(#10194,#10195,#10196,#10197));
#10194 = ORIENTED_EDGE('',*,*,#10081,.F.);
#10195 = ORIENTED_EDGE('',*,*,#10151,.T.);
#10196 = ORIENTED_EDGE('',*,*,#10121,.T.);
#10197 = ORIENTED_EDGE('',*,*,#10173,.F.);
#10198 = PLANE('',#10199);
#10199 = AXIS2_PLACEMENT_3D('',#10200,#10201,#10202);
#10200 = CARTESIAN_POINT('',(28.,14.,12.8));
#10201 = DIRECTION('',(0.,0.,1.));
#10202 = DIRECTION('',(1.,0.,0.));
#10203 = ADVANCED_FACE('',(#10204),#10210,.T.);
#10204 = FACE_BOUND('',#10205,.T.);
#10205 = EDGE_LOOP('',(#10206,#10207,#10208,#10209));
#10206 = ORIENTED_EDGE('',*,*,#10097,.F.);
#10207 = ORIENTED_EDGE('',*,*,#10158,.T.);
#10208 = ORIENTED_EDGE('',*,*,#10137,.T.);
#10209 = ORIENTED_EDGE('',*,*,#10180,.F.);
#10210 = PLANE('',#10211);
#10211 = AXIS2_PLACEMENT_3D('',#10212,#10213,#10214);
#10212 = CARTESIAN_POINT('',(28.,14.,13.6));
#10213 = DIRECTION('',(0.,0.,1.));
#10214 = DIRECTION('',(1.,0.,0.));
#10215 = MANIFOLD_SOLID_BREP('',#10216);
#10216 = CLOSED_SHELL('',(#10217,#10257,#10297,#10319,#10341,#10353));
#10217 = ADVANCED_FACE('',(#10218),#10252,.F.);
#10218 = FACE_BOUND('',#10219,.F.);
#10219 = EDGE_LOOP('',(#10220,#10230,#10238,#10246));
#10220 = ORIENTED_EDGE('',*,*,#10221,.F.);
#10221 = EDGE_CURVE('',#10222,#10224,#10226,.T.);
#10222 = VERTEX_POINT('',#10223);
#10223 = CARTESIAN_POINT('',(13.,6.5,12.8));
#10224 = VERTEX_POINT('',#10225);
#10225 = CARTESIAN_POINT('',(13.,6.5,15.8));
#10226 = LINE('',#10227,#10228);
#10227 = CARTESIAN_POINT('',(13.,6.5,12.8));
#10228 = VECTOR('',#10229,1.);
#10229 = DIRECTION('',(0.,0.,1.));
#10230 = ORIENTED_EDGE('',*,*,#10231,.T.);
#10231 = EDGE_CURVE('',#10222,#10232,#10234,.T.);
#10232 = VERTEX_POINT('',#10233);
#10233 = CARTESIAN_POINT('',(13.,10.5,12.8));
#10234 = LINE('',#10235,#10236);
#10235 = CARTESIAN_POINT('',(13.,6.5,12.8));
#10236 = VECTOR('',#10237,1.);
#10237 = DIRECTION('',(0.,1.,0.));
#10238 = ORIENTED_EDGE('',*,*,#10239,.T.);
#10239 = EDGE_CURVE('',#10232,#10240,#10242,.T.);
#10240 = VERTEX_POINT('',#10241);
#10241 = CARTESIAN_POINT('',(13.,10.5,15.8));
#10242 = LINE('',#10243,#10244);
#10243 = CARTESIAN_POINT('',(13.,10.5,12.8));
#10244 = VECTOR('',#10245,1.);
#10245 = DIRECTION('',(0.,0.,1.));
#10246 = ORIENTED_EDGE('',*,*,#10247,.F.);
#10247 = EDGE_CURVE('',#10224,#10240,#10248,.T.);
#10248 = LINE('',#10249,#10250);
#10249 = CARTESIAN_POINT('',(13.,6.5,15.8));
#10250 = VECTOR('',#10251,1.);
#10251 = DIRECTION('',(0.,1.,0.));
#10252 = PLANE('',#10253);
#10253 = AXIS2_PLACEMENT_3D('',#10254,#10255,#10256);
#10254 = CARTESIAN_POINT('',(13.,6.5,12.8));
#10255 = DIRECTION('',(1.,0.,0.));
#10256 = DIRECTION('',(0.,0.,1.));
#10257 = ADVANCED_FACE('',(#10258),#10292,.T.);
#10258 = FACE_BOUND('',#10259,.T.);
#10259 = EDGE_LOOP('',(#10260,#10270,#10278,#10286));
#10260 = ORIENTED_EDGE('',*,*,#10261,.F.);
#10261 = EDGE_CURVE('',#10262,#10264,#10266,.T.);
#10262 = VERTEX_POINT('',#10263);
#10263 = CARTESIAN_POINT('',(29.,6.5,12.8));
#10264 = VERTEX_POINT('',#10265);
#10265 = CARTESIAN_POINT('',(29.,6.5,15.8));
#10266 = LINE('',#10267,#10268);
#10267 = CARTESIAN_POINT('',(29.,6.5,12.8));
#10268 = VECTOR('',#10269,1.);
#10269 = DIRECTION('',(0.,0.,1.));
#10270 = ORIENTED_EDGE('',*,*,#10271,.T.);
#10271 = EDGE_CURVE('',#10262,#10272,#10274,.T.);
#10272 = VERTEX_POINT('',#10273);
#10273 = CARTESIAN_POINT('',(29.,10.5,12.8));
#10274 = LINE('',#10275,#10276);
#10275 = CARTESIAN_POINT('',(29.,6.5,12.8));
#10276 = VECTOR('',#10277,1.);
#10277 = DIRECTION('',(0.,1.,0.));
#10278 = ORIENTED_EDGE('',*,*,#10279,.T.);
#10279 = EDGE_CURVE('',#10272,#10280,#10282,.T.);
#10280 = VERTEX_POINT('',#10281);
#10281 = CARTESIAN_POINT('',(29.,10.5,15.8));
#10282 = LINE('',#10283,#10284);
#10283 = CARTESIAN_POINT('',(29.,10.5,12.8));
#10284 = VECTOR('',#10285,1.);
#10285 = DIRECTION('',(0.,0.,1.));
#10286 = ORIENTED_EDGE('',*,*,#10287,.F.);
#10287 = EDGE_CURVE('',#10264,#10280,#10288,.T.);
#10288 = LINE('',#10289,#10290);
#10289 = CARTESIAN_POINT('',(29.,6.5,15.8));
#10290 = VECTOR('',#10291,1.);
#10291 = DIRECTION('',(0.,1.,0.));
#10292 = PLANE('',#10293);
#10293 = AXIS2_PLACEMENT_3D('',#10294,#10295,#10296);
#10294 = CARTESIAN_POINT('',(29.,6.5,12.8));
#10295 = DIRECTION('',(1.,0.,0.));
#10296 = DIRECTION('',(0.,0.,1.));
#10297 = ADVANCED_FACE('',(#10298),#10314,.F.);
#10298 = FACE_BOUND('',#10299,.F.);
#10299 = EDGE_LOOP('',(#10300,#10306,#10307,#10313));
#10300 = ORIENTED_EDGE('',*,*,#10301,.F.);
#10301 = EDGE_CURVE('',#10222,#10262,#10302,.T.);
#10302 = LINE('',#10303,#10304);
#10303 = CARTESIAN_POINT('',(13.,6.5,12.8));
#10304 = VECTOR('',#10305,1.);
#10305 = DIRECTION('',(1.,0.,0.));
#10306 = ORIENTED_EDGE('',*,*,#10221,.T.);
#10307 = ORIENTED_EDGE('',*,*,#10308,.T.);
#10308 = EDGE_CURVE('',#10224,#10264,#10309,.T.);
#10309 = LINE('',#10310,#10311);
#10310 = CARTESIAN_POINT('',(13.,6.5,15.8));
#10311 = VECTOR('',#10312,1.);
#10312 = DIRECTION('',(1.,0.,0.));
#10313 = ORIENTED_EDGE('',*,*,#10261,.F.);
#10314 = PLANE('',#10315);
#10315 = AXIS2_PLACEMENT_3D('',#10316,#10317,#10318);
#10316 = CARTESIAN_POINT('',(13.,6.5,12.8));
#10317 = DIRECTION('',(0.,1.,0.));
#10318 = DIRECTION('',(0.,0.,1.));
#10319 = ADVANCED_FACE('',(#10320),#10336,.T.);
#10320 = FACE_BOUND('',#10321,.T.);
#10321 = EDGE_LOOP('',(#10322,#10328,#10329,#10335));
#10322 = ORIENTED_EDGE('',*,*,#10323,.F.);
#10323 = EDGE_CURVE('',#10232,#10272,#10324,.T.);
#10324 = LINE('',#10325,#10326);
#10325 = CARTESIAN_POINT('',(13.,10.5,12.8));
#10326 = VECTOR('',#10327,1.);
#10327 = DIRECTION('',(1.,0.,0.));
#10328 = ORIENTED_EDGE('',*,*,#10239,.T.);
#10329 = ORIENTED_EDGE('',*,*,#10330,.T.);
#10330 = EDGE_CURVE('',#10240,#10280,#10331,.T.);
#10331 = LINE('',#10332,#10333);
#10332 = CARTESIAN_POINT('',(13.,10.5,15.8));
#10333 = VECTOR('',#10334,1.);
#10334 = DIRECTION('',(1.,0.,0.));
#10335 = ORIENTED_EDGE('',*,*,#10279,.F.);
#10336 = PLANE('',#10337);
#10337 = AXIS2_PLACEMENT_3D('',#10338,#10339,#10340);
#10338 = CARTESIAN_POINT('',(13.,10.5,12.8));
#10339 = DIRECTION('',(0.,1.,0.));
#10340 = DIRECTION('',(0.,0.,1.));
#10341 = ADVANCED_FACE('',(#10342),#10348,.F.);
#10342 = FACE_BOUND('',#10343,.F.);
#10343 = EDGE_LOOP('',(#10344,#10345,#10346,#10347));
#10344 = ORIENTED_EDGE('',*,*,#10231,.F.);
#10345 = ORIENTED_EDGE('',*,*,#10301,.T.);
#10346 = ORIENTED_EDGE('',*,*,#10271,.T.);
#10347 = ORIENTED_EDGE('',*,*,#10323,.F.);
#10348 = PLANE('',#10349);
#10349 = AXIS2_PLACEMENT_3D('',#10350,#10351,#10352);
#10350 = CARTESIAN_POINT('',(13.,6.5,12.8));
#10351 = DIRECTION('',(0.,0.,1.));
#10352 = DIRECTION('',(1.,0.,0.));
#10353 = ADVANCED_FACE('',(#10354),#10360,.T.);
#10354 = FACE_BOUND('',#10355,.T.);
#10355 = EDGE_LOOP('',(#10356,#10357,#10358,#10359));
#10356 = ORIENTED_EDGE('',*,*,#10247,.F.);
#10357 = ORIENTED_EDGE('',*,*,#10308,.T.);
#10358 = ORIENTED_EDGE('',*,*,#10287,.T.);
#10359 = ORIENTED_EDGE('',*,*,#10330,.F.);
#10360 = PLANE('',#10361);
#10361 = AXIS2_PLACEMENT_3D('',#10362,#10363,#10364);
#10362 = CARTESIAN_POINT('',(13.,6.5,15.8));
#10363 = DIRECTION('',(0.,0.,1.));
#10364 = DIRECTION('',(1.,0.,0.));
#10365 = MANIFOLD_SOLID_BREP('',#10366);
#10366 = CLOSED_SHELL('',(#10367,#10407,#10447,#10469,#10491,#10503));
#10367 = ADVANCED_FACE('',(#10368),#10402,.F.);
#10368 = FACE_BOUND('',#10369,.F.);
#10369 = EDGE_LOOP('',(#10370,#10380,#10388,#10396));
#10370 = ORIENTED_EDGE('',*,*,#10371,.F.);
#10371 = EDGE_CURVE('',#10372,#10374,#10376,.T.);
#10372 = VERTEX_POINT('',#10373);
#10373 = CARTESIAN_POINT('',(27.,34.,12.8));
#10374 = VERTEX_POINT('',#10375);
#10375 = CARTESIAN_POINT('',(27.,34.,14.8));
#10376 = LINE('',#10377,#10378);
#10377 = CARTESIAN_POINT('',(27.,34.,12.8));
#10378 = VECTOR('',#10379,1.);
#10379 = DIRECTION('',(0.,0.,1.));
#10380 = ORIENTED_EDGE('',*,*,#10381,.T.);
#10381 = EDGE_CURVE('',#10372,#10382,#10384,.T.);
#10382 = VERTEX_POINT('',#10383);
#10383 = CARTESIAN_POINT('',(27.,38.,12.8));
#10384 = LINE('',#10385,#10386);
#10385 = CARTESIAN_POINT('',(27.,34.,12.8));
#10386 = VECTOR('',#10387,1.);
#10387 = DIRECTION('',(0.,1.,0.));
#10388 = ORIENTED_EDGE('',*,*,#10389,.T.);
#10389 = EDGE_CURVE('',#10382,#10390,#10392,.T.);
#10390 = VERTEX_POINT('',#10391);
#10391 = CARTESIAN_POINT('',(27.,38.,14.8));
#10392 = LINE('',#10393,#10394);
#10393 = CARTESIAN_POINT('',(27.,38.,12.8));
#10394 = VECTOR('',#10395,1.);
#10395 = DIRECTION('',(0.,0.,1.));
#10396 = ORIENTED_EDGE('',*,*,#10397,.F.);
#10397 = EDGE_CURVE('',#10374,#10390,#10398,.T.);
#10398 = LINE('',#10399,#10400);
#10399 = CARTESIAN_POINT('',(27.,34.,14.8));
#10400 = VECTOR('',#10401,1.);
#10401 = DIRECTION('',(0.,1.,0.));
#10402 = PLANE('',#10403);
#10403 = AXIS2_PLACEMENT_3D('',#10404,#10405,#10406);
#10404 = CARTESIAN_POINT('',(27.,34.,12.8));
#10405 = DIRECTION('',(1.,0.,0.));
#10406 = DIRECTION('',(0.,0.,1.));
#10407 = ADVANCED_FACE('',(#10408),#10442,.T.);
#10408 = FACE_BOUND('',#10409,.T.);
#10409 = EDGE_LOOP('',(#10410,#10420,#10428,#10436));
#10410 = ORIENTED_EDGE('',*,*,#10411,.F.);
#10411 = EDGE_CURVE('',#10412,#10414,#10416,.T.);
#10412 = VERTEX_POINT('',#10413);
#10413 = CARTESIAN_POINT('',(34.,34.,12.8));
#10414 = VERTEX_POINT('',#10415);
#10415 = CARTESIAN_POINT('',(34.,34.,14.8));
#10416 = LINE('',#10417,#10418);
#10417 = CARTESIAN_POINT('',(34.,34.,12.8));
#10418 = VECTOR('',#10419,1.);
#10419 = DIRECTION('',(0.,0.,1.));
#10420 = ORIENTED_EDGE('',*,*,#10421,.T.);
#10421 = EDGE_CURVE('',#10412,#10422,#10424,.T.);
#10422 = VERTEX_POINT('',#10423);
#10423 = CARTESIAN_POINT('',(34.,38.,12.8));
#10424 = LINE('',#10425,#10426);
#10425 = CARTESIAN_POINT('',(34.,34.,12.8));
#10426 = VECTOR('',#10427,1.);
#10427 = DIRECTION('',(0.,1.,0.));
#10428 = ORIENTED_EDGE('',*,*,#10429,.T.);
#10429 = EDGE_CURVE('',#10422,#10430,#10432,.T.);
#10430 = VERTEX_POINT('',#10431);
#10431 = CARTESIAN_POINT('',(34.,38.,14.8));
#10432 = LINE('',#10433,#10434);
#10433 = CARTESIAN_POINT('',(34.,38.,12.8));
#10434 = VECTOR('',#10435,1.);
#10435 = DIRECTION('',(0.,0.,1.));
#10436 = ORIENTED_EDGE('',*,*,#10437,.F.);
#10437 = EDGE_CURVE('',#10414,#10430,#10438,.T.);
#10438 = LINE('',#10439,#10440);
#10439 = CARTESIAN_POINT('',(34.,34.,14.8));
#10440 = VECTOR('',#10441,1.);
#10441 = DIRECTION('',(0.,1.,0.));
#10442 = PLANE('',#10443);
#10443 = AXIS2_PLACEMENT_3D('',#10444,#10445,#10446);
#10444 = CARTESIAN_POINT('',(34.,34.,12.8));
#10445 = DIRECTION('',(1.,0.,0.));
#10446 = DIRECTION('',(0.,0.,1.));
#10447 = ADVANCED_FACE('',(#10448),#10464,.F.);
#10448 = FACE_BOUND('',#10449,.F.);
#10449 = EDGE_LOOP('',(#10450,#10456,#10457,#10463));
#10450 = ORIENTED_EDGE('',*,*,#10451,.F.);
#10451 = EDGE_CURVE('',#10372,#10412,#10452,.T.);
#10452 = LINE('',#10453,#10454);
#10453 = CARTESIAN_POINT('',(27.,34.,12.8));
#10454 = VECTOR('',#10455,1.);
#10455 = DIRECTION('',(1.,0.,0.));
#10456 = ORIENTED_EDGE('',*,*,#10371,.T.);
#10457 = ORIENTED_EDGE('',*,*,#10458,.T.);
#10458 = EDGE_CURVE('',#10374,#10414,#10459,.T.);
#10459 = LINE('',#10460,#10461);
#10460 = CARTESIAN_POINT('',(27.,34.,14.8));
#10461 = VECTOR('',#10462,1.);
#10462 = DIRECTION('',(1.,0.,0.));
#10463 = ORIENTED_EDGE('',*,*,#10411,.F.);
#10464 = PLANE('',#10465);
#10465 = AXIS2_PLACEMENT_3D('',#10466,#10467,#10468);
#10466 = CARTESIAN_POINT('',(27.,34.,12.8));
#10467 = DIRECTION('',(0.,1.,0.));
#10468 = DIRECTION('',(0.,0.,1.));
#10469 = ADVANCED_FACE('',(#10470),#10486,.T.);
#10470 = FACE_BOUND('',#10471,.T.);
#10471 = EDGE_LOOP('',(#10472,#10478,#10479,#10485));
#10472 = ORIENTED_EDGE('',*,*,#10473,.F.);
#10473 = EDGE_CURVE('',#10382,#10422,#10474,.T.);
#10474 = LINE('',#10475,#10476);
#10475 = CARTESIAN_POINT('',(27.,38.,12.8));
#10476 = VECTOR('',#10477,1.);
#10477 = DIRECTION('',(1.,0.,0.));
#10478 = ORIENTED_EDGE('',*,*,#10389,.T.);
#10479 = ORIENTED_EDGE('',*,*,#10480,.T.);
#10480 = EDGE_CURVE('',#10390,#10430,#10481,.T.);
#10481 = LINE('',#10482,#10483);
#10482 = CARTESIAN_POINT('',(27.,38.,14.8));
#10483 = VECTOR('',#10484,1.);
#10484 = DIRECTION('',(1.,0.,0.));
#10485 = ORIENTED_EDGE('',*,*,#10429,.F.);
#10486 = PLANE('',#10487);
#10487 = AXIS2_PLACEMENT_3D('',#10488,#10489,#10490);
#10488 = CARTESIAN_POINT('',(27.,38.,12.8));
#10489 = DIRECTION('',(0.,1.,0.));
#10490 = DIRECTION('',(0.,0.,1.));
#10491 = ADVANCED_FACE('',(#10492),#10498,.F.);
#10492 = FACE_BOUND('',#10493,.F.);
#10493 = EDGE_LOOP('',(#10494,#10495,#10496,#10497));
#10494 = ORIENTED_EDGE('',*,*,#10381,.F.);
#10495 = ORIENTED_EDGE('',*,*,#10451,.T.);
#10496 = ORIENTED_EDGE('',*,*,#10421,.T.);
#10497 = ORIENTED_EDGE('',*,*,#10473,.F.);
#10498 = PLANE('',#10499);
#10499 = AXIS2_PLACEMENT_3D('',#10500,#10501,#10502);
#10500 = CARTESIAN_POINT('',(27.,34.,12.8));
#10501 = DIRECTION('',(0.,0.,1.));
#10502 = DIRECTION('',(1.,0.,0.));
#10503 = ADVANCED_FACE('',(#10504),#10510,.T.);
#10504 = FACE_BOUND('',#10505,.T.);
#10505 = EDGE_LOOP('',(#10506,#10507,#10508,#10509));
#10506 = ORIENTED_EDGE('',*,*,#10397,.F.);
#10507 = ORIENTED_EDGE('',*,*,#10458,.T.);
#10508 = ORIENTED_EDGE('',*,*,#10437,.T.);
#10509 = ORIENTED_EDGE('',*,*,#10480,.F.);
#10510 = PLANE('',#10511);
#10511 = AXIS2_PLACEMENT_3D('',#10512,#10513,#10514);
#10512 = CARTESIAN_POINT('',(27.,34.,14.8));
#10513 = DIRECTION('',(0.,0.,1.));
#10514 = DIRECTION('',(1.,0.,0.));
#10515 = MANIFOLD_SOLID_BREP('',#10516);
#10516 = CLOSED_SHELL('',(#10517,#10557,#10597,#10619,#10641,#10653));
#10517 = ADVANCED_FACE('',(#10518),#10552,.F.);
#10518 = FACE_BOUND('',#10519,.F.);
#10519 = EDGE_LOOP('',(#10520,#10530,#10538,#10546));
#10520 = ORIENTED_EDGE('',*,*,#10521,.F.);
#10521 = EDGE_CURVE('',#10522,#10524,#10526,.T.);
#10522 = VERTEX_POINT('',#10523);
#10523 = CARTESIAN_POINT('',(17.,18.,12.8));
#10524 = VERTEX_POINT('',#10525);
#10525 = CARTESIAN_POINT('',(17.,18.,15.4));
#10526 = LINE('',#10527,#10528);
#10527 = CARTESIAN_POINT('',(17.,18.,12.8));
#10528 = VECTOR('',#10529,1.);
#10529 = DIRECTION('',(0.,0.,1.));
#10530 = ORIENTED_EDGE('',*,*,#10531,.T.);
#10531 = EDGE_CURVE('',#10522,#10532,#10534,.T.);
#10532 = VERTEX_POINT('',#10533);
#10533 = CARTESIAN_POINT('',(17.,26.,12.8));
#10534 = LINE('',#10535,#10536);
#10535 = CARTESIAN_POINT('',(17.,18.,12.8));
#10536 = VECTOR('',#10537,1.);
#10537 = DIRECTION('',(0.,1.,0.));
#10538 = ORIENTED_EDGE('',*,*,#10539,.T.);
#10539 = EDGE_CURVE('',#10532,#10540,#10542,.T.);
#10540 = VERTEX_POINT('',#10541);
#10541 = CARTESIAN_POINT('',(17.,26.,15.4));
#10542 = LINE('',#10543,#10544);
#10543 = CARTESIAN_POINT('',(17.,26.,12.8));
#10544 = VECTOR('',#10545,1.);
#10545 = DIRECTION('',(0.,0.,1.));
#10546 = ORIENTED_EDGE('',*,*,#10547,.F.);
#10547 = EDGE_CURVE('',#10524,#10540,#10548,.T.);
#10548 = LINE('',#10549,#10550);
#10549 = CARTESIAN_POINT('',(17.,18.,15.4));
#10550 = VECTOR('',#10551,1.);
#10551 = DIRECTION('',(0.,1.,0.));
#10552 = PLANE('',#10553);
#10553 = AXIS2_PLACEMENT_3D('',#10554,#10555,#10556);
#10554 = CARTESIAN_POINT('',(17.,18.,12.8));
#10555 = DIRECTION('',(1.,0.,0.));
#10556 = DIRECTION('',(0.,0.,1.));
#10557 = ADVANCED_FACE('',(#10558),#10592,.T.);
#10558 = FACE_BOUND('',#10559,.T.);
#10559 = EDGE_LOOP('',(#10560,#10570,#10578,#10586));
#10560 = ORIENTED_EDGE('',*,*,#10561,.F.);
#10561 = EDGE_CURVE('',#10562,#10564,#10566,.T.);
#10562 = VERTEX_POINT('',#10563);
#10563 = CARTESIAN_POINT('',(25.,18.,12.8));
#10564 = VERTEX_POINT('',#10565);
#10565 = CARTESIAN_POINT('',(25.,18.,15.4));
#10566 = LINE('',#10567,#10568);
#10567 = CARTESIAN_POINT('',(25.,18.,12.8));
#10568 = VECTOR('',#10569,1.);
#10569 = DIRECTION('',(0.,0.,1.));
#10570 = ORIENTED_EDGE('',*,*,#10571,.T.);
#10571 = EDGE_CURVE('',#10562,#10572,#10574,.T.);
#10572 = VERTEX_POINT('',#10573);
#10573 = CARTESIAN_POINT('',(25.,26.,12.8));
#10574 = LINE('',#10575,#10576);
#10575 = CARTESIAN_POINT('',(25.,18.,12.8));
#10576 = VECTOR('',#10577,1.);
#10577 = DIRECTION('',(0.,1.,0.));
#10578 = ORIENTED_EDGE('',*,*,#10579,.T.);
#10579 = EDGE_CURVE('',#10572,#10580,#10582,.T.);
#10580 = VERTEX_POINT('',#10581);
#10581 = CARTESIAN_POINT('',(25.,26.,15.4));
#10582 = LINE('',#10583,#10584);
#10583 = CARTESIAN_POINT('',(25.,26.,12.8));
#10584 = VECTOR('',#10585,1.);
#10585 = DIRECTION('',(0.,0.,1.));
#10586 = ORIENTED_EDGE('',*,*,#10587,.F.);
#10587 = EDGE_CURVE('',#10564,#10580,#10588,.T.);
#10588 = LINE('',#10589,#10590);
#10589 = CARTESIAN_POINT('',(25.,18.,15.4));
#10590 = VECTOR('',#10591,1.);
#10591 = DIRECTION('',(0.,1.,0.));
#10592 = PLANE('',#10593);
#10593 = AXIS2_PLACEMENT_3D('',#10594,#10595,#10596);
#10594 = CARTESIAN_POINT('',(25.,18.,12.8));
#10595 = DIRECTION('',(1.,0.,0.));
#10596 = DIRECTION('',(0.,0.,1.));
#10597 = ADVANCED_FACE('',(#10598),#10614,.F.);
#10598 = FACE_BOUND('',#10599,.F.);
#10599 = EDGE_LOOP('',(#10600,#10606,#10607,#10613));
#10600 = ORIENTED_EDGE('',*,*,#10601,.F.);
#10601 = EDGE_CURVE('',#10522,#10562,#10602,.T.);
#10602 = LINE('',#10603,#10604);
#10603 = CARTESIAN_POINT('',(17.,18.,12.8));
#10604 = VECTOR('',#10605,1.);
#10605 = DIRECTION('',(1.,0.,0.));
#10606 = ORIENTED_EDGE('',*,*,#10521,.T.);
#10607 = ORIENTED_EDGE('',*,*,#10608,.T.);
#10608 = EDGE_CURVE('',#10524,#10564,#10609,.T.);
#10609 = LINE('',#10610,#10611);
#10610 = CARTESIAN_POINT('',(17.,18.,15.4));
#10611 = VECTOR('',#10612,1.);
#10612 = DIRECTION('',(1.,0.,0.));
#10613 = ORIENTED_EDGE('',*,*,#10561,.F.);
#10614 = PLANE('',#10615);
#10615 = AXIS2_PLACEMENT_3D('',#10616,#10617,#10618);
#10616 = CARTESIAN_POINT('',(17.,18.,12.8));
#10617 = DIRECTION('',(0.,1.,0.));
#10618 = DIRECTION('',(0.,0.,1.));
#10619 = ADVANCED_FACE('',(#10620),#10636,.T.);
#10620 = FACE_BOUND('',#10621,.T.);
#10621 = EDGE_LOOP('',(#10622,#10628,#10629,#10635));
#10622 = ORIENTED_EDGE('',*,*,#10623,.F.);
#10623 = EDGE_CURVE('',#10532,#10572,#10624,.T.);
#10624 = LINE('',#10625,#10626);
#10625 = CARTESIAN_POINT('',(17.,26.,12.8));
#10626 = VECTOR('',#10627,1.);
#10627 = DIRECTION('',(1.,0.,0.));
#10628 = ORIENTED_EDGE('',*,*,#10539,.T.);
#10629 = ORIENTED_EDGE('',*,*,#10630,.T.);
#10630 = EDGE_CURVE('',#10540,#10580,#10631,.T.);
#10631 = LINE('',#10632,#10633);
#10632 = CARTESIAN_POINT('',(17.,26.,15.4));
#10633 = VECTOR('',#10634,1.);
#10634 = DIRECTION('',(1.,0.,0.));
#10635 = ORIENTED_EDGE('',*,*,#10579,.F.);
#10636 = PLANE('',#10637);
#10637 = AXIS2_PLACEMENT_3D('',#10638,#10639,#10640);
#10638 = CARTESIAN_POINT('',(17.,26.,12.8));
#10639 = DIRECTION('',(0.,1.,0.));
#10640 = DIRECTION('',(0.,0.,1.));
#10641 = ADVANCED_FACE('',(#10642),#10648,.F.);
#10642 = FACE_BOUND('',#10643,.F.);
#10643 = EDGE_LOOP('',(#10644,#10645,#10646,#10647));
#10644 = ORIENTED_EDGE('',*,*,#10531,.F.);
#10645 = ORIENTED_EDGE('',*,*,#10601,.T.);
#10646 = ORIENTED_EDGE('',*,*,#10571,.T.);
#10647 = ORIENTED_EDGE('',*,*,#10623,.F.);
#10648 = PLANE('',#10649);
#10649 = AXIS2_PLACEMENT_3D('',#10650,#10651,#10652);
#10650 = CARTESIAN_POINT('',(17.,18.,12.8));
#10651 = DIRECTION('',(0.,0.,1.));
#10652 = DIRECTION('',(1.,0.,0.));
#10653 = ADVANCED_FACE('',(#10654),#10660,.T.);
#10654 = FACE_BOUND('',#10655,.T.);
#10655 = EDGE_LOOP('',(#10656,#10657,#10658,#10659));
#10656 = ORIENTED_EDGE('',*,*,#10547,.F.);
#10657 = ORIENTED_EDGE('',*,*,#10608,.T.);
#10658 = ORIENTED_EDGE('',*,*,#10587,.T.);
#10659 = ORIENTED_EDGE('',*,*,#10630,.F.);
#10660 = PLANE('',#10661);
#10661 = AXIS2_PLACEMENT_3D('',#10662,#10663,#10664);
#10662 = CARTESIAN_POINT('',(17.,18.,15.4));
#10663 = DIRECTION('',(0.,0.,1.));
#10664 = DIRECTION('',(1.,0.,0.));
#10665 = MANIFOLD_SOLID_BREP('',#10666);
#10666 = CLOSED_SHELL('',(#10667,#10707,#10747,#10769,#10791,#10803));
#10667 = ADVANCED_FACE('',(#10668),#10702,.F.);
#10668 = FACE_BOUND('',#10669,.F.);
#10669 = EDGE_LOOP('',(#10670,#10680,#10688,#10696));
#10670 = ORIENTED_EDGE('',*,*,#10671,.F.);
#10671 = EDGE_CURVE('',#10672,#10674,#10676,.T.);
#10672 = VERTEX_POINT('',#10673);
#10673 = CARTESIAN_POINT('',(18.5,32.5,12.8));
#10674 = VERTEX_POINT('',#10675);
#10675 = CARTESIAN_POINT('',(18.5,32.5,14.3));
#10676 = LINE('',#10677,#10678);
#10677 = CARTESIAN_POINT('',(18.5,32.5,12.8));
#10678 = VECTOR('',#10679,1.);
#10679 = DIRECTION('',(0.,0.,1.));
#10680 = ORIENTED_EDGE('',*,*,#10681,.T.);
#10681 = EDGE_CURVE('',#10672,#10682,#10684,.T.);
#10682 = VERTEX_POINT('',#10683);
#10683 = CARTESIAN_POINT('',(18.5,37.5,12.8));
#10684 = LINE('',#10685,#10686);
#10685 = CARTESIAN_POINT('',(18.5,32.5,12.8));
#10686 = VECTOR('',#10687,1.);
#10687 = DIRECTION('',(0.,1.,0.));
#10688 = ORIENTED_EDGE('',*,*,#10689,.T.);
#10689 = EDGE_CURVE('',#10682,#10690,#10692,.T.);
#10690 = VERTEX_POINT('',#10691);
#10691 = CARTESIAN_POINT('',(18.5,37.5,14.3));
#10692 = LINE('',#10693,#10694);
#10693 = CARTESIAN_POINT('',(18.5,37.5,12.8));
#10694 = VECTOR('',#10695,1.);
#10695 = DIRECTION('',(0.,0.,1.));
#10696 = ORIENTED_EDGE('',*,*,#10697,.F.);
#10697 = EDGE_CURVE('',#10674,#10690,#10698,.T.);
#10698 = LINE('',#10699,#10700);
#10699 = CARTESIAN_POINT('',(18.5,32.5,14.3));
#10700 = VECTOR('',#10701,1.);
#10701 = DIRECTION('',(0.,1.,0.));
#10702 = PLANE('',#10703);
#10703 = AXIS2_PLACEMENT_3D('',#10704,#10705,#10706);
#10704 = CARTESIAN_POINT('',(18.5,32.5,12.8));
#10705 = DIRECTION('',(1.,0.,0.));
#10706 = DIRECTION('',(0.,0.,1.));
#10707 = ADVANCED_FACE('',(#10708),#10742,.T.);
#10708 = FACE_BOUND('',#10709,.T.);
#10709 = EDGE_LOOP('',(#10710,#10720,#10728,#10736));
#10710 = ORIENTED_EDGE('',*,*,#10711,.F.);
#10711 = EDGE_CURVE('',#10712,#10714,#10716,.T.);
#10712 = VERTEX_POINT('',#10713);
#10713 = CARTESIAN_POINT('',(23.5,32.5,12.8));
#10714 = VERTEX_POINT('',#10715);
#10715 = CARTESIAN_POINT('',(23.5,32.5,14.3));
#10716 = LINE('',#10717,#10718);
#10717 = CARTESIAN_POINT('',(23.5,32.5,12.8));
#10718 = VECTOR('',#10719,1.);
#10719 = DIRECTION('',(0.,0.,1.));
#10720 = ORIENTED_EDGE('',*,*,#10721,.T.);
#10721 = EDGE_CURVE('',#10712,#10722,#10724,.T.);
#10722 = VERTEX_POINT('',#10723);
#10723 = CARTESIAN_POINT('',(23.5,37.5,12.8));
#10724 = LINE('',#10725,#10726);
#10725 = CARTESIAN_POINT('',(23.5,32.5,12.8));
#10726 = VECTOR('',#10727,1.);
#10727 = DIRECTION('',(0.,1.,0.));
#10728 = ORIENTED_EDGE('',*,*,#10729,.T.);
#10729 = EDGE_CURVE('',#10722,#10730,#10732,.T.);
#10730 = VERTEX_POINT('',#10731);
#10731 = CARTESIAN_POINT('',(23.5,37.5,14.3));
#10732 = LINE('',#10733,#10734);
#10733 = CARTESIAN_POINT('',(23.5,37.5,12.8));
#10734 = VECTOR('',#10735,1.);
#10735 = DIRECTION('',(0.,0.,1.));
#10736 = ORIENTED_EDGE('',*,*,#10737,.F.);
#10737 = EDGE_CURVE('',#10714,#10730,#10738,.T.);
#10738 = LINE('',#10739,#10740);
#10739 = CARTESIAN_POINT('',(23.5,32.5,14.3));
#10740 = VECTOR('',#10741,1.);
#10741 = DIRECTION('',(0.,1.,0.));
#10742 = PLANE('',#10743);
#10743 = AXIS2_PLACEMENT_3D('',#10744,#10745,#10746);
#10744 = CARTESIAN_POINT('',(23.5,32.5,12.8));
#10745 = DIRECTION('',(1.,0.,0.));
#10746 = DIRECTION('',(0.,0.,1.));
#10747 = ADVANCED_FACE('',(#10748),#10764,.F.);
#10748 = FACE_BOUND('',#10749,.F.);
#10749 = EDGE_LOOP('',(#10750,#10756,#10757,#10763));
#10750 = ORIENTED_EDGE('',*,*,#10751,.F.);
#10751 = EDGE_CURVE('',#10672,#10712,#10752,.T.);
#10752 = LINE('',#10753,#10754);
#10753 = CARTESIAN_POINT('',(18.5,32.5,12.8));
#10754 = VECTOR('',#10755,1.);
#10755 = DIRECTION('',(1.,0.,0.));
#10756 = ORIENTED_EDGE('',*,*,#10671,.T.);
#10757 = ORIENTED_EDGE('',*,*,#10758,.T.);
#10758 = EDGE_CURVE('',#10674,#10714,#10759,.T.);
#10759 = LINE('',#10760,#10761);
#10760 = CARTESIAN_POINT('',(18.5,32.5,14.3));
#10761 = VECTOR('',#10762,1.);
#10762 = DIRECTION('',(1.,0.,0.));
#10763 = ORIENTED_EDGE('',*,*,#10711,.F.);
#10764 = PLANE('',#10765);
#10765 = AXIS2_PLACEMENT_3D('',#10766,#10767,#10768);
#10766 = CARTESIAN_POINT('',(18.5,32.5,12.8));
#10767 = DIRECTION('',(0.,1.,0.));
#10768 = DIRECTION('',(0.,0.,1.));
#10769 = ADVANCED_FACE('',(#10770),#10786,.T.);
#10770 = FACE_BOUND('',#10771,.T.);
#10771 = EDGE_LOOP('',(#10772,#10778,#10779,#10785));
#10772 = ORIENTED_EDGE('',*,*,#10773,.F.);
#10773 = EDGE_CURVE('',#10682,#10722,#10774,.T.);
#10774 = LINE('',#10775,#10776);
#10775 = CARTESIAN_POINT('',(18.5,37.5,12.8));
#10776 = VECTOR('',#10777,1.);
#10777 = DIRECTION('',(1.,0.,0.));
#10778 = ORIENTED_EDGE('',*,*,#10689,.T.);
#10779 = ORIENTED_EDGE('',*,*,#10780,.T.);
#10780 = EDGE_CURVE('',#10690,#10730,#10781,.T.);
#10781 = LINE('',#10782,#10783);
#10782 = CARTESIAN_POINT('',(18.5,37.5,14.3));
#10783 = VECTOR('',#10784,1.);
#10784 = DIRECTION('',(1.,0.,0.));
#10785 = ORIENTED_EDGE('',*,*,#10729,.F.);
#10786 = PLANE('',#10787);
#10787 = AXIS2_PLACEMENT_3D('',#10788,#10789,#10790);
#10788 = CARTESIAN_POINT('',(18.5,37.5,12.8));
#10789 = DIRECTION('',(0.,1.,0.));
#10790 = DIRECTION('',(0.,0.,1.));
#10791 = ADVANCED_FACE('',(#10792),#10798,.F.);
#10792 = FACE_BOUND('',#10793,.F.);
#10793 = EDGE_LOOP('',(#10794,#10795,#10796,#10797));
#10794 = ORIENTED_EDGE('',*,*,#10681,.F.);
#10795 = ORIENTED_EDGE('',*,*,#10751,.T.);
#10796 = ORIENTED_EDGE('',*,*,#10721,.T.);
#10797 = ORIENTED_EDGE('',*,*,#10773,.F.);
#10798 = PLANE('',#10799);
#10799 = AXIS2_PLACEMENT_3D('',#10800,#10801,#10802);
#10800 = CARTESIAN_POINT('',(18.5,32.5,12.8));
#10801 = DIRECTION('',(0.,0.,1.));
#10802 = DIRECTION('',(1.,0.,0.));
#10803 = ADVANCED_FACE('',(#10804),#10810,.T.);
#10804 = FACE_BOUND('',#10805,.T.);
#10805 = EDGE_LOOP('',(#10806,#10807,#10808,#10809));
#10806 = ORIENTED_EDGE('',*,*,#10697,.F.);
#10807 = ORIENTED_EDGE('',*,*,#10758,.T.);
#10808 = ORIENTED_EDGE('',*,*,#10737,.T.);
#10809 = ORIENTED_EDGE('',*,*,#10780,.F.);
#10810 = PLANE('',#10811);
#10811 = AXIS2_PLACEMENT_3D('',#10812,#10813,#10814);
#10812 = CARTESIAN_POINT('',(18.5,32.5,14.3));
#10813 = DIRECTION('',(0.,0.,1.));
#10814 = DIRECTION('',(1.,0.,0.));
#10815 = MANIFOLD_SOLID_BREP('',#10816);
#10816 = CLOSED_SHELL('',(#10817,#10857,#10897,#10919,#10941,#10953));
#10817 = ADVANCED_FACE('',(#10818),#10852,.F.);
#10818 = FACE_BOUND('',#10819,.F.);
#10819 = EDGE_LOOP('',(#10820,#10830,#10838,#10846));
#10820 = ORIENTED_EDGE('',*,*,#10821,.F.);
#10821 = EDGE_CURVE('',#10822,#10824,#10826,.T.);
#10822 = VERTEX_POINT('',#10823);
#10823 = CARTESIAN_POINT('',(7.,15.,12.8));
#10824 = VERTEX_POINT('',#10825);
#10825 = CARTESIAN_POINT('',(7.,15.,13.4));
#10826 = LINE('',#10827,#10828);
#10827 = CARTESIAN_POINT('',(7.,15.,12.8));
#10828 = VECTOR('',#10829,1.);
#10829 = DIRECTION('',(0.,0.,1.));
#10830 = ORIENTED_EDGE('',*,*,#10831,.T.);
#10831 = EDGE_CURVE('',#10822,#10832,#10834,.T.);
#10832 = VERTEX_POINT('',#10833);
#10833 = CARTESIAN_POINT('',(7.,15.8,12.8));
#10834 = LINE('',#10835,#10836);
#10835 = CARTESIAN_POINT('',(7.,15.,12.8));
#10836 = VECTOR('',#10837,1.);
#10837 = DIRECTION('',(0.,1.,0.));
#10838 = ORIENTED_EDGE('',*,*,#10839,.T.);
#10839 = EDGE_CURVE('',#10832,#10840,#10842,.T.);
#10840 = VERTEX_POINT('',#10841);
#10841 = CARTESIAN_POINT('',(7.,15.8,13.4));
#10842 = LINE('',#10843,#10844);
#10843 = CARTESIAN_POINT('',(7.,15.8,12.8));
#10844 = VECTOR('',#10845,1.);
#10845 = DIRECTION('',(0.,0.,1.));
#10846 = ORIENTED_EDGE('',*,*,#10847,.F.);
#10847 = EDGE_CURVE('',#10824,#10840,#10848,.T.);
#10848 = LINE('',#10849,#10850);
#10849 = CARTESIAN_POINT('',(7.,15.,13.4));
#10850 = VECTOR('',#10851,1.);
#10851 = DIRECTION('',(0.,1.,0.));
#10852 = PLANE('',#10853);
#10853 = AXIS2_PLACEMENT_3D('',#10854,#10855,#10856);
#10854 = CARTESIAN_POINT('',(7.,15.,12.8));
#10855 = DIRECTION('',(1.,0.,0.));
#10856 = DIRECTION('',(0.,0.,1.));
#10857 = ADVANCED_FACE('',(#10858),#10892,.T.);
#10858 = FACE_BOUND('',#10859,.T.);
#10859 = EDGE_LOOP('',(#10860,#10870,#10878,#10886));
#10860 = ORIENTED_EDGE('',*,*,#10861,.F.);
#10861 = EDGE_CURVE('',#10862,#10864,#10866,.T.);
#10862 = VERTEX_POINT('',#10863);
#10863 = CARTESIAN_POINT('',(8.6,15.,12.8));
#10864 = VERTEX_POINT('',#10865);
#10865 = CARTESIAN_POINT('',(8.6,15.,13.4));
#10866 = LINE('',#10867,#10868);
#10867 = CARTESIAN_POINT('',(8.6,15.,12.8));
#10868 = VECTOR('',#10869,1.);
#10869 = DIRECTION('',(0.,0.,1.));
#10870 = ORIENTED_EDGE('',*,*,#10871,.T.);
#10871 = EDGE_CURVE('',#10862,#10872,#10874,.T.);
#10872 = VERTEX_POINT('',#10873);
#10873 = CARTESIAN_POINT('',(8.6,15.8,12.8));
#10874 = LINE('',#10875,#10876);
#10875 = CARTESIAN_POINT('',(8.6,15.,12.8));
#10876 = VECTOR('',#10877,1.);
#10877 = DIRECTION('',(0.,1.,0.));
#10878 = ORIENTED_EDGE('',*,*,#10879,.T.);
#10879 = EDGE_CURVE('',#10872,#10880,#10882,.T.);
#10880 = VERTEX_POINT('',#10881);
#10881 = CARTESIAN_POINT('',(8.6,15.8,13.4));
#10882 = LINE('',#10883,#10884);
#10883 = CARTESIAN_POINT('',(8.6,15.8,12.8));
#10884 = VECTOR('',#10885,1.);
#10885 = DIRECTION('',(0.,0.,1.));
#10886 = ORIENTED_EDGE('',*,*,#10887,.F.);
#10887 = EDGE_CURVE('',#10864,#10880,#10888,.T.);
#10888 = LINE('',#10889,#10890);
#10889 = CARTESIAN_POINT('',(8.6,15.,13.4));
#10890 = VECTOR('',#10891,1.);
#10891 = DIRECTION('',(0.,1.,0.));
#10892 = PLANE('',#10893);
#10893 = AXIS2_PLACEMENT_3D('',#10894,#10895,#10896);
#10894 = CARTESIAN_POINT('',(8.6,15.,12.8));
#10895 = DIRECTION('',(1.,0.,0.));
#10896 = DIRECTION('',(0.,0.,1.));
#10897 = ADVANCED_FACE('',(#10898),#10914,.F.);
#10898 = FACE_BOUND('',#10899,.F.);
#10899 = EDGE_LOOP('',(#10900,#10906,#10907,#10913));
#10900 = ORIENTED_EDGE('',*,*,#10901,.F.);
#10901 = EDGE_CURVE('',#10822,#10862,#10902,.T.);
#10902 = LINE('',#10903,#10904);
#10903 = CARTESIAN_POINT('',(7.,15.,12.8));
#10904 = VECTOR('',#10905,1.);
#10905 = DIRECTION('',(1.,0.,0.));
#10906 = ORIENTED_EDGE('',*,*,#10821,.T.);
#10907 = ORIENTED_EDGE('',*,*,#10908,.T.);
#10908 = EDGE_CURVE('',#10824,#10864,#10909,.T.);
#10909 = LINE('',#10910,#10911);
#10910 = CARTESIAN_POINT('',(7.,15.,13.4));
#10911 = VECTOR('',#10912,1.);
#10912 = DIRECTION('',(1.,0.,0.));
#10913 = ORIENTED_EDGE('',*,*,#10861,.F.);
#10914 = PLANE('',#10915);
#10915 = AXIS2_PLACEMENT_3D('',#10916,#10917,#10918);
#10916 = CARTESIAN_POINT('',(7.,15.,12.8));
#10917 = DIRECTION('',(0.,1.,0.));
#10918 = DIRECTION('',(0.,0.,1.));
#10919 = ADVANCED_FACE('',(#10920),#10936,.T.);
#10920 = FACE_BOUND('',#10921,.T.);
#10921 = EDGE_LOOP('',(#10922,#10928,#10929,#10935));
#10922 = ORIENTED_EDGE('',*,*,#10923,.F.);
#10923 = EDGE_CURVE('',#10832,#10872,#10924,.T.);
#10924 = LINE('',#10925,#10926);
#10925 = CARTESIAN_POINT('',(7.,15.8,12.8));
#10926 = VECTOR('',#10927,1.);
#10927 = DIRECTION('',(1.,0.,0.));
#10928 = ORIENTED_EDGE('',*,*,#10839,.T.);
#10929 = ORIENTED_EDGE('',*,*,#10930,.T.);
#10930 = EDGE_CURVE('',#10840,#10880,#10931,.T.);
#10931 = LINE('',#10932,#10933);
#10932 = CARTESIAN_POINT('',(7.,15.8,13.4));
#10933 = VECTOR('',#10934,1.);
#10934 = DIRECTION('',(1.,0.,0.));
#10935 = ORIENTED_EDGE('',*,*,#10879,.F.);
#10936 = PLANE('',#10937);
#10937 = AXIS2_PLACEMENT_3D('',#10938,#10939,#10940);
#10938 = CARTESIAN_POINT('',(7.,15.8,12.8));
#10939 = DIRECTION('',(0.,1.,0.));
#10940 = DIRECTION('',(0.,0.,1.));
#10941 = ADVANCED_FACE('',(#10942),#10948,.F.);
#10942 = FACE_BOUND('',#10943,.F.);
#10943 = EDGE_LOOP('',(#10944,#10945,#10946,#10947));
#10944 = ORIENTED_EDGE('',*,*,#10831,.F.);
#10945 = ORIENTED_EDGE('',*,*,#10901,.T.);
#10946 = ORIENTED_EDGE('',*,*,#10871,.T.);
#10947 = ORIENTED_EDGE('',*,*,#10923,.F.);
#10948 = PLANE('',#10949);
#10949 = AXIS2_PLACEMENT_3D('',#10950,#10951,#10952);
#10950 = CARTESIAN_POINT('',(7.,15.,12.8));
#10951 = DIRECTION('',(0.,0.,1.));
#10952 = DIRECTION('',(1.,0.,0.));
#10953 = ADVANCED_FACE('',(#10954),#10960,.T.);
#10954 = FACE_BOUND('',#10955,.T.);
#10955 = EDGE_LOOP('',(#10956,#10957,#10958,#10959));
#10956 = ORIENTED_EDGE('',*,*,#10847,.F.);
#10957 = ORIENTED_EDGE('',*,*,#10908,.T.);
#10958 = ORIENTED_EDGE('',*,*,#10887,.T.);
#10959 = ORIENTED_EDGE('',*,*,#10930,.F.);
#10960 = PLANE('',#10961);
#10961 = AXIS2_PLACEMENT_3D('',#10962,#10963,#10964);
#10962 = CARTESIAN_POINT('',(7.,15.,13.4));
#10963 = DIRECTION('',(0.,0.,1.));
#10964 = DIRECTION('',(1.,0.,0.));
#10965 = MANIFOLD_SOLID_BREP('',#10966);
#10966 = CLOSED_SHELL('',(#10967,#11007,#11047,#11069,#11091,#11103));
#10967 = ADVANCED_FACE('',(#10968),#11002,.F.);
#10968 = FACE_BOUND('',#10969,.F.);
#10969 = EDGE_LOOP('',(#10970,#10980,#10988,#10996));
#10970 = ORIENTED_EDGE('',*,*,#10971,.F.);
#10971 = EDGE_CURVE('',#10972,#10974,#10976,.T.);
#10972 = VERTEX_POINT('',#10973);
#10973 = CARTESIAN_POINT('',(7.,18.,12.8));
#10974 = VERTEX_POINT('',#10975);
#10975 = CARTESIAN_POINT('',(7.,18.,13.4));
#10976 = LINE('',#10977,#10978);
#10977 = CARTESIAN_POINT('',(7.,18.,12.8));
#10978 = VECTOR('',#10979,1.);
#10979 = DIRECTION('',(0.,0.,1.));
#10980 = ORIENTED_EDGE('',*,*,#10981,.T.);
#10981 = EDGE_CURVE('',#10972,#10982,#10984,.T.);
#10982 = VERTEX_POINT('',#10983);
#10983 = CARTESIAN_POINT('',(7.,18.8,12.8));
#10984 = LINE('',#10985,#10986);
#10985 = CARTESIAN_POINT('',(7.,18.,12.8));
#10986 = VECTOR('',#10987,1.);
#10987 = DIRECTION('',(0.,1.,0.));
#10988 = ORIENTED_EDGE('',*,*,#10989,.T.);
#10989 = EDGE_CURVE('',#10982,#10990,#10992,.T.);
#10990 = VERTEX_POINT('',#10991);
#10991 = CARTESIAN_POINT('',(7.,18.8,13.4));
#10992 = LINE('',#10993,#10994);
#10993 = CARTESIAN_POINT('',(7.,18.8,12.8));
#10994 = VECTOR('',#10995,1.);
#10995 = DIRECTION('',(0.,0.,1.));
#10996 = ORIENTED_EDGE('',*,*,#10997,.F.);
#10997 = EDGE_CURVE('',#10974,#10990,#10998,.T.);
#10998 = LINE('',#10999,#11000);
#10999 = CARTESIAN_POINT('',(7.,18.,13.4));
#11000 = VECTOR('',#11001,1.);
#11001 = DIRECTION('',(0.,1.,0.));
#11002 = PLANE('',#11003);
#11003 = AXIS2_PLACEMENT_3D('',#11004,#11005,#11006);
#11004 = CARTESIAN_POINT('',(7.,18.,12.8));
#11005 = DIRECTION('',(1.,0.,0.));
#11006 = DIRECTION('',(0.,0.,1.));
#11007 = ADVANCED_FACE('',(#11008),#11042,.T.);
#11008 = FACE_BOUND('',#11009,.T.);
#11009 = EDGE_LOOP('',(#11010,#11020,#11028,#11036));
#11010 = ORIENTED_EDGE('',*,*,#11011,.F.);
#11011 = EDGE_CURVE('',#11012,#11014,#11016,.T.);
#11012 = VERTEX_POINT('',#11013);
#11013 = CARTESIAN_POINT('',(8.6,18.,12.8));
#11014 = VERTEX_POINT('',#11015);
#11015 = CARTESIAN_POINT('',(8.6,18.,13.4));
#11016 = LINE('',#11017,#11018);
#11017 = CARTESIAN_POINT('',(8.6,18.,12.8));
#11018 = VECTOR('',#11019,1.);
#11019 = DIRECTION('',(0.,0.,1.));
#11020 = ORIENTED_EDGE('',*,*,#11021,.T.);
#11021 = EDGE_CURVE('',#11012,#11022,#11024,.T.);
#11022 = VERTEX_POINT('',#11023);
#11023 = CARTESIAN_POINT('',(8.6,18.8,12.8));
#11024 = LINE('',#11025,#11026);
#11025 = CARTESIAN_POINT('',(8.6,18.,12.8));
#11026 = VECTOR('',#11027,1.);
#11027 = DIRECTION('',(0.,1.,0.));
#11028 = ORIENTED_EDGE('',*,*,#11029,.T.);
#11029 = EDGE_CURVE('',#11022,#11030,#11032,.T.);
#11030 = VERTEX_POINT('',#11031);
#11031 = CARTESIAN_POINT('',(8.6,18.8,13.4));
#11032 = LINE('',#11033,#11034);
#11033 = CARTESIAN_POINT('',(8.6,18.8,12.8));
#11034 = VECTOR('',#11035,1.);
#11035 = DIRECTION('',(0.,0.,1.));
#11036 = ORIENTED_EDGE('',*,*,#11037,.F.);
#11037 = EDGE_CURVE('',#11014,#11030,#11038,.T.);
#11038 = LINE('',#11039,#11040);
#11039 = CARTESIAN_POINT('',(8.6,18.,13.4));
#11040 = VECTOR('',#11041,1.);
#11041 = DIRECTION('',(0.,1.,0.));
#11042 = PLANE('',#11043);
#11043 = AXIS2_PLACEMENT_3D('',#11044,#11045,#11046);
#11044 = CARTESIAN_POINT('',(8.6,18.,12.8));
#11045 = DIRECTION('',(1.,0.,0.));
#11046 = DIRECTION('',(0.,0.,1.));
#11047 = ADVANCED_FACE('',(#11048),#11064,.F.);
#11048 = FACE_BOUND('',#11049,.F.);
#11049 = EDGE_LOOP('',(#11050,#11056,#11057,#11063));
#11050 = ORIENTED_EDGE('',*,*,#11051,.F.);
#11051 = EDGE_CURVE('',#10972,#11012,#11052,.T.);
#11052 = LINE('',#11053,#11054);
#11053 = CARTESIAN_POINT('',(7.,18.,12.8));
#11054 = VECTOR('',#11055,1.);
#11055 = DIRECTION('',(1.,0.,0.));
#11056 = ORIENTED_EDGE('',*,*,#10971,.T.);
#11057 = ORIENTED_EDGE('',*,*,#11058,.T.);
#11058 = EDGE_CURVE('',#10974,#11014,#11059,.T.);
#11059 = LINE('',#11060,#11061);
#11060 = CARTESIAN_POINT('',(7.,18.,13.4));
#11061 = VECTOR('',#11062,1.);
#11062 = DIRECTION('',(1.,0.,0.));
#11063 = ORIENTED_EDGE('',*,*,#11011,.F.);
#11064 = PLANE('',#11065);
#11065 = AXIS2_PLACEMENT_3D('',#11066,#11067,#11068);
#11066 = CARTESIAN_POINT('',(7.,18.,12.8));
#11067 = DIRECTION('',(0.,1.,0.));
#11068 = DIRECTION('',(0.,0.,1.));
#11069 = ADVANCED_FACE('',(#11070),#11086,.T.);
#11070 = FACE_BOUND('',#11071,.T.);
#11071 = EDGE_LOOP('',(#11072,#11078,#11079,#11085));
#11072 = ORIENTED_EDGE('',*,*,#11073,.F.);
#11073 = EDGE_CURVE('',#10982,#11022,#11074,.T.);
#11074 = LINE('',#11075,#11076);
#11075 = CARTESIAN_POINT('',(7.,18.8,12.8));
#11076 = VECTOR('',#11077,1.);
#11077 = DIRECTION('',(1.,0.,0.));
#11078 = ORIENTED_EDGE('',*,*,#10989,.T.);
#11079 = ORIENTED_EDGE('',*,*,#11080,.T.);
#11080 = EDGE_CURVE('',#10990,#11030,#11081,.T.);
#11081 = LINE('',#11082,#11083);
#11082 = CARTESIAN_POINT('',(7.,18.8,13.4));
#11083 = VECTOR('',#11084,1.);
#11084 = DIRECTION('',(1.,0.,0.));
#11085 = ORIENTED_EDGE('',*,*,#11029,.F.);
#11086 = PLANE('',#11087);
#11087 = AXIS2_PLACEMENT_3D('',#11088,#11089,#11090);
#11088 = CARTESIAN_POINT('',(7.,18.8,12.8));
#11089 = DIRECTION('',(0.,1.,0.));
#11090 = DIRECTION('',(0.,0.,1.));
#11091 = ADVANCED_FACE('',(#11092),#11098,.F.);
#11092 = FACE_BOUND('',#11093,.F.);
#11093 = EDGE_LOOP('',(#11094,#11095,#11096,#11097));
#11094 = ORIENTED_EDGE('',*,*,#10981,.F.);
#11095 = ORIENTED_EDGE('',*,*,#11051,.T.);
#11096 = ORIENTED_EDGE('',*,*,#11021,.T.);
#11097 = ORIENTED_EDGE('',*,*,#11073,.F.);
#11098 = PLANE('',#11099);
#11099 = AXIS2_PLACEMENT_3D('',#11100,#11101,#11102);
#11100 = CARTESIAN_POINT('',(7.,18.,12.8));
#11101 = DIRECTION('',(0.,0.,1.));
#11102 = DIRECTION('',(1.,0.,0.));
#11103 = ADVANCED_FACE('',(#11104),#11110,.T.);
#11104 = FACE_BOUND('',#11105,.T.);
#11105 = EDGE_LOOP('',(#11106,#11107,#11108,#11109));
#11106 = ORIENTED_EDGE('',*,*,#10997,.F.);
#11107 = ORIENTED_EDGE('',*,*,#11058,.T.);
#11108 = ORIENTED_EDGE('',*,*,#11037,.T.);
#11109 = ORIENTED_EDGE('',*,*,#11080,.F.);
#11110 = PLANE('',#11111);
#11111 = AXIS2_PLACEMENT_3D('',#11112,#11113,#11114);
#11112 = CARTESIAN_POINT('',(7.,18.,13.4));
#11113 = DIRECTION('',(0.,0.,1.));
#11114 = DIRECTION('',(1.,0.,0.));
#11115 = MANIFOLD_SOLID_BREP('',#11116);
#11116 = CLOSED_SHELL('',(#11117,#11157,#11197,#11219,#11241,#11253));
#11117 = ADVANCED_FACE('',(#11118),#11152,.F.);
#11118 = FACE_BOUND('',#11119,.F.);
#11119 = EDGE_LOOP('',(#11120,#11130,#11138,#11146));
#11120 = ORIENTED_EDGE('',*,*,#11121,.F.);
#11121 = EDGE_CURVE('',#11122,#11124,#11126,.T.);
#11122 = VERTEX_POINT('',#11123);
#11123 = CARTESIAN_POINT('',(7.,35.,12.8));
#11124 = VERTEX_POINT('',#11125);
#11125 = CARTESIAN_POINT('',(7.,35.,13.4));
#11126 = LINE('',#11127,#11128);
#11127 = CARTESIAN_POINT('',(7.,35.,12.8));
#11128 = VECTOR('',#11129,1.);
#11129 = DIRECTION('',(0.,0.,1.));
#11130 = ORIENTED_EDGE('',*,*,#11131,.T.);
#11131 = EDGE_CURVE('',#11122,#11132,#11134,.T.);
#11132 = VERTEX_POINT('',#11133);
#11133 = CARTESIAN_POINT('',(7.,35.8,12.8));
#11134 = LINE('',#11135,#11136);
#11135 = CARTESIAN_POINT('',(7.,35.,12.8));
#11136 = VECTOR('',#11137,1.);
#11137 = DIRECTION('',(0.,1.,0.));
#11138 = ORIENTED_EDGE('',*,*,#11139,.T.);
#11139 = EDGE_CURVE('',#11132,#11140,#11142,.T.);
#11140 = VERTEX_POINT('',#11141);
#11141 = CARTESIAN_POINT('',(7.,35.8,13.4));
#11142 = LINE('',#11143,#11144);
#11143 = CARTESIAN_POINT('',(7.,35.8,12.8));
#11144 = VECTOR('',#11145,1.);
#11145 = DIRECTION('',(0.,0.,1.));
#11146 = ORIENTED_EDGE('',*,*,#11147,.F.);
#11147 = EDGE_CURVE('',#11124,#11140,#11148,.T.);
#11148 = LINE('',#11149,#11150);
#11149 = CARTESIAN_POINT('',(7.,35.,13.4));
#11150 = VECTOR('',#11151,1.);
#11151 = DIRECTION('',(0.,1.,0.));
#11152 = PLANE('',#11153);
#11153 = AXIS2_PLACEMENT_3D('',#11154,#11155,#11156);
#11154 = CARTESIAN_POINT('',(7.,35.,12.8));
#11155 = DIRECTION('',(1.,0.,0.));
#11156 = DIRECTION('',(0.,0.,1.));
#11157 = ADVANCED_FACE('',(#11158),#11192,.T.);
#11158 = FACE_BOUND('',#11159,.T.);
#11159 = EDGE_LOOP('',(#11160,#11170,#11178,#11186));
#11160 = ORIENTED_EDGE('',*,*,#11161,.F.);
#11161 = EDGE_CURVE('',#11162,#11164,#11166,.T.);
#11162 = VERTEX_POINT('',#11163);
#11163 = CARTESIAN_POINT('',(8.6,35.,12.8));
#11164 = VERTEX_POINT('',#11165);
#11165 = CARTESIAN_POINT('',(8.6,35.,13.4));
#11166 = LINE('',#11167,#11168);
#11167 = CARTESIAN_POINT('',(8.6,35.,12.8));
#11168 = VECTOR('',#11169,1.);
#11169 = DIRECTION('',(0.,0.,1.));
#11170 = ORIENTED_EDGE('',*,*,#11171,.T.);
#11171 = EDGE_CURVE('',#11162,#11172,#11174,.T.);
#11172 = VERTEX_POINT('',#11173);
#11173 = CARTESIAN_POINT('',(8.6,35.8,12.8));
#11174 = LINE('',#11175,#11176);
#11175 = CARTESIAN_POINT('',(8.6,35.,12.8));
#11176 = VECTOR('',#11177,1.);
#11177 = DIRECTION('',(0.,1.,0.));
#11178 = ORIENTED_EDGE('',*,*,#11179,.T.);
#11179 = EDGE_CURVE('',#11172,#11180,#11182,.T.);
#11180 = VERTEX_POINT('',#11181);
#11181 = CARTESIAN_POINT('',(8.6,35.8,13.4));
#11182 = LINE('',#11183,#11184);
#11183 = CARTESIAN_POINT('',(8.6,35.8,12.8));
#11184 = VECTOR('',#11185,1.);
#11185 = DIRECTION('',(0.,0.,1.));
#11186 = ORIENTED_EDGE('',*,*,#11187,.F.);
#11187 = EDGE_CURVE('',#11164,#11180,#11188,.T.);
#11188 = LINE('',#11189,#11190);
#11189 = CARTESIAN_POINT('',(8.6,35.,13.4));
#11190 = VECTOR('',#11191,1.);
#11191 = DIRECTION('',(0.,1.,0.));
#11192 = PLANE('',#11193);
#11193 = AXIS2_PLACEMENT_3D('',#11194,#11195,#11196);
#11194 = CARTESIAN_POINT('',(8.6,35.,12.8));
#11195 = DIRECTION('',(1.,0.,0.));
#11196 = DIRECTION('',(0.,0.,1.));
#11197 = ADVANCED_FACE('',(#11198),#11214,.F.);
#11198 = FACE_BOUND('',#11199,.F.);
#11199 = EDGE_LOOP('',(#11200,#11206,#11207,#11213));
#11200 = ORIENTED_EDGE('',*,*,#11201,.F.);
#11201 = EDGE_CURVE('',#11122,#11162,#11202,.T.);
#11202 = LINE('',#11203,#11204);
#11203 = CARTESIAN_POINT('',(7.,35.,12.8));
#11204 = VECTOR('',#11205,1.);
#11205 = DIRECTION('',(1.,0.,0.));
#11206 = ORIENTED_EDGE('',*,*,#11121,.T.);
#11207 = ORIENTED_EDGE('',*,*,#11208,.T.);
#11208 = EDGE_CURVE('',#11124,#11164,#11209,.T.);
#11209 = LINE('',#11210,#11211);
#11210 = CARTESIAN_POINT('',(7.,35.,13.4));
#11211 = VECTOR('',#11212,1.);
#11212 = DIRECTION('',(1.,0.,0.));
#11213 = ORIENTED_EDGE('',*,*,#11161,.F.);
#11214 = PLANE('',#11215);
#11215 = AXIS2_PLACEMENT_3D('',#11216,#11217,#11218);
#11216 = CARTESIAN_POINT('',(7.,35.,12.8));
#11217 = DIRECTION('',(0.,1.,0.));
#11218 = DIRECTION('',(0.,0.,1.));
#11219 = ADVANCED_FACE('',(#11220),#11236,.T.);
#11220 = FACE_BOUND('',#11221,.T.);
#11221 = EDGE_LOOP('',(#11222,#11228,#11229,#11235));
#11222 = ORIENTED_EDGE('',*,*,#11223,.F.);
#11223 = EDGE_CURVE('',#11132,#11172,#11224,.T.);
#11224 = LINE('',#11225,#11226);
#11225 = CARTESIAN_POINT('',(7.,35.8,12.8));
#11226 = VECTOR('',#11227,1.);
#11227 = DIRECTION('',(1.,0.,0.));
#11228 = ORIENTED_EDGE('',*,*,#11139,.T.);
#11229 = ORIENTED_EDGE('',*,*,#11230,.T.);
#11230 = EDGE_CURVE('',#11140,#11180,#11231,.T.);
#11231 = LINE('',#11232,#11233);
#11232 = CARTESIAN_POINT('',(7.,35.8,13.4));
#11233 = VECTOR('',#11234,1.);
#11234 = DIRECTION('',(1.,0.,0.));
#11235 = ORIENTED_EDGE('',*,*,#11179,.F.);
#11236 = PLANE('',#11237);
#11237 = AXIS2_PLACEMENT_3D('',#11238,#11239,#11240);
#11238 = CARTESIAN_POINT('',(7.,35.8,12.8));
#11239 = DIRECTION('',(0.,1.,0.));
#11240 = DIRECTION('',(0.,0.,1.));
#11241 = ADVANCED_FACE('',(#11242),#11248,.F.);
#11242 = FACE_BOUND('',#11243,.F.);
#11243 = EDGE_LOOP('',(#11244,#11245,#11246,#11247));
#11244 = ORIENTED_EDGE('',*,*,#11131,.F.);
#11245 = ORIENTED_EDGE('',*,*,#11201,.T.);
#11246 = ORIENTED_EDGE('',*,*,#11171,.T.);
#11247 = ORIENTED_EDGE('',*,*,#11223,.F.);
#11248 = PLANE('',#11249);
#11249 = AXIS2_PLACEMENT_3D('',#11250,#11251,#11252);
#11250 = CARTESIAN_POINT('',(7.,35.,12.8));
#11251 = DIRECTION('',(0.,0.,1.));
#11252 = DIRECTION('',(1.,0.,0.));
#11253 = ADVANCED_FACE('',(#11254),#11260,.T.);
#11254 = FACE_BOUND('',#11255,.T.);
#11255 = EDGE_LOOP('',(#11256,#11257,#11258,#11259));
#11256 = ORIENTED_EDGE('',*,*,#11147,.F.);
#11257 = ORIENTED_EDGE('',*,*,#11208,.T.);
#11258 = ORIENTED_EDGE('',*,*,#11187,.T.);
#11259 = ORIENTED_EDGE('',*,*,#11230,.F.);
#11260 = PLANE('',#11261);
#11261 = AXIS2_PLACEMENT_3D('',#11262,#11263,#11264);
#11262 = CARTESIAN_POINT('',(7.,35.,13.4));
#11263 = DIRECTION('',(0.,0.,1.));
#11264 = DIRECTION('',(1.,0.,0.));
#11265 = MANIFOLD_SOLID_BREP('',#11266);
#11266 = CLOSED_SHELL('',(#11267,#11307,#11347,#11369,#11391,#11403));
#11267 = ADVANCED_FACE('',(#11268),#11302,.F.);
#11268 = FACE_BOUND('',#11269,.F.);
#11269 = EDGE_LOOP('',(#11270,#11280,#11288,#11296));
#11270 = ORIENTED_EDGE('',*,*,#11271,.F.);
#11271 = EDGE_CURVE('',#11272,#11274,#11276,.T.);
#11272 = VERTEX_POINT('',#11273);
#11273 = CARTESIAN_POINT('',(7.,38.,12.8));
#11274 = VERTEX_POINT('',#11275);
#11275 = CARTESIAN_POINT('',(7.,38.,13.4));
#11276 = LINE('',#11277,#11278);
#11277 = CARTESIAN_POINT('',(7.,38.,12.8));
#11278 = VECTOR('',#11279,1.);
#11279 = DIRECTION('',(0.,0.,1.));
#11280 = ORIENTED_EDGE('',*,*,#11281,.T.);
#11281 = EDGE_CURVE('',#11272,#11282,#11284,.T.);
#11282 = VERTEX_POINT('',#11283);
#11283 = CARTESIAN_POINT('',(7.,38.8,12.8));
#11284 = LINE('',#11285,#11286);
#11285 = CARTESIAN_POINT('',(7.,38.,12.8));
#11286 = VECTOR('',#11287,1.);
#11287 = DIRECTION('',(0.,1.,0.));
#11288 = ORIENTED_EDGE('',*,*,#11289,.T.);
#11289 = EDGE_CURVE('',#11282,#11290,#11292,.T.);
#11290 = VERTEX_POINT('',#11291);
#11291 = CARTESIAN_POINT('',(7.,38.8,13.4));
#11292 = LINE('',#11293,#11294);
#11293 = CARTESIAN_POINT('',(7.,38.8,12.8));
#11294 = VECTOR('',#11295,1.);
#11295 = DIRECTION('',(0.,0.,1.));
#11296 = ORIENTED_EDGE('',*,*,#11297,.F.);
#11297 = EDGE_CURVE('',#11274,#11290,#11298,.T.);
#11298 = LINE('',#11299,#11300);
#11299 = CARTESIAN_POINT('',(7.,38.,13.4));
#11300 = VECTOR('',#11301,1.);
#11301 = DIRECTION('',(0.,1.,0.));
#11302 = PLANE('',#11303);
#11303 = AXIS2_PLACEMENT_3D('',#11304,#11305,#11306);
#11304 = CARTESIAN_POINT('',(7.,38.,12.8));
#11305 = DIRECTION('',(1.,0.,0.));
#11306 = DIRECTION('',(0.,0.,1.));
#11307 = ADVANCED_FACE('',(#11308),#11342,.T.);
#11308 = FACE_BOUND('',#11309,.T.);
#11309 = EDGE_LOOP('',(#11310,#11320,#11328,#11336));
#11310 = ORIENTED_EDGE('',*,*,#11311,.F.);
#11311 = EDGE_CURVE('',#11312,#11314,#11316,.T.);
#11312 = VERTEX_POINT('',#11313);
#11313 = CARTESIAN_POINT('',(8.6,38.,12.8));
#11314 = VERTEX_POINT('',#11315);
#11315 = CARTESIAN_POINT('',(8.6,38.,13.4));
#11316 = LINE('',#11317,#11318);
#11317 = CARTESIAN_POINT('',(8.6,38.,12.8));
#11318 = VECTOR('',#11319,1.);
#11319 = DIRECTION('',(0.,0.,1.));
#11320 = ORIENTED_EDGE('',*,*,#11321,.T.);
#11321 = EDGE_CURVE('',#11312,#11322,#11324,.T.);
#11322 = VERTEX_POINT('',#11323);
#11323 = CARTESIAN_POINT('',(8.6,38.8,12.8));
#11324 = LINE('',#11325,#11326);
#11325 = CARTESIAN_POINT('',(8.6,38.,12.8));
#11326 = VECTOR('',#11327,1.);
#11327 = DIRECTION('',(0.,1.,0.));
#11328 = ORIENTED_EDGE('',*,*,#11329,.T.);
#11329 = EDGE_CURVE('',#11322,#11330,#11332,.T.);
#11330 = VERTEX_POINT('',#11331);
#11331 = CARTESIAN_POINT('',(8.6,38.8,13.4));
#11332 = LINE('',#11333,#11334);
#11333 = CARTESIAN_POINT('',(8.6,38.8,12.8));
#11334 = VECTOR('',#11335,1.);
#11335 = DIRECTION('',(0.,0.,1.));
#11336 = ORIENTED_EDGE('',*,*,#11337,.F.);
#11337 = EDGE_CURVE('',#11314,#11330,#11338,.T.);
#11338 = LINE('',#11339,#11340);
#11339 = CARTESIAN_POINT('',(8.6,38.,13.4));
#11340 = VECTOR('',#11341,1.);
#11341 = DIRECTION('',(0.,1.,0.));
#11342 = PLANE('',#11343);
#11343 = AXIS2_PLACEMENT_3D('',#11344,#11345,#11346);
#11344 = CARTESIAN_POINT('',(8.6,38.,12.8));
#11345 = DIRECTION('',(1.,0.,0.));
#11346 = DIRECTION('',(0.,0.,1.));
#11347 = ADVANCED_FACE('',(#11348),#11364,.F.);
#11348 = FACE_BOUND('',#11349,.F.);
#11349 = EDGE_LOOP('',(#11350,#11356,#11357,#11363));
#11350 = ORIENTED_EDGE('',*,*,#11351,.F.);
#11351 = EDGE_CURVE('',#11272,#11312,#11352,.T.);
#11352 = LINE('',#11353,#11354);
#11353 = CARTESIAN_POINT('',(7.,38.,12.8));
#11354 = VECTOR('',#11355,1.);
#11355 = DIRECTION('',(1.,0.,0.));
#11356 = ORIENTED_EDGE('',*,*,#11271,.T.);
#11357 = ORIENTED_EDGE('',*,*,#11358,.T.);
#11358 = EDGE_CURVE('',#11274,#11314,#11359,.T.);
#11359 = LINE('',#11360,#11361);
#11360 = CARTESIAN_POINT('',(7.,38.,13.4));
#11361 = VECTOR('',#11362,1.);
#11362 = DIRECTION('',(1.,0.,0.));
#11363 = ORIENTED_EDGE('',*,*,#11311,.F.);
#11364 = PLANE('',#11365);
#11365 = AXIS2_PLACEMENT_3D('',#11366,#11367,#11368);
#11366 = CARTESIAN_POINT('',(7.,38.,12.8));
#11367 = DIRECTION('',(0.,1.,0.));
#11368 = DIRECTION('',(0.,0.,1.));
#11369 = ADVANCED_FACE('',(#11370),#11386,.T.);
#11370 = FACE_BOUND('',#11371,.T.);
#11371 = EDGE_LOOP('',(#11372,#11378,#11379,#11385));
#11372 = ORIENTED_EDGE('',*,*,#11373,.F.);
#11373 = EDGE_CURVE('',#11282,#11322,#11374,.T.);
#11374 = LINE('',#11375,#11376);
#11375 = CARTESIAN_POINT('',(7.,38.8,12.8));
#11376 = VECTOR('',#11377,1.);
#11377 = DIRECTION('',(1.,0.,0.));
#11378 = ORIENTED_EDGE('',*,*,#11289,.T.);
#11379 = ORIENTED_EDGE('',*,*,#11380,.T.);
#11380 = EDGE_CURVE('',#11290,#11330,#11381,.T.);
#11381 = LINE('',#11382,#11383);
#11382 = CARTESIAN_POINT('',(7.,38.8,13.4));
#11383 = VECTOR('',#11384,1.);
#11384 = DIRECTION('',(1.,0.,0.));
#11385 = ORIENTED_EDGE('',*,*,#11329,.F.);
#11386 = PLANE('',#11387);
#11387 = AXIS2_PLACEMENT_3D('',#11388,#11389,#11390);
#11388 = CARTESIAN_POINT('',(7.,38.8,12.8));
#11389 = DIRECTION('',(0.,1.,0.));
#11390 = DIRECTION('',(0.,0.,1.));
#11391 = ADVANCED_FACE('',(#11392),#11398,.F.);
#11392 = FACE_BOUND('',#11393,.F.);
#11393 = EDGE_LOOP('',(#11394,#11395,#11396,#11397));
#11394 = ORIENTED_EDGE('',*,*,#11281,.F.);
#11395 = ORIENTED_EDGE('',*,*,#11351,.T.);
#11396 = ORIENTED_EDGE('',*,*,#11321,.T.);
#11397 = ORIENTED_EDGE('',*,*,#11373,.F.);
#11398 = PLANE('',#11399);
#11399 = AXIS2_PLACEMENT_3D('',#11400,#11401,#11402);
#11400 = CARTESIAN_POINT('',(7.,38.,12.8));
#11401 = DIRECTION('',(0.,0.,1.));
#11402 = DIRECTION('',(1.,0.,0.));
#11403 = ADVANCED_FACE('',(#11404),#11410,.T.);
#11404 = FACE_BOUND('',#11405,.T.);
#11405 = EDGE_LOOP('',(#11406,#11407,#11408,#11409));
#11406 = ORIENTED_EDGE('',*,*,#11297,.F.);
#11407 = ORIENTED_EDGE('',*,*,#11358,.T.);
#11408 = ORIENTED_EDGE('',*,*,#11337,.T.);
#11409 = ORIENTED_EDGE('',*,*,#11380,.F.);
#11410 = PLANE('',#11411);
#11411 = AXIS2_PLACEMENT_3D('',#11412,#11413,#11414);
#11412 = CARTESIAN_POINT('',(7.,38.,13.4));
#11413 = DIRECTION('',(0.,0.,1.));
#11414 = DIRECTION('',(1.,0.,0.));
#11415 = MANIFOLD_SOLID_BREP('',#11416);
#11416 = CLOSED_SHELL('',(#11417,#11457,#11497,#11519,#11541,#11553));
#11417 = ADVANCED_FACE('',(#11418),#11452,.F.);
#11418 = FACE_BOUND('',#11419,.F.);
#11419 = EDGE_LOOP('',(#11420,#11430,#11438,#11446));
#11420 = ORIENTED_EDGE('',*,*,#11421,.F.);
#11421 = EDGE_CURVE('',#11422,#11424,#11426,.T.);
#11422 = VERTEX_POINT('',#11423);
#11423 = CARTESIAN_POINT('',(10.,10.,12.8));
#11424 = VERTEX_POINT('',#11425);
#11425 = CARTESIAN_POINT('',(10.,10.,13.4));
#11426 = LINE('',#11427,#11428);
#11427 = CARTESIAN_POINT('',(10.,10.,12.8));
#11428 = VECTOR('',#11429,1.);
#11429 = DIRECTION('',(0.,0.,1.));
#11430 = ORIENTED_EDGE('',*,*,#11431,.T.);
#11431 = EDGE_CURVE('',#11422,#11432,#11434,.T.);
#11432 = VERTEX_POINT('',#11433);
#11433 = CARTESIAN_POINT('',(10.,10.8,12.8));
#11434 = LINE('',#11435,#11436);
#11435 = CARTESIAN_POINT('',(10.,10.,12.8));
#11436 = VECTOR('',#11437,1.);
#11437 = DIRECTION('',(0.,1.,0.));
#11438 = ORIENTED_EDGE('',*,*,#11439,.T.);
#11439 = EDGE_CURVE('',#11432,#11440,#11442,.T.);
#11440 = VERTEX_POINT('',#11441);
#11441 = CARTESIAN_POINT('',(10.,10.8,13.4));
#11442 = LINE('',#11443,#11444);
#11443 = CARTESIAN_POINT('',(10.,10.8,12.8));
#11444 = VECTOR('',#11445,1.);
#11445 = DIRECTION('',(0.,0.,1.));
#11446 = ORIENTED_EDGE('',*,*,#11447,.F.);
#11447 = EDGE_CURVE('',#11424,#11440,#11448,.T.);
#11448 = LINE('',#11449,#11450);
#11449 = CARTESIAN_POINT('',(10.,10.,13.4));
#11450 = VECTOR('',#11451,1.);
#11451 = DIRECTION('',(0.,1.,0.));
#11452 = PLANE('',#11453);
#11453 = AXIS2_PLACEMENT_3D('',#11454,#11455,#11456);
#11454 = CARTESIAN_POINT('',(10.,10.,12.8));
#11455 = DIRECTION('',(1.,0.,0.));
#11456 = DIRECTION('',(0.,0.,1.));
#11457 = ADVANCED_FACE('',(#11458),#11492,.T.);
#11458 = FACE_BOUND('',#11459,.T.);
#11459 = EDGE_LOOP('',(#11460,#11470,#11478,#11486));
#11460 = ORIENTED_EDGE('',*,*,#11461,.F.);
#11461 = EDGE_CURVE('',#11462,#11464,#11466,.T.);
#11462 = VERTEX_POINT('',#11463);
#11463 = CARTESIAN_POINT('',(11.6,10.,12.8));
#11464 = VERTEX_POINT('',#11465);
#11465 = CARTESIAN_POINT('',(11.6,10.,13.4));
#11466 = LINE('',#11467,#11468);
#11467 = CARTESIAN_POINT('',(11.6,10.,12.8));
#11468 = VECTOR('',#11469,1.);
#11469 = DIRECTION('',(0.,0.,1.));
#11470 = ORIENTED_EDGE('',*,*,#11471,.T.);
#11471 = EDGE_CURVE('',#11462,#11472,#11474,.T.);
#11472 = VERTEX_POINT('',#11473);
#11473 = CARTESIAN_POINT('',(11.6,10.8,12.8));
#11474 = LINE('',#11475,#11476);
#11475 = CARTESIAN_POINT('',(11.6,10.,12.8));
#11476 = VECTOR('',#11477,1.);
#11477 = DIRECTION('',(0.,1.,0.));
#11478 = ORIENTED_EDGE('',*,*,#11479,.T.);
#11479 = EDGE_CURVE('',#11472,#11480,#11482,.T.);
#11480 = VERTEX_POINT('',#11481);
#11481 = CARTESIAN_POINT('',(11.6,10.8,13.4));
#11482 = LINE('',#11483,#11484);
#11483 = CARTESIAN_POINT('',(11.6,10.8,12.8));
#11484 = VECTOR('',#11485,1.);
#11485 = DIRECTION('',(0.,0.,1.));
#11486 = ORIENTED_EDGE('',*,*,#11487,.F.);
#11487 = EDGE_CURVE('',#11464,#11480,#11488,.T.);
#11488 = LINE('',#11489,#11490);
#11489 = CARTESIAN_POINT('',(11.6,10.,13.4));
#11490 = VECTOR('',#11491,1.);
#11491 = DIRECTION('',(0.,1.,0.));
#11492 = PLANE('',#11493);
#11493 = AXIS2_PLACEMENT_3D('',#11494,#11495,#11496);
#11494 = CARTESIAN_POINT('',(11.6,10.,12.8));
#11495 = DIRECTION('',(1.,0.,0.));
#11496 = DIRECTION('',(0.,0.,1.));
#11497 = ADVANCED_FACE('',(#11498),#11514,.F.);
#11498 = FACE_BOUND('',#11499,.F.);
#11499 = EDGE_LOOP('',(#11500,#11506,#11507,#11513));
#11500 = ORIENTED_EDGE('',*,*,#11501,.F.);
#11501 = EDGE_CURVE('',#11422,#11462,#11502,.T.);
#11502 = LINE('',#11503,#11504);
#11503 = CARTESIAN_POINT('',(10.,10.,12.8));
#11504 = VECTOR('',#11505,1.);
#11505 = DIRECTION('',(1.,0.,0.));
#11506 = ORIENTED_EDGE('',*,*,#11421,.T.);
#11507 = ORIENTED_EDGE('',*,*,#11508,.T.);
#11508 = EDGE_CURVE('',#11424,#11464,#11509,.T.);
#11509 = LINE('',#11510,#11511);
#11510 = CARTESIAN_POINT('',(10.,10.,13.4));
#11511 = VECTOR('',#11512,1.);
#11512 = DIRECTION('',(1.,0.,0.));
#11513 = ORIENTED_EDGE('',*,*,#11461,.F.);
#11514 = PLANE('',#11515);
#11515 = AXIS2_PLACEMENT_3D('',#11516,#11517,#11518);
#11516 = CARTESIAN_POINT('',(10.,10.,12.8));
#11517 = DIRECTION('',(0.,1.,0.));
#11518 = DIRECTION('',(0.,0.,1.));
#11519 = ADVANCED_FACE('',(#11520),#11536,.T.);
#11520 = FACE_BOUND('',#11521,.T.);
#11521 = EDGE_LOOP('',(#11522,#11528,#11529,#11535));
#11522 = ORIENTED_EDGE('',*,*,#11523,.F.);
#11523 = EDGE_CURVE('',#11432,#11472,#11524,.T.);
#11524 = LINE('',#11525,#11526);
#11525 = CARTESIAN_POINT('',(10.,10.8,12.8));
#11526 = VECTOR('',#11527,1.);
#11527 = DIRECTION('',(1.,0.,0.));
#11528 = ORIENTED_EDGE('',*,*,#11439,.T.);
#11529 = ORIENTED_EDGE('',*,*,#11530,.T.);
#11530 = EDGE_CURVE('',#11440,#11480,#11531,.T.);
#11531 = LINE('',#11532,#11533);
#11532 = CARTESIAN_POINT('',(10.,10.8,13.4));
#11533 = VECTOR('',#11534,1.);
#11534 = DIRECTION('',(1.,0.,0.));
#11535 = ORIENTED_EDGE('',*,*,#11479,.F.);
#11536 = PLANE('',#11537);
#11537 = AXIS2_PLACEMENT_3D('',#11538,#11539,#11540);
#11538 = CARTESIAN_POINT('',(10.,10.8,12.8));
#11539 = DIRECTION('',(0.,1.,0.));
#11540 = DIRECTION('',(0.,0.,1.));
#11541 = ADVANCED_FACE('',(#11542),#11548,.F.);
#11542 = FACE_BOUND('',#11543,.F.);
#11543 = EDGE_LOOP('',(#11544,#11545,#11546,#11547));
#11544 = ORIENTED_EDGE('',*,*,#11431,.F.);
#11545 = ORIENTED_EDGE('',*,*,#11501,.T.);
#11546 = ORIENTED_EDGE('',*,*,#11471,.T.);
#11547 = ORIENTED_EDGE('',*,*,#11523,.F.);
#11548 = PLANE('',#11549);
#11549 = AXIS2_PLACEMENT_3D('',#11550,#11551,#11552);
#11550 = CARTESIAN_POINT('',(10.,10.,12.8));
#11551 = DIRECTION('',(0.,0.,1.));
#11552 = DIRECTION('',(1.,0.,0.));
#11553 = ADVANCED_FACE('',(#11554),#11560,.T.);
#11554 = FACE_BOUND('',#11555,.T.);
#11555 = EDGE_LOOP('',(#11556,#11557,#11558,#11559));
#11556 = ORIENTED_EDGE('',*,*,#11447,.F.);
#11557 = ORIENTED_EDGE('',*,*,#11508,.T.);
#11558 = ORIENTED_EDGE('',*,*,#11487,.T.);
#11559 = ORIENTED_EDGE('',*,*,#11530,.F.);
#11560 = PLANE('',#11561);
#11561 = AXIS2_PLACEMENT_3D('',#11562,#11563,#11564);
#11562 = CARTESIAN_POINT('',(10.,10.,13.4));
#11563 = DIRECTION('',(0.,0.,1.));
#11564 = DIRECTION('',(1.,0.,0.));
#11565 = MANIFOLD_SOLID_BREP('',#11566);
#11566 = CLOSED_SHELL('',(#11567,#11607,#11647,#11669,#11691,#11703));
#11567 = ADVANCED_FACE('',(#11568),#11602,.F.);
#11568 = FACE_BOUND('',#11569,.F.);
#11569 = EDGE_LOOP('',(#11570,#11580,#11588,#11596));
#11570 = ORIENTED_EDGE('',*,*,#11571,.F.);
#11571 = EDGE_CURVE('',#11572,#11574,#11576,.T.);
#11572 = VERTEX_POINT('',#11573);
#11573 = CARTESIAN_POINT('',(10.,12.,12.8));
#11574 = VERTEX_POINT('',#11575);
#11575 = CARTESIAN_POINT('',(10.,12.,13.4));
#11576 = LINE('',#11577,#11578);
#11577 = CARTESIAN_POINT('',(10.,12.,12.8));
#11578 = VECTOR('',#11579,1.);
#11579 = DIRECTION('',(0.,0.,1.));
#11580 = ORIENTED_EDGE('',*,*,#11581,.T.);
#11581 = EDGE_CURVE('',#11572,#11582,#11584,.T.);
#11582 = VERTEX_POINT('',#11583);
#11583 = CARTESIAN_POINT('',(10.,12.8,12.8));
#11584 = LINE('',#11585,#11586);
#11585 = CARTESIAN_POINT('',(10.,12.,12.8));
#11586 = VECTOR('',#11587,1.);
#11587 = DIRECTION('',(0.,1.,0.));
#11588 = ORIENTED_EDGE('',*,*,#11589,.T.);
#11589 = EDGE_CURVE('',#11582,#11590,#11592,.T.);
#11590 = VERTEX_POINT('',#11591);
#11591 = CARTESIAN_POINT('',(10.,12.8,13.4));
#11592 = LINE('',#11593,#11594);
#11593 = CARTESIAN_POINT('',(10.,12.8,12.8));
#11594 = VECTOR('',#11595,1.);
#11595 = DIRECTION('',(0.,0.,1.));
#11596 = ORIENTED_EDGE('',*,*,#11597,.F.);
#11597 = EDGE_CURVE('',#11574,#11590,#11598,.T.);
#11598 = LINE('',#11599,#11600);
#11599 = CARTESIAN_POINT('',(10.,12.,13.4));
#11600 = VECTOR('',#11601,1.);
#11601 = DIRECTION('',(0.,1.,0.));
#11602 = PLANE('',#11603);
#11603 = AXIS2_PLACEMENT_3D('',#11604,#11605,#11606);
#11604 = CARTESIAN_POINT('',(10.,12.,12.8));
#11605 = DIRECTION('',(1.,0.,0.));
#11606 = DIRECTION('',(0.,0.,1.));
#11607 = ADVANCED_FACE('',(#11608),#11642,.T.);
#11608 = FACE_BOUND('',#11609,.T.);
#11609 = EDGE_LOOP('',(#11610,#11620,#11628,#11636));
#11610 = ORIENTED_EDGE('',*,*,#11611,.F.);
#11611 = EDGE_CURVE('',#11612,#11614,#11616,.T.);
#11612 = VERTEX_POINT('',#11613);
#11613 = CARTESIAN_POINT('',(11.6,12.,12.8));
#11614 = VERTEX_POINT('',#11615);
#11615 = CARTESIAN_POINT('',(11.6,12.,13.4));
#11616 = LINE('',#11617,#11618);
#11617 = CARTESIAN_POINT('',(11.6,12.,12.8));
#11618 = VECTOR('',#11619,1.);
#11619 = DIRECTION('',(0.,0.,1.));
#11620 = ORIENTED_EDGE('',*,*,#11621,.T.);
#11621 = EDGE_CURVE('',#11612,#11622,#11624,.T.);
#11622 = VERTEX_POINT('',#11623);
#11623 = CARTESIAN_POINT('',(11.6,12.8,12.8));
#11624 = LINE('',#11625,#11626);
#11625 = CARTESIAN_POINT('',(11.6,12.,12.8));
#11626 = VECTOR('',#11627,1.);
#11627 = DIRECTION('',(0.,1.,0.));
#11628 = ORIENTED_EDGE('',*,*,#11629,.T.);
#11629 = EDGE_CURVE('',#11622,#11630,#11632,.T.);
#11630 = VERTEX_POINT('',#11631);
#11631 = CARTESIAN_POINT('',(11.6,12.8,13.4));
#11632 = LINE('',#11633,#11634);
#11633 = CARTESIAN_POINT('',(11.6,12.8,12.8));
#11634 = VECTOR('',#11635,1.);
#11635 = DIRECTION('',(0.,0.,1.));
#11636 = ORIENTED_EDGE('',*,*,#11637,.F.);
#11637 = EDGE_CURVE('',#11614,#11630,#11638,.T.);
#11638 = LINE('',#11639,#11640);
#11639 = CARTESIAN_POINT('',(11.6,12.,13.4));
#11640 = VECTOR('',#11641,1.);
#11641 = DIRECTION('',(0.,1.,0.));
#11642 = PLANE('',#11643);
#11643 = AXIS2_PLACEMENT_3D('',#11644,#11645,#11646);
#11644 = CARTESIAN_POINT('',(11.6,12.,12.8));
#11645 = DIRECTION('',(1.,0.,0.));
#11646 = DIRECTION('',(0.,0.,1.));
#11647 = ADVANCED_FACE('',(#11648),#11664,.F.);
#11648 = FACE_BOUND('',#11649,.F.);
#11649 = EDGE_LOOP('',(#11650,#11656,#11657,#11663));
#11650 = ORIENTED_EDGE('',*,*,#11651,.F.);
#11651 = EDGE_CURVE('',#11572,#11612,#11652,.T.);
#11652 = LINE('',#11653,#11654);
#11653 = CARTESIAN_POINT('',(10.,12.,12.8));
#11654 = VECTOR('',#11655,1.);
#11655 = DIRECTION('',(1.,0.,0.));
#11656 = ORIENTED_EDGE('',*,*,#11571,.T.);
#11657 = ORIENTED_EDGE('',*,*,#11658,.T.);
#11658 = EDGE_CURVE('',#11574,#11614,#11659,.T.);
#11659 = LINE('',#11660,#11661);
#11660 = CARTESIAN_POINT('',(10.,12.,13.4));
#11661 = VECTOR('',#11662,1.);
#11662 = DIRECTION('',(1.,0.,0.));
#11663 = ORIENTED_EDGE('',*,*,#11611,.F.);
#11664 = PLANE('',#11665);
#11665 = AXIS2_PLACEMENT_3D('',#11666,#11667,#11668);
#11666 = CARTESIAN_POINT('',(10.,12.,12.8));
#11667 = DIRECTION('',(0.,1.,0.));
#11668 = DIRECTION('',(0.,0.,1.));
#11669 = ADVANCED_FACE('',(#11670),#11686,.T.);
#11670 = FACE_BOUND('',#11671,.T.);
#11671 = EDGE_LOOP('',(#11672,#11678,#11679,#11685));
#11672 = ORIENTED_EDGE('',*,*,#11673,.F.);
#11673 = EDGE_CURVE('',#11582,#11622,#11674,.T.);
#11674 = LINE('',#11675,#11676);
#11675 = CARTESIAN_POINT('',(10.,12.8,12.8));
#11676 = VECTOR('',#11677,1.);
#11677 = DIRECTION('',(1.,0.,0.));
#11678 = ORIENTED_EDGE('',*,*,#11589,.T.);
#11679 = ORIENTED_EDGE('',*,*,#11680,.T.);
#11680 = EDGE_CURVE('',#11590,#11630,#11681,.T.);
#11681 = LINE('',#11682,#11683);
#11682 = CARTESIAN_POINT('',(10.,12.8,13.4));
#11683 = VECTOR('',#11684,1.);
#11684 = DIRECTION('',(1.,0.,0.));
#11685 = ORIENTED_EDGE('',*,*,#11629,.F.);
#11686 = PLANE('',#11687);
#11687 = AXIS2_PLACEMENT_3D('',#11688,#11689,#11690);
#11688 = CARTESIAN_POINT('',(10.,12.8,12.8));
#11689 = DIRECTION('',(0.,1.,0.));
#11690 = DIRECTION('',(0.,0.,1.));
#11691 = ADVANCED_FACE('',(#11692),#11698,.F.);
#11692 = FACE_BOUND('',#11693,.F.);
#11693 = EDGE_LOOP('',(#11694,#11695,#11696,#11697));
#11694 = ORIENTED_EDGE('',*,*,#11581,.F.);
#11695 = ORIENTED_EDGE('',*,*,#11651,.T.);
#11696 = ORIENTED_EDGE('',*,*,#11621,.T.);
#11697 = ORIENTED_EDGE('',*,*,#11673,.F.);
#11698 = PLANE('',#11699);
#11699 = AXIS2_PLACEMENT_3D('',#11700,#11701,#11702);
#11700 = CARTESIAN_POINT('',(10.,12.,12.8));
#11701 = DIRECTION('',(0.,0.,1.));
#11702 = DIRECTION('',(1.,0.,0.));
#11703 = ADVANCED_FACE('',(#11704),#11710,.T.);
#11704 = FACE_BOUND('',#11705,.T.);
#11705 = EDGE_LOOP('',(#11706,#11707,#11708,#11709));
#11706 = ORIENTED_EDGE('',*,*,#11597,.F.);
#11707 = ORIENTED_EDGE('',*,*,#11658,.T.);
#11708 = ORIENTED_EDGE('',*,*,#11637,.T.);
#11709 = ORIENTED_EDGE('',*,*,#11680,.F.);
#11710 = PLANE('',#11711);
#11711 = AXIS2_PLACEMENT_3D('',#11712,#11713,#11714);
#11712 = CARTESIAN_POINT('',(10.,12.,13.4));
#11713 = DIRECTION('',(0.,0.,1.));
#11714 = DIRECTION('',(1.,0.,0.));
#11715 = MANIFOLD_SOLID_BREP('',#11716);
#11716 = CLOSED_SHELL('',(#11717,#11757,#11797,#11819,#11841,#11853));
#11717 = ADVANCED_FACE('',(#11718),#11752,.F.);
#11718 = FACE_BOUND('',#11719,.F.);
#11719 = EDGE_LOOP('',(#11720,#11730,#11738,#11746));
#11720 = ORIENTED_EDGE('',*,*,#11721,.F.);
#11721 = EDGE_CURVE('',#11722,#11724,#11726,.T.);
#11722 = VERTEX_POINT('',#11723);
#11723 = CARTESIAN_POINT('',(30.,11.,12.8));
#11724 = VERTEX_POINT('',#11725);
#11725 = CARTESIAN_POINT('',(30.,11.,13.4));
#11726 = LINE('',#11727,#11728);
#11727 = CARTESIAN_POINT('',(30.,11.,12.8));
#11728 = VECTOR('',#11729,1.);
#11729 = DIRECTION('',(0.,0.,1.));
#11730 = ORIENTED_EDGE('',*,*,#11731,.T.);
#11731 = EDGE_CURVE('',#11722,#11732,#11734,.T.);
#11732 = VERTEX_POINT('',#11733);
#11733 = CARTESIAN_POINT('',(30.,11.8,12.8));
#11734 = LINE('',#11735,#11736);
#11735 = CARTESIAN_POINT('',(30.,11.,12.8));
#11736 = VECTOR('',#11737,1.);
#11737 = DIRECTION('',(0.,1.,0.));
#11738 = ORIENTED_EDGE('',*,*,#11739,.T.);
#11739 = EDGE_CURVE('',#11732,#11740,#11742,.T.);
#11740 = VERTEX_POINT('',#11741);
#11741 = CARTESIAN_POINT('',(30.,11.8,13.4));
#11742 = LINE('',#11743,#11744);
#11743 = CARTESIAN_POINT('',(30.,11.8,12.8));
#11744 = VECTOR('',#11745,1.);
#11745 = DIRECTION('',(0.,0.,1.));
#11746 = ORIENTED_EDGE('',*,*,#11747,.F.);
#11747 = EDGE_CURVE('',#11724,#11740,#11748,.T.);
#11748 = LINE('',#11749,#11750);
#11749 = CARTESIAN_POINT('',(30.,11.,13.4));
#11750 = VECTOR('',#11751,1.);
#11751 = DIRECTION('',(0.,1.,0.));
#11752 = PLANE('',#11753);
#11753 = AXIS2_PLACEMENT_3D('',#11754,#11755,#11756);
#11754 = CARTESIAN_POINT('',(30.,11.,12.8));
#11755 = DIRECTION('',(1.,0.,0.));
#11756 = DIRECTION('',(0.,0.,1.));
#11757 = ADVANCED_FACE('',(#11758),#11792,.T.);
#11758 = FACE_BOUND('',#11759,.T.);
#11759 = EDGE_LOOP('',(#11760,#11770,#11778,#11786));
#11760 = ORIENTED_EDGE('',*,*,#11761,.F.);
#11761 = EDGE_CURVE('',#11762,#11764,#11766,.T.);
#11762 = VERTEX_POINT('',#11763);
#11763 = CARTESIAN_POINT('',(31.6,11.,12.8));
#11764 = VERTEX_POINT('',#11765);
#11765 = CARTESIAN_POINT('',(31.6,11.,13.4));
#11766 = LINE('',#11767,#11768);
#11767 = CARTESIAN_POINT('',(31.6,11.,12.8));
#11768 = VECTOR('',#11769,1.);
#11769 = DIRECTION('',(0.,0.,1.));
#11770 = ORIENTED_EDGE('',*,*,#11771,.T.);
#11771 = EDGE_CURVE('',#11762,#11772,#11774,.T.);
#11772 = VERTEX_POINT('',#11773);
#11773 = CARTESIAN_POINT('',(31.6,11.8,12.8));
#11774 = LINE('',#11775,#11776);
#11775 = CARTESIAN_POINT('',(31.6,11.,12.8));
#11776 = VECTOR('',#11777,1.);
#11777 = DIRECTION('',(0.,1.,0.));
#11778 = ORIENTED_EDGE('',*,*,#11779,.T.);
#11779 = EDGE_CURVE('',#11772,#11780,#11782,.T.);
#11780 = VERTEX_POINT('',#11781);
#11781 = CARTESIAN_POINT('',(31.6,11.8,13.4));
#11782 = LINE('',#11783,#11784);
#11783 = CARTESIAN_POINT('',(31.6,11.8,12.8));
#11784 = VECTOR('',#11785,1.);
#11785 = DIRECTION('',(0.,0.,1.));
#11786 = ORIENTED_EDGE('',*,*,#11787,.F.);
#11787 = EDGE_CURVE('',#11764,#11780,#11788,.T.);
#11788 = LINE('',#11789,#11790);
#11789 = CARTESIAN_POINT('',(31.6,11.,13.4));
#11790 = VECTOR('',#11791,1.);
#11791 = DIRECTION('',(0.,1.,0.));
#11792 = PLANE('',#11793);
#11793 = AXIS2_PLACEMENT_3D('',#11794,#11795,#11796);
#11794 = CARTESIAN_POINT('',(31.6,11.,12.8));
#11795 = DIRECTION('',(1.,0.,0.));
#11796 = DIRECTION('',(0.,0.,1.));
#11797 = ADVANCED_FACE('',(#11798),#11814,.F.);
#11798 = FACE_BOUND('',#11799,.F.);
#11799 = EDGE_LOOP('',(#11800,#11806,#11807,#11813));
#11800 = ORIENTED_EDGE('',*,*,#11801,.F.);
#11801 = EDGE_CURVE('',#11722,#11762,#11802,.T.);
#11802 = LINE('',#11803,#11804);
#11803 = CARTESIAN_POINT('',(30.,11.,12.8));
#11804 = VECTOR('',#11805,1.);
#11805 = DIRECTION('',(1.,0.,0.));
#11806 = ORIENTED_EDGE('',*,*,#11721,.T.);
#11807 = ORIENTED_EDGE('',*,*,#11808,.T.);
#11808 = EDGE_CURVE('',#11724,#11764,#11809,.T.);
#11809 = LINE('',#11810,#11811);
#11810 = CARTESIAN_POINT('',(30.,11.,13.4));
#11811 = VECTOR('',#11812,1.);
#11812 = DIRECTION('',(1.,0.,0.));
#11813 = ORIENTED_EDGE('',*,*,#11761,.F.);
#11814 = PLANE('',#11815);
#11815 = AXIS2_PLACEMENT_3D('',#11816,#11817,#11818);
#11816 = CARTESIAN_POINT('',(30.,11.,12.8));
#11817 = DIRECTION('',(0.,1.,0.));
#11818 = DIRECTION('',(0.,0.,1.));
#11819 = ADVANCED_FACE('',(#11820),#11836,.T.);
#11820 = FACE_BOUND('',#11821,.T.);
#11821 = EDGE_LOOP('',(#11822,#11828,#11829,#11835));
#11822 = ORIENTED_EDGE('',*,*,#11823,.F.);
#11823 = EDGE_CURVE('',#11732,#11772,#11824,.T.);
#11824 = LINE('',#11825,#11826);
#11825 = CARTESIAN_POINT('',(30.,11.8,12.8));
#11826 = VECTOR('',#11827,1.);
#11827 = DIRECTION('',(1.,0.,0.));
#11828 = ORIENTED_EDGE('',*,*,#11739,.T.);
#11829 = ORIENTED_EDGE('',*,*,#11830,.T.);
#11830 = EDGE_CURVE('',#11740,#11780,#11831,.T.);
#11831 = LINE('',#11832,#11833);
#11832 = CARTESIAN_POINT('',(30.,11.8,13.4));
#11833 = VECTOR('',#11834,1.);
#11834 = DIRECTION('',(1.,0.,0.));
#11835 = ORIENTED_EDGE('',*,*,#11779,.F.);
#11836 = PLANE('',#11837);
#11837 = AXIS2_PLACEMENT_3D('',#11838,#11839,#11840);
#11838 = CARTESIAN_POINT('',(30.,11.8,12.8));
#11839 = DIRECTION('',(0.,1.,0.));
#11840 = DIRECTION('',(0.,0.,1.));
#11841 = ADVANCED_FACE('',(#11842),#11848,.F.);
#11842 = FACE_BOUND('',#11843,.F.);
#11843 = EDGE_LOOP('',(#11844,#11845,#11846,#11847));
#11844 = ORIENTED_EDGE('',*,*,#11731,.F.);
#11845 = ORIENTED_EDGE('',*,*,#11801,.T.);
#11846 = ORIENTED_EDGE('',*,*,#11771,.T.);
#11847 = ORIENTED_EDGE('',*,*,#11823,.F.);
#11848 = PLANE('',#11849);
#11849 = AXIS2_PLACEMENT_3D('',#11850,#11851,#11852);
#11850 = CARTESIAN_POINT('',(30.,11.,12.8));
#11851 = DIRECTION('',(0.,0.,1.));
#11852 = DIRECTION('',(1.,0.,0.));
#11853 = ADVANCED_FACE('',(#11854),#11860,.T.);
#11854 = FACE_BOUND('',#11855,.T.);
#11855 = EDGE_LOOP('',(#11856,#11857,#11858,#11859));
#11856 = ORIENTED_EDGE('',*,*,#11747,.F.);
#11857 = ORIENTED_EDGE('',*,*,#11808,.T.);
#11858 = ORIENTED_EDGE('',*,*,#11787,.T.);
#11859 = ORIENTED_EDGE('',*,*,#11830,.F.);
#11860 = PLANE('',#11861);
#11861 = AXIS2_PLACEMENT_3D('',#11862,#11863,#11864);
#11862 = CARTESIAN_POINT('',(30.,11.,13.4));
#11863 = DIRECTION('',(0.,0.,1.));
#11864 = DIRECTION('',(1.,0.,0.));
#11865 = MANIFOLD_SOLID_BREP('',#11866);
#11866 = CLOSED_SHELL('',(#11867,#11907,#11947,#11969,#11991,#12003));
#11867 = ADVANCED_FACE('',(#11868),#11902,.F.);
#11868 = FACE_BOUND('',#11869,.F.);
#11869 = EDGE_LOOP('',(#11870,#11880,#11888,#11896));
#11870 = ORIENTED_EDGE('',*,*,#11871,.F.);
#11871 = EDGE_CURVE('',#11872,#11874,#11876,.T.);
#11872 = VERTEX_POINT('',#11873);
#11873 = CARTESIAN_POINT('',(33.,15.,12.8));
#11874 = VERTEX_POINT('',#11875);
#11875 = CARTESIAN_POINT('',(33.,15.,13.4));
#11876 = LINE('',#11877,#11878);
#11877 = CARTESIAN_POINT('',(33.,15.,12.8));
#11878 = VECTOR('',#11879,1.);
#11879 = DIRECTION('',(0.,0.,1.));
#11880 = ORIENTED_EDGE('',*,*,#11881,.T.);
#11881 = EDGE_CURVE('',#11872,#11882,#11884,.T.);
#11882 = VERTEX_POINT('',#11883);
#11883 = CARTESIAN_POINT('',(33.,15.8,12.8));
#11884 = LINE('',#11885,#11886);
#11885 = CARTESIAN_POINT('',(33.,15.,12.8));
#11886 = VECTOR('',#11887,1.);
#11887 = DIRECTION('',(0.,1.,0.));
#11888 = ORIENTED_EDGE('',*,*,#11889,.T.);
#11889 = EDGE_CURVE('',#11882,#11890,#11892,.T.);
#11890 = VERTEX_POINT('',#11891);
#11891 = CARTESIAN_POINT('',(33.,15.8,13.4));
#11892 = LINE('',#11893,#11894);
#11893 = CARTESIAN_POINT('',(33.,15.8,12.8));
#11894 = VECTOR('',#11895,1.);
#11895 = DIRECTION('',(0.,0.,1.));
#11896 = ORIENTED_EDGE('',*,*,#11897,.F.);
#11897 = EDGE_CURVE('',#11874,#11890,#11898,.T.);
#11898 = LINE('',#11899,#11900);
#11899 = CARTESIAN_POINT('',(33.,15.,13.4));
#11900 = VECTOR('',#11901,1.);
#11901 = DIRECTION('',(0.,1.,0.));
#11902 = PLANE('',#11903);
#11903 = AXIS2_PLACEMENT_3D('',#11904,#11905,#11906);
#11904 = CARTESIAN_POINT('',(33.,15.,12.8));
#11905 = DIRECTION('',(1.,0.,0.));
#11906 = DIRECTION('',(0.,0.,1.));
#11907 = ADVANCED_FACE('',(#11908),#11942,.T.);
#11908 = FACE_BOUND('',#11909,.T.);
#11909 = EDGE_LOOP('',(#11910,#11920,#11928,#11936));
#11910 = ORIENTED_EDGE('',*,*,#11911,.F.);
#11911 = EDGE_CURVE('',#11912,#11914,#11916,.T.);
#11912 = VERTEX_POINT('',#11913);
#11913 = CARTESIAN_POINT('',(34.6,15.,12.8));
#11914 = VERTEX_POINT('',#11915);
#11915 = CARTESIAN_POINT('',(34.6,15.,13.4));
#11916 = LINE('',#11917,#11918);
#11917 = CARTESIAN_POINT('',(34.6,15.,12.8));
#11918 = VECTOR('',#11919,1.);
#11919 = DIRECTION('',(0.,0.,1.));
#11920 = ORIENTED_EDGE('',*,*,#11921,.T.);
#11921 = EDGE_CURVE('',#11912,#11922,#11924,.T.);
#11922 = VERTEX_POINT('',#11923);
#11923 = CARTESIAN_POINT('',(34.6,15.8,12.8));
#11924 = LINE('',#11925,#11926);
#11925 = CARTESIAN_POINT('',(34.6,15.,12.8));
#11926 = VECTOR('',#11927,1.);
#11927 = DIRECTION('',(0.,1.,0.));
#11928 = ORIENTED_EDGE('',*,*,#11929,.T.);
#11929 = EDGE_CURVE('',#11922,#11930,#11932,.T.);
#11930 = VERTEX_POINT('',#11931);
#11931 = CARTESIAN_POINT('',(34.6,15.8,13.4));
#11932 = LINE('',#11933,#11934);
#11933 = CARTESIAN_POINT('',(34.6,15.8,12.8));
#11934 = VECTOR('',#11935,1.);
#11935 = DIRECTION('',(0.,0.,1.));
#11936 = ORIENTED_EDGE('',*,*,#11937,.F.);
#11937 = EDGE_CURVE('',#11914,#11930,#11938,.T.);
#11938 = LINE('',#11939,#11940);
#11939 = CARTESIAN_POINT('',(34.6,15.,13.4));
#11940 = VECTOR('',#11941,1.);
#11941 = DIRECTION('',(0.,1.,0.));
#11942 = PLANE('',#11943);
#11943 = AXIS2_PLACEMENT_3D('',#11944,#11945,#11946);
#11944 = CARTESIAN_POINT('',(34.6,15.,12.8));
#11945 = DIRECTION('',(1.,0.,0.));
#11946 = DIRECTION('',(0.,0.,1.));
#11947 = ADVANCED_FACE('',(#11948),#11964,.F.);
#11948 = FACE_BOUND('',#11949,.F.);
#11949 = EDGE_LOOP('',(#11950,#11956,#11957,#11963));
#11950 = ORIENTED_EDGE('',*,*,#11951,.F.);
#11951 = EDGE_CURVE('',#11872,#11912,#11952,.T.);
#11952 = LINE('',#11953,#11954);
#11953 = CARTESIAN_POINT('',(33.,15.,12.8));
#11954 = VECTOR('',#11955,1.);
#11955 = DIRECTION('',(1.,0.,0.));
#11956 = ORIENTED_EDGE('',*,*,#11871,.T.);
#11957 = ORIENTED_EDGE('',*,*,#11958,.T.);
#11958 = EDGE_CURVE('',#11874,#11914,#11959,.T.);
#11959 = LINE('',#11960,#11961);
#11960 = CARTESIAN_POINT('',(33.,15.,13.4));
#11961 = VECTOR('',#11962,1.);
#11962 = DIRECTION('',(1.,0.,0.));
#11963 = ORIENTED_EDGE('',*,*,#11911,.F.);
#11964 = PLANE('',#11965);
#11965 = AXIS2_PLACEMENT_3D('',#11966,#11967,#11968);
#11966 = CARTESIAN_POINT('',(33.,15.,12.8));
#11967 = DIRECTION('',(0.,1.,0.));
#11968 = DIRECTION('',(0.,0.,1.));
#11969 = ADVANCED_FACE('',(#11970),#11986,.T.);
#11970 = FACE_BOUND('',#11971,.T.);
#11971 = EDGE_LOOP('',(#11972,#11978,#11979,#11985));
#11972 = ORIENTED_EDGE('',*,*,#11973,.F.);
#11973 = EDGE_CURVE('',#11882,#11922,#11974,.T.);
#11974 = LINE('',#11975,#11976);
#11975 = CARTESIAN_POINT('',(33.,15.8,12.8));
#11976 = VECTOR('',#11977,1.);
#11977 = DIRECTION('',(1.,0.,0.));
#11978 = ORIENTED_EDGE('',*,*,#11889,.T.);
#11979 = ORIENTED_EDGE('',*,*,#11980,.T.);
#11980 = EDGE_CURVE('',#11890,#11930,#11981,.T.);
#11981 = LINE('',#11982,#11983);
#11982 = CARTESIAN_POINT('',(33.,15.8,13.4));
#11983 = VECTOR('',#11984,1.);
#11984 = DIRECTION('',(1.,0.,0.));
#11985 = ORIENTED_EDGE('',*,*,#11929,.F.);
#11986 = PLANE('',#11987);
#11987 = AXIS2_PLACEMENT_3D('',#11988,#11989,#11990);
#11988 = CARTESIAN_POINT('',(33.,15.8,12.8));
#11989 = DIRECTION('',(0.,1.,0.));
#11990 = DIRECTION('',(0.,0.,1.));
#11991 = ADVANCED_FACE('',(#11992),#11998,.F.);
#11992 = FACE_BOUND('',#11993,.F.);
#11993 = EDGE_LOOP('',(#11994,#11995,#11996,#11997));
#11994 = ORIENTED_EDGE('',*,*,#11881,.F.);
#11995 = ORIENTED_EDGE('',*,*,#11951,.T.);
#11996 = ORIENTED_EDGE('',*,*,#11921,.T.);
#11997 = ORIENTED_EDGE('',*,*,#11973,.F.);
#11998 = PLANE('',#11999);
#11999 = AXIS2_PLACEMENT_3D('',#12000,#12001,#12002);
#12000 = CARTESIAN_POINT('',(33.,15.,12.8));
#12001 = DIRECTION('',(0.,0.,1.));
#12002 = DIRECTION('',(1.,0.,0.));
#12003 = ADVANCED_FACE('',(#12004),#12010,.T.);
#12004 = FACE_BOUND('',#12005,.T.);
#12005 = EDGE_LOOP('',(#12006,#12007,#12008,#12009));
#12006 = ORIENTED_EDGE('',*,*,#11897,.F.);
#12007 = ORIENTED_EDGE('',*,*,#11958,.T.);
#12008 = ORIENTED_EDGE('',*,*,#11937,.T.);
#12009 = ORIENTED_EDGE('',*,*,#11980,.F.);
#12010 = PLANE('',#12011);
#12011 = AXIS2_PLACEMENT_3D('',#12012,#12013,#12014);
#12012 = CARTESIAN_POINT('',(33.,15.,13.4));
#12013 = DIRECTION('',(0.,0.,1.));
#12014 = DIRECTION('',(1.,0.,0.));
#12015 = MANIFOLD_SOLID_BREP('',#12016);
#12016 = CLOSED_SHELL('',(#12017,#12057,#12097,#12119,#12141,#12153));
#12017 = ADVANCED_FACE('',(#12018),#12052,.F.);
#12018 = FACE_BOUND('',#12019,.F.);
#12019 = EDGE_LOOP('',(#12020,#12030,#12038,#12046));
#12020 = ORIENTED_EDGE('',*,*,#12021,.F.);
#12021 = EDGE_CURVE('',#12022,#12024,#12026,.T.);
#12022 = VERTEX_POINT('',#12023);
#12023 = CARTESIAN_POINT('',(33.,18.,12.8));
#12024 = VERTEX_POINT('',#12025);
#12025 = CARTESIAN_POINT('',(33.,18.,13.4));
#12026 = LINE('',#12027,#12028);
#12027 = CARTESIAN_POINT('',(33.,18.,12.8));
#12028 = VECTOR('',#12029,1.);
#12029 = DIRECTION('',(0.,0.,1.));
#12030 = ORIENTED_EDGE('',*,*,#12031,.T.);
#12031 = EDGE_CURVE('',#12022,#12032,#12034,.T.);
#12032 = VERTEX_POINT('',#12033);
#12033 = CARTESIAN_POINT('',(33.,18.8,12.8));
#12034 = LINE('',#12035,#12036);
#12035 = CARTESIAN_POINT('',(33.,18.,12.8));
#12036 = VECTOR('',#12037,1.);
#12037 = DIRECTION('',(0.,1.,0.));
#12038 = ORIENTED_EDGE('',*,*,#12039,.T.);
#12039 = EDGE_CURVE('',#12032,#12040,#12042,.T.);
#12040 = VERTEX_POINT('',#12041);
#12041 = CARTESIAN_POINT('',(33.,18.8,13.4));
#12042 = LINE('',#12043,#12044);
#12043 = CARTESIAN_POINT('',(33.,18.8,12.8));
#12044 = VECTOR('',#12045,1.);
#12045 = DIRECTION('',(0.,0.,1.));
#12046 = ORIENTED_EDGE('',*,*,#12047,.F.);
#12047 = EDGE_CURVE('',#12024,#12040,#12048,.T.);
#12048 = LINE('',#12049,#12050);
#12049 = CARTESIAN_POINT('',(33.,18.,13.4));
#12050 = VECTOR('',#12051,1.);
#12051 = DIRECTION('',(0.,1.,0.));
#12052 = PLANE('',#12053);
#12053 = AXIS2_PLACEMENT_3D('',#12054,#12055,#12056);
#12054 = CARTESIAN_POINT('',(33.,18.,12.8));
#12055 = DIRECTION('',(1.,0.,0.));
#12056 = DIRECTION('',(0.,0.,1.));
#12057 = ADVANCED_FACE('',(#12058),#12092,.T.);
#12058 = FACE_BOUND('',#12059,.T.);
#12059 = EDGE_LOOP('',(#12060,#12070,#12078,#12086));
#12060 = ORIENTED_EDGE('',*,*,#12061,.F.);
#12061 = EDGE_CURVE('',#12062,#12064,#12066,.T.);
#12062 = VERTEX_POINT('',#12063);
#12063 = CARTESIAN_POINT('',(34.6,18.,12.8));
#12064 = VERTEX_POINT('',#12065);
#12065 = CARTESIAN_POINT('',(34.6,18.,13.4));
#12066 = LINE('',#12067,#12068);
#12067 = CARTESIAN_POINT('',(34.6,18.,12.8));
#12068 = VECTOR('',#12069,1.);
#12069 = DIRECTION('',(0.,0.,1.));
#12070 = ORIENTED_EDGE('',*,*,#12071,.T.);
#12071 = EDGE_CURVE('',#12062,#12072,#12074,.T.);
#12072 = VERTEX_POINT('',#12073);
#12073 = CARTESIAN_POINT('',(34.6,18.8,12.8));
#12074 = LINE('',#12075,#12076);
#12075 = CARTESIAN_POINT('',(34.6,18.,12.8));
#12076 = VECTOR('',#12077,1.);
#12077 = DIRECTION('',(0.,1.,0.));
#12078 = ORIENTED_EDGE('',*,*,#12079,.T.);
#12079 = EDGE_CURVE('',#12072,#12080,#12082,.T.);
#12080 = VERTEX_POINT('',#12081);
#12081 = CARTESIAN_POINT('',(34.6,18.8,13.4));
#12082 = LINE('',#12083,#12084);
#12083 = CARTESIAN_POINT('',(34.6,18.8,12.8));
#12084 = VECTOR('',#12085,1.);
#12085 = DIRECTION('',(0.,0.,1.));
#12086 = ORIENTED_EDGE('',*,*,#12087,.F.);
#12087 = EDGE_CURVE('',#12064,#12080,#12088,.T.);
#12088 = LINE('',#12089,#12090);
#12089 = CARTESIAN_POINT('',(34.6,18.,13.4));
#12090 = VECTOR('',#12091,1.);
#12091 = DIRECTION('',(0.,1.,0.));
#12092 = PLANE('',#12093);
#12093 = AXIS2_PLACEMENT_3D('',#12094,#12095,#12096);
#12094 = CARTESIAN_POINT('',(34.6,18.,12.8));
#12095 = DIRECTION('',(1.,0.,0.));
#12096 = DIRECTION('',(0.,0.,1.));
#12097 = ADVANCED_FACE('',(#12098),#12114,.F.);
#12098 = FACE_BOUND('',#12099,.F.);
#12099 = EDGE_LOOP('',(#12100,#12106,#12107,#12113));
#12100 = ORIENTED_EDGE('',*,*,#12101,.F.);
#12101 = EDGE_CURVE('',#12022,#12062,#12102,.T.);
#12102 = LINE('',#12103,#12104);
#12103 = CARTESIAN_POINT('',(33.,18.,12.8));
#12104 = VECTOR('',#12105,1.);
#12105 = DIRECTION('',(1.,0.,0.));
#12106 = ORIENTED_EDGE('',*,*,#12021,.T.);
#12107 = ORIENTED_EDGE('',*,*,#12108,.T.);
#12108 = EDGE_CURVE('',#12024,#12064,#12109,.T.);
#12109 = LINE('',#12110,#12111);
#12110 = CARTESIAN_POINT('',(33.,18.,13.4));
#12111 = VECTOR('',#12112,1.);
#12112 = DIRECTION('',(1.,0.,0.));
#12113 = ORIENTED_EDGE('',*,*,#12061,.F.);
#12114 = PLANE('',#12115);
#12115 = AXIS2_PLACEMENT_3D('',#12116,#12117,#12118);
#12116 = CARTESIAN_POINT('',(33.,18.,12.8));
#12117 = DIRECTION('',(0.,1.,0.));
#12118 = DIRECTION('',(0.,0.,1.));
#12119 = ADVANCED_FACE('',(#12120),#12136,.T.);
#12120 = FACE_BOUND('',#12121,.T.);
#12121 = EDGE_LOOP('',(#12122,#12128,#12129,#12135));
#12122 = ORIENTED_EDGE('',*,*,#12123,.F.);
#12123 = EDGE_CURVE('',#12032,#12072,#12124,.T.);
#12124 = LINE('',#12125,#12126);
#12125 = CARTESIAN_POINT('',(33.,18.8,12.8));
#12126 = VECTOR('',#12127,1.);
#12127 = DIRECTION('',(1.,0.,0.));
#12128 = ORIENTED_EDGE('',*,*,#12039,.T.);
#12129 = ORIENTED_EDGE('',*,*,#12130,.T.);
#12130 = EDGE_CURVE('',#12040,#12080,#12131,.T.);
#12131 = LINE('',#12132,#12133);
#12132 = CARTESIAN_POINT('',(33.,18.8,13.4));
#12133 = VECTOR('',#12134,1.);
#12134 = DIRECTION('',(1.,0.,0.));
#12135 = ORIENTED_EDGE('',*,*,#12079,.F.);
#12136 = PLANE('',#12137);
#12137 = AXIS2_PLACEMENT_3D('',#12138,#12139,#12140);
#12138 = CARTESIAN_POINT('',(33.,18.8,12.8));
#12139 = DIRECTION('',(0.,1.,0.));
#12140 = DIRECTION('',(0.,0.,1.));
#12141 = ADVANCED_FACE('',(#12142),#12148,.F.);
#12142 = FACE_BOUND('',#12143,.F.);
#12143 = EDGE_LOOP('',(#12144,#12145,#12146,#12147));
#12144 = ORIENTED_EDGE('',*,*,#12031,.F.);
#12145 = ORIENTED_EDGE('',*,*,#12101,.T.);
#12146 = ORIENTED_EDGE('',*,*,#12071,.T.);
#12147 = ORIENTED_EDGE('',*,*,#12123,.F.);
#12148 = PLANE('',#12149);
#12149 = AXIS2_PLACEMENT_3D('',#12150,#12151,#12152);
#12150 = CARTESIAN_POINT('',(33.,18.,12.8));
#12151 = DIRECTION('',(0.,0.,1.));
#12152 = DIRECTION('',(1.,0.,0.));
#12153 = ADVANCED_FACE('',(#12154),#12160,.T.);
#12154 = FACE_BOUND('',#12155,.T.);
#12155 = EDGE_LOOP('',(#12156,#12157,#12158,#12159));
#12156 = ORIENTED_EDGE('',*,*,#12047,.F.);
#12157 = ORIENTED_EDGE('',*,*,#12108,.T.);
#12158 = ORIENTED_EDGE('',*,*,#12087,.T.);
#12159 = ORIENTED_EDGE('',*,*,#12130,.F.);
#12160 = PLANE('',#12161);
#12161 = AXIS2_PLACEMENT_3D('',#12162,#12163,#12164);
#12162 = CARTESIAN_POINT('',(33.,18.,13.4));
#12163 = DIRECTION('',(0.,0.,1.));
#12164 = DIRECTION('',(1.,0.,0.));
#12165 = MANIFOLD_SOLID_BREP('',#12166);
#12166 = CLOSED_SHELL('',(#12167,#12207,#12247,#12269,#12291,#12303));
#12167 = ADVANCED_FACE('',(#12168),#12202,.F.);
#12168 = FACE_BOUND('',#12169,.F.);
#12169 = EDGE_LOOP('',(#12170,#12180,#12188,#12196));
#12170 = ORIENTED_EDGE('',*,*,#12171,.F.);
#12171 = EDGE_CURVE('',#12172,#12174,#12176,.T.);
#12172 = VERTEX_POINT('',#12173);
#12173 = CARTESIAN_POINT('',(33.,22.,12.8));
#12174 = VERTEX_POINT('',#12175);
#12175 = CARTESIAN_POINT('',(33.,22.,13.4));
#12176 = LINE('',#12177,#12178);
#12177 = CARTESIAN_POINT('',(33.,22.,12.8));
#12178 = VECTOR('',#12179,1.);
#12179 = DIRECTION('',(0.,0.,1.));
#12180 = ORIENTED_EDGE('',*,*,#12181,.T.);
#12181 = EDGE_CURVE('',#12172,#12182,#12184,.T.);
#12182 = VERTEX_POINT('',#12183);
#12183 = CARTESIAN_POINT('',(33.,22.8,12.8));
#12184 = LINE('',#12185,#12186);
#12185 = CARTESIAN_POINT('',(33.,22.,12.8));
#12186 = VECTOR('',#12187,1.);
#12187 = DIRECTION('',(0.,1.,0.));
#12188 = ORIENTED_EDGE('',*,*,#12189,.T.);
#12189 = EDGE_CURVE('',#12182,#12190,#12192,.T.);
#12190 = VERTEX_POINT('',#12191);
#12191 = CARTESIAN_POINT('',(33.,22.8,13.4));
#12192 = LINE('',#12193,#12194);
#12193 = CARTESIAN_POINT('',(33.,22.8,12.8));
#12194 = VECTOR('',#12195,1.);
#12195 = DIRECTION('',(0.,0.,1.));
#12196 = ORIENTED_EDGE('',*,*,#12197,.F.);
#12197 = EDGE_CURVE('',#12174,#12190,#12198,.T.);
#12198 = LINE('',#12199,#12200);
#12199 = CARTESIAN_POINT('',(33.,22.,13.4));
#12200 = VECTOR('',#12201,1.);
#12201 = DIRECTION('',(0.,1.,0.));
#12202 = PLANE('',#12203);
#12203 = AXIS2_PLACEMENT_3D('',#12204,#12205,#12206);
#12204 = CARTESIAN_POINT('',(33.,22.,12.8));
#12205 = DIRECTION('',(1.,0.,0.));
#12206 = DIRECTION('',(0.,0.,1.));
#12207 = ADVANCED_FACE('',(#12208),#12242,.T.);
#12208 = FACE_BOUND('',#12209,.T.);
#12209 = EDGE_LOOP('',(#12210,#12220,#12228,#12236));
#12210 = ORIENTED_EDGE('',*,*,#12211,.F.);
#12211 = EDGE_CURVE('',#12212,#12214,#12216,.T.);
#12212 = VERTEX_POINT('',#12213);
#12213 = CARTESIAN_POINT('',(34.6,22.,12.8));
#12214 = VERTEX_POINT('',#12215);
#12215 = CARTESIAN_POINT('',(34.6,22.,13.4));
#12216 = LINE('',#12217,#12218);
#12217 = CARTESIAN_POINT('',(34.6,22.,12.8));
#12218 = VECTOR('',#12219,1.);
#12219 = DIRECTION('',(0.,0.,1.));
#12220 = ORIENTED_EDGE('',*,*,#12221,.T.);
#12221 = EDGE_CURVE('',#12212,#12222,#12224,.T.);
#12222 = VERTEX_POINT('',#12223);
#12223 = CARTESIAN_POINT('',(34.6,22.8,12.8));
#12224 = LINE('',#12225,#12226);
#12225 = CARTESIAN_POINT('',(34.6,22.,12.8));
#12226 = VECTOR('',#12227,1.);
#12227 = DIRECTION('',(0.,1.,0.));
#12228 = ORIENTED_EDGE('',*,*,#12229,.T.);
#12229 = EDGE_CURVE('',#12222,#12230,#12232,.T.);
#12230 = VERTEX_POINT('',#12231);
#12231 = CARTESIAN_POINT('',(34.6,22.8,13.4));
#12232 = LINE('',#12233,#12234);
#12233 = CARTESIAN_POINT('',(34.6,22.8,12.8));
#12234 = VECTOR('',#12235,1.);
#12235 = DIRECTION('',(0.,0.,1.));
#12236 = ORIENTED_EDGE('',*,*,#12237,.F.);
#12237 = EDGE_CURVE('',#12214,#12230,#12238,.T.);
#12238 = LINE('',#12239,#12240);
#12239 = CARTESIAN_POINT('',(34.6,22.,13.4));
#12240 = VECTOR('',#12241,1.);
#12241 = DIRECTION('',(0.,1.,0.));
#12242 = PLANE('',#12243);
#12243 = AXIS2_PLACEMENT_3D('',#12244,#12245,#12246);
#12244 = CARTESIAN_POINT('',(34.6,22.,12.8));
#12245 = DIRECTION('',(1.,0.,0.));
#12246 = DIRECTION('',(0.,0.,1.));
#12247 = ADVANCED_FACE('',(#12248),#12264,.F.);
#12248 = FACE_BOUND('',#12249,.F.);
#12249 = EDGE_LOOP('',(#12250,#12256,#12257,#12263));
#12250 = ORIENTED_EDGE('',*,*,#12251,.F.);
#12251 = EDGE_CURVE('',#12172,#12212,#12252,.T.);
#12252 = LINE('',#12253,#12254);
#12253 = CARTESIAN_POINT('',(33.,22.,12.8));
#12254 = VECTOR('',#12255,1.);
#12255 = DIRECTION('',(1.,0.,0.));
#12256 = ORIENTED_EDGE('',*,*,#12171,.T.);
#12257 = ORIENTED_EDGE('',*,*,#12258,.T.);
#12258 = EDGE_CURVE('',#12174,#12214,#12259,.T.);
#12259 = LINE('',#12260,#12261);
#12260 = CARTESIAN_POINT('',(33.,22.,13.4));
#12261 = VECTOR('',#12262,1.);
#12262 = DIRECTION('',(1.,0.,0.));
#12263 = ORIENTED_EDGE('',*,*,#12211,.F.);
#12264 = PLANE('',#12265);
#12265 = AXIS2_PLACEMENT_3D('',#12266,#12267,#12268);
#12266 = CARTESIAN_POINT('',(33.,22.,12.8));
#12267 = DIRECTION('',(0.,1.,0.));
#12268 = DIRECTION('',(0.,0.,1.));
#12269 = ADVANCED_FACE('',(#12270),#12286,.T.);
#12270 = FACE_BOUND('',#12271,.T.);
#12271 = EDGE_LOOP('',(#12272,#12278,#12279,#12285));
#12272 = ORIENTED_EDGE('',*,*,#12273,.F.);
#12273 = EDGE_CURVE('',#12182,#12222,#12274,.T.);
#12274 = LINE('',#12275,#12276);
#12275 = CARTESIAN_POINT('',(33.,22.8,12.8));
#12276 = VECTOR('',#12277,1.);
#12277 = DIRECTION('',(1.,0.,0.));
#12278 = ORIENTED_EDGE('',*,*,#12189,.T.);
#12279 = ORIENTED_EDGE('',*,*,#12280,.T.);
#12280 = EDGE_CURVE('',#12190,#12230,#12281,.T.);
#12281 = LINE('',#12282,#12283);
#12282 = CARTESIAN_POINT('',(33.,22.8,13.4));
#12283 = VECTOR('',#12284,1.);
#12284 = DIRECTION('',(1.,0.,0.));
#12285 = ORIENTED_EDGE('',*,*,#12229,.F.);
#12286 = PLANE('',#12287);
#12287 = AXIS2_PLACEMENT_3D('',#12288,#12289,#12290);
#12288 = CARTESIAN_POINT('',(33.,22.8,12.8));
#12289 = DIRECTION('',(0.,1.,0.));
#12290 = DIRECTION('',(0.,0.,1.));
#12291 = ADVANCED_FACE('',(#12292),#12298,.F.);
#12292 = FACE_BOUND('',#12293,.F.);
#12293 = EDGE_LOOP('',(#12294,#12295,#12296,#12297));
#12294 = ORIENTED_EDGE('',*,*,#12181,.F.);
#12295 = ORIENTED_EDGE('',*,*,#12251,.T.);
#12296 = ORIENTED_EDGE('',*,*,#12221,.T.);
#12297 = ORIENTED_EDGE('',*,*,#12273,.F.);
#12298 = PLANE('',#12299);
#12299 = AXIS2_PLACEMENT_3D('',#12300,#12301,#12302);
#12300 = CARTESIAN_POINT('',(33.,22.,12.8));
#12301 = DIRECTION('',(0.,0.,1.));
#12302 = DIRECTION('',(1.,0.,0.));
#12303 = ADVANCED_FACE('',(#12304),#12310,.T.);
#12304 = FACE_BOUND('',#12305,.T.);
#12305 = EDGE_LOOP('',(#12306,#12307,#12308,#12309));
#12306 = ORIENTED_EDGE('',*,*,#12197,.F.);
#12307 = ORIENTED_EDGE('',*,*,#12258,.T.);
#12308 = ORIENTED_EDGE('',*,*,#12237,.T.);
#12309 = ORIENTED_EDGE('',*,*,#12280,.F.);
#12310 = PLANE('',#12311);
#12311 = AXIS2_PLACEMENT_3D('',#12312,#12313,#12314);
#12312 = CARTESIAN_POINT('',(33.,22.,13.4));
#12313 = DIRECTION('',(0.,0.,1.));
#12314 = DIRECTION('',(1.,0.,0.));
#12315 = MANIFOLD_SOLID_BREP('',#12316);
#12316 = CLOSED_SHELL('',(#12317,#12357,#12397,#12419,#12441,#12453));
#12317 = ADVANCED_FACE('',(#12318),#12352,.F.);
#12318 = FACE_BOUND('',#12319,.F.);
#12319 = EDGE_LOOP('',(#12320,#12330,#12338,#12346));
#12320 = ORIENTED_EDGE('',*,*,#12321,.F.);
#12321 = EDGE_CURVE('',#12322,#12324,#12326,.T.);
#12322 = VERTEX_POINT('',#12323);
#12323 = CARTESIAN_POINT('',(33.,26.,12.8));
#12324 = VERTEX_POINT('',#12325);
#12325 = CARTESIAN_POINT('',(33.,26.,13.4));
#12326 = LINE('',#12327,#12328);
#12327 = CARTESIAN_POINT('',(33.,26.,12.8));
#12328 = VECTOR('',#12329,1.);
#12329 = DIRECTION('',(0.,0.,1.));
#12330 = ORIENTED_EDGE('',*,*,#12331,.T.);
#12331 = EDGE_CURVE('',#12322,#12332,#12334,.T.);
#12332 = VERTEX_POINT('',#12333);
#12333 = CARTESIAN_POINT('',(33.,26.8,12.8));
#12334 = LINE('',#12335,#12336);
#12335 = CARTESIAN_POINT('',(33.,26.,12.8));
#12336 = VECTOR('',#12337,1.);
#12337 = DIRECTION('',(0.,1.,0.));
#12338 = ORIENTED_EDGE('',*,*,#12339,.T.);
#12339 = EDGE_CURVE('',#12332,#12340,#12342,.T.);
#12340 = VERTEX_POINT('',#12341);
#12341 = CARTESIAN_POINT('',(33.,26.8,13.4));
#12342 = LINE('',#12343,#12344);
#12343 = CARTESIAN_POINT('',(33.,26.8,12.8));
#12344 = VECTOR('',#12345,1.);
#12345 = DIRECTION('',(0.,0.,1.));
#12346 = ORIENTED_EDGE('',*,*,#12347,.F.);
#12347 = EDGE_CURVE('',#12324,#12340,#12348,.T.);
#12348 = LINE('',#12349,#12350);
#12349 = CARTESIAN_POINT('',(33.,26.,13.4));
#12350 = VECTOR('',#12351,1.);
#12351 = DIRECTION('',(0.,1.,0.));
#12352 = PLANE('',#12353);
#12353 = AXIS2_PLACEMENT_3D('',#12354,#12355,#12356);
#12354 = CARTESIAN_POINT('',(33.,26.,12.8));
#12355 = DIRECTION('',(1.,0.,0.));
#12356 = DIRECTION('',(0.,0.,1.));
#12357 = ADVANCED_FACE('',(#12358),#12392,.T.);
#12358 = FACE_BOUND('',#12359,.T.);
#12359 = EDGE_LOOP('',(#12360,#12370,#12378,#12386));
#12360 = ORIENTED_EDGE('',*,*,#12361,.F.);
#12361 = EDGE_CURVE('',#12362,#12364,#12366,.T.);
#12362 = VERTEX_POINT('',#12363);
#12363 = CARTESIAN_POINT('',(34.6,26.,12.8));
#12364 = VERTEX_POINT('',#12365);
#12365 = CARTESIAN_POINT('',(34.6,26.,13.4));
#12366 = LINE('',#12367,#12368);
#12367 = CARTESIAN_POINT('',(34.6,26.,12.8));
#12368 = VECTOR('',#12369,1.);
#12369 = DIRECTION('',(0.,0.,1.));
#12370 = ORIENTED_EDGE('',*,*,#12371,.T.);
#12371 = EDGE_CURVE('',#12362,#12372,#12374,.T.);
#12372 = VERTEX_POINT('',#12373);
#12373 = CARTESIAN_POINT('',(34.6,26.8,12.8));
#12374 = LINE('',#12375,#12376);
#12375 = CARTESIAN_POINT('',(34.6,26.,12.8));
#12376 = VECTOR('',#12377,1.);
#12377 = DIRECTION('',(0.,1.,0.));
#12378 = ORIENTED_EDGE('',*,*,#12379,.T.);
#12379 = EDGE_CURVE('',#12372,#12380,#12382,.T.);
#12380 = VERTEX_POINT('',#12381);
#12381 = CARTESIAN_POINT('',(34.6,26.8,13.4));
#12382 = LINE('',#12383,#12384);
#12383 = CARTESIAN_POINT('',(34.6,26.8,12.8));
#12384 = VECTOR('',#12385,1.);
#12385 = DIRECTION('',(0.,0.,1.));
#12386 = ORIENTED_EDGE('',*,*,#12387,.F.);
#12387 = EDGE_CURVE('',#12364,#12380,#12388,.T.);
#12388 = LINE('',#12389,#12390);
#12389 = CARTESIAN_POINT('',(34.6,26.,13.4));
#12390 = VECTOR('',#12391,1.);
#12391 = DIRECTION('',(0.,1.,0.));
#12392 = PLANE('',#12393);
#12393 = AXIS2_PLACEMENT_3D('',#12394,#12395,#12396);
#12394 = CARTESIAN_POINT('',(34.6,26.,12.8));
#12395 = DIRECTION('',(1.,0.,0.));
#12396 = DIRECTION('',(0.,0.,1.));
#12397 = ADVANCED_FACE('',(#12398),#12414,.F.);
#12398 = FACE_BOUND('',#12399,.F.);
#12399 = EDGE_LOOP('',(#12400,#12406,#12407,#12413));
#12400 = ORIENTED_EDGE('',*,*,#12401,.F.);
#12401 = EDGE_CURVE('',#12322,#12362,#12402,.T.);
#12402 = LINE('',#12403,#12404);
#12403 = CARTESIAN_POINT('',(33.,26.,12.8));
#12404 = VECTOR('',#12405,1.);
#12405 = DIRECTION('',(1.,0.,0.));
#12406 = ORIENTED_EDGE('',*,*,#12321,.T.);
#12407 = ORIENTED_EDGE('',*,*,#12408,.T.);
#12408 = EDGE_CURVE('',#12324,#12364,#12409,.T.);
#12409 = LINE('',#12410,#12411);
#12410 = CARTESIAN_POINT('',(33.,26.,13.4));
#12411 = VECTOR('',#12412,1.);
#12412 = DIRECTION('',(1.,0.,0.));
#12413 = ORIENTED_EDGE('',*,*,#12361,.F.);
#12414 = PLANE('',#12415);
#12415 = AXIS2_PLACEMENT_3D('',#12416,#12417,#12418);
#12416 = CARTESIAN_POINT('',(33.,26.,12.8));
#12417 = DIRECTION('',(0.,1.,0.));
#12418 = DIRECTION('',(0.,0.,1.));
#12419 = ADVANCED_FACE('',(#12420),#12436,.T.);
#12420 = FACE_BOUND('',#12421,.T.);
#12421 = EDGE_LOOP('',(#12422,#12428,#12429,#12435));
#12422 = ORIENTED_EDGE('',*,*,#12423,.F.);
#12423 = EDGE_CURVE('',#12332,#12372,#12424,.T.);
#12424 = LINE('',#12425,#12426);
#12425 = CARTESIAN_POINT('',(33.,26.8,12.8));
#12426 = VECTOR('',#12427,1.);
#12427 = DIRECTION('',(1.,0.,0.));
#12428 = ORIENTED_EDGE('',*,*,#12339,.T.);
#12429 = ORIENTED_EDGE('',*,*,#12430,.T.);
#12430 = EDGE_CURVE('',#12340,#12380,#12431,.T.);
#12431 = LINE('',#12432,#12433);
#12432 = CARTESIAN_POINT('',(33.,26.8,13.4));
#12433 = VECTOR('',#12434,1.);
#12434 = DIRECTION('',(1.,0.,0.));
#12435 = ORIENTED_EDGE('',*,*,#12379,.F.);
#12436 = PLANE('',#12437);
#12437 = AXIS2_PLACEMENT_3D('',#12438,#12439,#12440);
#12438 = CARTESIAN_POINT('',(33.,26.8,12.8));
#12439 = DIRECTION('',(0.,1.,0.));
#12440 = DIRECTION('',(0.,0.,1.));
#12441 = ADVANCED_FACE('',(#12442),#12448,.F.);
#12442 = FACE_BOUND('',#12443,.F.);
#12443 = EDGE_LOOP('',(#12444,#12445,#12446,#12447));
#12444 = ORIENTED_EDGE('',*,*,#12331,.F.);
#12445 = ORIENTED_EDGE('',*,*,#12401,.T.);
#12446 = ORIENTED_EDGE('',*,*,#12371,.T.);
#12447 = ORIENTED_EDGE('',*,*,#12423,.F.);
#12448 = PLANE('',#12449);
#12449 = AXIS2_PLACEMENT_3D('',#12450,#12451,#12452);
#12450 = CARTESIAN_POINT('',(33.,26.,12.8));
#12451 = DIRECTION('',(0.,0.,1.));
#12452 = DIRECTION('',(1.,0.,0.));
#12453 = ADVANCED_FACE('',(#12454),#12460,.T.);
#12454 = FACE_BOUND('',#12455,.T.);
#12455 = EDGE_LOOP('',(#12456,#12457,#12458,#12459));
#12456 = ORIENTED_EDGE('',*,*,#12347,.F.);
#12457 = ORIENTED_EDGE('',*,*,#12408,.T.);
#12458 = ORIENTED_EDGE('',*,*,#12387,.T.);
#12459 = ORIENTED_EDGE('',*,*,#12430,.F.);
#12460 = PLANE('',#12461);
#12461 = AXIS2_PLACEMENT_3D('',#12462,#12463,#12464);
#12462 = CARTESIAN_POINT('',(33.,26.,13.4));
#12463 = DIRECTION('',(0.,0.,1.));
#12464 = DIRECTION('',(1.,0.,0.));
#12465 = MANIFOLD_SOLID_BREP('',#12466);
#12466 = CLOSED_SHELL('',(#12467,#12507,#12547,#12569,#12591,#12603));
#12467 = ADVANCED_FACE('',(#12468),#12502,.F.);
#12468 = FACE_BOUND('',#12469,.F.);
#12469 = EDGE_LOOP('',(#12470,#12480,#12488,#12496));
#12470 = ORIENTED_EDGE('',*,*,#12471,.F.);
#12471 = EDGE_CURVE('',#12472,#12474,#12476,.T.);
#12472 = VERTEX_POINT('',#12473);
#12473 = CARTESIAN_POINT('',(33.,30.,12.8));
#12474 = VERTEX_POINT('',#12475);
#12475 = CARTESIAN_POINT('',(33.,30.,13.4));
#12476 = LINE('',#12477,#12478);
#12477 = CARTESIAN_POINT('',(33.,30.,12.8));
#12478 = VECTOR('',#12479,1.);
#12479 = DIRECTION('',(0.,0.,1.));
#12480 = ORIENTED_EDGE('',*,*,#12481,.T.);
#12481 = EDGE_CURVE('',#12472,#12482,#12484,.T.);
#12482 = VERTEX_POINT('',#12483);
#12483 = CARTESIAN_POINT('',(33.,30.8,12.8));
#12484 = LINE('',#12485,#12486);
#12485 = CARTESIAN_POINT('',(33.,30.,12.8));
#12486 = VECTOR('',#12487,1.);
#12487 = DIRECTION('',(0.,1.,0.));
#12488 = ORIENTED_EDGE('',*,*,#12489,.T.);
#12489 = EDGE_CURVE('',#12482,#12490,#12492,.T.);
#12490 = VERTEX_POINT('',#12491);
#12491 = CARTESIAN_POINT('',(33.,30.8,13.4));
#12492 = LINE('',#12493,#12494);
#12493 = CARTESIAN_POINT('',(33.,30.8,12.8));
#12494 = VECTOR('',#12495,1.);
#12495 = DIRECTION('',(0.,0.,1.));
#12496 = ORIENTED_EDGE('',*,*,#12497,.F.);
#12497 = EDGE_CURVE('',#12474,#12490,#12498,.T.);
#12498 = LINE('',#12499,#12500);
#12499 = CARTESIAN_POINT('',(33.,30.,13.4));
#12500 = VECTOR('',#12501,1.);
#12501 = DIRECTION('',(0.,1.,0.));
#12502 = PLANE('',#12503);
#12503 = AXIS2_PLACEMENT_3D('',#12504,#12505,#12506);
#12504 = CARTESIAN_POINT('',(33.,30.,12.8));
#12505 = DIRECTION('',(1.,0.,0.));
#12506 = DIRECTION('',(0.,0.,1.));
#12507 = ADVANCED_FACE('',(#12508),#12542,.T.);
#12508 = FACE_BOUND('',#12509,.T.);
#12509 = EDGE_LOOP('',(#12510,#12520,#12528,#12536));
#12510 = ORIENTED_EDGE('',*,*,#12511,.F.);
#12511 = EDGE_CURVE('',#12512,#12514,#12516,.T.);
#12512 = VERTEX_POINT('',#12513);
#12513 = CARTESIAN_POINT('',(34.6,30.,12.8));
#12514 = VERTEX_POINT('',#12515);
#12515 = CARTESIAN_POINT('',(34.6,30.,13.4));
#12516 = LINE('',#12517,#12518);
#12517 = CARTESIAN_POINT('',(34.6,30.,12.8));
#12518 = VECTOR('',#12519,1.);
#12519 = DIRECTION('',(0.,0.,1.));
#12520 = ORIENTED_EDGE('',*,*,#12521,.T.);
#12521 = EDGE_CURVE('',#12512,#12522,#12524,.T.);
#12522 = VERTEX_POINT('',#12523);
#12523 = CARTESIAN_POINT('',(34.6,30.8,12.8));
#12524 = LINE('',#12525,#12526);
#12525 = CARTESIAN_POINT('',(34.6,30.,12.8));
#12526 = VECTOR('',#12527,1.);
#12527 = DIRECTION('',(0.,1.,0.));
#12528 = ORIENTED_EDGE('',*,*,#12529,.T.);
#12529 = EDGE_CURVE('',#12522,#12530,#12532,.T.);
#12530 = VERTEX_POINT('',#12531);
#12531 = CARTESIAN_POINT('',(34.6,30.8,13.4));
#12532 = LINE('',#12533,#12534);
#12533 = CARTESIAN_POINT('',(34.6,30.8,12.8));
#12534 = VECTOR('',#12535,1.);
#12535 = DIRECTION('',(0.,0.,1.));
#12536 = ORIENTED_EDGE('',*,*,#12537,.F.);
#12537 = EDGE_CURVE('',#12514,#12530,#12538,.T.);
#12538 = LINE('',#12539,#12540);
#12539 = CARTESIAN_POINT('',(34.6,30.,13.4));
#12540 = VECTOR('',#12541,1.);
#12541 = DIRECTION('',(0.,1.,0.));
#12542 = PLANE('',#12543);
#12543 = AXIS2_PLACEMENT_3D('',#12544,#12545,#12546);
#12544 = CARTESIAN_POINT('',(34.6,30.,12.8));
#12545 = DIRECTION('',(1.,0.,0.));
#12546 = DIRECTION('',(0.,0.,1.));
#12547 = ADVANCED_FACE('',(#12548),#12564,.F.);
#12548 = FACE_BOUND('',#12549,.F.);
#12549 = EDGE_LOOP('',(#12550,#12556,#12557,#12563));
#12550 = ORIENTED_EDGE('',*,*,#12551,.F.);
#12551 = EDGE_CURVE('',#12472,#12512,#12552,.T.);
#12552 = LINE('',#12553,#12554);
#12553 = CARTESIAN_POINT('',(33.,30.,12.8));
#12554 = VECTOR('',#12555,1.);
#12555 = DIRECTION('',(1.,0.,0.));
#12556 = ORIENTED_EDGE('',*,*,#12471,.T.);
#12557 = ORIENTED_EDGE('',*,*,#12558,.T.);
#12558 = EDGE_CURVE('',#12474,#12514,#12559,.T.);
#12559 = LINE('',#12560,#12561);
#12560 = CARTESIAN_POINT('',(33.,30.,13.4));
#12561 = VECTOR('',#12562,1.);
#12562 = DIRECTION('',(1.,0.,0.));
#12563 = ORIENTED_EDGE('',*,*,#12511,.F.);
#12564 = PLANE('',#12565);
#12565 = AXIS2_PLACEMENT_3D('',#12566,#12567,#12568);
#12566 = CARTESIAN_POINT('',(33.,30.,12.8));
#12567 = DIRECTION('',(0.,1.,0.));
#12568 = DIRECTION('',(0.,0.,1.));
#12569 = ADVANCED_FACE('',(#12570),#12586,.T.);
#12570 = FACE_BOUND('',#12571,.T.);
#12571 = EDGE_LOOP('',(#12572,#12578,#12579,#12585));
#12572 = ORIENTED_EDGE('',*,*,#12573,.F.);
#12573 = EDGE_CURVE('',#12482,#12522,#12574,.T.);
#12574 = LINE('',#12575,#12576);
#12575 = CARTESIAN_POINT('',(33.,30.8,12.8));
#12576 = VECTOR('',#12577,1.);
#12577 = DIRECTION('',(1.,0.,0.));
#12578 = ORIENTED_EDGE('',*,*,#12489,.T.);
#12579 = ORIENTED_EDGE('',*,*,#12580,.T.);
#12580 = EDGE_CURVE('',#12490,#12530,#12581,.T.);
#12581 = LINE('',#12582,#12583);
#12582 = CARTESIAN_POINT('',(33.,30.8,13.4));
#12583 = VECTOR('',#12584,1.);
#12584 = DIRECTION('',(1.,0.,0.));
#12585 = ORIENTED_EDGE('',*,*,#12529,.F.);
#12586 = PLANE('',#12587);
#12587 = AXIS2_PLACEMENT_3D('',#12588,#12589,#12590);
#12588 = CARTESIAN_POINT('',(33.,30.8,12.8));
#12589 = DIRECTION('',(0.,1.,0.));
#12590 = DIRECTION('',(0.,0.,1.));
#12591 = ADVANCED_FACE('',(#12592),#12598,.F.);
#12592 = FACE_BOUND('',#12593,.F.);
#12593 = EDGE_LOOP('',(#12594,#12595,#12596,#12597));
#12594 = ORIENTED_EDGE('',*,*,#12481,.F.);
#12595 = ORIENTED_EDGE('',*,*,#12551,.T.);
#12596 = ORIENTED_EDGE('',*,*,#12521,.T.);
#12597 = ORIENTED_EDGE('',*,*,#12573,.F.);
#12598 = PLANE('',#12599);
#12599 = AXIS2_PLACEMENT_3D('',#12600,#12601,#12602);
#12600 = CARTESIAN_POINT('',(33.,30.,12.8));
#12601 = DIRECTION('',(0.,0.,1.));
#12602 = DIRECTION('',(1.,0.,0.));
#12603 = ADVANCED_FACE('',(#12604),#12610,.T.);
#12604 = FACE_BOUND('',#12605,.T.);
#12605 = EDGE_LOOP('',(#12606,#12607,#12608,#12609));
#12606 = ORIENTED_EDGE('',*,*,#12497,.F.);
#12607 = ORIENTED_EDGE('',*,*,#12558,.T.);
#12608 = ORIENTED_EDGE('',*,*,#12537,.T.);
#12609 = ORIENTED_EDGE('',*,*,#12580,.F.);
#12610 = PLANE('',#12611);
#12611 = AXIS2_PLACEMENT_3D('',#12612,#12613,#12614);
#12612 = CARTESIAN_POINT('',(33.,30.,13.4));
#12613 = DIRECTION('',(0.,0.,1.));
#12614 = DIRECTION('',(1.,0.,0.));
#12615 = MANIFOLD_SOLID_BREP('',#12616);
#12616 = CLOSED_SHELL('',(#12617,#12657,#12697,#12719,#12741,#12753));
#12617 = ADVANCED_FACE('',(#12618),#12652,.F.);
#12618 = FACE_BOUND('',#12619,.F.);
#12619 = EDGE_LOOP('',(#12620,#12630,#12638,#12646));
#12620 = ORIENTED_EDGE('',*,*,#12621,.F.);
#12621 = EDGE_CURVE('',#12622,#12624,#12626,.T.);
#12622 = VERTEX_POINT('',#12623);
#12623 = CARTESIAN_POINT('',(11.,26.,12.8));
#12624 = VERTEX_POINT('',#12625);
#12625 = CARTESIAN_POINT('',(11.,26.,13.4));
#12626 = LINE('',#12627,#12628);
#12627 = CARTESIAN_POINT('',(11.,26.,12.8));
#12628 = VECTOR('',#12629,1.);
#12629 = DIRECTION('',(0.,0.,1.));
#12630 = ORIENTED_EDGE('',*,*,#12631,.T.);
#12631 = EDGE_CURVE('',#12622,#12632,#12634,.T.);
#12632 = VERTEX_POINT('',#12633);
#12633 = CARTESIAN_POINT('',(11.,26.8,12.8));
#12634 = LINE('',#12635,#12636);
#12635 = CARTESIAN_POINT('',(11.,26.,12.8));
#12636 = VECTOR('',#12637,1.);
#12637 = DIRECTION('',(0.,1.,0.));
#12638 = ORIENTED_EDGE('',*,*,#12639,.T.);
#12639 = EDGE_CURVE('',#12632,#12640,#12642,.T.);
#12640 = VERTEX_POINT('',#12641);
#12641 = CARTESIAN_POINT('',(11.,26.8,13.4));
#12642 = LINE('',#12643,#12644);
#12643 = CARTESIAN_POINT('',(11.,26.8,12.8));
#12644 = VECTOR('',#12645,1.);
#12645 = DIRECTION('',(0.,0.,1.));
#12646 = ORIENTED_EDGE('',*,*,#12647,.F.);
#12647 = EDGE_CURVE('',#12624,#12640,#12648,.T.);
#12648 = LINE('',#12649,#12650);
#12649 = CARTESIAN_POINT('',(11.,26.,13.4));
#12650 = VECTOR('',#12651,1.);
#12651 = DIRECTION('',(0.,1.,0.));
#12652 = PLANE('',#12653);
#12653 = AXIS2_PLACEMENT_3D('',#12654,#12655,#12656);
#12654 = CARTESIAN_POINT('',(11.,26.,12.8));
#12655 = DIRECTION('',(1.,0.,0.));
#12656 = DIRECTION('',(0.,0.,1.));
#12657 = ADVANCED_FACE('',(#12658),#12692,.T.);
#12658 = FACE_BOUND('',#12659,.T.);
#12659 = EDGE_LOOP('',(#12660,#12670,#12678,#12686));
#12660 = ORIENTED_EDGE('',*,*,#12661,.F.);
#12661 = EDGE_CURVE('',#12662,#12664,#12666,.T.);
#12662 = VERTEX_POINT('',#12663);
#12663 = CARTESIAN_POINT('',(12.6,26.,12.8));
#12664 = VERTEX_POINT('',#12665);
#12665 = CARTESIAN_POINT('',(12.6,26.,13.4));
#12666 = LINE('',#12667,#12668);
#12667 = CARTESIAN_POINT('',(12.6,26.,12.8));
#12668 = VECTOR('',#12669,1.);
#12669 = DIRECTION('',(0.,0.,1.));
#12670 = ORIENTED_EDGE('',*,*,#12671,.T.);
#12671 = EDGE_CURVE('',#12662,#12672,#12674,.T.);
#12672 = VERTEX_POINT('',#12673);
#12673 = CARTESIAN_POINT('',(12.6,26.8,12.8));
#12674 = LINE('',#12675,#12676);
#12675 = CARTESIAN_POINT('',(12.6,26.,12.8));
#12676 = VECTOR('',#12677,1.);
#12677 = DIRECTION('',(0.,1.,0.));
#12678 = ORIENTED_EDGE('',*,*,#12679,.T.);
#12679 = EDGE_CURVE('',#12672,#12680,#12682,.T.);
#12680 = VERTEX_POINT('',#12681);
#12681 = CARTESIAN_POINT('',(12.6,26.8,13.4));
#12682 = LINE('',#12683,#12684);
#12683 = CARTESIAN_POINT('',(12.6,26.8,12.8));
#12684 = VECTOR('',#12685,1.);
#12685 = DIRECTION('',(0.,0.,1.));
#12686 = ORIENTED_EDGE('',*,*,#12687,.F.);
#12687 = EDGE_CURVE('',#12664,#12680,#12688,.T.);
#12688 = LINE('',#12689,#12690);
#12689 = CARTESIAN_POINT('',(12.6,26.,13.4));
#12690 = VECTOR('',#12691,1.);
#12691 = DIRECTION('',(0.,1.,0.));
#12692 = PLANE('',#12693);
#12693 = AXIS2_PLACEMENT_3D('',#12694,#12695,#12696);
#12694 = CARTESIAN_POINT('',(12.6,26.,12.8));
#12695 = DIRECTION('',(1.,0.,0.));
#12696 = DIRECTION('',(0.,0.,1.));
#12697 = ADVANCED_FACE('',(#12698),#12714,.F.);
#12698 = FACE_BOUND('',#12699,.F.);
#12699 = EDGE_LOOP('',(#12700,#12706,#12707,#12713));
#12700 = ORIENTED_EDGE('',*,*,#12701,.F.);
#12701 = EDGE_CURVE('',#12622,#12662,#12702,.T.);
#12702 = LINE('',#12703,#12704);
#12703 = CARTESIAN_POINT('',(11.,26.,12.8));
#12704 = VECTOR('',#12705,1.);
#12705 = DIRECTION('',(1.,0.,0.));
#12706 = ORIENTED_EDGE('',*,*,#12621,.T.);
#12707 = ORIENTED_EDGE('',*,*,#12708,.T.);
#12708 = EDGE_CURVE('',#12624,#12664,#12709,.T.);
#12709 = LINE('',#12710,#12711);
#12710 = CARTESIAN_POINT('',(11.,26.,13.4));
#12711 = VECTOR('',#12712,1.);
#12712 = DIRECTION('',(1.,0.,0.));
#12713 = ORIENTED_EDGE('',*,*,#12661,.F.);
#12714 = PLANE('',#12715);
#12715 = AXIS2_PLACEMENT_3D('',#12716,#12717,#12718);
#12716 = CARTESIAN_POINT('',(11.,26.,12.8));
#12717 = DIRECTION('',(0.,1.,0.));
#12718 = DIRECTION('',(0.,0.,1.));
#12719 = ADVANCED_FACE('',(#12720),#12736,.T.);
#12720 = FACE_BOUND('',#12721,.T.);
#12721 = EDGE_LOOP('',(#12722,#12728,#12729,#12735));
#12722 = ORIENTED_EDGE('',*,*,#12723,.F.);
#12723 = EDGE_CURVE('',#12632,#12672,#12724,.T.);
#12724 = LINE('',#12725,#12726);
#12725 = CARTESIAN_POINT('',(11.,26.8,12.8));
#12726 = VECTOR('',#12727,1.);
#12727 = DIRECTION('',(1.,0.,0.));
#12728 = ORIENTED_EDGE('',*,*,#12639,.T.);
#12729 = ORIENTED_EDGE('',*,*,#12730,.T.);
#12730 = EDGE_CURVE('',#12640,#12680,#12731,.T.);
#12731 = LINE('',#12732,#12733);
#12732 = CARTESIAN_POINT('',(11.,26.8,13.4));
#12733 = VECTOR('',#12734,1.);
#12734 = DIRECTION('',(1.,0.,0.));
#12735 = ORIENTED_EDGE('',*,*,#12679,.F.);
#12736 = PLANE('',#12737);
#12737 = AXIS2_PLACEMENT_3D('',#12738,#12739,#12740);
#12738 = CARTESIAN_POINT('',(11.,26.8,12.8));
#12739 = DIRECTION('',(0.,1.,0.));
#12740 = DIRECTION('',(0.,0.,1.));
#12741 = ADVANCED_FACE('',(#12742),#12748,.F.);
#12742 = FACE_BOUND('',#12743,.F.);
#12743 = EDGE_LOOP('',(#12744,#12745,#12746,#12747));
#12744 = ORIENTED_EDGE('',*,*,#12631,.F.);
#12745 = ORIENTED_EDGE('',*,*,#12701,.T.);
#12746 = ORIENTED_EDGE('',*,*,#12671,.T.);
#12747 = ORIENTED_EDGE('',*,*,#12723,.F.);
#12748 = PLANE('',#12749);
#12749 = AXIS2_PLACEMENT_3D('',#12750,#12751,#12752);
#12750 = CARTESIAN_POINT('',(11.,26.,12.8));
#12751 = DIRECTION('',(0.,0.,1.));
#12752 = DIRECTION('',(1.,0.,0.));
#12753 = ADVANCED_FACE('',(#12754),#12760,.T.);
#12754 = FACE_BOUND('',#12755,.T.);
#12755 = EDGE_LOOP('',(#12756,#12757,#12758,#12759));
#12756 = ORIENTED_EDGE('',*,*,#12647,.F.);
#12757 = ORIENTED_EDGE('',*,*,#12708,.T.);
#12758 = ORIENTED_EDGE('',*,*,#12687,.T.);
#12759 = ORIENTED_EDGE('',*,*,#12730,.F.);
#12760 = PLANE('',#12761);
#12761 = AXIS2_PLACEMENT_3D('',#12762,#12763,#12764);
#12762 = CARTESIAN_POINT('',(11.,26.,13.4));
#12763 = DIRECTION('',(0.,0.,1.));
#12764 = DIRECTION('',(1.,0.,0.));
#12765 = MANIFOLD_SOLID_BREP('',#12766);
#12766 = CLOSED_SHELL('',(#12767,#12807,#12847,#12869,#12891,#12903));
#12767 = ADVANCED_FACE('',(#12768),#12802,.F.);
#12768 = FACE_BOUND('',#12769,.F.);
#12769 = EDGE_LOOP('',(#12770,#12780,#12788,#12796));
#12770 = ORIENTED_EDGE('',*,*,#12771,.F.);
#12771 = EDGE_CURVE('',#12772,#12774,#12776,.T.);
#12772 = VERTEX_POINT('',#12773);
#12773 = CARTESIAN_POINT('',(13.,26.,12.8));
#12774 = VERTEX_POINT('',#12775);
#12775 = CARTESIAN_POINT('',(13.,26.,13.4));
#12776 = LINE('',#12777,#12778);
#12777 = CARTESIAN_POINT('',(13.,26.,12.8));
#12778 = VECTOR('',#12779,1.);
#12779 = DIRECTION('',(0.,0.,1.));
#12780 = ORIENTED_EDGE('',*,*,#12781,.T.);
#12781 = EDGE_CURVE('',#12772,#12782,#12784,.T.);
#12782 = VERTEX_POINT('',#12783);
#12783 = CARTESIAN_POINT('',(13.,26.8,12.8));
#12784 = LINE('',#12785,#12786);
#12785 = CARTESIAN_POINT('',(13.,26.,12.8));
#12786 = VECTOR('',#12787,1.);
#12787 = DIRECTION('',(0.,1.,0.));
#12788 = ORIENTED_EDGE('',*,*,#12789,.T.);
#12789 = EDGE_CURVE('',#12782,#12790,#12792,.T.);
#12790 = VERTEX_POINT('',#12791);
#12791 = CARTESIAN_POINT('',(13.,26.8,13.4));
#12792 = LINE('',#12793,#12794);
#12793 = CARTESIAN_POINT('',(13.,26.8,12.8));
#12794 = VECTOR('',#12795,1.);
#12795 = DIRECTION('',(0.,0.,1.));
#12796 = ORIENTED_EDGE('',*,*,#12797,.F.);
#12797 = EDGE_CURVE('',#12774,#12790,#12798,.T.);
#12798 = LINE('',#12799,#12800);
#12799 = CARTESIAN_POINT('',(13.,26.,13.4));
#12800 = VECTOR('',#12801,1.);
#12801 = DIRECTION('',(0.,1.,0.));
#12802 = PLANE('',#12803);
#12803 = AXIS2_PLACEMENT_3D('',#12804,#12805,#12806);
#12804 = CARTESIAN_POINT('',(13.,26.,12.8));
#12805 = DIRECTION('',(1.,0.,0.));
#12806 = DIRECTION('',(0.,0.,1.));
#12807 = ADVANCED_FACE('',(#12808),#12842,.T.);
#12808 = FACE_BOUND('',#12809,.T.);
#12809 = EDGE_LOOP('',(#12810,#12820,#12828,#12836));
#12810 = ORIENTED_EDGE('',*,*,#12811,.F.);
#12811 = EDGE_CURVE('',#12812,#12814,#12816,.T.);
#12812 = VERTEX_POINT('',#12813);
#12813 = CARTESIAN_POINT('',(14.6,26.,12.8));
#12814 = VERTEX_POINT('',#12815);
#12815 = CARTESIAN_POINT('',(14.6,26.,13.4));
#12816 = LINE('',#12817,#12818);
#12817 = CARTESIAN_POINT('',(14.6,26.,12.8));
#12818 = VECTOR('',#12819,1.);
#12819 = DIRECTION('',(0.,0.,1.));
#12820 = ORIENTED_EDGE('',*,*,#12821,.T.);
#12821 = EDGE_CURVE('',#12812,#12822,#12824,.T.);
#12822 = VERTEX_POINT('',#12823);
#12823 = CARTESIAN_POINT('',(14.6,26.8,12.8));
#12824 = LINE('',#12825,#12826);
#12825 = CARTESIAN_POINT('',(14.6,26.,12.8));
#12826 = VECTOR('',#12827,1.);
#12827 = DIRECTION('',(0.,1.,0.));
#12828 = ORIENTED_EDGE('',*,*,#12829,.T.);
#12829 = EDGE_CURVE('',#12822,#12830,#12832,.T.);
#12830 = VERTEX_POINT('',#12831);
#12831 = CARTESIAN_POINT('',(14.6,26.8,13.4));
#12832 = LINE('',#12833,#12834);
#12833 = CARTESIAN_POINT('',(14.6,26.8,12.8));
#12834 = VECTOR('',#12835,1.);
#12835 = DIRECTION('',(0.,0.,1.));
#12836 = ORIENTED_EDGE('',*,*,#12837,.F.);
#12837 = EDGE_CURVE('',#12814,#12830,#12838,.T.);
#12838 = LINE('',#12839,#12840);
#12839 = CARTESIAN_POINT('',(14.6,26.,13.4));
#12840 = VECTOR('',#12841,1.);
#12841 = DIRECTION('',(0.,1.,0.));
#12842 = PLANE('',#12843);
#12843 = AXIS2_PLACEMENT_3D('',#12844,#12845,#12846);
#12844 = CARTESIAN_POINT('',(14.6,26.,12.8));
#12845 = DIRECTION('',(1.,0.,0.));
#12846 = DIRECTION('',(0.,0.,1.));
#12847 = ADVANCED_FACE('',(#12848),#12864,.F.);
#12848 = FACE_BOUND('',#12849,.F.);
#12849 = EDGE_LOOP('',(#12850,#12856,#12857,#12863));
#12850 = ORIENTED_EDGE('',*,*,#12851,.F.);
#12851 = EDGE_CURVE('',#12772,#12812,#12852,.T.);
#12852 = LINE('',#12853,#12854);
#12853 = CARTESIAN_POINT('',(13.,26.,12.8));
#12854 = VECTOR('',#12855,1.);
#12855 = DIRECTION('',(1.,0.,0.));
#12856 = ORIENTED_EDGE('',*,*,#12771,.T.);
#12857 = ORIENTED_EDGE('',*,*,#12858,.T.);
#12858 = EDGE_CURVE('',#12774,#12814,#12859,.T.);
#12859 = LINE('',#12860,#12861);
#12860 = CARTESIAN_POINT('',(13.,26.,13.4));
#12861 = VECTOR('',#12862,1.);
#12862 = DIRECTION('',(1.,0.,0.));
#12863 = ORIENTED_EDGE('',*,*,#12811,.F.);
#12864 = PLANE('',#12865);
#12865 = AXIS2_PLACEMENT_3D('',#12866,#12867,#12868);
#12866 = CARTESIAN_POINT('',(13.,26.,12.8));
#12867 = DIRECTION('',(0.,1.,0.));
#12868 = DIRECTION('',(0.,0.,1.));
#12869 = ADVANCED_FACE('',(#12870),#12886,.T.);
#12870 = FACE_BOUND('',#12871,.T.);
#12871 = EDGE_LOOP('',(#12872,#12878,#12879,#12885));
#12872 = ORIENTED_EDGE('',*,*,#12873,.F.);
#12873 = EDGE_CURVE('',#12782,#12822,#12874,.T.);
#12874 = LINE('',#12875,#12876);
#12875 = CARTESIAN_POINT('',(13.,26.8,12.8));
#12876 = VECTOR('',#12877,1.);
#12877 = DIRECTION('',(1.,0.,0.));
#12878 = ORIENTED_EDGE('',*,*,#12789,.T.);
#12879 = ORIENTED_EDGE('',*,*,#12880,.T.);
#12880 = EDGE_CURVE('',#12790,#12830,#12881,.T.);
#12881 = LINE('',#12882,#12883);
#12882 = CARTESIAN_POINT('',(13.,26.8,13.4));
#12883 = VECTOR('',#12884,1.);
#12884 = DIRECTION('',(1.,0.,0.));
#12885 = ORIENTED_EDGE('',*,*,#12829,.F.);
#12886 = PLANE('',#12887);
#12887 = AXIS2_PLACEMENT_3D('',#12888,#12889,#12890);
#12888 = CARTESIAN_POINT('',(13.,26.8,12.8));
#12889 = DIRECTION('',(0.,1.,0.));
#12890 = DIRECTION('',(0.,0.,1.));
#12891 = ADVANCED_FACE('',(#12892),#12898,.F.);
#12892 = FACE_BOUND('',#12893,.F.);
#12893 = EDGE_LOOP('',(#12894,#12895,#12896,#12897));
#12894 = ORIENTED_EDGE('',*,*,#12781,.F.);
#12895 = ORIENTED_EDGE('',*,*,#12851,.T.);
#12896 = ORIENTED_EDGE('',*,*,#12821,.T.);
#12897 = ORIENTED_EDGE('',*,*,#12873,.F.);
#12898 = PLANE('',#12899);
#12899 = AXIS2_PLACEMENT_3D('',#12900,#12901,#12902);
#12900 = CARTESIAN_POINT('',(13.,26.,12.8));
#12901 = DIRECTION('',(0.,0.,1.));
#12902 = DIRECTION('',(1.,0.,0.));
#12903 = ADVANCED_FACE('',(#12904),#12910,.T.);
#12904 = FACE_BOUND('',#12905,.T.);
#12905 = EDGE_LOOP('',(#12906,#12907,#12908,#12909));
#12906 = ORIENTED_EDGE('',*,*,#12797,.F.);
#12907 = ORIENTED_EDGE('',*,*,#12858,.T.);
#12908 = ORIENTED_EDGE('',*,*,#12837,.T.);
#12909 = ORIENTED_EDGE('',*,*,#12880,.F.);
#12910 = PLANE('',#12911);
#12911 = AXIS2_PLACEMENT_3D('',#12912,#12913,#12914);
#12912 = CARTESIAN_POINT('',(13.,26.,13.4));
#12913 = DIRECTION('',(0.,0.,1.));
#12914 = DIRECTION('',(1.,0.,0.));
#12915 = MANIFOLD_SOLID_BREP('',#12916);
#12916 = CLOSED_SHELL('',(#12917,#12957,#12997,#13019,#13041,#13053));
#12917 = ADVANCED_FACE('',(#12918),#12952,.F.);
#12918 = FACE_BOUND('',#12919,.F.);
#12919 = EDGE_LOOP('',(#12920,#12930,#12938,#12946));
#12920 = ORIENTED_EDGE('',*,*,#12921,.F.);
#12921 = EDGE_CURVE('',#12922,#12924,#12926,.T.);
#12922 = VERTEX_POINT('',#12923);
#12923 = CARTESIAN_POINT('',(15.,29.,12.8));
#12924 = VERTEX_POINT('',#12925);
#12925 = CARTESIAN_POINT('',(15.,29.,13.4));
#12926 = LINE('',#12927,#12928);
#12927 = CARTESIAN_POINT('',(15.,29.,12.8));
#12928 = VECTOR('',#12929,1.);
#12929 = DIRECTION('',(0.,0.,1.));
#12930 = ORIENTED_EDGE('',*,*,#12931,.T.);
#12931 = EDGE_CURVE('',#12922,#12932,#12934,.T.);
#12932 = VERTEX_POINT('',#12933);
#12933 = CARTESIAN_POINT('',(15.,29.8,12.8));
#12934 = LINE('',#12935,#12936);
#12935 = CARTESIAN_POINT('',(15.,29.,12.8));
#12936 = VECTOR('',#12937,1.);
#12937 = DIRECTION('',(0.,1.,0.));
#12938 = ORIENTED_EDGE('',*,*,#12939,.T.);
#12939 = EDGE_CURVE('',#12932,#12940,#12942,.T.);
#12940 = VERTEX_POINT('',#12941);
#12941 = CARTESIAN_POINT('',(15.,29.8,13.4));
#12942 = LINE('',#12943,#12944);
#12943 = CARTESIAN_POINT('',(15.,29.8,12.8));
#12944 = VECTOR('',#12945,1.);
#12945 = DIRECTION('',(0.,0.,1.));
#12946 = ORIENTED_EDGE('',*,*,#12947,.F.);
#12947 = EDGE_CURVE('',#12924,#12940,#12948,.T.);
#12948 = LINE('',#12949,#12950);
#12949 = CARTESIAN_POINT('',(15.,29.,13.4));
#12950 = VECTOR('',#12951,1.);
#12951 = DIRECTION('',(0.,1.,0.));
#12952 = PLANE('',#12953);
#12953 = AXIS2_PLACEMENT_3D('',#12954,#12955,#12956);
#12954 = CARTESIAN_POINT('',(15.,29.,12.8));
#12955 = DIRECTION('',(1.,0.,0.));
#12956 = DIRECTION('',(0.,0.,1.));
#12957 = ADVANCED_FACE('',(#12958),#12992,.T.);
#12958 = FACE_BOUND('',#12959,.T.);
#12959 = EDGE_LOOP('',(#12960,#12970,#12978,#12986));
#12960 = ORIENTED_EDGE('',*,*,#12961,.F.);
#12961 = EDGE_CURVE('',#12962,#12964,#12966,.T.);
#12962 = VERTEX_POINT('',#12963);
#12963 = CARTESIAN_POINT('',(16.6,29.,12.8));
#12964 = VERTEX_POINT('',#12965);
#12965 = CARTESIAN_POINT('',(16.6,29.,13.4));
#12966 = LINE('',#12967,#12968);
#12967 = CARTESIAN_POINT('',(16.6,29.,12.8));
#12968 = VECTOR('',#12969,1.);
#12969 = DIRECTION('',(0.,0.,1.));
#12970 = ORIENTED_EDGE('',*,*,#12971,.T.);
#12971 = EDGE_CURVE('',#12962,#12972,#12974,.T.);
#12972 = VERTEX_POINT('',#12973);
#12973 = CARTESIAN_POINT('',(16.6,29.8,12.8));
#12974 = LINE('',#12975,#12976);
#12975 = CARTESIAN_POINT('',(16.6,29.,12.8));
#12976 = VECTOR('',#12977,1.);
#12977 = DIRECTION('',(0.,1.,0.));
#12978 = ORIENTED_EDGE('',*,*,#12979,.T.);
#12979 = EDGE_CURVE('',#12972,#12980,#12982,.T.);
#12980 = VERTEX_POINT('',#12981);
#12981 = CARTESIAN_POINT('',(16.6,29.8,13.4));
#12982 = LINE('',#12983,#12984);
#12983 = CARTESIAN_POINT('',(16.6,29.8,12.8));
#12984 = VECTOR('',#12985,1.);
#12985 = DIRECTION('',(0.,0.,1.));
#12986 = ORIENTED_EDGE('',*,*,#12987,.F.);
#12987 = EDGE_CURVE('',#12964,#12980,#12988,.T.);
#12988 = LINE('',#12989,#12990);
#12989 = CARTESIAN_POINT('',(16.6,29.,13.4));
#12990 = VECTOR('',#12991,1.);
#12991 = DIRECTION('',(0.,1.,0.));
#12992 = PLANE('',#12993);
#12993 = AXIS2_PLACEMENT_3D('',#12994,#12995,#12996);
#12994 = CARTESIAN_POINT('',(16.6,29.,12.8));
#12995 = DIRECTION('',(1.,0.,0.));
#12996 = DIRECTION('',(0.,0.,1.));
#12997 = ADVANCED_FACE('',(#12998),#13014,.F.);
#12998 = FACE_BOUND('',#12999,.F.);
#12999 = EDGE_LOOP('',(#13000,#13006,#13007,#13013));
#13000 = ORIENTED_EDGE('',*,*,#13001,.F.);
#13001 = EDGE_CURVE('',#12922,#12962,#13002,.T.);
#13002 = LINE('',#13003,#13004);
#13003 = CARTESIAN_POINT('',(15.,29.,12.8));
#13004 = VECTOR('',#13005,1.);
#13005 = DIRECTION('',(1.,0.,0.));
#13006 = ORIENTED_EDGE('',*,*,#12921,.T.);
#13007 = ORIENTED_EDGE('',*,*,#13008,.T.);
#13008 = EDGE_CURVE('',#12924,#12964,#13009,.T.);
#13009 = LINE('',#13010,#13011);
#13010 = CARTESIAN_POINT('',(15.,29.,13.4));
#13011 = VECTOR('',#13012,1.);
#13012 = DIRECTION('',(1.,0.,0.));
#13013 = ORIENTED_EDGE('',*,*,#12961,.F.);
#13014 = PLANE('',#13015);
#13015 = AXIS2_PLACEMENT_3D('',#13016,#13017,#13018);
#13016 = CARTESIAN_POINT('',(15.,29.,12.8));
#13017 = DIRECTION('',(0.,1.,0.));
#13018 = DIRECTION('',(0.,0.,1.));
#13019 = ADVANCED_FACE('',(#13020),#13036,.T.);
#13020 = FACE_BOUND('',#13021,.T.);
#13021 = EDGE_LOOP('',(#13022,#13028,#13029,#13035));
#13022 = ORIENTED_EDGE('',*,*,#13023,.F.);
#13023 = EDGE_CURVE('',#12932,#12972,#13024,.T.);
#13024 = LINE('',#13025,#13026);
#13025 = CARTESIAN_POINT('',(15.,29.8,12.8));
#13026 = VECTOR('',#13027,1.);
#13027 = DIRECTION('',(1.,0.,0.));
#13028 = ORIENTED_EDGE('',*,*,#12939,.T.);
#13029 = ORIENTED_EDGE('',*,*,#13030,.T.);
#13030 = EDGE_CURVE('',#12940,#12980,#13031,.T.);
#13031 = LINE('',#13032,#13033);
#13032 = CARTESIAN_POINT('',(15.,29.8,13.4));
#13033 = VECTOR('',#13034,1.);
#13034 = DIRECTION('',(1.,0.,0.));
#13035 = ORIENTED_EDGE('',*,*,#12979,.F.);
#13036 = PLANE('',#13037);
#13037 = AXIS2_PLACEMENT_3D('',#13038,#13039,#13040);
#13038 = CARTESIAN_POINT('',(15.,29.8,12.8));
#13039 = DIRECTION('',(0.,1.,0.));
#13040 = DIRECTION('',(0.,0.,1.));
#13041 = ADVANCED_FACE('',(#13042),#13048,.F.);
#13042 = FACE_BOUND('',#13043,.F.);
#13043 = EDGE_LOOP('',(#13044,#13045,#13046,#13047));
#13044 = ORIENTED_EDGE('',*,*,#12931,.F.);
#13045 = ORIENTED_EDGE('',*,*,#13001,.T.);
#13046 = ORIENTED_EDGE('',*,*,#12971,.T.);
#13047 = ORIENTED_EDGE('',*,*,#13023,.F.);
#13048 = PLANE('',#13049);
#13049 = AXIS2_PLACEMENT_3D('',#13050,#13051,#13052);
#13050 = CARTESIAN_POINT('',(15.,29.,12.8));
#13051 = DIRECTION('',(0.,0.,1.));
#13052 = DIRECTION('',(1.,0.,0.));
#13053 = ADVANCED_FACE('',(#13054),#13060,.T.);
#13054 = FACE_BOUND('',#13055,.T.);
#13055 = EDGE_LOOP('',(#13056,#13057,#13058,#13059));
#13056 = ORIENTED_EDGE('',*,*,#12947,.F.);
#13057 = ORIENTED_EDGE('',*,*,#13008,.T.);
#13058 = ORIENTED_EDGE('',*,*,#12987,.T.);
#13059 = ORIENTED_EDGE('',*,*,#13030,.F.);
#13060 = PLANE('',#13061);
#13061 = AXIS2_PLACEMENT_3D('',#13062,#13063,#13064);
#13062 = CARTESIAN_POINT('',(15.,29.,13.4));
#13063 = DIRECTION('',(0.,0.,1.));
#13064 = DIRECTION('',(1.,0.,0.));
#13065 = MANIFOLD_SOLID_BREP('',#13066);
#13066 = CLOSED_SHELL('',(#13067,#13107,#13147,#13169,#13191,#13203));
#13067 = ADVANCED_FACE('',(#13068),#13102,.F.);
#13068 = FACE_BOUND('',#13069,.F.);
#13069 = EDGE_LOOP('',(#13070,#13080,#13088,#13096));
#13070 = ORIENTED_EDGE('',*,*,#13071,.F.);
#13071 = EDGE_CURVE('',#13072,#13074,#13076,.T.);
#13072 = VERTEX_POINT('',#13073);
#13073 = CARTESIAN_POINT('',(19.,29.,12.8));
#13074 = VERTEX_POINT('',#13075);
#13075 = CARTESIAN_POINT('',(19.,29.,13.4));
#13076 = LINE('',#13077,#13078);
#13077 = CARTESIAN_POINT('',(19.,29.,12.8));
#13078 = VECTOR('',#13079,1.);
#13079 = DIRECTION('',(0.,0.,1.));
#13080 = ORIENTED_EDGE('',*,*,#13081,.T.);
#13081 = EDGE_CURVE('',#13072,#13082,#13084,.T.);
#13082 = VERTEX_POINT('',#13083);
#13083 = CARTESIAN_POINT('',(19.,29.8,12.8));
#13084 = LINE('',#13085,#13086);
#13085 = CARTESIAN_POINT('',(19.,29.,12.8));
#13086 = VECTOR('',#13087,1.);
#13087 = DIRECTION('',(0.,1.,0.));
#13088 = ORIENTED_EDGE('',*,*,#13089,.T.);
#13089 = EDGE_CURVE('',#13082,#13090,#13092,.T.);
#13090 = VERTEX_POINT('',#13091);
#13091 = CARTESIAN_POINT('',(19.,29.8,13.4));
#13092 = LINE('',#13093,#13094);
#13093 = CARTESIAN_POINT('',(19.,29.8,12.8));
#13094 = VECTOR('',#13095,1.);
#13095 = DIRECTION('',(0.,0.,1.));
#13096 = ORIENTED_EDGE('',*,*,#13097,.F.);
#13097 = EDGE_CURVE('',#13074,#13090,#13098,.T.);
#13098 = LINE('',#13099,#13100);
#13099 = CARTESIAN_POINT('',(19.,29.,13.4));
#13100 = VECTOR('',#13101,1.);
#13101 = DIRECTION('',(0.,1.,0.));
#13102 = PLANE('',#13103);
#13103 = AXIS2_PLACEMENT_3D('',#13104,#13105,#13106);
#13104 = CARTESIAN_POINT('',(19.,29.,12.8));
#13105 = DIRECTION('',(1.,0.,0.));
#13106 = DIRECTION('',(0.,0.,1.));
#13107 = ADVANCED_FACE('',(#13108),#13142,.T.);
#13108 = FACE_BOUND('',#13109,.T.);
#13109 = EDGE_LOOP('',(#13110,#13120,#13128,#13136));
#13110 = ORIENTED_EDGE('',*,*,#13111,.F.);
#13111 = EDGE_CURVE('',#13112,#13114,#13116,.T.);
#13112 = VERTEX_POINT('',#13113);
#13113 = CARTESIAN_POINT('',(20.6,29.,12.8));
#13114 = VERTEX_POINT('',#13115);
#13115 = CARTESIAN_POINT('',(20.6,29.,13.4));
#13116 = LINE('',#13117,#13118);
#13117 = CARTESIAN_POINT('',(20.6,29.,12.8));
#13118 = VECTOR('',#13119,1.);
#13119 = DIRECTION('',(0.,0.,1.));
#13120 = ORIENTED_EDGE('',*,*,#13121,.T.);
#13121 = EDGE_CURVE('',#13112,#13122,#13124,.T.);
#13122 = VERTEX_POINT('',#13123);
#13123 = CARTESIAN_POINT('',(20.6,29.8,12.8));
#13124 = LINE('',#13125,#13126);
#13125 = CARTESIAN_POINT('',(20.6,29.,12.8));
#13126 = VECTOR('',#13127,1.);
#13127 = DIRECTION('',(0.,1.,0.));
#13128 = ORIENTED_EDGE('',*,*,#13129,.T.);
#13129 = EDGE_CURVE('',#13122,#13130,#13132,.T.);
#13130 = VERTEX_POINT('',#13131);
#13131 = CARTESIAN_POINT('',(20.6,29.8,13.4));
#13132 = LINE('',#13133,#13134);
#13133 = CARTESIAN_POINT('',(20.6,29.8,12.8));
#13134 = VECTOR('',#13135,1.);
#13135 = DIRECTION('',(0.,0.,1.));
#13136 = ORIENTED_EDGE('',*,*,#13137,.F.);
#13137 = EDGE_CURVE('',#13114,#13130,#13138,.T.);
#13138 = LINE('',#13139,#13140);
#13139 = CARTESIAN_POINT('',(20.6,29.,13.4));
#13140 = VECTOR('',#13141,1.);
#13141 = DIRECTION('',(0.,1.,0.));
#13142 = PLANE('',#13143);
#13143 = AXIS2_PLACEMENT_3D('',#13144,#13145,#13146);
#13144 = CARTESIAN_POINT('',(20.6,29.,12.8));
#13145 = DIRECTION('',(1.,0.,0.));
#13146 = DIRECTION('',(0.,0.,1.));
#13147 = ADVANCED_FACE('',(#13148),#13164,.F.);
#13148 = FACE_BOUND('',#13149,.F.);
#13149 = EDGE_LOOP('',(#13150,#13156,#13157,#13163));
#13150 = ORIENTED_EDGE('',*,*,#13151,.F.);
#13151 = EDGE_CURVE('',#13072,#13112,#13152,.T.);
#13152 = LINE('',#13153,#13154);
#13153 = CARTESIAN_POINT('',(19.,29.,12.8));
#13154 = VECTOR('',#13155,1.);
#13155 = DIRECTION('',(1.,0.,0.));
#13156 = ORIENTED_EDGE('',*,*,#13071,.T.);
#13157 = ORIENTED_EDGE('',*,*,#13158,.T.);
#13158 = EDGE_CURVE('',#13074,#13114,#13159,.T.);
#13159 = LINE('',#13160,#13161);
#13160 = CARTESIAN_POINT('',(19.,29.,13.4));
#13161 = VECTOR('',#13162,1.);
#13162 = DIRECTION('',(1.,0.,0.));
#13163 = ORIENTED_EDGE('',*,*,#13111,.F.);
#13164 = PLANE('',#13165);
#13165 = AXIS2_PLACEMENT_3D('',#13166,#13167,#13168);
#13166 = CARTESIAN_POINT('',(19.,29.,12.8));
#13167 = DIRECTION('',(0.,1.,0.));
#13168 = DIRECTION('',(0.,0.,1.));
#13169 = ADVANCED_FACE('',(#13170),#13186,.T.);
#13170 = FACE_BOUND('',#13171,.T.);
#13171 = EDGE_LOOP('',(#13172,#13178,#13179,#13185));
#13172 = ORIENTED_EDGE('',*,*,#13173,.F.);
#13173 = EDGE_CURVE('',#13082,#13122,#13174,.T.);
#13174 = LINE('',#13175,#13176);
#13175 = CARTESIAN_POINT('',(19.,29.8,12.8));
#13176 = VECTOR('',#13177,1.);
#13177 = DIRECTION('',(1.,0.,0.));
#13178 = ORIENTED_EDGE('',*,*,#13089,.T.);
#13179 = ORIENTED_EDGE('',*,*,#13180,.T.);
#13180 = EDGE_CURVE('',#13090,#13130,#13181,.T.);
#13181 = LINE('',#13182,#13183);
#13182 = CARTESIAN_POINT('',(19.,29.8,13.4));
#13183 = VECTOR('',#13184,1.);
#13184 = DIRECTION('',(1.,0.,0.));
#13185 = ORIENTED_EDGE('',*,*,#13129,.F.);
#13186 = PLANE('',#13187);
#13187 = AXIS2_PLACEMENT_3D('',#13188,#13189,#13190);
#13188 = CARTESIAN_POINT('',(19.,29.8,12.8));
#13189 = DIRECTION('',(0.,1.,0.));
#13190 = DIRECTION('',(0.,0.,1.));
#13191 = ADVANCED_FACE('',(#13192),#13198,.F.);
#13192 = FACE_BOUND('',#13193,.F.);
#13193 = EDGE_LOOP('',(#13194,#13195,#13196,#13197));
#13194 = ORIENTED_EDGE('',*,*,#13081,.F.);
#13195 = ORIENTED_EDGE('',*,*,#13151,.T.);
#13196 = ORIENTED_EDGE('',*,*,#13121,.T.);
#13197 = ORIENTED_EDGE('',*,*,#13173,.F.);
#13198 = PLANE('',#13199);
#13199 = AXIS2_PLACEMENT_3D('',#13200,#13201,#13202);
#13200 = CARTESIAN_POINT('',(19.,29.,12.8));
#13201 = DIRECTION('',(0.,0.,1.));
#13202 = DIRECTION('',(1.,0.,0.));
#13203 = ADVANCED_FACE('',(#13204),#13210,.T.);
#13204 = FACE_BOUND('',#13205,.T.);
#13205 = EDGE_LOOP('',(#13206,#13207,#13208,#13209));
#13206 = ORIENTED_EDGE('',*,*,#13097,.F.);
#13207 = ORIENTED_EDGE('',*,*,#13158,.T.);
#13208 = ORIENTED_EDGE('',*,*,#13137,.T.);
#13209 = ORIENTED_EDGE('',*,*,#13180,.F.);
#13210 = PLANE('',#13211);
#13211 = AXIS2_PLACEMENT_3D('',#13212,#13213,#13214);
#13212 = CARTESIAN_POINT('',(19.,29.,13.4));
#13213 = DIRECTION('',(0.,0.,1.));
#13214 = DIRECTION('',(1.,0.,0.));
#13215 = MANIFOLD_SOLID_BREP('',#13216);
#13216 = CLOSED_SHELL('',(#13217,#13257,#13297,#13319,#13341,#13353));
#13217 = ADVANCED_FACE('',(#13218),#13252,.F.);
#13218 = FACE_BOUND('',#13219,.F.);
#13219 = EDGE_LOOP('',(#13220,#13230,#13238,#13246));
#13220 = ORIENTED_EDGE('',*,*,#13221,.F.);
#13221 = EDGE_CURVE('',#13222,#13224,#13226,.T.);
#13222 = VERTEX_POINT('',#13223);
#13223 = CARTESIAN_POINT('',(27.,31.,12.8));
#13224 = VERTEX_POINT('',#13225);
#13225 = CARTESIAN_POINT('',(27.,31.,13.4));
#13226 = LINE('',#13227,#13228);
#13227 = CARTESIAN_POINT('',(27.,31.,12.8));
#13228 = VECTOR('',#13229,1.);
#13229 = DIRECTION('',(0.,0.,1.));
#13230 = ORIENTED_EDGE('',*,*,#13231,.T.);
#13231 = EDGE_CURVE('',#13222,#13232,#13234,.T.);
#13232 = VERTEX_POINT('',#13233);
#13233 = CARTESIAN_POINT('',(27.,31.8,12.8));
#13234 = LINE('',#13235,#13236);
#13235 = CARTESIAN_POINT('',(27.,31.,12.8));
#13236 = VECTOR('',#13237,1.);
#13237 = DIRECTION('',(0.,1.,0.));
#13238 = ORIENTED_EDGE('',*,*,#13239,.T.);
#13239 = EDGE_CURVE('',#13232,#13240,#13242,.T.);
#13240 = VERTEX_POINT('',#13241);
#13241 = CARTESIAN_POINT('',(27.,31.8,13.4));
#13242 = LINE('',#13243,#13244);
#13243 = CARTESIAN_POINT('',(27.,31.8,12.8));
#13244 = VECTOR('',#13245,1.);
#13245 = DIRECTION('',(0.,0.,1.));
#13246 = ORIENTED_EDGE('',*,*,#13247,.F.);
#13247 = EDGE_CURVE('',#13224,#13240,#13248,.T.);
#13248 = LINE('',#13249,#13250);
#13249 = CARTESIAN_POINT('',(27.,31.,13.4));
#13250 = VECTOR('',#13251,1.);
#13251 = DIRECTION('',(0.,1.,0.));
#13252 = PLANE('',#13253);
#13253 = AXIS2_PLACEMENT_3D('',#13254,#13255,#13256);
#13254 = CARTESIAN_POINT('',(27.,31.,12.8));
#13255 = DIRECTION('',(1.,0.,0.));
#13256 = DIRECTION('',(0.,0.,1.));
#13257 = ADVANCED_FACE('',(#13258),#13292,.T.);
#13258 = FACE_BOUND('',#13259,.T.);
#13259 = EDGE_LOOP('',(#13260,#13270,#13278,#13286));
#13260 = ORIENTED_EDGE('',*,*,#13261,.F.);
#13261 = EDGE_CURVE('',#13262,#13264,#13266,.T.);
#13262 = VERTEX_POINT('',#13263);
#13263 = CARTESIAN_POINT('',(28.6,31.,12.8));
#13264 = VERTEX_POINT('',#13265);
#13265 = CARTESIAN_POINT('',(28.6,31.,13.4));
#13266 = LINE('',#13267,#13268);
#13267 = CARTESIAN_POINT('',(28.6,31.,12.8));
#13268 = VECTOR('',#13269,1.);
#13269 = DIRECTION('',(0.,0.,1.));
#13270 = ORIENTED_EDGE('',*,*,#13271,.T.);
#13271 = EDGE_CURVE('',#13262,#13272,#13274,.T.);
#13272 = VERTEX_POINT('',#13273);
#13273 = CARTESIAN_POINT('',(28.6,31.8,12.8));
#13274 = LINE('',#13275,#13276);
#13275 = CARTESIAN_POINT('',(28.6,31.,12.8));
#13276 = VECTOR('',#13277,1.);
#13277 = DIRECTION('',(0.,1.,0.));
#13278 = ORIENTED_EDGE('',*,*,#13279,.T.);
#13279 = EDGE_CURVE('',#13272,#13280,#13282,.T.);
#13280 = VERTEX_POINT('',#13281);
#13281 = CARTESIAN_POINT('',(28.6,31.8,13.4));
#13282 = LINE('',#13283,#13284);
#13283 = CARTESIAN_POINT('',(28.6,31.8,12.8));
#13284 = VECTOR('',#13285,1.);
#13285 = DIRECTION('',(0.,0.,1.));
#13286 = ORIENTED_EDGE('',*,*,#13287,.F.);
#13287 = EDGE_CURVE('',#13264,#13280,#13288,.T.);
#13288 = LINE('',#13289,#13290);
#13289 = CARTESIAN_POINT('',(28.6,31.,13.4));
#13290 = VECTOR('',#13291,1.);
#13291 = DIRECTION('',(0.,1.,0.));
#13292 = PLANE('',#13293);
#13293 = AXIS2_PLACEMENT_3D('',#13294,#13295,#13296);
#13294 = CARTESIAN_POINT('',(28.6,31.,12.8));
#13295 = DIRECTION('',(1.,0.,0.));
#13296 = DIRECTION('',(0.,0.,1.));
#13297 = ADVANCED_FACE('',(#13298),#13314,.F.);
#13298 = FACE_BOUND('',#13299,.F.);
#13299 = EDGE_LOOP('',(#13300,#13306,#13307,#13313));
#13300 = ORIENTED_EDGE('',*,*,#13301,.F.);
#13301 = EDGE_CURVE('',#13222,#13262,#13302,.T.);
#13302 = LINE('',#13303,#13304);
#13303 = CARTESIAN_POINT('',(27.,31.,12.8));
#13304 = VECTOR('',#13305,1.);
#13305 = DIRECTION('',(1.,0.,0.));
#13306 = ORIENTED_EDGE('',*,*,#13221,.T.);
#13307 = ORIENTED_EDGE('',*,*,#13308,.T.);
#13308 = EDGE_CURVE('',#13224,#13264,#13309,.T.);
#13309 = LINE('',#13310,#13311);
#13310 = CARTESIAN_POINT('',(27.,31.,13.4));
#13311 = VECTOR('',#13312,1.);
#13312 = DIRECTION('',(1.,0.,0.));
#13313 = ORIENTED_EDGE('',*,*,#13261,.F.);
#13314 = PLANE('',#13315);
#13315 = AXIS2_PLACEMENT_3D('',#13316,#13317,#13318);
#13316 = CARTESIAN_POINT('',(27.,31.,12.8));
#13317 = DIRECTION('',(0.,1.,0.));
#13318 = DIRECTION('',(0.,0.,1.));
#13319 = ADVANCED_FACE('',(#13320),#13336,.T.);
#13320 = FACE_BOUND('',#13321,.T.);
#13321 = EDGE_LOOP('',(#13322,#13328,#13329,#13335));
#13322 = ORIENTED_EDGE('',*,*,#13323,.F.);
#13323 = EDGE_CURVE('',#13232,#13272,#13324,.T.);
#13324 = LINE('',#13325,#13326);
#13325 = CARTESIAN_POINT('',(27.,31.8,12.8));
#13326 = VECTOR('',#13327,1.);
#13327 = DIRECTION('',(1.,0.,0.));
#13328 = ORIENTED_EDGE('',*,*,#13239,.T.);
#13329 = ORIENTED_EDGE('',*,*,#13330,.T.);
#13330 = EDGE_CURVE('',#13240,#13280,#13331,.T.);
#13331 = LINE('',#13332,#13333);
#13332 = CARTESIAN_POINT('',(27.,31.8,13.4));
#13333 = VECTOR('',#13334,1.);
#13334 = DIRECTION('',(1.,0.,0.));
#13335 = ORIENTED_EDGE('',*,*,#13279,.F.);
#13336 = PLANE('',#13337);
#13337 = AXIS2_PLACEMENT_3D('',#13338,#13339,#13340);
#13338 = CARTESIAN_POINT('',(27.,31.8,12.8));
#13339 = DIRECTION('',(0.,1.,0.));
#13340 = DIRECTION('',(0.,0.,1.));
#13341 = ADVANCED_FACE('',(#13342),#13348,.F.);
#13342 = FACE_BOUND('',#13343,.F.);
#13343 = EDGE_LOOP('',(#13344,#13345,#13346,#13347));
#13344 = ORIENTED_EDGE('',*,*,#13231,.F.);
#13345 = ORIENTED_EDGE('',*,*,#13301,.T.);
#13346 = ORIENTED_EDGE('',*,*,#13271,.T.);
#13347 = ORIENTED_EDGE('',*,*,#13323,.F.);
#13348 = PLANE('',#13349);
#13349 = AXIS2_PLACEMENT_3D('',#13350,#13351,#13352);
#13350 = CARTESIAN_POINT('',(27.,31.,12.8));
#13351 = DIRECTION('',(0.,0.,1.));
#13352 = DIRECTION('',(1.,0.,0.));
#13353 = ADVANCED_FACE('',(#13354),#13360,.T.);
#13354 = FACE_BOUND('',#13355,.T.);
#13355 = EDGE_LOOP('',(#13356,#13357,#13358,#13359));
#13356 = ORIENTED_EDGE('',*,*,#13247,.F.);
#13357 = ORIENTED_EDGE('',*,*,#13308,.T.);
#13358 = ORIENTED_EDGE('',*,*,#13287,.T.);
#13359 = ORIENTED_EDGE('',*,*,#13330,.F.);
#13360 = PLANE('',#13361);
#13361 = AXIS2_PLACEMENT_3D('',#13362,#13363,#13364);
#13362 = CARTESIAN_POINT('',(27.,31.,13.4));
#13363 = DIRECTION('',(0.,0.,1.));
#13364 = DIRECTION('',(1.,0.,0.));
#13365 = MANIFOLD_SOLID_BREP('',#13366);
#13366 = CLOSED_SHELL('',(#13367,#13407,#13447,#13469,#13491,#13503));
#13367 = ADVANCED_FACE('',(#13368),#13402,.F.);
#13368 = FACE_BOUND('',#13369,.F.);
#13369 = EDGE_LOOP('',(#13370,#13380,#13388,#13396));
#13370 = ORIENTED_EDGE('',*,*,#13371,.F.);
#13371 = EDGE_CURVE('',#13372,#13374,#13376,.T.);
#13372 = VERTEX_POINT('',#13373);
#13373 = CARTESIAN_POINT('',(30.,31.,12.8));
#13374 = VERTEX_POINT('',#13375);
#13375 = CARTESIAN_POINT('',(30.,31.,13.4));
#13376 = LINE('',#13377,#13378);
#13377 = CARTESIAN_POINT('',(30.,31.,12.8));
#13378 = VECTOR('',#13379,1.);
#13379 = DIRECTION('',(0.,0.,1.));
#13380 = ORIENTED_EDGE('',*,*,#13381,.T.);
#13381 = EDGE_CURVE('',#13372,#13382,#13384,.T.);
#13382 = VERTEX_POINT('',#13383);
#13383 = CARTESIAN_POINT('',(30.,31.8,12.8));
#13384 = LINE('',#13385,#13386);
#13385 = CARTESIAN_POINT('',(30.,31.,12.8));
#13386 = VECTOR('',#13387,1.);
#13387 = DIRECTION('',(0.,1.,0.));
#13388 = ORIENTED_EDGE('',*,*,#13389,.T.);
#13389 = EDGE_CURVE('',#13382,#13390,#13392,.T.);
#13390 = VERTEX_POINT('',#13391);
#13391 = CARTESIAN_POINT('',(30.,31.8,13.4));
#13392 = LINE('',#13393,#13394);
#13393 = CARTESIAN_POINT('',(30.,31.8,12.8));
#13394 = VECTOR('',#13395,1.);
#13395 = DIRECTION('',(0.,0.,1.));
#13396 = ORIENTED_EDGE('',*,*,#13397,.F.);
#13397 = EDGE_CURVE('',#13374,#13390,#13398,.T.);
#13398 = LINE('',#13399,#13400);
#13399 = CARTESIAN_POINT('',(30.,31.,13.4));
#13400 = VECTOR('',#13401,1.);
#13401 = DIRECTION('',(0.,1.,0.));
#13402 = PLANE('',#13403);
#13403 = AXIS2_PLACEMENT_3D('',#13404,#13405,#13406);
#13404 = CARTESIAN_POINT('',(30.,31.,12.8));
#13405 = DIRECTION('',(1.,0.,0.));
#13406 = DIRECTION('',(0.,0.,1.));
#13407 = ADVANCED_FACE('',(#13408),#13442,.T.);
#13408 = FACE_BOUND('',#13409,.T.);
#13409 = EDGE_LOOP('',(#13410,#13420,#13428,#13436));
#13410 = ORIENTED_EDGE('',*,*,#13411,.F.);
#13411 = EDGE_CURVE('',#13412,#13414,#13416,.T.);
#13412 = VERTEX_POINT('',#13413);
#13413 = CARTESIAN_POINT('',(31.6,31.,12.8));
#13414 = VERTEX_POINT('',#13415);
#13415 = CARTESIAN_POINT('',(31.6,31.,13.4));
#13416 = LINE('',#13417,#13418);
#13417 = CARTESIAN_POINT('',(31.6,31.,12.8));
#13418 = VECTOR('',#13419,1.);
#13419 = DIRECTION('',(0.,0.,1.));
#13420 = ORIENTED_EDGE('',*,*,#13421,.T.);
#13421 = EDGE_CURVE('',#13412,#13422,#13424,.T.);
#13422 = VERTEX_POINT('',#13423);
#13423 = CARTESIAN_POINT('',(31.6,31.8,12.8));
#13424 = LINE('',#13425,#13426);
#13425 = CARTESIAN_POINT('',(31.6,31.,12.8));
#13426 = VECTOR('',#13427,1.);
#13427 = DIRECTION('',(0.,1.,0.));
#13428 = ORIENTED_EDGE('',*,*,#13429,.T.);
#13429 = EDGE_CURVE('',#13422,#13430,#13432,.T.);
#13430 = VERTEX_POINT('',#13431);
#13431 = CARTESIAN_POINT('',(31.6,31.8,13.4));
#13432 = LINE('',#13433,#13434);
#13433 = CARTESIAN_POINT('',(31.6,31.8,12.8));
#13434 = VECTOR('',#13435,1.);
#13435 = DIRECTION('',(0.,0.,1.));
#13436 = ORIENTED_EDGE('',*,*,#13437,.F.);
#13437 = EDGE_CURVE('',#13414,#13430,#13438,.T.);
#13438 = LINE('',#13439,#13440);
#13439 = CARTESIAN_POINT('',(31.6,31.,13.4));
#13440 = VECTOR('',#13441,1.);
#13441 = DIRECTION('',(0.,1.,0.));
#13442 = PLANE('',#13443);
#13443 = AXIS2_PLACEMENT_3D('',#13444,#13445,#13446);
#13444 = CARTESIAN_POINT('',(31.6,31.,12.8));
#13445 = DIRECTION('',(1.,0.,0.));
#13446 = DIRECTION('',(0.,0.,1.));
#13447 = ADVANCED_FACE('',(#13448),#13464,.F.);
#13448 = FACE_BOUND('',#13449,.F.);
#13449 = EDGE_LOOP('',(#13450,#13456,#13457,#13463));
#13450 = ORIENTED_EDGE('',*,*,#13451,.F.);
#13451 = EDGE_CURVE('',#13372,#13412,#13452,.T.);
#13452 = LINE('',#13453,#13454);
#13453 = CARTESIAN_POINT('',(30.,31.,12.8));
#13454 = VECTOR('',#13455,1.);
#13455 = DIRECTION('',(1.,0.,0.));
#13456 = ORIENTED_EDGE('',*,*,#13371,.T.);
#13457 = ORIENTED_EDGE('',*,*,#13458,.T.);
#13458 = EDGE_CURVE('',#13374,#13414,#13459,.T.);
#13459 = LINE('',#13460,#13461);
#13460 = CARTESIAN_POINT('',(30.,31.,13.4));
#13461 = VECTOR('',#13462,1.);
#13462 = DIRECTION('',(1.,0.,0.));
#13463 = ORIENTED_EDGE('',*,*,#13411,.F.);
#13464 = PLANE('',#13465);
#13465 = AXIS2_PLACEMENT_3D('',#13466,#13467,#13468);
#13466 = CARTESIAN_POINT('',(30.,31.,12.8));
#13467 = DIRECTION('',(0.,1.,0.));
#13468 = DIRECTION('',(0.,0.,1.));
#13469 = ADVANCED_FACE('',(#13470),#13486,.T.);
#13470 = FACE_BOUND('',#13471,.T.);
#13471 = EDGE_LOOP('',(#13472,#13478,#13479,#13485));
#13472 = ORIENTED_EDGE('',*,*,#13473,.F.);
#13473 = EDGE_CURVE('',#13382,#13422,#13474,.T.);
#13474 = LINE('',#13475,#13476);
#13475 = CARTESIAN_POINT('',(30.,31.8,12.8));
#13476 = VECTOR('',#13477,1.);
#13477 = DIRECTION('',(1.,0.,0.));
#13478 = ORIENTED_EDGE('',*,*,#13389,.T.);
#13479 = ORIENTED_EDGE('',*,*,#13480,.T.);
#13480 = EDGE_CURVE('',#13390,#13430,#13481,.T.);
#13481 = LINE('',#13482,#13483);
#13482 = CARTESIAN_POINT('',(30.,31.8,13.4));
#13483 = VECTOR('',#13484,1.);
#13484 = DIRECTION('',(1.,0.,0.));
#13485 = ORIENTED_EDGE('',*,*,#13429,.F.);
#13486 = PLANE('',#13487);
#13487 = AXIS2_PLACEMENT_3D('',#13488,#13489,#13490);
#13488 = CARTESIAN_POINT('',(30.,31.8,12.8));
#13489 = DIRECTION('',(0.,1.,0.));
#13490 = DIRECTION('',(0.,0.,1.));
#13491 = ADVANCED_FACE('',(#13492),#13498,.F.);
#13492 = FACE_BOUND('',#13493,.F.);
#13493 = EDGE_LOOP('',(#13494,#13495,#13496,#13497));
#13494 = ORIENTED_EDGE('',*,*,#13381,.F.);
#13495 = ORIENTED_EDGE('',*,*,#13451,.T.);
#13496 = ORIENTED_EDGE('',*,*,#13421,.T.);
#13497 = ORIENTED_EDGE('',*,*,#13473,.F.);
#13498 = PLANE('',#13499);
#13499 = AXIS2_PLACEMENT_3D('',#13500,#13501,#13502);
#13500 = CARTESIAN_POINT('',(30.,31.,12.8));
#13501 = DIRECTION('',(0.,0.,1.));
#13502 = DIRECTION('',(1.,0.,0.));
#13503 = ADVANCED_FACE('',(#13504),#13510,.T.);
#13504 = FACE_BOUND('',#13505,.T.);
#13505 = EDGE_LOOP('',(#13506,#13507,#13508,#13509));
#13506 = ORIENTED_EDGE('',*,*,#13397,.F.);
#13507 = ORIENTED_EDGE('',*,*,#13458,.T.);
#13508 = ORIENTED_EDGE('',*,*,#13437,.T.);
#13509 = ORIENTED_EDGE('',*,*,#13480,.F.);
#13510 = PLANE('',#13511);
#13511 = AXIS2_PLACEMENT_3D('',#13512,#13513,#13514);
#13512 = CARTESIAN_POINT('',(30.,31.,13.4));
#13513 = DIRECTION('',(0.,0.,1.));
#13514 = DIRECTION('',(1.,0.,0.));
#13515 = MANIFOLD_SOLID_BREP('',#13516);
#13516 = CLOSED_SHELL('',(#13517,#13559,#13590,#13621,#13654,#13687,
    #13718,#13749,#13773,#13789));
#13517 = ADVANCED_FACE('',(#13518),#13554,.T.);
#13518 = FACE_BOUND('',#13519,.T.);
#13519 = EDGE_LOOP('',(#13520,#13531,#13539,#13548));
#13520 = ORIENTED_EDGE('',*,*,#13521,.F.);
#13521 = EDGE_CURVE('',#13522,#13524,#13526,.T.);
#13522 = VERTEX_POINT('',#13523);
#13523 = CARTESIAN_POINT('',(14.,-9.,13.1));
#13524 = VERTEX_POINT('',#13525);
#13525 = CARTESIAN_POINT('',(16.,-11.,13.1));
#13526 = CIRCLE('',#13527,2.);
#13527 = AXIS2_PLACEMENT_3D('',#13528,#13529,#13530);
#13528 = CARTESIAN_POINT('',(16.,-9.,13.1));
#13529 = DIRECTION('',(0.,0.,1.));
#13530 = DIRECTION('',(1.,0.,0.));
#13531 = ORIENTED_EDGE('',*,*,#13532,.F.);
#13532 = EDGE_CURVE('',#13533,#13522,#13535,.T.);
#13533 = VERTEX_POINT('',#13534);
#13534 = CARTESIAN_POINT('',(14.,-9.,8.9));
#13535 = LINE('',#13536,#13537);
#13536 = CARTESIAN_POINT('',(14.,-9.,8.9));
#13537 = VECTOR('',#13538,1.);
#13538 = DIRECTION('',(0.,0.,1.));
#13539 = ORIENTED_EDGE('',*,*,#13540,.T.);
#13540 = EDGE_CURVE('',#13533,#13541,#13543,.T.);
#13541 = VERTEX_POINT('',#13542);
#13542 = CARTESIAN_POINT('',(16.,-11.,8.9));
#13543 = CIRCLE('',#13544,2.);
#13544 = AXIS2_PLACEMENT_3D('',#13545,#13546,#13547);
#13545 = CARTESIAN_POINT('',(16.,-9.,8.9));
#13546 = DIRECTION('',(0.,0.,1.));
#13547 = DIRECTION('',(1.,0.,0.));
#13548 = ORIENTED_EDGE('',*,*,#13549,.T.);
#13549 = EDGE_CURVE('',#13541,#13524,#13550,.T.);
#13550 = LINE('',#13551,#13552);
#13551 = CARTESIAN_POINT('',(16.,-11.,8.9));
#13552 = VECTOR('',#13553,1.);
#13553 = DIRECTION('',(0.,0.,1.));
#13554 = CYLINDRICAL_SURFACE('',#13555,2.);
#13555 = AXIS2_PLACEMENT_3D('',#13556,#13557,#13558);
#13556 = CARTESIAN_POINT('',(16.,-9.,8.9));
#13557 = DIRECTION('',(0.,0.,1.));
#13558 = DIRECTION('',(1.,0.,0.));
#13559 = ADVANCED_FACE('',(#13560),#13585,.F.);
#13560 = FACE_BOUND('',#13561,.F.);
#13561 = EDGE_LOOP('',(#13562,#13570,#13571,#13579));
#13562 = ORIENTED_EDGE('',*,*,#13563,.F.);
#13563 = EDGE_CURVE('',#13541,#13564,#13566,.T.);
#13564 = VERTEX_POINT('',#13565);
#13565 = CARTESIAN_POINT('',(26.,-11.,8.9));
#13566 = LINE('',#13567,#13568);
#13567 = CARTESIAN_POINT('',(16.,-11.,8.9));
#13568 = VECTOR('',#13569,1.);
#13569 = DIRECTION('',(1.,0.,0.));
#13570 = ORIENTED_EDGE('',*,*,#13549,.T.);
#13571 = ORIENTED_EDGE('',*,*,#13572,.T.);
#13572 = EDGE_CURVE('',#13524,#13573,#13575,.T.);
#13573 = VERTEX_POINT('',#13574);
#13574 = CARTESIAN_POINT('',(26.,-11.,13.1));
#13575 = LINE('',#13576,#13577);
#13576 = CARTESIAN_POINT('',(16.,-11.,13.1));
#13577 = VECTOR('',#13578,1.);
#13578 = DIRECTION('',(1.,0.,0.));
#13579 = ORIENTED_EDGE('',*,*,#13580,.F.);
#13580 = EDGE_CURVE('',#13564,#13573,#13581,.T.);
#13581 = LINE('',#13582,#13583);
#13582 = CARTESIAN_POINT('',(26.,-11.,8.9));
#13583 = VECTOR('',#13584,1.);
#13584 = DIRECTION('',(0.,0.,1.));
#13585 = PLANE('',#13586);
#13586 = AXIS2_PLACEMENT_3D('',#13587,#13588,#13589);
#13587 = CARTESIAN_POINT('',(16.,-11.,8.9));
#13588 = DIRECTION('',(0.,1.,0.));
#13589 = DIRECTION('',(0.,0.,1.));
#13590 = ADVANCED_FACE('',(#13591),#13616,.F.);
#13591 = FACE_BOUND('',#13592,.F.);
#13592 = EDGE_LOOP('',(#13593,#13594,#13602,#13610));
#13593 = ORIENTED_EDGE('',*,*,#13532,.F.);
#13594 = ORIENTED_EDGE('',*,*,#13595,.T.);
#13595 = EDGE_CURVE('',#13533,#13596,#13598,.T.);
#13596 = VERTEX_POINT('',#13597);
#13597 = CARTESIAN_POINT('',(14.,3.,8.9));
#13598 = LINE('',#13599,#13600);
#13599 = CARTESIAN_POINT('',(14.,-9.,8.9));
#13600 = VECTOR('',#13601,1.);
#13601 = DIRECTION('',(0.,1.,0.));
#13602 = ORIENTED_EDGE('',*,*,#13603,.T.);
#13603 = EDGE_CURVE('',#13596,#13604,#13606,.T.);
#13604 = VERTEX_POINT('',#13605);
#13605 = CARTESIAN_POINT('',(14.,3.,13.1));
#13606 = LINE('',#13607,#13608);
#13607 = CARTESIAN_POINT('',(14.,3.,8.9));
#13608 = VECTOR('',#13609,1.);
#13609 = DIRECTION('',(0.,0.,1.));
#13610 = ORIENTED_EDGE('',*,*,#13611,.F.);
#13611 = EDGE_CURVE('',#13522,#13604,#13612,.T.);
#13612 = LINE('',#13613,#13614);
#13613 = CARTESIAN_POINT('',(14.,-9.,13.1));
#13614 = VECTOR('',#13615,1.);
#13615 = DIRECTION('',(0.,1.,0.));
#13616 = PLANE('',#13617);
#13617 = AXIS2_PLACEMENT_3D('',#13618,#13619,#13620);
#13618 = CARTESIAN_POINT('',(14.,-9.,8.9));
#13619 = DIRECTION('',(1.,0.,0.));
#13620 = DIRECTION('',(0.,0.,1.));
#13621 = ADVANCED_FACE('',(#13622),#13649,.T.);
#13622 = FACE_BOUND('',#13623,.T.);
#13623 = EDGE_LOOP('',(#13624,#13633,#13634,#13643));
#13624 = ORIENTED_EDGE('',*,*,#13625,.F.);
#13625 = EDGE_CURVE('',#13573,#13626,#13628,.T.);
#13626 = VERTEX_POINT('',#13627);
#13627 = CARTESIAN_POINT('',(28.,-9.,13.1));
#13628 = CIRCLE('',#13629,2.);
#13629 = AXIS2_PLACEMENT_3D('',#13630,#13631,#13632);
#13630 = CARTESIAN_POINT('',(26.,-9.,13.1));
#13631 = DIRECTION('',(0.,0.,1.));
#13632 = DIRECTION('',(1.,0.,0.));
#13633 = ORIENTED_EDGE('',*,*,#13580,.F.);
#13634 = ORIENTED_EDGE('',*,*,#13635,.T.);
#13635 = EDGE_CURVE('',#13564,#13636,#13638,.T.);
#13636 = VERTEX_POINT('',#13637);
#13637 = CARTESIAN_POINT('',(28.,-9.,8.9));
#13638 = CIRCLE('',#13639,2.);
#13639 = AXIS2_PLACEMENT_3D('',#13640,#13641,#13642);
#13640 = CARTESIAN_POINT('',(26.,-9.,8.9));
#13641 = DIRECTION('',(0.,0.,1.));
#13642 = DIRECTION('',(1.,0.,0.));
#13643 = ORIENTED_EDGE('',*,*,#13644,.T.);
#13644 = EDGE_CURVE('',#13636,#13626,#13645,.T.);
#13645 = LINE('',#13646,#13647);
#13646 = CARTESIAN_POINT('',(28.,-9.,8.9));
#13647 = VECTOR('',#13648,1.);
#13648 = DIRECTION('',(0.,0.,1.));
#13649 = CYLINDRICAL_SURFACE('',#13650,2.);
#13650 = AXIS2_PLACEMENT_3D('',#13651,#13652,#13653);
#13651 = CARTESIAN_POINT('',(26.,-9.,8.9));
#13652 = DIRECTION('',(0.,0.,1.));
#13653 = DIRECTION('',(1.,0.,0.));
#13654 = ADVANCED_FACE('',(#13655),#13682,.T.);
#13655 = FACE_BOUND('',#13656,.T.);
#13656 = EDGE_LOOP('',(#13657,#13666,#13674,#13681));
#13657 = ORIENTED_EDGE('',*,*,#13658,.F.);
#13658 = EDGE_CURVE('',#13659,#13604,#13661,.T.);
#13659 = VERTEX_POINT('',#13660);
#13660 = CARTESIAN_POINT('',(16.,5.,13.1));
#13661 = CIRCLE('',#13662,2.);
#13662 = AXIS2_PLACEMENT_3D('',#13663,#13664,#13665);
#13663 = CARTESIAN_POINT('',(16.,3.,13.1));
#13664 = DIRECTION('',(0.,0.,1.));
#13665 = DIRECTION('',(1.,0.,0.));
#13666 = ORIENTED_EDGE('',*,*,#13667,.F.);
#13667 = EDGE_CURVE('',#13668,#13659,#13670,.T.);
#13668 = VERTEX_POINT('',#13669);
#13669 = CARTESIAN_POINT('',(16.,5.,8.9));
#13670 = LINE('',#13671,#13672);
#13671 = CARTESIAN_POINT('',(16.,5.,8.9));
#13672 = VECTOR('',#13673,1.);
#13673 = DIRECTION('',(0.,0.,1.));
#13674 = ORIENTED_EDGE('',*,*,#13675,.T.);
#13675 = EDGE_CURVE('',#13668,#13596,#13676,.T.);
#13676 = CIRCLE('',#13677,2.);
#13677 = AXIS2_PLACEMENT_3D('',#13678,#13679,#13680);
#13678 = CARTESIAN_POINT('',(16.,3.,8.9));
#13679 = DIRECTION('',(0.,0.,1.));
#13680 = DIRECTION('',(1.,0.,0.));
#13681 = ORIENTED_EDGE('',*,*,#13603,.T.);
#13682 = CYLINDRICAL_SURFACE('',#13683,2.);
#13683 = AXIS2_PLACEMENT_3D('',#13684,#13685,#13686);
#13684 = CARTESIAN_POINT('',(16.,3.,8.9));
#13685 = DIRECTION('',(0.,0.,1.));
#13686 = DIRECTION('',(1.,0.,0.));
#13687 = ADVANCED_FACE('',(#13688),#13713,.T.);
#13688 = FACE_BOUND('',#13689,.T.);
#13689 = EDGE_LOOP('',(#13690,#13698,#13699,#13707));
#13690 = ORIENTED_EDGE('',*,*,#13691,.F.);
#13691 = EDGE_CURVE('',#13668,#13692,#13694,.T.);
#13692 = VERTEX_POINT('',#13693);
#13693 = CARTESIAN_POINT('',(26.,5.,8.9));
#13694 = LINE('',#13695,#13696);
#13695 = CARTESIAN_POINT('',(16.,5.,8.9));
#13696 = VECTOR('',#13697,1.);
#13697 = DIRECTION('',(1.,0.,0.));
#13698 = ORIENTED_EDGE('',*,*,#13667,.T.);
#13699 = ORIENTED_EDGE('',*,*,#13700,.T.);
#13700 = EDGE_CURVE('',#13659,#13701,#13703,.T.);
#13701 = VERTEX_POINT('',#13702);
#13702 = CARTESIAN_POINT('',(26.,5.,13.1));
#13703 = LINE('',#13704,#13705);
#13704 = CARTESIAN_POINT('',(16.,5.,13.1));
#13705 = VECTOR('',#13706,1.);
#13706 = DIRECTION('',(1.,0.,0.));
#13707 = ORIENTED_EDGE('',*,*,#13708,.F.);
#13708 = EDGE_CURVE('',#13692,#13701,#13709,.T.);
#13709 = LINE('',#13710,#13711);
#13710 = CARTESIAN_POINT('',(26.,5.,8.9));
#13711 = VECTOR('',#13712,1.);
#13712 = DIRECTION('',(0.,0.,1.));
#13713 = PLANE('',#13714);
#13714 = AXIS2_PLACEMENT_3D('',#13715,#13716,#13717);
#13715 = CARTESIAN_POINT('',(16.,5.,8.9));
#13716 = DIRECTION('',(0.,1.,0.));
#13717 = DIRECTION('',(0.,0.,1.));
#13718 = ADVANCED_FACE('',(#13719),#13744,.T.);
#13719 = FACE_BOUND('',#13720,.T.);
#13720 = EDGE_LOOP('',(#13721,#13722,#13730,#13738));
#13721 = ORIENTED_EDGE('',*,*,#13644,.F.);
#13722 = ORIENTED_EDGE('',*,*,#13723,.T.);
#13723 = EDGE_CURVE('',#13636,#13724,#13726,.T.);
#13724 = VERTEX_POINT('',#13725);
#13725 = CARTESIAN_POINT('',(28.,3.,8.9));
#13726 = LINE('',#13727,#13728);
#13727 = CARTESIAN_POINT('',(28.,-9.,8.9));
#13728 = VECTOR('',#13729,1.);
#13729 = DIRECTION('',(0.,1.,0.));
#13730 = ORIENTED_EDGE('',*,*,#13731,.T.);
#13731 = EDGE_CURVE('',#13724,#13732,#13734,.T.);
#13732 = VERTEX_POINT('',#13733);
#13733 = CARTESIAN_POINT('',(28.,3.,13.1));
#13734 = LINE('',#13735,#13736);
#13735 = CARTESIAN_POINT('',(28.,3.,8.9));
#13736 = VECTOR('',#13737,1.);
#13737 = DIRECTION('',(0.,0.,1.));
#13738 = ORIENTED_EDGE('',*,*,#13739,.F.);
#13739 = EDGE_CURVE('',#13626,#13732,#13740,.T.);
#13740 = LINE('',#13741,#13742);
#13741 = CARTESIAN_POINT('',(28.,-9.,13.1));
#13742 = VECTOR('',#13743,1.);
#13743 = DIRECTION('',(0.,1.,0.));
#13744 = PLANE('',#13745);
#13745 = AXIS2_PLACEMENT_3D('',#13746,#13747,#13748);
#13746 = CARTESIAN_POINT('',(28.,-9.,8.9));
#13747 = DIRECTION('',(1.,0.,0.));
#13748 = DIRECTION('',(0.,0.,1.));
#13749 = ADVANCED_FACE('',(#13750),#13768,.T.);
#13750 = FACE_BOUND('',#13751,.T.);
#13751 = EDGE_LOOP('',(#13752,#13759,#13760,#13767));
#13752 = ORIENTED_EDGE('',*,*,#13753,.F.);
#13753 = EDGE_CURVE('',#13732,#13701,#13754,.T.);
#13754 = CIRCLE('',#13755,2.);
#13755 = AXIS2_PLACEMENT_3D('',#13756,#13757,#13758);
#13756 = CARTESIAN_POINT('',(26.,3.,13.1));
#13757 = DIRECTION('',(0.,0.,1.));
#13758 = DIRECTION('',(1.,0.,0.));
#13759 = ORIENTED_EDGE('',*,*,#13731,.F.);
#13760 = ORIENTED_EDGE('',*,*,#13761,.T.);
#13761 = EDGE_CURVE('',#13724,#13692,#13762,.T.);
#13762 = CIRCLE('',#13763,2.);
#13763 = AXIS2_PLACEMENT_3D('',#13764,#13765,#13766);
#13764 = CARTESIAN_POINT('',(26.,3.,8.9));
#13765 = DIRECTION('',(0.,0.,1.));
#13766 = DIRECTION('',(1.,0.,0.));
#13767 = ORIENTED_EDGE('',*,*,#13708,.T.);
#13768 = CYLINDRICAL_SURFACE('',#13769,2.);
#13769 = AXIS2_PLACEMENT_3D('',#13770,#13771,#13772);
#13770 = CARTESIAN_POINT('',(26.,3.,8.9));
#13771 = DIRECTION('',(0.,0.,1.));
#13772 = DIRECTION('',(1.,0.,0.));
#13773 = ADVANCED_FACE('',(#13774),#13784,.T.);
#13774 = FACE_BOUND('',#13775,.T.);
#13775 = EDGE_LOOP('',(#13776,#13777,#13778,#13779,#13780,#13781,#13782,
    #13783));
#13776 = ORIENTED_EDGE('',*,*,#13521,.T.);
#13777 = ORIENTED_EDGE('',*,*,#13572,.T.);
#13778 = ORIENTED_EDGE('',*,*,#13625,.T.);
#13779 = ORIENTED_EDGE('',*,*,#13739,.T.);
#13780 = ORIENTED_EDGE('',*,*,#13753,.T.);
#13781 = ORIENTED_EDGE('',*,*,#13700,.F.);
#13782 = ORIENTED_EDGE('',*,*,#13658,.T.);
#13783 = ORIENTED_EDGE('',*,*,#13611,.F.);
#13784 = PLANE('',#13785);
#13785 = AXIS2_PLACEMENT_3D('',#13786,#13787,#13788);
#13786 = CARTESIAN_POINT('',(21.,-3.,13.1));
#13787 = DIRECTION('',(0.,0.,1.));
#13788 = DIRECTION('',(1.,0.,0.));
#13789 = ADVANCED_FACE('',(#13790),#13800,.T.);
#13790 = FACE_BOUND('',#13791,.T.);
#13791 = EDGE_LOOP('',(#13792,#13793,#13794,#13795,#13796,#13797,#13798,
    #13799));
#13792 = ORIENTED_EDGE('',*,*,#13540,.F.);
#13793 = ORIENTED_EDGE('',*,*,#13595,.T.);
#13794 = ORIENTED_EDGE('',*,*,#13675,.F.);
#13795 = ORIENTED_EDGE('',*,*,#13691,.T.);
#13796 = ORIENTED_EDGE('',*,*,#13761,.F.);
#13797 = ORIENTED_EDGE('',*,*,#13723,.F.);
#13798 = ORIENTED_EDGE('',*,*,#13635,.F.);
#13799 = ORIENTED_EDGE('',*,*,#13563,.F.);
#13800 = PLANE('',#13801);
#13801 = AXIS2_PLACEMENT_3D('',#13802,#13803,#13804);
#13802 = CARTESIAN_POINT('',(21.,-3.,8.9));
#13803 = DIRECTION('',(-0.,-0.,-1.));
#13804 = DIRECTION('',(-1.,0.,0.));
#13805 = ( GEOMETRIC_REPRESENTATION_CONTEXT(3) 
GLOBAL_UNCERTAINTY_ASSIGNED_CONTEXT((#13809)) 
GLOBAL_UNIT_ASSIGNED_CONTEXT((#13806,#13807,#13808)) 
REPRESENTATION_CONTEXT('Context #1',
  '3D Context with UNIT and UNCERTAINTY') );
#13806 = ( LENGTH_UNIT() NAMED_UNIT(*) SI_UNIT(.MILLI.,.METRE.) );
#13807 = ( NAMED_UNIT(*) PLANE_ANGLE_UNIT() SI_UNIT($,.RADIAN.) );
#13808 = ( NAMED_UNIT(*) SI_UNIT($,.STERADIAN.) SOLID_ANGLE_UNIT() );
#13809 = UNCERTAINTY_MEASURE_WITH_UNIT(LENGTH_MEASURE(1.E-07),#13806,
  'distance_accuracy_value','confusion accuracy');
#13810 = PRODUCT_RELATED_PRODUCT_CATEGORY('part',$,(#7));
ENDSEC;
END-ISO-10303-21;
